{"type": "FeatureCollection", "features": [{"type": "Feature", "properties": {"admin2_pcode": "CR201", "admin2_name": "Alajuela", "admin1_name": "Alajuela"}, "geometry": {"type": "Polygon", "coordinates": [[[-84.16104528968957, 10.413634643711108], [-84.16131713486972, 10.08303232667669], [-84.1737676912378, 10.026808668516887], [-84.17375598499962, 10.005093207286334], [-84.19854418012167, 9.991133892595098], [-84.19476899572346, 9.977263545046835], [-84.19985427662604, 9.975972134144326], [-84.1999527074388, 9.967993342047361], [-84.18995051475541, 9.974378808611434], [-84.18406278885114, 9.973269493977565], [-84.18340009130011, 9.972371556547873], [-84.1904305564858, 9.973182547407735], [-84.20273415255214, 9.961661051897174], [-84.21265481536068, 9.963027746563501], [-84.22050223090554, 9.947835362927373], [-84.2315928645053, 9.948383904136984], [-84.23597863871423, 9.937892311151638], [-84.2517555559241, 9.927411378617508], [-84.26077628824868, 9.932560981607923], [-84.2937710616382, 9.930578290629128], [-84.31431281460544, 9.917784564110457], [-84.3200425671508, 9.920211076088274], [-84.32100348170655, 9.915636298273995], [-84.34843793235468, 9.916335237344793], [-84.367804149471, 9.92993353654903], [-84.35316286557543, 9.94147010864411], [-84.35613567234192, 9.95378722580888], [-84.34884977825827, 9.963547529414662], [-84.35238146341615, 9.971231289475712], [-84.34227062418115, 9.983459529683763], [-84.33907430545267, 10.00066342632808], [-84.32208836099214, 9.994835250790207], [-84.310793376904, 9.998386797875096], [-84.3011471640129, 10.014378570752632], [-84.26094432223172, 10.031172358122403], [-84.2470475085484, 10.061748165195914], [-84.23372204067354, 10.072655385362287], [-84.22104134989205, 10.101382844932706], [-84.2087404225431, 10.108643858230552], [-84.19710898376846, 10.13273431627908], [-84.19810081936134, 10.155535188664386], [-84.22227046256758, 10.180234240257654], [-84.2310040699798, 10.198082275645433], [-84.22660347419598, 10.211494833851908], [-84.24250675881092, 10.242071486893563], [-84.21569114763031, 10.251426339056552], [-84.21069863489146, 10.267792078216125], [-84.20147341762676, 10.276310485035024], [-84.19950171143776, 10.285112796382098], [-84.20525450390559, 10.286420278611352], [-84.19188928596415, 10.302203786557364], [-84.19798941450024, 10.310431873346712], [-84.19516369506522, 10.326121169533083], [-84.18474949979279, 10.339205474814738], [-84.17896529611892, 10.387102115112302], [-84.16745986711531, 10.409602299969618], [-84.16104528968957, 10.413634643711108]]]}}, {"type": "Feature", "properties": {"admin2_pcode": "CR211", "admin2_name": "Alfaro Ruiz", "admin1_name": "Alajuela"}, "geometry": {"type": "Polygon", "coordinates": [[[-84.4308488869847, 10.268357465936447], [-84.38714734904684, 10.259429195184998], [-84.37954023482186, 10.25177464362803], [-84.35913810965117, 10.255945949964737], [-84.3520036444192, 10.23747047301553], [-84.34889398154687, 10.24257583958001], [-84.3343236661518, 10.230425958225366], [-84.32423462535492, 10.209185072427285], [-84.31474539500496, 10.204611356699662], [-84.32091647198854, 10.198081011718411], [-84.32765433376346, 10.169129933324038], [-84.34008153938169, 10.175141373144854], [-84.34523851312738, 10.193233952743439], [-84.34999163242627, 10.187514598393305], [-84.38320453246006, 10.17948700837941], [-84.40273409272157, 10.169361355933818], [-84.42740289303325, 10.171225021853488], [-84.43788824663781, 10.16696911238125], [-84.46875249259945, 10.187946165557847], [-84.47955474389535, 10.216673427280286], [-84.49857211879461, 10.23006547040035], [-84.51752153392337, 10.236144769870243], [-84.5176186953522, 10.249489985559194], [-84.4308488869847, 10.268357465936447]]]}}, {"type": "Feature", "properties": {"admin2_pcode": "CR205", "admin2_name": "Atenas", "admin1_name": "Alajuela"}, "geometry": {"type": "Polygon", "coordinates": [[[-84.39103664925837, 10.038619487604567], [-84.36571242361413, 10.033565569246118], [-84.35382278289129, 9.998089479495656], [-84.34151550012685, 9.991465255596918], [-84.34500840810564, 9.977552620408831], [-84.35238146341615, 9.971231289475712], [-84.34884977825827, 9.963547529414662], [-84.35613567234192, 9.95378722580888], [-84.35316286557543, 9.94147010864411], [-84.37277348698359, 9.926002023688934], [-84.39362335507946, 9.936130645144656], [-84.39420909887217, 9.930526277345303], [-84.41312720902856, 9.928830073724559], [-84.42045261848234, 9.920490158602892], [-84.4245350276945, 9.92544503062403], [-84.43568971899049, 9.920927360332573], [-84.44017291724302, 9.924036022889462], [-84.46150975985421, 9.921289882480233], [-84.46829109395847, 9.935902183053726], [-84.46849568616743, 9.951422677518034], [-84.45271016803376, 9.968622615088547], [-84.45508788832976, 10.007288060412499], [-84.42978638609141, 10.012822892825652], [-84.42252214587238, 10.024521794414849], [-84.39103664925837, 10.038619487604567]]]}}, {"type": "Feature", "properties": {"admin2_pcode": "CR203", "admin2_name": "Grecia", "admin1_name": "Alajuela"}, "geometry": {"type": "MultiPolygon", "coordinates": [[[[-84.26567214712813, 10.18159660221733], [-84.24261597269994, 10.179428111582222], [-84.2437455293198, 10.18396564120924], [-84.2388869386328, 10.186554040847891], [-84.23679480035459, 10.174013799806078], [-84.22940998567735, 10.165188261889812], [-84.23965495852012, 10.153732038429172], [-84.2431641805265, 10.135011681025581], [-84.25066215181178, 10.128905741898468], [-84.25086350196091, 10.122521705352488], [-84.27040873019277, 10.104545674881324], [-84.27374696105831, 10.084743004192289], [-84.27062795230599, 10.072165606573549], [-84.28035305256289, 10.040663208724302], [-84.309812245475, 10.005735283166109], [-84.310793376904, 9.998386797875096], [-84.32208836099214, 9.994835250790207], [-84.33684778907178, 10.00197423959167], [-84.34217125729256, 9.992907688910632], [-84.35099932222832, 9.995739951930448], [-84.36243774464155, 10.016355585154987], [-84.35604876520117, 10.053255190068224], [-84.33030663655136, 10.082001291119434], [-84.32280173873419, 10.099830399471902], [-84.32500367761344, 10.117690683188401], [-84.31052756244988, 10.14802319609926], [-84.2758507038271, 10.184998118544112], [-84.27071227937176, 10.188787255895104], [-84.26567214712813, 10.18159660221733]]], [[[-84.1689480918896, 10.573058345022357], [-84.16131313259356, 10.575398258011413], [-84.16104528968957, 10.413634643711108], [-84.16745986711531, 10.409602299969618], [-84.17896529611892, 10.387102115112302], [-84.18474949979279, 10.339205474814738], [-84.19516369506522, 10.326121169533083], [-84.19798941450024, 10.310431873346712], [-84.19188928596415, 10.302203786557364], [-84.20525450390559, 10.286420278611352], [-84.19950171143776, 10.285112796382098], [-84.20147341762676, 10.276310485035024], [-84.21069863489146, 10.267792078216125], [-84.21569114763031, 10.251426339056552], [-84.2433238064163, 10.242104786286957], [-84.25757591277348, 10.249243186788956], [-84.2655937880216, 10.260124631865013], [-84.25710357879377, 10.300767707928605], [-84.2390102047786, 10.331844687520524], [-84.24795022971917, 10.337064126443764], [-84.24293136604105, 10.35485049948567], [-84.25218295922578, 10.373803866557594], [-84.25884434154452, 10.400830743080984], [-84.25701201649129, 10.413694973694033], [-84.26123088550413, 10.41877448200952], [-84.25692746271226, 10.421939013295313], [-84.25376374695261, 10.440636181747339], [-84.24088111151825, 10.452680973295722], [-84.2314379430555, 10.486764443271014], [-84.23370211352413, 10.499660490225333], [-84.21000770869733, 10.523246937131141], [-84.21442021604997, 10.528019988773524], [-84.2036894161113, 10.55626370366495], [-84.18745094750331, 10.562424466471455], [-84.17486892465622, 10.576696212596511], [-84.1689480918896, 10.573058345022357]]]]}}, {"type": "Feature", "properties": {"admin2_pcode": "CR215", "admin2_name": "Guatuso", "admin1_name": "Alajuela"}, "geometry": {"type": "Polygon", "coordinates": [[[-84.80440989714216, 10.851256856227367], [-84.79038082216945, 10.84199270395175], [-84.78921958510918, 10.845647524430186], [-84.78088208979436, 10.832268946878974], [-84.77283432442496, 10.836250299114774], [-84.75585450486716, 10.820075329516634], [-84.758578474167, 10.816767585035123], [-84.7509524304027, 10.811685525515466], [-84.73840615672054, 10.764043816624012], [-84.70651078547603, 10.748098973676107], [-84.70509887117605, 10.729870181036766], [-84.69637721316256, 10.719761126269438], [-84.68654325869025, 10.717315200815957], [-84.67948446477773, 10.688788061686456], [-84.64899976140421, 10.662160653980282], [-84.64724965523719, 10.638715649897554], [-84.66843731115584, 10.637613602477073], [-84.68319229011499, 10.64647928612115], [-84.6914509267453, 10.629074328124625], [-84.69102203887742, 10.617254244619645], [-84.70741279400168, 10.624496294167383], [-84.71623333092089, 10.638704986808756], [-84.7262315442273, 10.633808978779998], [-84.75439035075247, 10.64665782004257], [-84.75320873678425, 10.638424810562716], [-84.76459035424254, 10.638390859138326], [-84.76013730088157, 10.625923592167107], [-84.77275129658543, 10.616980942348217], [-84.77528250649647, 10.605363104632527], [-84.7881266730119, 10.599743309535704], [-84.79185987365877, 10.584706633204007], [-84.80501436272388, 10.585359661548228], [-84.80479452913399, 10.589673322494624], [-84.82109719049424, 10.599918625544694], [-84.823765698153, 10.597622521451727], [-84.81707593490297, 10.579043758995189], [-84.82087789821692, 10.574300097492245], [-84.83607664029826, 10.563726829058329], [-84.8641963471079, 10.556185157293756], [-84.87182846056102, 10.563086050854096], [-84.88352424829297, 10.56392261170182], [-84.88959518916357, 10.559649874686679], [-84.90322160208065, 10.570560215679734], [-84.92291027144239, 10.572297148433842], [-84.94495545232733, 10.594960537062878], [-84.9561062835464, 10.594480788950841], [-84.97511277076516, 10.606153887915411], [-84.98569857574269, 10.604897454303874], [-84.98788043414268, 10.617997901527715], [-85.00186019962257, 10.625734953285624], [-85.00110704842093, 10.656104537246215], [-85.01988279307308, 10.674252935902526], [-85.02685817933623, 10.693398362050722], [-84.99009410463361, 10.709788170350643], [-84.98093418006822, 10.720939569936728], [-84.9740003661532, 10.717650842446867], [-84.95548716331612, 10.722398095284616], [-84.95662404544436, 10.733834002944532], [-84.95111739991655, 10.732866307453367], [-84.94961050615986, 10.7369674596096], [-84.96310820014156, 10.758593438701508], [-84.94962295477151, 10.773178117101773], [-84.92670706525747, 10.777279934783051], [-84.92161301787581, 10.790754125506162], [-84.91543808116515, 10.7930286847988], [-84.91647376169767, 10.803308991578964], [-84.90440265557228, 10.804335729614916], [-84.90174405506328, 10.828691969545332], [-84.87869957249664, 10.809088723836235], [-84.85632767886081, 10.808540157461351], [-84.83261389347042, 10.824028742953429], [-84.83524480411182, 10.83263751457414], [-84.82971212186, 10.841943005882937], [-84.81592968349781, 10.850741289118176], [-84.80440989714216, 10.851256856227367]]]}}, {"type": "Feature", "properties": {"admin2_pcode": "CR214", "admin2_name": "Los Chiles", "admin1_name": "Alajuela"}, "geometry": {"type": "Polygon", "coordinates": [[[-84.66641386357988, 11.072466689446637], [-84.60607910701528, 11.03849362055181], [-84.57450033898361, 11.051150540090788], [-84.56440119892878, 11.033286086985036], [-84.48600691013846, 11.000800396703175], [-84.45167343596107, 10.962020422354339], [-84.46123579426408, 10.96462283764641], [-84.45995340591307, 10.958464155854921], [-84.46646105063428, 10.958957726584805], [-84.46641894525321, 10.952984794327058], [-84.47164903507496, 10.957427181756605], [-84.47180338499024, 10.952291954136928], [-84.47953295442296, 10.948107069686682], [-84.47326049598533, 10.946589679421919], [-84.47599829589318, 10.943470034522834], [-84.47237078602527, 10.941268716595886], [-84.48309343415552, 10.92775057564497], [-84.47338386154337, 10.926739139430898], [-84.46935377445165, 10.919588845485187], [-84.471751473674, 10.911512524489376], [-84.46717597444004, 10.91186367437935], [-84.47182830978103, 10.89242207384921], [-84.4652728359596, 10.887499249539196], [-84.46970580680689, 10.88530977055938], [-84.46634428199714, 10.879671721289753], [-84.47050003502932, 10.872587612525676], [-84.49260918840753, 10.877533621681225], [-84.49359563015469, 10.873429535676001], [-84.50200992706128, 10.872652856893996], [-84.50832207683271, 10.882910829631195], [-84.51171656970834, 10.877990104813215], [-84.5238137749853, 10.878279578201989], [-84.52925707125212, 10.871432235527704], [-84.53436374972814, 10.874312367723261], [-84.54805414154741, 10.859843614488655], [-84.53777480284101, 10.831852258636518], [-84.54146841615409, 10.817644420585028], [-84.55049646620482, 10.813044131898527], [-84.54383597057863, 10.803429292605035], [-84.54736948939211, 10.802930816114218], [-84.54522627634195, 10.795404960124781], [-84.54989004139786, 10.78955672508972], [-84.54425784485053, 10.78343526983097], [-84.54553605351144, 10.771377709854123], [-84.52845325867159, 10.765328218694721], [-84.52909793772365, 10.750833873702534], [-84.51943479929155, 10.749114307341404], [-84.5270614413767, 10.738497957733385], [-84.52374744204505, 10.740117638453412], [-84.52629389799084, 10.732006404436857], [-84.51961061590409, 10.716675298181935], [-84.52241399625676, 10.701165867776792], [-84.51918196203145, 10.693791367526636], [-84.52955558257273, 10.684424439714236], [-84.52872992378754, 10.688846466095956], [-84.53516191523973, 10.687677776358761], [-84.53472837643767, 10.691517200353182], [-84.54340165108148, 10.683639151210778], [-84.56060668170949, 10.684166464354723], [-84.57095499314897, 10.672382633888786], [-84.57020050950305, 10.660358680667004], [-84.57627947349539, 10.65979065887181], [-84.58462743002329, 10.64780792313025], [-84.61421538140478, 10.64783443982987], [-84.61578563145206, 10.632527243433936], [-84.62041189650995, 10.629593084398438], [-84.6293279462786, 10.650720011315359], [-84.64245122845475, 10.662673450737918], [-84.6572364000707, 10.667040421433214], [-84.67948446477773, 10.688788061686456], [-84.68654325869025, 10.717315200815957], [-84.69637721316256, 10.719761126269438], [-84.70509887117605, 10.729870181036766], [-84.70651078547603, 10.748098973676107], [-84.73840615672054, 10.764043816624012], [-84.7509524304027, 10.811685525515466], [-84.77227317289389, 10.83586662818644], [-84.78088208979436, 10.832268946878974], [-84.78921958510918, 10.845647524430186], [-84.79038082216945, 10.84199270395175], [-84.79416512164708, 10.847789027262378], [-84.80284779178577, 10.847368691123819], [-84.80025784918973, 10.851817395894416], [-84.81592968349781, 10.850741289118176], [-84.83429166863789, 10.837219456365387], [-84.83261389347042, 10.824028742953429], [-84.85081375129373, 10.811143020925098], [-84.86901785932216, 10.805875971101612], [-84.8879909609758, 10.815213383745084], [-84.89750852130871, 10.827691975794783], [-84.89232996788537, 10.842395482449966], [-84.88421005012515, 10.848805360308905], [-84.88383317892523, 10.859560190122467], [-84.89207789962823, 10.87359774936161], [-84.88472851025982, 10.890824003180253], [-84.89110872522389, 10.905702728945146], [-84.88111266003507, 10.942490582290066], [-84.88227614479018, 10.961960325206869], [-84.68029777593307, 11.084190712163084], [-84.66641386357988, 11.072466689446637]]]}}, {"type": "Feature", "properties": {"admin2_pcode": "CR206", "admin2_name": "Naranjo", "admin1_name": "Alajuela"}, "geometry": {"type": "Polygon", "coordinates": [[[-84.34015831406589, 10.185722266421157], [-84.34069724906388, 10.176285240510515], [-84.33455898166973, 10.172548250949903], [-84.33302176359715, 10.162763484078473], [-84.34093181525456, 10.157680884065789], [-84.3408126720193, 10.148165133871103], [-84.35722165566926, 10.114850953374459], [-84.35602533738279, 10.099809309810684], [-84.36232444225827, 10.087109654500454], [-84.35662683032855, 10.058398234872046], [-84.36093751198223, 10.018399478822158], [-84.36710803514009, 10.034669388093189], [-84.3920839849157, 10.038794399162686], [-84.40396301782806, 10.033517044236199], [-84.41245475158756, 10.037009749093544], [-84.40758042525202, 10.053845119550122], [-84.41373266019974, 10.064951419902231], [-84.41240307237136, 10.072509695628286], [-84.43383904340357, 10.0858712262271], [-84.43701113734953, 10.09855574909459], [-84.44403126038385, 10.102111436184781], [-84.43393679289152, 10.114780844627186], [-84.43285447593989, 10.125321034313034], [-84.4145152081903, 10.129863888807868], [-84.43205867037838, 10.168307079498392], [-84.40273409272157, 10.169361355933818], [-84.38320453246006, 10.17948700837941], [-84.34999163242627, 10.187514598393305], [-84.34523851312738, 10.193233952743439], [-84.34015831406589, 10.185722266421157]]]}}, {"type": "Feature", "properties": {"admin2_pcode": "CR209", "admin2_name": "Orotina", "admin1_name": "Alajuela"}, "geometry": {"type": "Polygon", "coordinates": [[[-84.48797198390875, 9.945915733088068], [-84.46774667899413, 9.941646908972283], [-84.46205278983811, 9.925924228145663], [-84.46769461373158, 9.916630580301554], [-84.49286577760186, 9.907463109290722], [-84.49883864273599, 9.911072720693353], [-84.50688438056623, 9.889045733688684], [-84.51285987323149, 9.893170433581698], [-84.52618743529125, 9.884189517926345], [-84.52900428936142, 9.877104877697718], [-84.53432115859489, 9.877887064787673], [-84.5338924926845, 9.873279180286934], [-84.542172959311, 9.876112149828485], [-84.53804621936058, 9.862330241718498], [-84.54908432829708, 9.862425032363772], [-84.54727066438024, 9.848762621752641], [-84.55522460733363, 9.849482708716408], [-84.56321057112862, 9.842327072694093], [-84.57463389102132, 9.846243632397979], [-84.59066902516736, 9.840947354779486], [-84.60029186806757, 9.84962479932216], [-84.59585887873165, 9.85369899445859], [-84.60369475522873, 9.862640149008707], [-84.64771067967465, 9.865478786332119], [-84.64735077916843, 9.870305240121901], [-84.65953954924386, 9.87668052726131], [-84.67707128811278, 9.87861811872526], [-84.68104030115813, 9.874855253910127], [-84.68321356469106, 9.88803870482262], [-84.68884868516, 9.88626742698922], [-84.6839072142683, 9.894005407180467], [-84.687800563906, 9.906423578671479], [-84.68236256630408, 9.909120197130232], [-84.6806146580188, 9.905163902928866], [-84.6681750963849, 9.917469450135615], [-84.65992688165508, 9.909438839222968], [-84.64431469162858, 9.907298661053868], [-84.63871399908821, 9.918209518979051], [-84.62402680275518, 9.92157366660584], [-84.62107850457349, 9.927226670995754], [-84.60275540971564, 9.926347391234955], [-84.59691540595772, 9.935398610388702], [-84.59313278403656, 9.931419298917143], [-84.57713254925059, 9.935022399636738], [-84.57343910690926, 9.929207555077602], [-84.55785978273445, 9.928274636301786], [-84.55865248183565, 9.924615949985652], [-84.54936169510867, 9.92056901167644], [-84.54171165139049, 9.931794018967148], [-84.52659713831943, 9.926335430658106], [-84.52303965893388, 9.930554946664444], [-84.50908674011232, 9.9307693102931], [-84.50059824787901, 9.941232268081976], [-84.48797198390875, 9.945915733088068]]]}}, {"type": "Feature", "properties": {"admin2_pcode": "CR207", "admin2_name": "Palmares", "admin1_name": "Alajuela"}, "geometry": {"type": "Polygon", "coordinates": [[[-84.43191788224158, 10.084735301443772], [-84.41252067446091, 10.07273117989743], [-84.41373266019974, 10.064951419902231], [-84.40758042525202, 10.053845119550122], [-84.41345784990558, 10.038551058686966], [-84.40458090857877, 10.033804114225093], [-84.42252214587238, 10.024521794414849], [-84.42978638609141, 10.012822892825652], [-84.45508788832976, 10.007288060412499], [-84.46988770331095, 10.015762041130568], [-84.46925541507103, 10.028863252348383], [-84.44666886343043, 10.079856364712311], [-84.43191788224158, 10.084735301443772]]]}}, {"type": "Feature", "properties": {"admin2_pcode": "CR208", "admin2_name": "Poas", "admin1_name": "Alajuela"}, "geometry": {"type": "Polygon", "coordinates": [[[-84.21041593699033, 10.168053944727989], [-84.1983474724917, 10.156111143479873], [-84.19570977400605, 10.142608053551983], [-84.2087404225431, 10.108643858230552], [-84.22104134989205, 10.101382844932706], [-84.23372204067354, 10.072655385362287], [-84.2470475085484, 10.061748165195914], [-84.26094432223172, 10.031172358122403], [-84.29937706162575, 10.014649458583586], [-84.27778051233476, 10.047652778949798], [-84.27062795230599, 10.072165606573549], [-84.27374696105831, 10.084743004192289], [-84.27040873019277, 10.104545674881324], [-84.25086350196091, 10.122521705352488], [-84.25066215181178, 10.128905741898468], [-84.2431641805265, 10.135011681025581], [-84.23965495852012, 10.153732038429172], [-84.22940998567735, 10.165188261889812], [-84.23679480035459, 10.174013799806078], [-84.2388869386328, 10.186554040847891], [-84.2310040699798, 10.198082275645433], [-84.21041593699033, 10.168053944727989]]]}}, {"type": "Feature", "properties": {"admin2_pcode": "CR210", "admin2_name": "San Carlos", "admin1_name": "Alajuela"}, "geometry": {"type": "Polygon", "coordinates": [[[-84.35039848504793, 10.95589698761173], [-84.3503979322531, 10.95035693304596], [-84.33583413116926, 10.945479927133213], [-84.32291589117935, 10.918170799681588], [-84.31682302774915, 10.916123257186593], [-84.30990741559006, 10.921542569497904], [-84.29169267746498, 10.910949202126432], [-84.28354832099662, 10.894152432252872], [-84.2578711422653, 10.891203574609461], [-84.24422902824108, 10.885081624574855], [-84.23754252361428, 10.876311813540902], [-84.22558274797326, 10.873077762228132], [-84.21519574410428, 10.83921976512647], [-84.22025291279188, 10.825247798779056], [-84.23671070293723, 10.819925220656042], [-84.23768770299856, 10.815858102161181], [-84.22255662973667, 10.800942940630328], [-84.20650195769124, 10.798097366685806], [-84.20390242768075, 10.782659835788257], [-84.19124537528847, 10.789864088923514], [-84.16110955368632, 10.785351793013294], [-84.16131313259356, 10.575398258011413], [-84.16643579410982, 10.572370379393227], [-84.17382766883235, 10.57719285262011], [-84.18745094750331, 10.562424466471455], [-84.2036894161113, 10.55626370366495], [-84.21442021604997, 10.528019988773524], [-84.21000770869733, 10.523246937131141], [-84.23370211352413, 10.499660490225333], [-84.2314379430555, 10.486764443271014], [-84.24088111151825, 10.452680973295722], [-84.25376374695261, 10.440636181747339], [-84.25692746271226, 10.421939013295313], [-84.26123088550413, 10.41877448200952], [-84.25701201649129, 10.413694973694033], [-84.25884434154452, 10.400830743080984], [-84.25218295922578, 10.373803866557594], [-84.24293136604105, 10.35485049948567], [-84.24795022971917, 10.337064126443764], [-84.2390102047786, 10.331844687520524], [-84.24602911039057, 10.325242835903056], [-84.2433571014394, 10.320726876974643], [-84.25664658975238, 10.301863567503013], [-84.25726458448982, 10.289703827615442], [-84.2689147585554, 10.26930120659172], [-84.28142146133345, 10.26203256021367], [-84.30047754469506, 10.262105639488926], [-84.31740892778647, 10.256088772899673], [-84.33251458376067, 10.263455647378846], [-84.35374380673068, 10.246228629552451], [-84.35913810965117, 10.255945949964737], [-84.37954023482186, 10.25177464362803], [-84.38714734904684, 10.259429195184998], [-84.42122484761585, 10.263970179707314], [-84.43281174298316, 10.270535143713921], [-84.5176186953522, 10.249489985559194], [-84.52502764578843, 10.313695326495667], [-84.5179037424284, 10.33982423889782], [-84.52849122274213, 10.374183415094748], [-84.53684163078967, 10.356243494513029], [-84.54794478660125, 10.353409783664288], [-84.57915365477251, 10.331748494799118], [-84.59630953773299, 10.310994295239738], [-84.62314209228829, 10.31096131286137], [-84.63573825833953, 10.325689134346591], [-84.6327386756267, 10.362265136006034], [-84.61850144643716, 10.368858878257564], [-84.59679027456126, 10.365395747934727], [-84.57866291837087, 10.372059804939537], [-84.55384121855928, 10.395210139989395], [-84.55763290851507, 10.426988914989193], [-84.55227372471008, 10.435018557573315], [-84.54531457281065, 10.436039698148477], [-84.55910778787533, 10.445145292811503], [-84.55706815589012, 10.44860347683684], [-84.56373870328795, 10.449185105489912], [-84.562817292127, 10.444963358894078], [-84.57053452962745, 10.439587354220661], [-84.58213312816699, 10.438071776436768], [-84.58231745563475, 10.442066761114349], [-84.59691758855017, 10.446409455335958], [-84.60540841668927, 10.442048688190463], [-84.62679720624057, 10.45682650072475], [-84.64497988507546, 10.453532526029859], [-84.6663758440016, 10.415439437317835], [-84.68874220933967, 10.442564220388261], [-84.72153807017293, 10.376529554721102], [-84.72737159050902, 10.391527204528687], [-84.74731612275455, 10.398907030089264], [-84.75389161359368, 10.413377188945782], [-84.74789129768908, 10.429774867760706], [-84.7501031446024, 10.434856945007237], [-84.76375945376863, 10.432458465746311], [-84.76664608776487, 10.426075052543103], [-84.77426469439906, 10.463294624193592], [-84.774369252261, 10.497501709085885], [-84.79234428306594, 10.490565940863204], [-84.79647209361578, 10.500324483653587], [-84.8204951211284, 10.514268117697876], [-84.82150829676365, 10.525795488575946], [-84.83791293149503, 10.524617376619586], [-84.83894105638218, 10.530043914901453], [-84.84603168154275, 10.532290499784153], [-84.84459863832375, 10.54631951614067], [-84.85129674651247, 10.545852470668581], [-84.8641963471079, 10.556185157293756], [-84.83607664029826, 10.563726829058329], [-84.82087789821692, 10.574300097492245], [-84.81707593490297, 10.579043758995189], [-84.823765698153, 10.597622521451727], [-84.82109719049424, 10.599918625544694], [-84.80479452913399, 10.589673322494624], [-84.80501436272388, 10.585359661548228], [-84.79185987365877, 10.584706633204007], [-84.7881266730119, 10.599743309535704], [-84.77528250649647, 10.605363104632527], [-84.77275129658543, 10.616980942348217], [-84.76013730088157, 10.625923592167107], [-84.76459035424254, 10.638390859138326], [-84.75320873678425, 10.638424810562716], [-84.75439035075247, 10.64665782004257], [-84.7262315442273, 10.633808978779998], [-84.71623333092089, 10.638704986808756], [-84.70741279400168, 10.624496294167383], [-84.69014830730231, 10.617255260057629], [-84.6914509267453, 10.629074328124625], [-84.68319229011499, 10.64647928612115], [-84.66843731115584, 10.637613602477073], [-84.64724965523719, 10.638715649897554], [-84.64942965665396, 10.662663210950674], [-84.64245122845475, 10.662673450737918], [-84.62879921642654, 10.65015704144531], [-84.62041189650995, 10.629593084398438], [-84.61578563145206, 10.632527243433936], [-84.61421538140478, 10.64783443982987], [-84.58462743002329, 10.64780792313025], [-84.57627947349539, 10.65979065887181], [-84.57020050950305, 10.660358680667004], [-84.57095499314897, 10.672382633888786], [-84.56060668170949, 10.684166464354723], [-84.54340165108148, 10.683639151210778], [-84.53472837643767, 10.691517200353182], [-84.53516191523973, 10.687677776358761], [-84.52872992378754, 10.688846466095956], [-84.53020989267345, 10.684553444270875], [-84.52526077979661, 10.685829038997017], [-84.51896414329636, 10.694244462497528], [-84.52241399625676, 10.701165867776792], [-84.51961061590409, 10.716675298181935], [-84.52629389799084, 10.732006404436857], [-84.52374744204505, 10.740117638453412], [-84.52704001661785, 10.739015646299311], [-84.51943479929155, 10.749114307341404], [-84.52909793772365, 10.750833873702534], [-84.52845325867159, 10.765328218694721], [-84.54553605351144, 10.771377709854123], [-84.54425784485053, 10.78343526983097], [-84.54989004139786, 10.78955672508972], [-84.54522627634195, 10.795404960124781], [-84.54736948939211, 10.802930816114218], [-84.54383597057863, 10.803429292605035], [-84.55049646620482, 10.813044131898527], [-84.54146841615409, 10.817644420585028], [-84.53813634192922, 10.825626826815757], [-84.54221882352422, 10.845701975245452], [-84.54634637366618, 10.847480089793637], [-84.5444307978606, 10.855639702227016], [-84.54805414154741, 10.859843614488655], [-84.54400160199964, 10.86705491333912], [-84.53385779255306, 10.874558643678277], [-84.53098133548694, 10.871151313972977], [-84.52351945841129, 10.874302373561937], [-84.52220127620774, 10.878908203320071], [-84.51121048507184, 10.878177029853338], [-84.50832207683271, 10.882910829631195], [-84.50200992706128, 10.872652856893996], [-84.49359563015469, 10.873429535676001], [-84.49260918840753, 10.877533621681225], [-84.47050003502932, 10.872587612525676], [-84.46634428199714, 10.879671721289753], [-84.46970580680689, 10.88530977055938], [-84.4652728359596, 10.887499249539196], [-84.47182830978103, 10.89242207384921], [-84.46717597444004, 10.91186367437935], [-84.471751473674, 10.911512524489376], [-84.46935377445165, 10.919588845485187], [-84.47338386154337, 10.926739139430898], [-84.48310932995096, 10.928060868820355], [-84.47316921068835, 10.93685457486324], [-84.4780513540481, 10.951738179637482], [-84.47180338499024, 10.952291954136928], [-84.47164903507496, 10.957427181756605], [-84.46595594052332, 10.953264263873361], [-84.46646105063428, 10.958957726584805], [-84.45976510669013, 10.958704773939738], [-84.46123579426408, 10.96462283764641], [-84.42049933805163, 10.955212826475059], [-84.40001689963836, 10.974983714141612], [-84.37652939366184, 10.977331029384594], [-84.35849270018164, 10.995949767277029], [-84.34159438475135, 10.973120026405692], [-84.35039848504793, 10.95589698761173]]]}}, {"type": "Feature", "properties": {"admin2_pcode": "CR204", "admin2_name": "San Mateo", "admin1_name": "Alajuela"}, "geometry": {"type": "Polygon", "coordinates": [[[-84.49620026322638, 10.011260286559624], [-84.49801131801902, 9.983670807605774], [-84.4945488598408, 9.979361187962645], [-84.45243155336652, 9.997413242331621], [-84.45275334576506, 9.968456174839718], [-84.46790298007365, 9.952845526829446], [-84.46774667899413, 9.941646908972283], [-84.48891308085919, 9.946250286336237], [-84.50059824787901, 9.941232268081976], [-84.50908674011232, 9.9307693102931], [-84.52303965893388, 9.930554946664444], [-84.52659713831943, 9.926335430658106], [-84.54171165139049, 9.931794018967148], [-84.54936169510867, 9.92056901167644], [-84.55865248183565, 9.924615949985652], [-84.55785978273445, 9.928274636301786], [-84.57343910690926, 9.929207555077602], [-84.57713254925059, 9.935022399636738], [-84.59313278403656, 9.931419298917143], [-84.59691540595772, 9.935398610388702], [-84.60275540971564, 9.926347391234955], [-84.62107850457349, 9.927226670995754], [-84.62402680275518, 9.92157366660584], [-84.63871399908821, 9.918209518979051], [-84.64431469162858, 9.907298661053868], [-84.65992688165508, 9.909438839222968], [-84.6681750963849, 9.917469450135615], [-84.66784614622928, 9.922651644637515], [-84.66476177556106, 9.92098605125916], [-84.65758514510314, 9.930162760629194], [-84.66194850798085, 9.933434860402514], [-84.65288570064268, 9.935342649527204], [-84.64923380495122, 9.944650120212458], [-84.63967392165914, 9.940493190630027], [-84.63253364292036, 9.950302670743403], [-84.61561570760226, 9.95235202104041], [-84.61550880520885, 9.957246072131282], [-84.60735968480877, 9.95891734425536], [-84.601920931416, 9.97088171275087], [-84.59206616380115, 9.972545397331725], [-84.5896057398307, 9.979620013033554], [-84.57105386938623, 9.986818693415714], [-84.56844452182571, 9.981405628239221], [-84.55987609717012, 9.98164265689401], [-84.55336480485316, 9.986216744857755], [-84.55497208978952, 9.992309331809244], [-84.54959813389658, 9.998711720615677], [-84.53231692706464, 10.009889035125166], [-84.49766087506475, 10.014668175068888], [-84.49620026322638, 10.011260286559624]]]}}, {"type": "Feature", "properties": {"admin2_pcode": "CR202", "admin2_name": "San Ramon", "admin1_name": "Alajuela"}, "geometry": {"type": "Polygon", "coordinates": [[[-84.62468130764516, 10.455476797113342], [-84.60540841668927, 10.442048688190463], [-84.59691758855017, 10.446409455335958], [-84.58231745563475, 10.442066761114349], [-84.58213312816699, 10.438071776436768], [-84.57053452962745, 10.439587354220661], [-84.562817292127, 10.444963358894078], [-84.56373870328795, 10.449185105489912], [-84.55706815589012, 10.44860347683684], [-84.55910778787533, 10.445145292811503], [-84.54531457281065, 10.436039698148477], [-84.55227372471008, 10.435018557573315], [-84.55763290851507, 10.426988914989193], [-84.55384121855928, 10.395210139989395], [-84.57088675453497, 10.377041261943589], [-84.59612599213109, 10.365539754196012], [-84.61850144643716, 10.368858878257564], [-84.6327386756267, 10.362265136006034], [-84.63509290674857, 10.32436845969752], [-84.62314209228829, 10.31096131286137], [-84.59630953773299, 10.310994295239738], [-84.57915365477251, 10.331748494799118], [-84.54794478660125, 10.353409783664288], [-84.53684163078967, 10.356243494513029], [-84.52849122274213, 10.374183415094748], [-84.5179037424284, 10.33982423889782], [-84.5240163499718, 10.323001484466682], [-84.52493446784338, 10.294616507610886], [-84.51744402176374, 10.26799539694411], [-84.51730390168588, 10.23565448296084], [-84.49857211879461, 10.23006547040035], [-84.47955474389535, 10.216673427280286], [-84.46875249259945, 10.187946165557847], [-84.44248217403926, 10.169275078541869], [-84.43205867037838, 10.168307079498392], [-84.4145152081903, 10.129863888807868], [-84.43448153934006, 10.123001768797486], [-84.43393679289152, 10.114780844627186], [-84.44403126038385, 10.102111436184781], [-84.43701113734953, 10.09855574909459], [-84.43358440897818, 10.085502900362156], [-84.44666886343043, 10.079856364712311], [-84.46925541507103, 10.028863252348383], [-84.4701238614813, 10.016165813684417], [-84.45527804356387, 10.007902235325941], [-84.4522066335545, 9.997493754593316], [-84.49445234486957, 9.979365852276178], [-84.49801131801902, 9.983670807605774], [-84.49447016802281, 9.992567039668364], [-84.49766087506475, 10.014668175068888], [-84.53231692706464, 10.009889035125166], [-84.55405396580281, 9.993170967364184], [-84.5635599936957, 10.015949073737195], [-84.56333650275727, 10.029223651414533], [-84.57205639194707, 10.018669491362598], [-84.60203734277934, 10.04392323161164], [-84.62396850571075, 10.04767641830039], [-84.63059558105653, 10.070779853475031], [-84.64289255412307, 10.080356858585139], [-84.64996850129498, 10.099263135774395], [-84.67052555424259, 10.127987200405986], [-84.67245481865837, 10.140424157590873], [-84.66369037104602, 10.15002243262625], [-84.66936506158241, 10.155246715298505], [-84.66301684456303, 10.165177047832952], [-84.6646665765875, 10.171251059948611], [-84.66856652837315, 10.175853124032745], [-84.68325744427146, 10.176556369276613], [-84.66202808516503, 10.198555929646458], [-84.6628037698936, 10.226005196552933], [-84.6564404381825, 10.234206196602136], [-84.66129484972552, 10.254378367881047], [-84.66687892079676, 10.255354705518336], [-84.67744089393402, 10.277163930636018], [-84.69384578399064, 10.275844560621772], [-84.70233702158022, 10.263063485523322], [-84.72269252002593, 10.268543059801035], [-84.72143129191565, 10.261188733159592], [-84.73105504696987, 10.250669474770506], [-84.75542481733599, 10.255402318261988], [-84.76567389147894, 10.262452564599736], [-84.76688722674659, 10.279690013052797], [-84.78231435352453, 10.291490199633891], [-84.79387629950484, 10.31867302029301], [-84.78642940485331, 10.323143488059467], [-84.77438840176559, 10.350407761219431], [-84.76731923659926, 10.351992525748429], [-84.77141644443425, 10.374743834176472], [-84.7815826670762, 10.384975304155418], [-84.7674392766176, 10.412781251909584], [-84.76375945376863, 10.432458465746311], [-84.7489102514441, 10.433298229678412], [-84.75389161359368, 10.413377188945782], [-84.74731612275455, 10.398907030089264], [-84.72737159050902, 10.391527204528687], [-84.72153807017293, 10.376529554721102], [-84.68874220933967, 10.442564220388261], [-84.6663758440016, 10.415439437317835], [-84.65625309052838, 10.429240629603125], [-84.64995492336801, 10.450178630578808], [-84.62468130764516, 10.455476797113342]]]}}, {"type": "Feature", "properties": {"admin2_pcode": "CR213", "admin2_name": "Upala", "admin1_name": "Alajuela"}, "geometry": {"type": "Polygon", "coordinates": [[[-85.23953766181309, 11.063446555614673], [-85.23553123218997, 11.065360492152054], [-84.91096803476385, 10.944421605541633], [-84.88157757606297, 10.961473759967369], [-84.88111266003507, 10.942490582290066], [-84.89110872522389, 10.905702728945146], [-84.88472851025982, 10.890824003180253], [-84.89207789962823, 10.87359774936161], [-84.88383317892523, 10.859560190122467], [-84.88421005012515, 10.848805360308905], [-84.89232996788537, 10.842395482449966], [-84.89748420022183, 10.827706241281515], [-84.90227175617332, 10.828011159766877], [-84.90440265557228, 10.804335729614916], [-84.91647376169767, 10.803308991578964], [-84.91543808116515, 10.7930286847988], [-84.92161301787581, 10.790754125506162], [-84.92670706525747, 10.777279934783051], [-84.94962295477151, 10.773178117101773], [-84.96310820014156, 10.758593438701508], [-84.94961050615986, 10.7369674596096], [-84.95111739991655, 10.732866307453367], [-84.95662404544436, 10.733834002944532], [-84.95548716331612, 10.722398095284616], [-84.9740003661532, 10.717650842446867], [-84.98093418006822, 10.720939569936728], [-84.99009410463361, 10.709788170350643], [-85.02685817933623, 10.693398362050722], [-85.0540088329146, 10.6971692455908], [-85.06086439978218, 10.708918968365886], [-85.09649082512432, 10.71782391052158], [-85.12380293482053, 10.710257684440636], [-85.12926984709632, 10.718508527716416], [-85.12911735952254, 10.732179947404054], [-85.14489655198518, 10.747702983909713], [-85.1818507904561, 10.745842289889294], [-85.23523880475844, 10.766533550481856], [-85.27728687135401, 10.7508748299127], [-85.30599467738853, 10.800508971460062], [-85.34884515607449, 10.82702698070506], [-85.3711806835945, 10.830080341262807], [-85.40876989130379, 10.879875667450497], [-85.41391441592913, 10.879319765535218], [-85.42699033518699, 10.896293609698562], [-85.43412911636204, 10.898113957954772], [-85.43639973949819, 10.907626059450491], [-85.4474211108466, 10.917266170865892], [-85.44920809580604, 10.934683443139527], [-85.44524402618387, 10.942818797053194], [-85.42072307239313, 10.964118884155846], [-85.40469804329064, 10.96152664087431], [-85.38069682779488, 10.972640529011418], [-85.3778171296338, 10.995593793409787], [-85.36682527385834, 10.998933167742829], [-85.36913407514305, 11.004655154574879], [-85.35729619813759, 11.018701789660168], [-85.35410133412131, 11.032784698383148], [-85.31144779589856, 11.04278361972485], [-85.29015852519053, 11.022391156953494], [-85.28487663063724, 11.024449575424445], [-85.27728974794142, 11.01463809033687], [-85.26330595447472, 11.012398264758358], [-85.25844536101962, 11.02119496510858], [-85.26355746251446, 11.042452740959902], [-85.25166736646665, 11.049185404232597], [-85.24932833657127, 11.061486842222074], [-85.23953766181309, 11.063446555614673]]]}}, {"type": "Feature", "properties": {"admin2_pcode": "CR212", "admin2_name": "Valverde Vega", "admin1_name": "Alajuela"}, "geometry": {"type": "Polygon", "coordinates": [[[-84.26544293804402, 10.261809824883175], [-84.25833961726065, 10.249862444901982], [-84.2422438904641, 10.241754470962697], [-84.22660347419598, 10.211494833851908], [-84.22788563676865, 10.204110967962155], [-84.2437455293198, 10.18396564120924], [-84.24261597269994, 10.179428111582222], [-84.26483329086746, 10.181130687065952], [-84.27071227937176, 10.188787255895104], [-84.29463889928003, 10.168850412420893], [-84.31731264921791, 10.136456470985312], [-84.32559460314175, 10.114497813912418], [-84.32280173873419, 10.099830399471902], [-84.33030663655136, 10.082001291119434], [-84.34441417471591, 10.062503371743068], [-84.35177386684569, 10.06212904468134], [-84.35760967235916, 10.048463222876695], [-84.36232444225827, 10.087109654500454], [-84.35602533738279, 10.099809309810684], [-84.35722165566926, 10.114850953374459], [-84.3408126720193, 10.148165133871103], [-84.34093181525456, 10.157680884065789], [-84.33434621629172, 10.158543537838142], [-84.33455898166973, 10.172548250949903], [-84.32765433376346, 10.169129933324038], [-84.32091647198854, 10.198081011718411], [-84.31474539500496, 10.204611356699662], [-84.32423462535492, 10.209185072427285], [-84.3343236661518, 10.230425958225366], [-84.34889398154687, 10.24257583958001], [-84.3520036444192, 10.23747047301553], [-84.35552285596776, 10.246279316448906], [-84.33251458376067, 10.263455647378846], [-84.31740892778647, 10.256088772899673], [-84.30047754469506, 10.262105639488926], [-84.28142146133345, 10.26203256021367], [-84.26459286941609, 10.274292870103375], [-84.26544293804402, 10.261809824883175]]]}}, {"type": "Feature", "properties": {"admin2_pcode": "CR306", "admin2_name": "Alvarado", "admin1_name": "Cartago"}, "geometry": {"type": "Polygon", "coordinates": [[[-83.81345250778733, 10.013666973632375], [-83.80823037691069, 9.996582464244618], [-83.78375718445824, 9.981263188290717], [-83.78112293352363, 9.96785840178265], [-83.76058538019011, 9.948501468577552], [-83.77821414268031, 9.942872423647442], [-83.76699173220854, 9.92087765539828], [-83.77531323371322, 9.907671837191852], [-83.77402224405016, 9.89848989793926], [-83.78008229046156, 9.907582396509317], [-83.78848962165371, 9.88148034333388], [-83.80344095675677, 9.871091959345321], [-83.82374741643993, 9.876862253649712], [-83.82954220209196, 9.88611706423779], [-83.82284762826008, 9.89900160656788], [-83.8251279884741, 9.903731886137829], [-83.83389454785095, 9.898652228815529], [-83.82965060285044, 9.913071839005173], [-83.83718957636825, 9.93737324079106], [-83.82930853002046, 9.945840633871207], [-83.84289261268518, 9.9577157774118], [-83.83464870197022, 9.97971363056888], [-83.8279864299336, 9.980444799992505], [-83.81980206044243, 10.009195884167962], [-83.81276342623279, 10.017373451914294], [-83.81345250778733, 10.013666973632375]]]}}, {"type": "Feature", "properties": {"admin2_pcode": "CR301", "admin2_name": "Cartago", "admin1_name": "Cartago"}, "geometry": {"type": "Polygon", "coordinates": [[[-83.8679921331192, 9.97085821523452], [-83.87253958331618, 9.951151434981277], [-83.88311728664553, 9.940886900284331], [-83.89340732959195, 9.896471198572117], [-83.9074160265536, 9.88451961522383], [-83.90504135054483, 9.873224512341286], [-83.91083011774252, 9.8686879682935], [-83.90718345893417, 9.865767427507594], [-83.90914841340836, 9.858109255842784], [-83.86516044942545, 9.818405619836797], [-83.86681669591118, 9.807046062560064], [-83.87367085973953, 9.805430020683376], [-83.87191344688708, 9.771007934928116], [-83.76552634137394, 9.60385281685215], [-83.78661570903722, 9.60677583126736], [-83.93754056995834, 9.79074513620081], [-83.9475107434287, 9.812966338575125], [-83.94672383976919, 9.827387444564161], [-83.93792870845233, 9.839602793445907], [-83.92506389226845, 9.838789679310501], [-83.93039683113317, 9.844968687903986], [-83.92932638152949, 9.852408526982932], [-83.9831666222217, 9.84444471448373], [-83.99804280593489, 9.83602761936532], [-84.00294064990268, 9.841219366819837], [-84.01555387035158, 9.836473892310533], [-84.0115280385948, 9.82808791957852], [-84.02327639081922, 9.825635805341856], [-84.02632551754061, 9.820271918940241], [-84.01167073067123, 9.803407673380377], [-84.01881253025972, 9.802279710489588], [-84.02984090085535, 9.790344176990063], [-84.02980100426153, 9.778023209112737], [-84.02137257996802, 9.778750165057177], [-84.02073603749199, 9.770318375993545], [-84.02926954942552, 9.7648551399394], [-84.0499464051654, 9.767584853174142], [-84.07163750430276, 9.763730714282591], [-84.0885390434069, 9.769400132824437], [-84.07539405606595, 9.801761297396473], [-84.04575101740963, 9.813678172036218], [-84.02971722201447, 9.825916623546378], [-84.02526197293301, 9.839819963708784], [-84.01687524822576, 9.844093308518968], [-84.01708601182578, 9.85371982633023], [-83.99944533590649, 9.867808773412055], [-83.99436207404474, 9.879991822149806], [-83.97596069212838, 9.882026273651995], [-83.97069723767936, 9.889383164542577], [-83.96119387700149, 9.891731881375808], [-83.96252384458553, 9.898750773296067], [-83.959912262497, 9.89641526268306], [-83.95458058071154, 9.902831073806983], [-83.9529959809141, 9.916115784463681], [-83.95816816766512, 9.920204165409201], [-83.95774581229027, 9.928941329387998], [-83.9476926344915, 9.937346066742734], [-83.95436717568566, 9.939900267255128], [-83.95436311552312, 9.952354317743152], [-83.93803573607673, 9.958263390583161], [-83.93132913504826, 9.951724441440927], [-83.92073340575485, 9.95162326051589], [-83.89889048425277, 9.968831766388403], [-83.8679921331192, 9.97085821523452]]]}}, {"type": "Feature", "properties": {"admin2_pcode": "CR308", "admin2_name": "El Guarco", "admin1_name": "Cartago"}, "geometry": {"type": "Polygon", "coordinates": [[[-83.93669865085504, 9.854072690618214], [-83.92932638152949, 9.852408526982932], [-83.93039683113317, 9.844968687903986], [-83.92506389226845, 9.838789679310501], [-83.93792870845233, 9.839602793445907], [-83.94644713101164, 9.828164269788761], [-83.94784162483055, 9.815255310807977], [-83.94268123248507, 9.799142861623052], [-83.7895419355028, 9.61120646662511], [-83.83252282389, 9.618247156713855], [-83.85017725263666, 9.62566104042153], [-83.84554561877465, 9.648698308775018], [-83.85051362432894, 9.665284703763078], [-83.85846728007958, 9.67126297393105], [-83.88108595466863, 9.66831849667482], [-83.90101946489698, 9.688609648803908], [-83.9208544799262, 9.682643593788281], [-83.92622502274762, 9.694651038746697], [-83.94303652030409, 9.698576145488495], [-83.94833481542139, 9.705155144598884], [-83.95091750337231, 9.739177096791225], [-83.9793188347084, 9.744944557663304], [-83.98179845194338, 9.769923709843425], [-83.98779250401364, 9.771271634504286], [-83.99193305503337, 9.783404825139733], [-83.99893824014917, 9.785637869997576], [-84.00210392710711, 9.77877605967352], [-84.01998791704001, 9.770101663478735], [-84.02137257996802, 9.778750165057177], [-84.02980100426153, 9.778023209112737], [-84.02984090085535, 9.790344176990063], [-84.01881253025972, 9.802279710489588], [-84.01167073067123, 9.803407673380377], [-84.02632551754061, 9.820271918940241], [-84.02327639081922, 9.825635805341856], [-84.0115280385948, 9.82808791957852], [-84.01555387035158, 9.836473892310533], [-84.00294064990268, 9.841219366819837], [-83.99804280593489, 9.83602761936532], [-83.9831666222217, 9.84444471448373], [-83.96668772293083, 9.844010160010274], [-83.93669865085504, 9.854072690618214]]]}}, {"type": "Feature", "properties": {"admin2_pcode": "CR304", "admin2_name": "Jimenez", "admin1_name": "Cartago"}, "geometry": {"type": "Polygon", "coordinates": [[[-83.75891438495525, 9.943562328286513], [-83.74464495281799, 9.931958574101637], [-83.72982994411863, 9.928111323468123], [-83.72257768350576, 9.93266127780795], [-83.72294477576165, 9.880389441967479], [-83.70816693541074, 9.856806726213], [-83.67712620611633, 9.859147367661537], [-83.66208516644998, 9.847034821795619], [-83.65164671087123, 9.848774515943301], [-83.65341809797982, 9.82750853502292], [-83.65794748832947, 9.822850196932587], [-83.62818487879709, 9.780961257830375], [-83.62853622580182, 9.771955410463265], [-83.61749007329742, 9.761526292120223], [-83.61426397874918, 9.748831718572793], [-83.59881242140531, 9.734793699752263], [-83.671490844614, 9.689880776363157], [-83.71960879494844, 9.755907098422504], [-83.72106705242432, 9.763931213081309], [-83.72697704482081, 9.765629078405793], [-83.71941308469863, 9.779258406582283], [-83.744628268357, 9.782885164456566], [-83.757473683362, 9.76907964947433], [-83.77159756515132, 9.766760991008487], [-83.78552266361967, 9.774246269888732], [-83.77683372603248, 9.808281506368653], [-83.7717202359725, 9.808649850834291], [-83.76062118047797, 9.838070302532955], [-83.77127155552571, 9.846839105222415], [-83.760676073417, 9.862081347256302], [-83.76270527304003, 9.875361127010837], [-83.77831142480215, 9.895516521931217], [-83.77992777539974, 9.907610779863278], [-83.77413891961866, 9.89835505894451], [-83.77531323371322, 9.907671837191852], [-83.76699173220854, 9.92087765539828], [-83.77821414268031, 9.942872423647442], [-83.76547319172151, 9.948751706086028], [-83.75891438495525, 9.943562328286513]]]}}, {"type": "Feature", "properties": {"admin2_pcode": "CR303", "admin2_name": "La Union", "admin1_name": "Cartago"}, "geometry": {"type": "Polygon", "coordinates": [[[-83.95679321071948, 9.948865311513051], [-83.95436717568566, 9.939900267255128], [-83.9476926344915, 9.937346066742734], [-83.95774581229027, 9.928941329387998], [-83.95816816766512, 9.920204165409201], [-83.9529959809141, 9.916115784463681], [-83.95458058071154, 9.902831073806983], [-83.959912262497, 9.89641526268306], [-83.96252384458553, 9.898750773296067], [-83.96193775292966, 9.89100537816029], [-83.9974027535724, 9.876066108781792], [-84.03226337799262, 9.883814431808554], [-84.0374868968854, 9.888672583457986], [-84.04164184519973, 9.89710612358557], [-84.02600190057548, 9.89367704362577], [-84.01611343700687, 9.8982015895686], [-84.0173105551145, 9.906560862340086], [-84.00545310657168, 9.924055787009102], [-84.00848147496058, 9.939690674264806], [-83.96907463372528, 9.943369848859204], [-83.96477652196705, 9.95044330465177], [-83.95679321071948, 9.948865311513051]]]}}, {"type": "Feature", "properties": {"admin2_pcode": "CR307", "admin2_name": "Oreamuno", "admin1_name": "Cartago"}, "geometry": {"type": "Polygon", "coordinates": [[[-83.94686082069674, 10.14705843004986], [-83.81596899524621, 10.084141376329537], [-83.81937278757093, 10.069765081505258], [-83.81476279138283, 10.066550038509197], [-83.81625885769893, 10.05520071112384], [-83.80055893085269, 10.036961630375536], [-83.81826801400364, 10.01251416691602], [-83.8279864299336, 9.980444799992505], [-83.83464870197022, 9.97971363056888], [-83.84286044310173, 9.96095830211124], [-83.84066033580041, 9.952771153365067], [-83.82930853002046, 9.945840633871207], [-83.83718957636825, 9.93737324079106], [-83.82965060285044, 9.913071839005173], [-83.83389454785095, 9.898652228815529], [-83.82503954124337, 9.90371791426084], [-83.82241993500911, 9.893575189170313], [-83.83145928433512, 9.88421697062676], [-83.85820847048177, 9.87670336388574], [-83.86603954795874, 9.864957104367726], [-83.88747734952011, 9.863785668431799], [-83.88801475803734, 9.852494020263533], [-83.89471329515524, 9.847687124022007], [-83.90914841340836, 9.858109255842784], [-83.90718345893417, 9.865767427507594], [-83.91083011774252, 9.8686879682935], [-83.90504135054483, 9.873224512341286], [-83.9074160265536, 9.88451961522383], [-83.89340732959195, 9.896471198572117], [-83.88311728664553, 9.940886900284331], [-83.87253958331618, 9.951151434981277], [-83.86771688099437, 9.97155041741196], [-83.85947589015146, 9.972394895324712], [-83.85940014720204, 9.97972588774339], [-83.86922056393962, 9.994312532737103], [-83.86735734561432, 10.004984998154127], [-83.8769500086757, 10.020677328886718], [-83.875162496164, 10.034511990678425], [-83.88128896718831, 10.044735467558908], [-83.89486739193958, 10.060937772331826], [-83.93138993557565, 10.083049227498602], [-83.9382279005054, 10.125133726422364], [-83.94686082069674, 10.14705843004986]]]}}, {"type": "Feature", "properties": {"admin2_pcode": "CR302", "admin2_name": "Paraiso", "admin1_name": "Cartago"}, "geometry": {"type": "Polygon", "coordinates": [[[-83.77786135160196, 9.895053779884385], [-83.76270527304003, 9.875361127010837], [-83.76070544044273, 9.861926646922296], [-83.77127155552571, 9.846839105222415], [-83.76062118047797, 9.838070302532955], [-83.7717202359725, 9.808649850834291], [-83.77683372603248, 9.808281506368653], [-83.78552266361967, 9.774246269888732], [-83.77159756515132, 9.766760991008487], [-83.757473683362, 9.76907964947433], [-83.744628268357, 9.782885164456566], [-83.71941308469863, 9.779258406582283], [-83.72697704482081, 9.765629078405793], [-83.72106705242432, 9.763931213081309], [-83.71960879494844, 9.755907098422504], [-83.67173363074164, 9.690040613435436], [-83.67927302954746, 9.674341359229393], [-83.67592882842484, 9.643376381709043], [-83.66978467062083, 9.633771996980396], [-83.6529392883327, 9.62558983816403], [-83.63901512776991, 9.605058787383905], [-83.62805880548052, 9.602008452701302], [-83.62672932775564, 9.592912169748432], [-83.63442982046891, 9.579851034639391], [-83.65384161325764, 9.583011061726552], [-83.67162966074825, 9.559217260444544], [-83.68280198665047, 9.551802561278388], [-83.70919126446101, 9.557685848922295], [-83.71860780109898, 9.551353644764665], [-83.72746917138208, 9.55874574259906], [-83.74613230323526, 9.558593665522293], [-83.75614898428023, 9.563273839757386], [-83.76423255320465, 9.58354832786564], [-83.75808884717378, 9.592085002176155], [-83.76340583155178, 9.603028653079052], [-83.87191344688708, 9.771007934928116], [-83.87367085973953, 9.805430020683376], [-83.86681669591118, 9.807046062560064], [-83.86516044942545, 9.818405619836797], [-83.87327909999351, 9.829154050888707], [-83.88683528090284, 9.835592722424161], [-83.89471329515524, 9.847687124022007], [-83.88801475803734, 9.852494020263533], [-83.88747734952011, 9.863785668431799], [-83.86603954795874, 9.864957104367726], [-83.85442810393829, 9.878726518480978], [-83.8436290242933, 9.878715347619053], [-83.82954220209196, 9.88611706423779], [-83.82374741643993, 9.876862253649712], [-83.80344095675677, 9.871091959345321], [-83.78848962165371, 9.88148034333388], [-83.77992777539974, 9.907610779863278], [-83.77786135160196, 9.895053779884385]]]}}, {"type": "Feature", "properties": {"admin2_pcode": "CR305", "admin2_name": "Turrialba", "admin1_name": "Cartago"}, "geometry": {"type": "Polygon", "coordinates": [[[-83.81596899524621, 10.084141376329537], [-83.72542683000691, 10.039797784237942], [-83.70580843235444, 10.040826735976724], [-83.68966571505446, 10.03006689220081], [-83.6689440103678, 10.025165687986615], [-83.65905264534416, 10.0168205086598], [-83.63951192012092, 10.010753219173962], [-83.61780068186211, 9.988236640228722], [-83.60346529998938, 9.98230534778892], [-83.31194322530735, 9.981489781004111], [-83.3279199600069, 9.964937146663477], [-83.33974868643426, 9.960430786744821], [-83.33807908466113, 9.942193457298998], [-83.34810411356948, 9.93594968251747], [-83.35321291531348, 9.938267072431136], [-83.34505954400353, 9.917056365749495], [-83.3493326421747, 9.903603873647151], [-83.34398127855161, 9.90016528793909], [-83.34774843147856, 9.897630306081883], [-83.33478271503706, 9.885245908364784], [-83.33940048112639, 9.8598570895797], [-83.33195214150142, 9.843944735000475], [-83.33878321471967, 9.833372499531555], [-83.33634351111711, 9.823095995839065], [-83.38296079511636, 9.767447857422562], [-83.39714714751571, 9.74140822126546], [-83.42908385277461, 9.706926922681836], [-83.42801573669865, 9.680198222903968], [-83.44683821784021, 9.653020774806162], [-83.46346778667284, 9.642873501824937], [-83.46830319648211, 9.632696363021113], [-83.48196814970044, 9.628486488903857], [-83.49165610952255, 9.613541723658129], [-83.51168701266715, 9.597082626035567], [-83.50443222137172, 9.582861193089698], [-83.5131639333983, 9.567654783799423], [-83.51528815678385, 9.535218645197846], [-83.49618688613322, 9.521510018265664], [-83.4865689694997, 9.498495390706358], [-83.48937553866597, 9.484677069322814], [-83.51439337276967, 9.50241462720671], [-83.53488995367357, 9.510135132500082], [-83.54992470380677, 9.532235345864756], [-83.56956995870246, 9.533962546681192], [-83.59332186323307, 9.544803775978837], [-83.59633751221821, 9.552112660409588], [-83.61994263638734, 9.558426878993876], [-83.63442982046891, 9.579851034639391], [-83.62672932775564, 9.592912169748432], [-83.62877520207608, 9.604549334337051], [-83.6378888512395, 9.604093108379047], [-83.6529392883327, 9.62558983816403], [-83.66978467062083, 9.633771996980396], [-83.67592882842484, 9.643376381709043], [-83.67927302954746, 9.674341359229393], [-83.67173363074164, 9.690040613435436], [-83.59881242140531, 9.734793699752263], [-83.61426397874918, 9.748831718572793], [-83.61749007329742, 9.761526292120223], [-83.62853622580182, 9.771955410463265], [-83.62818487879709, 9.780961257830375], [-83.65794748832947, 9.822850196932587], [-83.65341809797982, 9.82750853502292], [-83.65164671087123, 9.848774515943301], [-83.66208516644998, 9.847034821795619], [-83.67712620611633, 9.859147367661537], [-83.70816693541074, 9.856806726213], [-83.72294477576165, 9.880389441967479], [-83.72257768350576, 9.93266127780795], [-83.72982994411863, 9.928111323468123], [-83.74785984595665, 9.933687981259451], [-83.78112293352363, 9.96785840178265], [-83.78375718445824, 9.981263188290717], [-83.80943427985596, 9.998219701078067], [-83.81318791401213, 10.016374655621163], [-83.80055893085269, 10.036961630375536], [-83.81625885769893, 10.05520071112384], [-83.81476279138283, 10.066550038509197], [-83.81937278757093, 10.069765081505258], [-83.81596899524621, 10.084141376329537]]]}}, {"type": "Feature", "properties": {"admin2_pcode": "CR507", "admin2_name": "Abangares", "admin1_name": "Guanacaste"}, "geometry": {"type": "Polygon", "coordinates": [[[-84.91545298296094, 10.385307986064525], [-84.90047328761759, 10.365165532925902], [-84.88476956472894, 10.35526471246642], [-84.8666884152357, 10.347794122041636], [-84.84761766981276, 10.349624347119844], [-84.84088628632794, 10.342816288017355], [-84.8282297041724, 10.34243992836063], [-84.82744005886222, 10.337174648132775], [-84.83802660919318, 10.329226198860484], [-84.84458702325374, 10.311638491143071], [-84.84369009503622, 10.293637926894732], [-84.84729273178057, 10.287624054181547], [-84.86307300546432, 10.280845851221784], [-84.87222049649607, 10.261275149707497], [-84.87254054517068, 10.24146024079189], [-84.87904592517417, 10.227316220018663], [-84.88910163042034, 10.218610002784718], [-84.88939302432219, 10.212129553917702], [-84.87414785779596, 10.199818722790964], [-84.87489721040656, 10.188081128924248], [-84.88704590972563, 10.180607782151764], [-84.90604526010347, 10.178041711973327], [-84.91674436960524, 10.16285945669557], [-84.93272207847531, 10.154139309792575], [-84.92500125754017, 10.131731005244394], [-84.9293144147929, 10.127366241634732], [-84.92418625099823, 10.119946547093095], [-84.92732277833197, 10.115129968626677], [-84.92093393513561, 10.11120731609674], [-84.94902494738896, 10.118843670752538], [-84.9715364554914, 10.139115607074515], [-84.97992470212198, 10.141509898287024], [-84.983233945136, 10.150292584200693], [-85.00406092494046, 10.160584737404442], [-85.00375733856833, 10.172627366286324], [-85.02565858183205, 10.186685569512937], [-85.02748612582897, 10.201240683601663], [-85.03970087359272, 10.191567152350231], [-85.03431880368859, 10.172108214700941], [-85.02741717569579, 10.169851091639801], [-85.02768676516568, 10.159316894203595], [-85.03937069063485, 10.159215414110855], [-85.04165431576534, 10.163434400881213], [-85.04866433395985, 10.159620790399368], [-85.05781668793858, 10.167367440956099], [-85.06227726965678, 10.16202549315142], [-85.06699846093689, 10.167498233570297], [-85.06701539002621, 10.158307111441056], [-85.07625710331463, 10.156933299941917], [-85.06982087816826, 10.14901278641309], [-85.07484867639857, 10.143459102990825], [-85.09606958774907, 10.158635746075598], [-85.09656439889443, 10.163768793273706], [-85.09085690287834, 10.167073196563896], [-85.08003900052677, 10.157814399886243], [-85.08763713250545, 10.170805672807548], [-85.1196803361414, 10.176172191152752], [-85.12988177113164, 10.171832452442905], [-85.13457523529382, 10.160617988045953], [-85.14382480017015, 10.159560236494766], [-85.14921335728376, 10.162628505633396], [-85.1464805387075, 10.16544592068979], [-85.15167842412238, 10.162775898369418], [-85.16095250993958, 10.169628356057595], [-85.16868687083232, 10.166764275610047], [-85.17687316587556, 10.173046650244263], [-85.1896269664117, 10.17266857810905], [-85.20973160810091, 10.18031822973027], [-85.22468026283632, 10.191961167143882], [-85.14224309812192, 10.281822285049632], [-85.1293449070042, 10.27941052712906], [-85.11884112756876, 10.290826978826315], [-85.10306688260779, 10.288193209972164], [-85.08898272927227, 10.294463632486085], [-85.06532424672444, 10.286068947358258], [-85.0619884463838, 10.294828620437222], [-85.0558577450862, 10.295242326598434], [-85.05775333979653, 10.313830364452592], [-85.04360059667754, 10.32183919157648], [-85.03812006282709, 10.330533746350277], [-85.0273533659725, 10.328607810865002], [-85.02069476008424, 10.333591294386169], [-85.01848449696543, 10.330351674940268], [-85.00764914277597, 10.333967563123297], [-84.9894389481582, 10.34637866500544], [-84.9841060984517, 10.356877011882462], [-84.97115179046138, 10.358979046373976], [-84.9586222173286, 10.3507543631676], [-84.94975122197992, 10.365511203984862], [-84.91927554157385, 10.38929671711693], [-84.91545298296094, 10.385307986064525]]]}}, {"type": "Feature", "properties": {"admin2_pcode": "CR504", "admin2_name": "Bagaces", "admin1_name": "Guanacaste"}, "geometry": {"type": "Polygon", "coordinates": [[[-85.28430441259405, 10.76054826414656], [-85.27728687135401, 10.7508748299127], [-85.23523880475844, 10.766533550481856], [-85.1818507904561, 10.745842289889294], [-85.14489655198518, 10.747702983909713], [-85.12911735952254, 10.732179947404054], [-85.12926984709632, 10.718508527716416], [-85.12380293482053, 10.710257684440636], [-85.09649082512432, 10.71782391052158], [-85.06051287969622, 10.708348418839172], [-85.07574686138729, 10.690550034588982], [-85.08737388288844, 10.66290097057992], [-85.12871103302868, 10.620316737090848], [-85.134958669573, 10.595848099546954], [-85.13136738230743, 10.59560128185619], [-85.13705573205543, 10.577402316564083], [-85.13245895964893, 10.570639914060566], [-85.13656708690371, 10.55331807746683], [-85.14129964861985, 10.542211740236597], [-85.16262100487866, 10.520410067127955], [-85.16059669049825, 10.501032309630649], [-85.16511166748454, 10.496725515345535], [-85.16692779755398, 10.480383662116742], [-85.16361133673811, 10.454270020520156], [-85.1573877209047, 10.443432643391459], [-85.16004064569876, 10.419087029991838], [-85.16378825803992, 10.411838743954256], [-85.17546978102513, 10.4068112048267], [-85.17350609280733, 10.40013070779419], [-85.18432746299314, 10.397832815324337], [-85.18095994615312, 10.392157456193141], [-85.18545473847051, 10.39433930334111], [-85.1860694535574, 10.390122259303771], [-85.17949472462446, 10.38817471636892], [-85.17888659473223, 10.38408494077523], [-85.18362279847148, 10.382966265111973], [-85.18029242678396, 10.380294969527245], [-85.19099119651814, 10.368574539458173], [-85.1975260599941, 10.37017866932652], [-85.19552705196843, 10.361190454364358], [-85.20435278954437, 10.351744403752633], [-85.19886327889262, 10.344835029707145], [-85.2030169007287, 10.335201089139442], [-85.21126120312196, 10.335274557099899], [-85.20463379464186, 10.325140201566365], [-85.21479709275795, 10.307474481178438], [-85.21175684054766, 10.292137014038264], [-85.20431106852064, 10.282925840119043], [-85.2167189962085, 10.283216253031847], [-85.21811753736036, 10.273717045718044], [-85.23889777300977, 10.25387622162082], [-85.24723313848028, 10.252295230038815], [-85.2457321820371, 10.247534159992668], [-85.28663246855642, 10.269014976756875], [-85.28287848781243, 10.292644111314436], [-85.30463680424133, 10.305658088938559], [-85.31135888119479, 10.32114527873461], [-85.34243370823782, 10.324159686832827], [-85.35604279361301, 10.315006310627124], [-85.35863304931335, 10.323895016316841], [-85.37129953888112, 10.324605436340438], [-85.37925515124049, 10.330082466154494], [-85.3690364828934, 10.327685339622615], [-85.37125944494422, 10.336876383834426], [-85.36724530477223, 10.34285647649927], [-85.373613705573, 10.344067976167372], [-85.386008761045, 10.337087139355537], [-85.40277691040147, 10.33973448103071], [-85.40751935256564, 10.345498848579274], [-85.40606508614383, 10.358913923680468], [-85.41073241604079, 10.363136124789092], [-85.40378705957202, 10.377475708162407], [-85.39787399724636, 10.379032689847548], [-85.40236483434062, 10.380418827735634], [-85.39994312055747, 10.38883214704354], [-85.39334769363991, 10.387657811321674], [-85.3957970781898, 10.39253581426018], [-85.39175393515609, 10.390943176620029], [-85.39274800218814, 10.39406625145098], [-85.39116986875811, 10.396856157279926], [-85.38989344487698, 10.391854701491358], [-85.37813503498953, 10.389603473405968], [-85.38406354134264, 10.392591088011049], [-85.36891540912856, 10.410372125496464], [-85.37745210109352, 10.411428100309903], [-85.37284104105679, 10.417047046268044], [-85.37844855826161, 10.423174870914107], [-85.40084449687859, 10.421497567612588], [-85.40532180857076, 10.429263940247068], [-85.4269283482139, 10.433545597593788], [-85.43641598139321, 10.441544371229782], [-85.4181076832589, 10.459877539721884], [-85.42306909820178, 10.476088202312777], [-85.40980928316544, 10.484778858323953], [-85.40394721988515, 10.507698713604501], [-85.41018222963123, 10.515834623821094], [-85.398600839499, 10.533093647481117], [-85.39624923487601, 10.55950570896302], [-85.38167197447203, 10.576290992594203], [-85.37970437354625, 10.59029525161078], [-85.36546510731041, 10.59930453109254], [-85.34626737910217, 10.623535544451878], [-85.34799690953321, 10.62941111109308], [-85.34245076584155, 10.639177067915684], [-85.35109843497001, 10.672021615850365], [-85.34477378893875, 10.688932916428573], [-85.31014958492088, 10.734300678015613], [-85.30845457109541, 10.752153347945544], [-85.2921971007578, 10.760165371502785], [-85.29368641602831, 10.776059693992835], [-85.28430441259405, 10.76054826414656]]]}}, {"type": "Feature", "properties": {"admin2_pcode": "CR506", "admin2_name": "Ca\u00f1as", "admin1_name": "Guanacaste"}, "geometry": {"type": "Polygon", "coordinates": [[[-85.05224878434107, 10.696821142999523], [-85.02685817933623, 10.693398362050722], [-85.01988279307308, 10.674252935902526], [-85.00060183957868, 10.654123805653166], [-85.01035203210576, 10.630242386278569], [-85.02173535625346, 10.629797975563523], [-85.04554719114188, 10.618227327559348], [-85.04250926862619, 10.509429988343465], [-85.02879312872705, 10.500797565849602], [-85.02804582003138, 10.429847545969173], [-85.01811204689827, 10.367142566446722], [-84.94973469371382, 10.365574813574828], [-84.95068902056896, 10.362231753405805], [-84.9586222173286, 10.3507543631676], [-84.97115179046138, 10.358979046373976], [-84.9841060984517, 10.356877011882462], [-84.9894389481582, 10.34637866500544], [-85.00764914277597, 10.333967563123297], [-85.01848449696543, 10.330351674940268], [-85.02069476008424, 10.333591294386169], [-85.0273533659725, 10.328607810865002], [-85.03812006282709, 10.330533746350277], [-85.04360059667754, 10.32183919157648], [-85.05775333979653, 10.313830364452592], [-85.0558577450862, 10.295242326598434], [-85.0619884463838, 10.294828620437222], [-85.06532424672444, 10.286068947358258], [-85.08898272927227, 10.294463632486085], [-85.10306688260779, 10.288193209972164], [-85.11884112756876, 10.290826978826315], [-85.1293449070042, 10.27941052712906], [-85.14224309812192, 10.281822285049632], [-85.22468026283632, 10.191961167143882], [-85.23496538265921, 10.196733984859163], [-85.23700278998929, 10.226586661997507], [-85.24749722025437, 10.251236197933137], [-85.21986320640221, 10.271713314029148], [-85.2167189962085, 10.283216253031847], [-85.20431106852064, 10.282925840119043], [-85.21175684054766, 10.292137014038264], [-85.21479709275795, 10.307474481178438], [-85.20463379464186, 10.325140201566365], [-85.21126120312196, 10.335274557099899], [-85.2030169007287, 10.335201089139442], [-85.19886327889262, 10.344835029707145], [-85.20435278954437, 10.351744403752633], [-85.19552705196843, 10.361190454364358], [-85.1975260599941, 10.37017866932652], [-85.19099119651814, 10.368574539458173], [-85.18029242678396, 10.380294969527245], [-85.18362279847148, 10.382966265111973], [-85.17888659473223, 10.38408494077523], [-85.17949472462446, 10.38817471636892], [-85.1860694535574, 10.390122259303771], [-85.18545473847051, 10.39433930334111], [-85.18095994615312, 10.392157456193141], [-85.18432746299314, 10.397832815324337], [-85.17350609280733, 10.40013070779419], [-85.17546978102513, 10.4068112048267], [-85.16378825803992, 10.411838743954256], [-85.16004064569876, 10.419087029991838], [-85.1573877209047, 10.443432643391459], [-85.16361133673811, 10.454270020520156], [-85.16692779755398, 10.480383662116742], [-85.16511166748454, 10.496725515345535], [-85.16059669049825, 10.501032309630649], [-85.16262100487866, 10.520410067127955], [-85.14129964861985, 10.542211740236597], [-85.13656708690371, 10.55331807746683], [-85.13296627700551, 10.609227249570957], [-85.12871103302868, 10.620316737090848], [-85.08737388288844, 10.66290097057992], [-85.08191604619779, 10.679800318162455], [-85.06523289144812, 10.704897699229722], [-85.06051287969622, 10.708348418839172], [-85.05843527104891, 10.700286844011138], [-85.05224878434107, 10.696821142999523]]]}}, {"type": "Feature", "properties": {"admin2_pcode": "CR505", "admin2_name": "Carrillo", "admin1_name": "Guanacaste"}, "geometry": {"type": "Polygon", "coordinates": [[[-85.61322953371322, 10.635975911168197], [-85.61085818814026, 10.616971330386173], [-85.57998941535139, 10.616101825091775], [-85.58967577075605, 10.604555573162385], [-85.59046245894287, 10.589528380759214], [-85.586230230978, 10.581593635261592], [-85.59351604399029, 10.56271590860494], [-85.5765830440906, 10.536956160022665], [-85.58249048021278, 10.526420603073138], [-85.56930694240886, 10.518132635224285], [-85.57076055242808, 10.498415967691297], [-85.55896536028459, 10.476760640821123], [-85.5587305324681, 10.46604991794228], [-85.54671741035398, 10.444510396839632], [-85.52698606336193, 10.431733636713563], [-85.5287246253948, 10.423009740098793], [-85.47772274392501, 10.42009929207877], [-85.4709683476494, 10.42607076336242], [-85.47600662300108, 10.434260994170739], [-85.47226558558384, 10.452981804150664], [-85.46543978652846, 10.456880781129309], [-85.45336366648104, 10.455110565021569], [-85.44431376346803, 10.443204700787417], [-85.43870859968328, 10.444151074180311], [-85.4269283482139, 10.433545597593788], [-85.4064918371573, 10.42987459489009], [-85.40084449687859, 10.421497567612588], [-85.37790053804302, 10.42291624619783], [-85.37284104105679, 10.417047046268044], [-85.37745210109352, 10.411428100309903], [-85.36876463618016, 10.409320504740608], [-85.38406354134264, 10.392591088011049], [-85.37813503498953, 10.389603473405968], [-85.38989344487698, 10.391854701491358], [-85.39116986875811, 10.396856157279926], [-85.39175393515609, 10.390943176620029], [-85.3957970781898, 10.39253581426018], [-85.39334769363991, 10.387657811321674], [-85.39994312055747, 10.38883214704354], [-85.40236483434062, 10.380418827735634], [-85.39787399724636, 10.379032689847548], [-85.40378705957202, 10.377475708162407], [-85.41025001688197, 10.36513688376105], [-85.42324159839421, 10.370030892595521], [-85.46646430159733, 10.36698700173491], [-85.46421305331975, 10.36393350941287], [-85.47047803838024, 10.358576726572478], [-85.48337762435135, 10.357322469166636], [-85.47876450229835, 10.351648779140762], [-85.48149278304182, 10.347224775360974], [-85.48983758551486, 10.350289781906172], [-85.50073487088618, 10.342326254813353], [-85.52108749745037, 10.3517572369513], [-85.53349009358888, 10.349767476199066], [-85.53378518813362, 10.354867506143906], [-85.54208695208534, 10.353624325345448], [-85.54340962897757, 10.359124546782295], [-85.54557928791236, 10.355337182527078], [-85.55056573012085, 10.361162334380237], [-85.55663253773838, 10.35819034924244], [-85.55857699688801, 10.364649429470054], [-85.56902658349009, 10.351229423260317], [-85.58160448683556, 10.349106109120262], [-85.59323357511325, 10.335866571073641], [-85.60587387804718, 10.338526379280822], [-85.61810375330363, 10.335125162127792], [-85.63021945986907, 10.32529439928354], [-85.64910933012378, 10.334237452452681], [-85.65171221436545, 10.358471260099483], [-85.66359940755092, 10.362862148819284], [-85.65632747044388, 10.377552037286693], [-85.63900327329152, 10.38228526189555], [-85.63886306461379, 10.390407463575965], [-85.64334187518469, 10.401745869767662], [-85.65433007577813, 10.398586799403564], [-85.65712954180377, 10.419567468011], [-85.66284970074899, 10.420008536169048], [-85.66690992384986, 10.434772241054768], [-85.68739661241914, 10.431885717323508], [-85.69894240090188, 10.436438468143255], [-85.70492899476933, 10.44907226441944], [-85.7243117289431, 10.460940315138355], [-85.73082504892307, 10.478110066095487], [-85.7423178152058, 10.48441002728054], [-85.74993259664782, 10.48602823112375], [-85.75784553908929, 10.478767101227852], [-85.7687511323678, 10.479423867021916], [-85.7870045663056, 10.488168954174272], [-85.79810080685411, 10.482590329063632], [-85.79467875482798, 10.494655801851463], [-85.80354806589531, 10.498462111565834], [-85.7984763405969, 10.506754558110888], [-85.81200119923002, 10.516016894807846], [-85.79137418333936, 10.518076505202682], [-85.79161236333519, 10.524614453106922], [-85.78187680271819, 10.530523566773223], [-85.77868046495715, 10.5440561152849], [-85.76884794234522, 10.542004042387015], [-85.76401051878872, 10.533991115007169], [-85.75339726593388, 10.529625472044474], [-85.7355014317312, 10.544025262874877], [-85.71849832872869, 10.548118219846357], [-85.71390826791942, 10.556659326388102], [-85.70019670615551, 10.550564410886633], [-85.69098646105351, 10.563616919486336], [-85.70056195180891, 10.57275765097908], [-85.68215528610936, 10.571922711157008], [-85.67690862050875, 10.580730453976301], [-85.68048746544771, 10.590007217575847], [-85.67586996343431, 10.592614103094784], [-85.65168045875971, 10.590249599622487], [-85.64881438083239, 10.604386879785036], [-85.6445836043254, 10.60386497212588], [-85.64055289865041, 10.613735269223367], [-85.62627759575656, 10.623461529337161], [-85.6280359728252, 10.631546716803035], [-85.62065850819205, 10.63236749441232], [-85.6131895878329, 10.641509711081259], [-85.61322953371322, 10.635975911168197]]]}}, {"type": "Feature", "properties": {"admin2_pcode": "CR511", "admin2_name": "Hojancha", "admin1_name": "Guanacaste"}, "geometry": {"type": "Polygon", "coordinates": [[[-85.41939218951309, 10.096643670581106], [-85.40274267892833, 10.096933146868507], [-85.38508510097297, 10.085994221723269], [-85.39052251882127, 10.083269434142128], [-85.3784766434503, 10.072203371051149], [-85.38920604060314, 10.067299710850461], [-85.3686153089148, 10.04662632679174], [-85.33967949222969, 10.043527664404046], [-85.33982447658981, 10.038814602672051], [-85.32319034806007, 10.03667824745711], [-85.32959513889328, 10.028971805807775], [-85.32352729829131, 10.024987619646597], [-85.32713700325115, 10.006112972748321], [-85.33564673306877, 10.009252092046477], [-85.35097728086924, 10.005568141177339], [-85.3650274341994, 10.010321847227749], [-85.37585429609135, 10.003894341266921], [-85.36763429363987, 9.995038730187789], [-85.3517436953047, 9.99657864580351], [-85.34836932163392, 9.980396957397867], [-85.36154181033405, 9.964589293297141], [-85.35474222946786, 9.955912343799508], [-85.35509839906464, 9.947481391462091], [-85.3383049416478, 9.939368139337317], [-85.34975880639412, 9.931171876022335], [-85.34948640872581, 9.926506681878303], [-85.36397276644821, 9.92229888406491], [-85.3755590093322, 9.910125963849179], [-85.4239512030417, 9.910534573268903], [-85.43100979624056, 9.903680627332088], [-85.43068990434485, 9.896871165559107], [-85.43756658772253, 9.896279983114315], [-85.43888750920398, 9.884099226181004], [-85.44561884188538, 9.887894056487506], [-85.44522084828985, 9.88004121035525], [-85.45285598276428, 9.880680747006842], [-85.44954508577968, 9.876052769046215], [-85.45751012016771, 9.873633905926248], [-85.4535666943202, 9.86004983022318], [-85.46012456372956, 9.859492847182086], [-85.46347197398875, 9.850833555223847], [-85.46810043816743, 9.850320961768574], [-85.48651719805093, 9.859444384217223], [-85.48499657352919, 9.868968318626822], [-85.4961425208759, 9.872519699218092], [-85.48742077861716, 9.881176880311347], [-85.48660994640464, 9.888521774830764], [-85.47459140880123, 9.886074764070548], [-85.46408599669863, 9.902384132540595], [-85.46557294311768, 9.913307981244888], [-85.47382855437712, 9.922737732811985], [-85.4606805038413, 9.950134992168367], [-85.46557406167534, 9.954169087187061], [-85.46281427690636, 9.966798889168775], [-85.47417487055993, 9.982201749932988], [-85.46891141391919, 9.996595576797514], [-85.47435167631257, 10.021027071115185], [-85.45949723886167, 10.054188711970273], [-85.44795961677205, 10.06354927873902], [-85.44717832756557, 10.071075219186522], [-85.45162189183672, 10.07293233822904], [-85.44896710689883, 10.084898519542753], [-85.42384368669347, 10.100808933640135], [-85.41939218951309, 10.096643670581106]]]}}, {"type": "Feature", "properties": {"admin2_pcode": "CR510", "admin2_name": "La Cruz", "admin1_name": "Guanacaste"}, "geometry": {"type": "MultiPolygon", "coordinates": [[[[-85.88749004308958, 10.875121122265647], [-85.89550913722762, 10.86999187299622], [-85.89888904711732, 10.872396424127569], [-85.8978151972503, 10.874767839114371], [-85.88749004308958, 10.875121122265647]]], [[[-85.70714349471677, 11.046215623560528], [-85.71014543895348, 11.046568796104621], [-85.71171048526614, 11.049792341157458], [-85.70735807807625, 11.04891201173752], [-85.70714349471677, 11.046215623560528]]], [[[-85.35753731796561, 11.126084334517973], [-85.2294039667232, 11.063102203543046], [-85.24303918895258, 11.065445865927684], [-85.24968260391738, 11.06106862808746], [-85.25166736646665, 11.049185404232597], [-85.26355746251446, 11.042452740959902], [-85.25844536101962, 11.02119496510858], [-85.26292858169306, 11.012531187840644], [-85.27728974794142, 11.01463809033687], [-85.28487663063724, 11.024449575424445], [-85.29015852519053, 11.022391156953494], [-85.31144779589856, 11.04278361972485], [-85.33152987462245, 11.040807626215376], [-85.33373571029837, 11.03605832105203], [-85.35410133412131, 11.032784698383148], [-85.35729619813759, 11.018701789660168], [-85.36913407514305, 11.004655154574879], [-85.36682527385834, 10.998933167742829], [-85.3778171296338, 10.995593793409787], [-85.37792793727803, 10.977515814736991], [-85.38277504621284, 10.970676622595423], [-85.40469804329064, 10.96152664087431], [-85.42072307239313, 10.964118884155846], [-85.4447216214371, 10.943669175476053], [-85.448335429316, 10.933527088706118], [-85.4590199588782, 10.935449943802205], [-85.45791302674955, 10.961412856130051], [-85.46938378180081, 10.964800265823687], [-85.52039327926191, 10.944901707311603], [-85.52993829239362, 10.92804112799754], [-85.52632460399198, 10.920380197013287], [-85.5448818496829, 10.90347388435295], [-85.5589452279887, 10.897967446295647], [-85.54955893909339, 10.886807498972784], [-85.54590157369306, 10.872992055121165], [-85.55238322044487, 10.866589038614254], [-85.55099618859012, 10.862200845051559], [-85.5636314247269, 10.856477657666392], [-85.56802086562233, 10.859862509905566], [-85.5818644588762, 10.851444804079598], [-85.59758816870884, 10.854140725556386], [-85.60837742766562, 10.848684128840237], [-85.61502530969912, 10.835045242250558], [-85.62497856675225, 10.839089703985636], [-85.64392668035593, 10.82204653725227], [-85.6413838885071, 10.798080484172095], [-85.65799168153214, 10.802941953201643], [-85.66908583812784, 10.798997869046511], [-85.67940341822401, 10.808281004127588], [-85.69700979456663, 10.799418472002195], [-85.70423464412384, 10.807197702414141], [-85.7179481513633, 10.811376440956366], [-85.72308061661333, 10.808751013928854], [-85.74205904362287, 10.819074491860523], [-85.76463355346264, 10.803467958769001], [-85.77787416004018, 10.814070267072982], [-85.79245698493833, 10.815457821514453], [-85.80100312472231, 10.82481845927468], [-85.8017956911909, 10.834279867649686], [-85.79113790099942, 10.836620224335332], [-85.78778188057164, 10.843955364570105], [-85.79837841885569, 10.854769021854471], [-85.80782214070628, 10.849809185638886], [-85.84426639233588, 10.85692261432949], [-85.85374884452098, 10.854040213912867], [-85.86681457326894, 10.877168012350214], [-85.90309933050658, 10.8900892545747], [-85.9163683440501, 10.89940889273712], [-85.95007172818417, 10.88959575433427], [-85.91297673928707, 10.91045250208739], [-85.90009574243035, 10.910480563719691], [-85.88037136471722, 10.923427503670823], [-85.86197404476637, 10.929047756605476], [-85.86305533597026, 10.941342795797599], [-85.8843160968898, 10.949282132238048], [-85.88113298737962, 10.950447925466358], [-85.86344381506856, 10.950853540868764], [-85.84630119810618, 10.944434625766604], [-85.81656513790111, 10.945356930711126], [-85.81010878773927, 10.93561663441412], [-85.81888332143681, 10.930180435376732], [-85.81752218575116, 10.921622535152254], [-85.79434148120224, 10.908973681026405], [-85.7832214602618, 10.914449038651085], [-85.79941927009283, 10.932229055970735], [-85.78924037870897, 10.9321150165511], [-85.7841304724988, 10.939746029450571], [-85.7802736507707, 10.934083283293617], [-85.77689977800084, 10.939943277692858], [-85.76571172450477, 10.935694508181056], [-85.73318517716251, 10.939511096347013], [-85.73138833970646, 10.934388049050554], [-85.7280016798178, 10.938403802674896], [-85.71988912287314, 10.93473028804421], [-85.72228240795107, 10.924235979875212], [-85.7116711863358, 10.926394639579375], [-85.71160346642444, 10.935829972006266], [-85.70488671270911, 10.935129264670975], [-85.70106655666682, 10.945105717560795], [-85.70281794027876, 10.949539535132853], [-85.71666470443942, 10.95258047647491], [-85.72092039169418, 10.958175211222507], [-85.70697349816156, 10.954679711926742], [-85.70259517821245, 10.964700087681077], [-85.68983893519746, 10.965198787606845], [-85.6890237652779, 10.976127345709568], [-85.70952455151492, 10.988962811050088], [-85.71042681829027, 10.996241249566998], [-85.72504761084623, 11.00598392521021], [-85.75222965099677, 11.017857256375176], [-85.75412603483667, 11.023821540796444], [-85.74560215592356, 11.033750698225438], [-85.73592010720017, 11.032043688064897], [-85.74066560140648, 11.043755794512167], [-85.72741606368633, 11.049140347520614], [-85.71298560511022, 11.026481486097829], [-85.70742688998322, 11.030130738399452], [-85.68799730135535, 11.026992961912558], [-85.66936653682866, 11.039859404199728], [-85.67276222099764, 11.065371015532033], [-85.69299434975287, 11.078673901691653], [-85.60984085092767, 11.219454477465252], [-85.560426436142, 11.209808326189284], [-85.52234469726926, 11.167582064196266], [-85.42357202041434, 11.128697350025904], [-85.35753731796561, 11.126084334517973]]]]}}, {"type": "Feature", "properties": {"admin2_pcode": "CR501", "admin2_name": "Liberia", "admin1_name": "Guanacaste"}, "geometry": {"type": "MultiPolygon", "coordinates": [[[[-85.69299018284957, 10.641533364882005], [-85.69258591649599, 10.640134010419617], [-85.69853441862557, 10.63932136142784], [-85.69684120562523, 10.641469705716913], [-85.69299018284957, 10.641533364882005]]], [[[-85.68739586541632, 10.644549181744404], [-85.68699681314258, 10.640969835758304], [-85.69147310534778, 10.641835399618042], [-85.6896152088206, 10.645593036539125], [-85.68739586541632, 10.644549181744404]]], [[[-85.46416402884013, 10.961418695799109], [-85.45766011963012, 10.960672468457986], [-85.45962672884937, 10.93645060707743], [-85.44742012155434, 10.932614728387943], [-85.4474211108466, 10.917266170865892], [-85.43639973949819, 10.907626059450491], [-85.43412911636204, 10.898113957954772], [-85.42699033518699, 10.896293609698562], [-85.41391441592913, 10.879319765535218], [-85.40876989130379, 10.879875667450497], [-85.3711806835945, 10.830080341262807], [-85.34884515607449, 10.82702698070506], [-85.30599467738853, 10.800508971460062], [-85.29236063182819, 10.773553422028996], [-85.29200530510641, 10.760667989044169], [-85.30845457109541, 10.752153347945544], [-85.31014958492088, 10.734300678015613], [-85.34477378893875, 10.688932916428573], [-85.35109843497001, 10.672021615850365], [-85.34245076584155, 10.639177067915684], [-85.34799690953321, 10.62941111109308], [-85.34626737910217, 10.623535544451878], [-85.36546510731041, 10.59930453109254], [-85.37970437354625, 10.59029525161078], [-85.38167197447203, 10.576290992594203], [-85.39624923487601, 10.55950570896302], [-85.398600839499, 10.533093647481117], [-85.41018222963123, 10.515834623821094], [-85.40394721988515, 10.507698713604501], [-85.40980928316544, 10.484778858323953], [-85.42306909820178, 10.476088202312777], [-85.4181076832589, 10.459877539721884], [-85.43641598139321, 10.441544371229782], [-85.44431376346803, 10.443204700787417], [-85.45336366648104, 10.455110565021569], [-85.47149975020389, 10.453630318997407], [-85.47600662300108, 10.434260994170739], [-85.4709683476494, 10.42607076336242], [-85.48319872333987, 10.41851741567917], [-85.48765627031936, 10.423272180702314], [-85.52775646838677, 10.422127683728847], [-85.52698606336193, 10.431733636713563], [-85.55183328055236, 10.451854007542162], [-85.57076055242808, 10.498415967691297], [-85.57008114969561, 10.520201865438002], [-85.58249048021278, 10.526420603073138], [-85.5765830440906, 10.536956160022665], [-85.59351604399029, 10.56271590860494], [-85.586230230978, 10.581593635261592], [-85.59046245894287, 10.589528380759214], [-85.58967577075605, 10.604555573162385], [-85.57998941535139, 10.616101825091775], [-85.61085818814026, 10.616971330386173], [-85.6131895878329, 10.641509711081259], [-85.62065850819205, 10.63236749441232], [-85.6280359728252, 10.631546716803035], [-85.62717318328144, 10.623423898584948], [-85.63417905709468, 10.6353294904262], [-85.65385345224608, 10.642745088038941], [-85.67335856066421, 10.631631209898492], [-85.67938979694755, 10.611238052444733], [-85.69179403738578, 10.605482147250902], [-85.6993390047927, 10.610601924039361], [-85.68832122416207, 10.612818273005038], [-85.68497323627463, 10.620737342434133], [-85.69106423817864, 10.624135068293386], [-85.68873704422317, 10.631367251043509], [-85.67028811571534, 10.642070175747211], [-85.68488652084241, 10.643967480088692], [-85.67018154790728, 10.655876466890131], [-85.67609354374056, 10.661455044462434], [-85.65817405659745, 10.663865145572963], [-85.65308906676856, 10.677810760675447], [-85.66331769594669, 10.737056587082956], [-85.6571621181544, 10.759124897007027], [-85.66289470349747, 10.774206455060401], [-85.6599249436847, 10.771528740069856], [-85.65941366096146, 10.774468167015375], [-85.67810723874992, 10.793356463361574], [-85.67855844025252, 10.796550987553262], [-85.67383195520219, 10.791881735165685], [-85.67302862525749, 10.793674744250088], [-85.6768817642399, 10.801223308077288], [-85.68335833815328, 10.803638663473087], [-85.68015792117198, 10.79696359377365], [-85.68499009743928, 10.802652425945807], [-85.67889188647112, 10.80824003719383], [-85.66908583812784, 10.798997869046511], [-85.65799168153214, 10.802941953201643], [-85.6413838885071, 10.798080484172095], [-85.64392668035593, 10.82204653725227], [-85.62497856675225, 10.839089703985636], [-85.61502530969912, 10.835045242250558], [-85.60837742766562, 10.848684128840237], [-85.59758816870884, 10.854140725556386], [-85.5818644588762, 10.851444804079598], [-85.56802086562233, 10.859862509905566], [-85.5636314247269, 10.856477657666392], [-85.55099618859012, 10.862200845051559], [-85.55238322044487, 10.866589038614254], [-85.54590157369306, 10.872992055121165], [-85.54955893909339, 10.886807498972784], [-85.5589452279887, 10.897967446295647], [-85.5448818496829, 10.90347388435295], [-85.52632460399198, 10.920380197013287], [-85.52542431036092, 10.92505552163534], [-85.5301395842805, 10.926779695207657], [-85.52606710029491, 10.940236378358827], [-85.48622156464269, 10.960231131106308], [-85.46938378180081, 10.964800265823687], [-85.46416402884013, 10.961418695799109]]]]}}, {"type": "Feature", "properties": {"admin2_pcode": "CR509", "admin2_name": "Nandayure", "admin1_name": "Guanacaste"}, "geometry": {"type": "Polygon", "coordinates": [[[-85.24559951166451, 10.072702013714254], [-85.23471416767181, 10.075117852372228], [-85.23024269725514, 10.064263419269585], [-85.21671981269597, 10.059944213025055], [-85.21414005941699, 10.052600457090964], [-85.19011438329302, 10.05516640754669], [-85.19223371067046, 10.063493813992928], [-85.18613064714428, 10.066099994733479], [-85.174295231237, 10.048140970037965], [-85.15296963155471, 10.049479260415094], [-85.1499304453159, 10.040717354772633], [-85.17042718703304, 10.009373752705796], [-85.16131999751163, 9.995250680867407], [-85.16095118677406, 9.987597238609126], [-85.16711277683798, 9.981470891672165], [-85.18625385379369, 9.970229674712597], [-85.21873452415579, 9.972431985665656], [-85.23627573210631, 9.967591499439672], [-85.24742813489291, 9.972935392267448], [-85.25443718182801, 9.964122098353366], [-85.26825070582503, 9.963241440227723], [-85.27304603884647, 9.951458335108969], [-85.26838972979594, 9.937367709465988], [-85.27967494005733, 9.921910664168466], [-85.27650752323984, 9.915304346388647], [-85.27216850494523, 9.919139603568643], [-85.25071245801479, 9.909023065487075], [-85.2319259552518, 9.907107524588561], [-85.22884513284076, 9.900767006679237], [-85.21670166827792, 9.90167893877449], [-85.21480964574533, 9.890164830435522], [-85.20477086422692, 9.885701100032117], [-85.19835346095218, 9.861002139481213], [-85.18244938091107, 9.853435087232304], [-85.17596197304228, 9.854755133918747], [-85.1785553827379, 9.846685493464474], [-85.18631962319641, 9.843786989827429], [-85.18374177518871, 9.837423850614462], [-85.19014249656827, 9.835748237901752], [-85.18576716666045, 9.832071179302943], [-85.18892150142806, 9.825654844278443], [-85.18453689650508, 9.817950561295849], [-85.19319420873612, 9.814009051718772], [-85.1890508875833, 9.807532275890239], [-85.19519742151175, 9.802620765854346], [-85.1952271428655, 9.7954882354491], [-85.19023760348244, 9.793280415448503], [-85.19368110849649, 9.786580530068042], [-85.18947801194338, 9.781426439187875], [-85.18355768405854, 9.787880330268061], [-85.18009911301547, 9.7820945298932], [-85.19922413008074, 9.769027308421363], [-85.1977515072832, 9.757726198506557], [-85.20383899995541, 9.754940198064544], [-85.20359841779532, 9.747635217741893], [-85.21210178702007, 9.746370473436597], [-85.21167682039518, 9.741522145388462], [-85.21915603154758, 9.743219795890576], [-85.21690943620118, 9.727275981329706], [-85.27577164610561, 9.760215541188828], [-85.26759383998447, 9.76791751638165], [-85.26570327062443, 9.773226959159784], [-85.2613309535989, 9.775327096092704], [-85.25967000528313, 9.779066550829347], [-85.26665836137515, 9.77624130014461], [-85.29779392330636, 9.80372899209042], [-85.29716025448421, 9.808173082542794], [-85.29967918143817, 9.804596816606987], [-85.3238698821272, 9.817524898297343], [-85.33456067779746, 9.815914238947911], [-85.33105993343848, 9.822720332319857], [-85.3322338951509, 9.824120429525149], [-85.38011430609109, 9.848285083486081], [-85.39968980915475, 9.852786754370348], [-85.40387313366473, 9.847579379985426], [-85.42552671966915, 9.85273034566779], [-85.4303754796307, 9.859143703079326], [-85.45329364086113, 9.861477526956913], [-85.45766782499751, 9.873095703439803], [-85.44954508577968, 9.876052769046215], [-85.45285598276428, 9.880680747006842], [-85.44522084828985, 9.88004121035525], [-85.44561884188538, 9.887894056487506], [-85.43888750920398, 9.884099226181004], [-85.43756658772253, 9.896279983114315], [-85.43068990434485, 9.896871165559107], [-85.43100979624056, 9.903680627332088], [-85.4239512030417, 9.910534573268903], [-85.3755590093322, 9.910125963849179], [-85.3387045385209, 9.937785641522257], [-85.33930231749618, 9.94236087117463], [-85.35509839906464, 9.947481391462091], [-85.35474222946786, 9.955912343799508], [-85.36154181033405, 9.964589293297141], [-85.34836932163392, 9.980396957397867], [-85.3517436953047, 9.99657864580351], [-85.36763429363987, 9.995038730187789], [-85.37585429609135, 10.003894341266921], [-85.3650274341994, 10.010321847227749], [-85.35097728086924, 10.005568141177339], [-85.33564673306877, 10.009252092046477], [-85.32713700325115, 10.006112972748321], [-85.32352729829131, 10.024987619646597], [-85.32959513889328, 10.028971805807775], [-85.31568065412227, 10.045408208898262], [-85.32228176527714, 10.051446073816352], [-85.3205740453699, 10.061903175757347], [-85.32602269626541, 10.0686952293678], [-85.31197290511213, 10.072601789272785], [-85.30893756941492, 10.066935146231561], [-85.30049377303486, 10.067931906535126], [-85.30020612308986, 10.063020612264063], [-85.29344080479399, 10.060294384566216], [-85.28586068623544, 10.0592323716829], [-85.28489578098815, 10.064935192241363], [-85.27848640410272, 10.065026929284256], [-85.27747631056363, 10.059292778956692], [-85.27320157398988, 10.063047175288805], [-85.2686750518551, 10.056891730389], [-85.25501032287188, 10.060967183084523], [-85.24670056906147, 10.07697482246628], [-85.24559951166451, 10.072702013714254]]]}}, {"type": "Feature", "properties": {"admin2_pcode": "CR502", "admin2_name": "Nicoya", "admin1_name": "Guanacaste"}, "geometry": {"type": "Polygon", "coordinates": [[[-85.40767882123059, 10.346695315414706], [-85.39720815068394, 10.337298790006352], [-85.36724530477223, 10.34285647649927], [-85.37125944494422, 10.336876383834426], [-85.3690364828934, 10.327685339622615], [-85.37925515124049, 10.330082466154494], [-85.35863304931335, 10.323895016316841], [-85.35734257336667, 10.315288058523132], [-85.34243370823782, 10.324159686832827], [-85.31135888119479, 10.32114527873461], [-85.30463680424133, 10.305658088938559], [-85.28287848781243, 10.292644111314436], [-85.28663246855642, 10.269014976756875], [-85.2457321820371, 10.247534159992668], [-85.23700278998929, 10.226586661997507], [-85.23496538265921, 10.196733984859163], [-85.24415312445801, 10.195842884245039], [-85.24638103011674, 10.186580242595367], [-85.24553620845937, 10.14403420539976], [-85.22807937796324, 10.120806339288102], [-85.23911282786753, 10.1293397727551], [-85.24024170246734, 10.104541571720313], [-85.23626306030944, 10.107026528945424], [-85.23005746997379, 10.094405511175092], [-85.21366198034735, 10.085605210765888], [-85.19540450555604, 10.082830388525668], [-85.1896033911528, 10.0555606174251], [-85.21660379143474, 10.053609044691537], [-85.21516334830652, 10.05852402053036], [-85.23024269725514, 10.064263419269585], [-85.23614383413296, 10.075700333728214], [-85.24540496879919, 10.07261044153606], [-85.24670056906147, 10.07697482246628], [-85.25501032287188, 10.060967183084523], [-85.2686750518551, 10.056891730389], [-85.27320157398988, 10.063047175288805], [-85.27747631056363, 10.059292778956692], [-85.27848640410272, 10.065026929284256], [-85.28489578098815, 10.064935192241363], [-85.28586068623544, 10.0592323716829], [-85.29344080479399, 10.060294384566216], [-85.30020612308986, 10.063020612264063], [-85.30049377303486, 10.067931906535126], [-85.30893756941492, 10.066935146231561], [-85.31699414322267, 10.073547518475094], [-85.32607729446488, 10.066220560330832], [-85.32265232714494, 10.067338563373209], [-85.32228176527714, 10.051446073816352], [-85.31583678767814, 10.043610346479477], [-85.33014680505225, 10.035762741627012], [-85.33982447658981, 10.038814602672051], [-85.33967949222969, 10.043527664404046], [-85.3686153089148, 10.04662632679174], [-85.38920604060314, 10.067299710850461], [-85.3784766434503, 10.072203371051149], [-85.39052251882127, 10.083269434142128], [-85.38508510097297, 10.085994221723269], [-85.40274267892833, 10.096933146868507], [-85.41889639133396, 10.09642721569382], [-85.42384368669347, 10.100808933640135], [-85.44896710689883, 10.084898519542753], [-85.45162189183672, 10.07293233822904], [-85.44717832756557, 10.071075219186522], [-85.44795961677205, 10.06354927873902], [-85.45949723886167, 10.054188711970273], [-85.47435167631257, 10.021027071115185], [-85.46891141391919, 9.996595576797514], [-85.47417487055993, 9.982201749932988], [-85.46281427690636, 9.966798889168775], [-85.46557406167534, 9.954169087187061], [-85.4606805038413, 9.950134992168367], [-85.47382855437712, 9.922737732811985], [-85.46557294311768, 9.913307981244888], [-85.46408599669863, 9.902384132540595], [-85.47459140880123, 9.886074764070548], [-85.48660994640464, 9.888521774830764], [-85.48742077861716, 9.881176880311347], [-85.49559397333527, 9.876717092187464], [-85.49885361388328, 9.862556194937724], [-85.50845698865443, 9.860562578836886], [-85.50822701258019, 9.87072791000796], [-85.52092235155038, 9.880418626278026], [-85.53509243461863, 9.873971993299065], [-85.55959394672011, 9.880355232202614], [-85.5690704098616, 9.876674209797692], [-85.58883474738474, 9.883407002401743], [-85.59474722789065, 9.890882978129833], [-85.60567064568313, 9.887243523017814], [-85.62565844839592, 9.892215258828257], [-85.62969593905878, 9.90104873910071], [-85.64078175240606, 9.908217160825124], [-85.65138482545164, 9.905976506139964], [-85.65169461858709, 9.898884431513817], [-85.66776116784669, 9.903055378911095], [-85.67014069144415, 9.907087760396474], [-85.66136800260861, 9.914726726126483], [-85.66334708107517, 9.930239792447106], [-85.6772797435457, 9.949161743689304], [-85.67455342000332, 9.951982410821968], [-85.68267877741896, 9.969013422141188], [-85.69696204844978, 9.987254467646979], [-85.6903478976095, 9.992213720973606], [-85.68079681807198, 9.983506921603906], [-85.67717539119349, 9.986849375257128], [-85.67117543620137, 9.98310886145485], [-85.6698245949927, 9.992616365876183], [-85.6737684604457, 9.994574770686363], [-85.66058707991071, 9.99936219024932], [-85.66518123958437, 10.001494974339927], [-85.6589969150395, 10.005744617785371], [-85.66194633274748, 10.012139901863666], [-85.64890258486186, 10.009719541235244], [-85.64711140607169, 10.01593500095567], [-85.64428010789389, 10.012117124703103], [-85.64332986477469, 10.016971630411598], [-85.64034247925444, 10.01258998767358], [-85.6393930237513, 10.017673270097266], [-85.63569380379005, 10.01617734131011], [-85.63846191696975, 10.01959897049138], [-85.63446434513273, 10.020514364597979], [-85.63426601402142, 10.032672848312604], [-85.62573309551388, 10.038746320075164], [-85.62925026275344, 10.044758328182445], [-85.62390592263525, 10.055548438760523], [-85.6076475694941, 10.054130524370985], [-85.60571399759354, 10.063565143005988], [-85.59212580898465, 10.06841646677277], [-85.59582378924652, 10.079209915667626], [-85.58954300546938, 10.081557183036702], [-85.58871043578378, 10.087683215854204], [-85.59222102338134, 10.107763192484423], [-85.59841070164319, 10.110607726837763], [-85.59569707700784, 10.123546084416121], [-85.58413096920005, 10.128642728968993], [-85.5584653312851, 10.158375184100555], [-85.54601581688416, 10.16632763946617], [-85.52909587414263, 10.200164340011616], [-85.52503916251877, 10.226073616599741], [-85.49837539076225, 10.23681230674917], [-85.50533772245466, 10.250795439088938], [-85.4949168258809, 10.265965315623395], [-85.49776713818413, 10.272370431940395], [-85.48906577004263, 10.296302061202184], [-85.49546757676023, 10.309161747318907], [-85.49272355931785, 10.320068588798888], [-85.50095515375284, 10.331997456498632], [-85.48073756840472, 10.338680578202911], [-85.45970354347452, 10.334628879757538], [-85.44817810772606, 10.324470355212917], [-85.43810706845878, 10.328260692064749], [-85.44233714254142, 10.333747171680821], [-85.43748257421568, 10.337335526636794], [-85.42694535999992, 10.328150692098939], [-85.42648985289685, 10.340622177079576], [-85.40767882123059, 10.346695315414706]]]}}, {"type": "Feature", "properties": {"admin2_pcode": "CR503", "admin2_name": "Santa Cruz", "admin1_name": "Guanacaste"}, "geometry": {"type": "MultiPolygon", "coordinates": [[[[-85.80292757781065, 10.449260972589212], [-85.8003005631953, 10.448570006769303], [-85.80337736864736, 10.445077053952128], [-85.80535435069777, 10.448308626356758], [-85.80292757781065, 10.449260972589212]]], [[[-85.77431696171948, 10.483374108748958], [-85.75784553908929, 10.478767101227852], [-85.74993259664782, 10.48602823112375], [-85.7423178152058, 10.48441002728054], [-85.73082504892307, 10.478110066095487], [-85.7243117289431, 10.460940315138355], [-85.70492899476933, 10.44907226441944], [-85.69894240090188, 10.436438468143255], [-85.68739661241914, 10.431885717323508], [-85.66690992384986, 10.434772241054768], [-85.66284970074899, 10.420008536169048], [-85.65712954180377, 10.419567468011], [-85.65433007577813, 10.398586799403564], [-85.64334187518469, 10.401745869767662], [-85.63886306461379, 10.390407463575965], [-85.63900327329152, 10.38228526189555], [-85.65632747044388, 10.377552037286693], [-85.66361872450872, 10.363326650655438], [-85.65171221436545, 10.358471260099483], [-85.65011181109767, 10.337141350898222], [-85.642222403621, 10.328980505158379], [-85.6296813226179, 10.325223086821055], [-85.61810375330363, 10.335125162127792], [-85.60587387804718, 10.338526379280822], [-85.59323357511325, 10.335866571073641], [-85.58160448683556, 10.349106109120262], [-85.56902658349009, 10.351229423260317], [-85.55857699688801, 10.364649429470054], [-85.55663253773838, 10.35819034924244], [-85.55056573012085, 10.361162334380237], [-85.54557928791236, 10.355337182527078], [-85.54340962897757, 10.359124546782295], [-85.54208695208534, 10.353624325345448], [-85.53378518813362, 10.354867506143906], [-85.53349009358888, 10.349767476199066], [-85.52108749745037, 10.3517572369513], [-85.50073487088618, 10.342326254813353], [-85.48983758551486, 10.350289781906172], [-85.48149278304182, 10.347224775360974], [-85.47876450229835, 10.351648779140762], [-85.48337762435135, 10.357322469166636], [-85.47047803838024, 10.358576726572478], [-85.46421305331975, 10.36393350941287], [-85.46646430159733, 10.36698700173491], [-85.42160170896602, 10.369814321582911], [-85.4131579297078, 10.367860689178615], [-85.40606508614383, 10.358913923680468], [-85.40767882123059, 10.346695315414706], [-85.42648985289685, 10.340622177079576], [-85.42694535999992, 10.328150692098939], [-85.43748257421568, 10.337335526636794], [-85.44233714254142, 10.333747171680821], [-85.43810706845878, 10.328260692064749], [-85.44817810772606, 10.324470355212917], [-85.45970354347452, 10.334628879757538], [-85.48073756840472, 10.338680578202911], [-85.50095515375284, 10.331997456498632], [-85.49272355931785, 10.320068588798888], [-85.49546757676023, 10.309161747318907], [-85.48906577004263, 10.296302061202184], [-85.49776713818413, 10.272370431940395], [-85.4949168258809, 10.265965315623395], [-85.50533772245466, 10.250795439088938], [-85.49837539076225, 10.23681230674917], [-85.52503916251877, 10.226073616599741], [-85.52909587414263, 10.200164340011616], [-85.54601581688416, 10.16632763946617], [-85.5584653312851, 10.158375184100555], [-85.58413096920005, 10.128642728968993], [-85.59569707700784, 10.123546084416121], [-85.59841070164319, 10.110607726837763], [-85.59222102338134, 10.107763192484423], [-85.58871043578378, 10.087683215854204], [-85.58954300546938, 10.081557183036702], [-85.59582378924652, 10.079209915667626], [-85.59212580898465, 10.06841646677277], [-85.60571399759354, 10.063565143005988], [-85.6076475694941, 10.054130524370985], [-85.62390592263525, 10.055548438760523], [-85.62925026275344, 10.044758328182445], [-85.62573309551388, 10.038746320075164], [-85.63426601402142, 10.032672848312604], [-85.63446434513273, 10.020514364597979], [-85.63846191696975, 10.01959897049138], [-85.63569380379005, 10.01617734131011], [-85.6393930237513, 10.017673270097266], [-85.64034247925444, 10.01258998767358], [-85.64332986477469, 10.016971630411598], [-85.64428010789389, 10.012117124703103], [-85.64711140607169, 10.01593500095567], [-85.64890258486186, 10.009719541235244], [-85.66194633274748, 10.012139901863666], [-85.6589969150395, 10.005744617785371], [-85.66518123958437, 10.001494974339927], [-85.66044971660997, 9.999637303992685], [-85.67353909223858, 9.995092055571765], [-85.66970652779895, 9.992043065091092], [-85.67214603847292, 9.982668941724665], [-85.67717539119349, 9.986849375257128], [-85.67756826005112, 9.983795173157075], [-85.68079681807198, 9.983506921603906], [-85.6903478976095, 9.992213720973606], [-85.69696204844978, 9.987254467646979], [-85.72911559395777, 10.01670300201114], [-85.7307886212237, 10.024396992802357], [-85.74111357753347, 10.02721887004039], [-85.73737187458318, 10.029215983592001], [-85.74314342876717, 10.030781779808532], [-85.75005059907467, 10.049295772539141], [-85.76359943170091, 10.059438216015279], [-85.78859277935172, 10.094446124184133], [-85.8009994553641, 10.142037714226527], [-85.80847991857422, 10.150185111305037], [-85.81867802944713, 10.17925786577124], [-85.83596376983549, 10.20143228005188], [-85.8390892422514, 10.230045965363114], [-85.85144644519623, 10.254143217293185], [-85.84904892381547, 10.277321558028763], [-85.85327925865019, 10.292916895420474], [-85.8411452583714, 10.30200524397338], [-85.83985388326636, 10.32045452747975], [-85.8562168431937, 10.343706500006997], [-85.87226796519937, 10.348908707505323], [-85.87533090945541, 10.355279921083312], [-85.8649788969734, 10.366742361539467], [-85.84728139479188, 10.372198627473727], [-85.84442225328205, 10.38323233382231], [-85.83549006876684, 10.392578732242452], [-85.83627023545942, 10.399723438636297], [-85.82769790063219, 10.398821982612308], [-85.82610806732227, 10.411219959983267], [-85.81464723643482, 10.400085385775638], [-85.79839906934475, 10.407343726077684], [-85.79053932773246, 10.422641424138513], [-85.79554223499665, 10.42961238174753], [-85.79340775842584, 10.439046188217256], [-85.79984195927165, 10.445736559254954], [-85.7815928725108, 10.437312416129155], [-85.77131382680969, 10.453986455170389], [-85.7771725732319, 10.456795170011034], [-85.78158035755557, 10.477014881594771], [-85.79810080685411, 10.482590329063632], [-85.7870045663056, 10.488168954174272], [-85.77431696171948, 10.483374108748958]]]]}}, {"type": "Feature", "properties": {"admin2_pcode": "CR508", "admin2_name": "Tilaran", "admin1_name": "Guanacaste"}, "geometry": {"type": "Polygon", "coordinates": [[[-85.0024234610426, 10.629977674067234], [-85.00162191648084, 10.625359604035712], [-84.98788043414268, 10.617997901527715], [-84.98569857574269, 10.604897454303874], [-84.97511277076516, 10.606153887915411], [-84.9561062835464, 10.594480788950841], [-84.94495545232733, 10.594960537062878], [-84.92291027144239, 10.572297148433842], [-84.90322160208065, 10.570560215679734], [-84.88959518916357, 10.559649874686679], [-84.88352424829297, 10.56392261170182], [-84.87182846056102, 10.563086050854096], [-84.85129674651247, 10.545852470668581], [-84.84513341385441, 10.546823055959388], [-84.8453750578597, 10.531474900191855], [-84.83894105638218, 10.530043914901453], [-84.83698959066268, 10.523970272293115], [-84.82150829676365, 10.525795488575946], [-84.8204951211284, 10.514268117697876], [-84.79647209361578, 10.500324483653587], [-84.79234428306594, 10.490565940863204], [-84.774369252261, 10.497501709085885], [-84.77426469439906, 10.463294624193592], [-84.76645972772516, 10.417822199694774], [-84.7815826670762, 10.384975304155418], [-84.77141644443425, 10.374743834176472], [-84.76650473589906, 10.35519977550268], [-84.7747597530628, 10.34984528422541], [-84.7874129743761, 10.321861411674925], [-84.79412395526556, 10.320734199365926], [-84.8051009020717, 10.331025513485317], [-84.81509751680643, 10.330523282717404], [-84.82744005886222, 10.337174648132775], [-84.8282297041724, 10.34243992836063], [-84.84088628632794, 10.342816288017355], [-84.84761766981276, 10.349624347119844], [-84.8666884152357, 10.347794122041636], [-84.88476956472894, 10.35526471246642], [-84.90047328761759, 10.365165532925902], [-84.91927554157385, 10.38929671711693], [-84.94813669416634, 10.365535226156226], [-85.01811204689827, 10.367142566446722], [-85.02804582003138, 10.429847545969173], [-85.02879312872705, 10.500797565849602], [-85.04250926862619, 10.509429988343465], [-85.04554719114188, 10.618227327559348], [-85.02173535625346, 10.629797975563523], [-85.01035203210576, 10.630242386278569], [-85.00059931361773, 10.652980479361466], [-85.0024234610426, 10.629977674067234]]]}}, {"type": "Feature", "properties": {"admin2_pcode": "CR402", "admin2_name": "Barva", "admin1_name": "Heredia"}, "geometry": {"type": "Polygon", "coordinates": [[[-84.12534974920972, 10.134685651482176], [-84.11111998318214, 10.135388411107517], [-84.08727835437153, 10.119388482468386], [-84.08538103877142, 10.09058211735494], [-84.09223558398779, 10.065036599661747], [-84.1077076717495, 10.038846281783645], [-84.10464523918817, 10.019382028698814], [-84.11945024480974, 10.011565493607945], [-84.12524987797369, 10.01634441889902], [-84.13401473017463, 10.009760534537588], [-84.14321136273225, 10.010296640990163], [-84.14585657149672, 10.021155861437895], [-84.14151900290469, 10.024789012739992], [-84.1418372811409, 10.044487018010773], [-84.13240208364998, 10.059936365660915], [-84.12165877989077, 10.066504028065646], [-84.13112818475398, 10.082425095481348], [-84.13154385071877, 10.138352099483056], [-84.12534974920972, 10.134685651482176]]]}}, {"type": "Feature", "properties": {"admin2_pcode": "CR407", "admin2_name": "Belen", "admin1_name": "Heredia"}, "geometry": {"type": "Polygon", "coordinates": [[[-84.17564561132619, 10.004636825139968], [-84.17139486196248, 10.004041319984347], [-84.16238586467426, 9.980903028419473], [-84.15502177432326, 9.97657905183936], [-84.15571770712182, 9.968867912575021], [-84.1684901974682, 9.965781219916364], [-84.17316498053955, 9.971951745289399], [-84.18191847304504, 9.968445029499218], [-84.1898066780566, 9.97439272579139], [-84.1999527074388, 9.967993342047361], [-84.19985427662604, 9.975972134144326], [-84.19476899572346, 9.977263545046835], [-84.19854418012167, 9.991133892595098], [-84.17564561132619, 10.004636825139968]]]}}, {"type": "Feature", "properties": {"admin2_pcode": "CR408", "admin2_name": "Flores", "admin1_name": "Heredia"}, "geometry": {"type": "Polygon", "coordinates": [[[-84.14481797886938, 10.020124544302433], [-84.14321136273225, 10.010296640990163], [-84.13410747114659, 10.009501423649862], [-84.16483835661494, 9.990485013824534], [-84.17375634593446, 10.005772222801909], [-84.15370978952625, 10.019189332896808], [-84.14481797886938, 10.020124544302433]]]}}, {"type": "Feature", "properties": {"admin2_pcode": "CR401", "admin2_name": "Heredia", "admin1_name": "Heredia"}, "geometry": {"type": "MultiPolygon", "coordinates": [[[[-84.12394855174327, 10.016126525451725], [-84.11699881397634, 10.00612753620643], [-84.1095506444233, 10.006140561857704], [-84.10899476682, 9.983542261032063], [-84.11423024291388, 9.970658959760113], [-84.10953727528978, 9.961207798482388], [-84.13384310880808, 9.967433727061652], [-84.14539257166663, 9.961929202757542], [-84.15571770712182, 9.968867912575021], [-84.15502177432326, 9.97657905183936], [-84.16238586467426, 9.980903028419473], [-84.16483835661494, 9.990485013824534], [-84.12394855174327, 10.016126525451725]]], [[[-84.15876537946961, 10.2958988347565], [-84.13077810639551, 10.269270172382106], [-84.11335624648795, 10.260123111321777], [-84.10292072734954, 10.224403935820739], [-84.10431789184686, 10.200112165222942], [-84.09707199809391, 10.191209413296564], [-84.08713480628833, 10.192755245710183], [-84.07323952619178, 10.205459373276002], [-84.05848697320008, 10.207989580086839], [-84.03516683213343, 10.181946095479226], [-84.00225623237999, 10.189977473271616], [-83.9759745575365, 10.18687624213861], [-83.94953686295861, 10.200185511726204], [-83.92458172928153, 10.197890026761895], [-83.91250565468923, 10.203456452003106], [-83.92298378584208, 10.193911353778399], [-83.9724236691002, 10.169025709107258], [-83.97963212217492, 10.14925349582127], [-83.98022708424153, 10.102537047104802], [-84.01551217552606, 10.079499952799134], [-84.02827104163222, 10.082700852048701], [-84.03157522745062, 10.057768578592533], [-84.04482207817951, 10.062533365944606], [-84.05564790899693, 10.076395615963571], [-84.07783292849449, 10.087099207302444], [-84.0758773668691, 10.105590754969725], [-84.07977911189339, 10.119411093519654], [-84.08584704208718, 10.11865034495605], [-84.11111998318214, 10.135388411107517], [-84.12534974920972, 10.134685651482176], [-84.14119390082278, 10.149611140524687], [-84.16137361063745, 10.158441265904468], [-84.15876537946961, 10.2958988347565]]]]}}, {"type": "Feature", "properties": {"admin2_pcode": "CR406", "admin2_name": "San Isidro", "admin1_name": "Heredia"}, "geometry": {"type": "Polygon", "coordinates": [[[-84.04030765705956, 10.06091033023469], [-84.02838044813178, 10.060102246389015], [-84.01436278318268, 10.047414067212108], [-84.01017374802146, 10.036880549417864], [-84.01176315018536, 10.023023798531945], [-84.02415846290324, 10.013350579421646], [-84.03747137869694, 10.011873301394683], [-84.04220240580298, 10.004186597372934], [-84.07591312296184, 9.996278266030476], [-84.07269548396579, 10.019225887536056], [-84.05689606650347, 10.022759155452697], [-84.04510776446247, 10.041001747040115], [-84.0469488695273, 10.059808054077216], [-84.04030765705956, 10.06091033023469]]]}}, {"type": "Feature", "properties": {"admin2_pcode": "CR409", "admin2_name": "San Pablo", "admin1_name": "Heredia"}, "geometry": {"type": "Polygon", "coordinates": [[[-84.07348117526912, 10.006187016957904], [-84.07591312296184, 9.996278266030476], [-84.09017234236455, 9.992077528525897], [-84.09906424123065, 9.983679644216698], [-84.10013011906466, 9.975136295298638], [-84.10925960821898, 9.975686303302895], [-84.11408947999801, 9.971080580092996], [-84.10899476682, 9.983542261032063], [-84.11160831426346, 9.991371220073361], [-84.10506246770888, 10.003487881763014], [-84.09413900967434, 10.003401899730179], [-84.07516751604746, 10.012645765600029], [-84.07348117526912, 10.006187016957904]]]}}, {"type": "Feature", "properties": {"admin2_pcode": "CR405", "admin2_name": "San Rafael", "admin1_name": "Heredia"}, "geometry": {"type": "Polygon", "coordinates": [[[-84.07977911189339, 10.119411093519654], [-84.0758773668691, 10.105590754969725], [-84.07783292849449, 10.087099207302444], [-84.0450117720742, 10.066194004442389], [-84.04510776446247, 10.041001747040115], [-84.05689606650347, 10.022759155452697], [-84.07227769691521, 10.019740780527119], [-84.0743703727447, 10.012834304722478], [-84.09413900967434, 10.003401899730179], [-84.1049925126858, 10.003543245273981], [-84.10954979541408, 9.998216519697193], [-84.1095506444233, 10.006140561857704], [-84.11699881397634, 10.00612753620643], [-84.11945024480974, 10.011565493607945], [-84.10464523918817, 10.019382028698814], [-84.1077076717495, 10.038846281783645], [-84.09223558398779, 10.065036599661747], [-84.08629064817453, 10.085568892393951], [-84.08727835437153, 10.119388482468386], [-84.07977911189339, 10.119411093519654]]]}}, {"type": "Feature", "properties": {"admin2_pcode": "CR404", "admin2_name": "Santa Barbara", "admin1_name": "Heredia"}, "geometry": {"type": "Polygon", "coordinates": [[[-84.15645472031932, 10.153750531810523], [-84.14119390082278, 10.149611140524687], [-84.13154385071877, 10.138352099483056], [-84.13112818475398, 10.082425095481348], [-84.1263229160788, 10.068926711540698], [-84.12157764940818, 10.067089661737079], [-84.13240208364998, 10.059936365660915], [-84.14135613381906, 10.045513839391798], [-84.14151900290469, 10.024789012739992], [-84.17375634593446, 10.005772222801909], [-84.1737676912378, 10.026808668516887], [-84.16131713486972, 10.08303232667669], [-84.16137361063745, 10.158441265904468], [-84.15645472031932, 10.153750531810523]]]}}, {"type": "Feature", "properties": {"admin2_pcode": "CR403", "admin2_name": "Santo Domingo", "admin1_name": "Heredia"}, "geometry": {"type": "Polygon", "coordinates": [[[-84.02550322908898, 10.015814802398774], [-84.02496019664656, 9.991082341102812], [-84.04270810932636, 9.987020620889256], [-84.04088496156746, 9.98435523082309], [-84.04842359761618, 9.976117820861083], [-84.05427479430983, 9.97654997725408], [-84.05192869669831, 9.974067032426069], [-84.05762743076342, 9.96888523712231], [-84.0765867958107, 9.966951976079953], [-84.08309742318691, 9.970383224995796], [-84.09412548447638, 9.962611317639247], [-84.10728110579772, 9.960206775804622], [-84.11218172194752, 9.963533074894736], [-84.11408947999801, 9.971080580092996], [-84.10925960821898, 9.975686303302895], [-84.10013011906466, 9.975136295298638], [-84.10038329427557, 9.981821239929833], [-84.09017234236455, 9.992077528525897], [-84.04833378137465, 10.00168617201808], [-84.02550322908898, 10.015814802398774]]]}}, {"type": "Feature", "properties": {"admin2_pcode": "CR410", "admin2_name": "Sarapiqui", "admin1_name": "Heredia"}, "geometry": {"type": "Polygon", "coordinates": [[[-84.0091255288063, 10.772432250804972], [-84.00544184013846, 10.764641309295552], [-83.9725526103646, 10.74553763286586], [-83.96727084305218, 10.72875439719019], [-83.93779897241558, 10.720803057575985], [-83.93240542494439, 10.707221171506735], [-83.89114189355739, 10.721530719758533], [-83.86383612876892, 10.717220270955636], [-83.83946092569867, 10.744261117532846], [-83.80949949116768, 10.747460712883422], [-83.79318757801549, 10.76926978166014], [-83.76183513839366, 10.772127327844679], [-83.74809480562273, 10.766290746935638], [-83.73787323836464, 10.752385382433733], [-83.73265020667546, 10.738787033126687], [-83.74028539452584, 10.730954971912688], [-83.73955469293816, 10.721025440231648], [-83.71733470894577, 10.703996634315068], [-83.71063398566739, 10.692380622466928], [-83.7413510111149, 10.69260813614526], [-83.76523327552148, 10.699209419655718], [-83.78448018472122, 10.675294425913744], [-83.78747833006597, 10.657525097944616], [-83.8353444359375, 10.645309332086137], [-83.84077116263238, 10.640363894168054], [-83.84029284969282, 10.618235032777907], [-83.84555372351502, 10.604067105233526], [-83.83615334299986, 10.589494918649732], [-83.84730622638078, 10.550972359998761], [-83.84330378793105, 10.549263921072148], [-83.8454486790414, 10.540400711958654], [-83.8401622683959, 10.53904588602536], [-83.83747875757591, 10.531470784664373], [-83.83894872793506, 10.511148627309595], [-83.82821193123763, 10.494454132590707], [-83.83043797335678, 10.48301656936842], [-83.8384995005179, 10.47353823326433], [-83.830400006119, 10.46248344115888], [-83.84478564781617, 10.445685194132675], [-83.85795636735752, 10.446386871626697], [-83.86020001865273, 10.437979636771766], [-83.87233754324743, 10.431043806024974], [-83.8806798310739, 10.406223692348972], [-83.87704373861911, 10.393743405837423], [-83.85074111361122, 10.354798955483682], [-83.84888488069373, 10.336067245653698], [-83.85355870089272, 10.325972067793717], [-83.84875182811385, 10.292289848308549], [-83.85835190411952, 10.25350007973925], [-83.91994406353706, 10.198675088286837], [-83.94953686295861, 10.200185511726204], [-83.9759745575365, 10.18687624213861], [-84.00225623237999, 10.189977473271616], [-84.03516683213343, 10.181946095479226], [-84.05848697320008, 10.207989580086839], [-84.07323952619178, 10.205459373276002], [-84.08713480628833, 10.192755245710183], [-84.09707199809391, 10.191209413296564], [-84.10431789184686, 10.200112165222942], [-84.10292072734954, 10.224403935820739], [-84.11335624648795, 10.260123111321777], [-84.13077810639551, 10.269270172382106], [-84.14760968211837, 10.288647652672887], [-84.15647692990358, 10.2899432656483], [-84.16118950315459, 10.296279683924299], [-84.16110955368632, 10.785351793013294], [-84.13579377194884, 10.786907444074785], [-84.12728899531615, 10.765416390512433], [-84.11672187341274, 10.764873307278261], [-84.10193081458218, 10.774039532761197], [-84.07972396596823, 10.758464809022692], [-84.06270036315647, 10.763407257666206], [-84.06177718675968, 10.773320332191696], [-84.05411729221079, 10.778906736674614], [-84.03596927466542, 10.771420997211534], [-84.0266847531341, 10.792461994960636], [-84.01935359903023, 10.790076642120258], [-84.0091255288063, 10.772432250804972]]]}}, {"type": "Feature", "properties": {"admin2_pcode": "CR706", "admin2_name": "Guacimo", "admin1_name": "Limon"}, "geometry": {"type": "Polygon", "coordinates": [[[-83.59284933967625, 10.37063507732234], [-83.5954526331798, 10.36885955924383], [-83.58730290868108, 10.357358773354214], [-83.57303509218985, 10.346245889308992], [-83.57649543201754, 10.335114485698675], [-83.56680846575954, 10.311927892185636], [-83.56894926444942, 10.299596209968175], [-83.5392025218595, 10.295585107002283], [-83.53416095047658, 10.299491845598352], [-83.52927427997886, 10.294384293300952], [-83.52273210030164, 10.302822278316071], [-83.51787356330642, 10.301447430903712], [-83.52091943886, 10.304180098654692], [-83.51766974873095, 10.30736329986909], [-83.51204334254994, 10.304119990929298], [-83.51166504117742, 10.297437371552697], [-83.50993521812842, 10.303125320453693], [-83.5040162241796, 10.303707119560181], [-83.49819868037865, 10.295985114322281], [-83.49256830653493, 10.299485447795128], [-83.49029992837977, 10.29470731228597], [-83.47037755487678, 10.288540283663759], [-83.48847591808047, 10.280285504778918], [-83.48632259188797, 10.27352818008347], [-83.4840679720242, 10.276308797022546], [-83.4792645385377, 10.271994394977288], [-83.48510175262999, 10.26408017598186], [-83.48089602980878, 10.2622173780122], [-83.48636706177973, 10.25697660082299], [-83.484550003266, 10.251585446589212], [-83.49059357415113, 10.25104041282757], [-83.48897186574249, 10.24319976589263], [-83.4995376276226, 10.24502365346587], [-83.50440229380742, 10.232386011363499], [-83.51580788281653, 10.237653040448008], [-83.51808673136968, 10.231768707769001], [-83.52805883173352, 10.229602034597665], [-83.53037568706861, 10.2352135206841], [-83.535222570489, 10.229051078799582], [-83.54336562094447, 10.228686525755183], [-83.5521796928448, 10.222751699911353], [-83.55435576422565, 10.214586632143634], [-83.56012536874064, 10.213977503758468], [-83.56367918703747, 10.202933673586454], [-83.5724071161071, 10.206357092341163], [-83.577074245616, 10.201801106400737], [-83.57982855700797, 10.187398313731169], [-83.60079293827356, 10.16291082119673], [-83.59423874284504, 10.156409040018708], [-83.59934754392646, 10.150363215243292], [-83.60711178630221, 10.154924120515108], [-83.6122870580294, 10.147470072039136], [-83.60837152375646, 10.14578931419463], [-83.61038650118839, 10.140830657607177], [-83.60353782130811, 10.138342116831039], [-83.61034294648532, 10.1290929468789], [-83.62339732507843, 10.075762963313094], [-83.66111403002789, 10.055608256195011], [-83.69757211203628, 10.056344726452958], [-83.71754970766872, 10.038515979559858], [-83.72542683000691, 10.039797784237942], [-83.77427262897041, 10.064072522297135], [-83.77539759290498, 10.068854579587878], [-83.76849952880177, 10.096423571095658], [-83.77259992672256, 10.109743475903242], [-83.75704434932867, 10.13576707180618], [-83.75291907373236, 10.177603871171472], [-83.72975033371567, 10.228212955854685], [-83.72762868584881, 10.243064322336764], [-83.6863150397566, 10.266586981250176], [-83.68155363161537, 10.277536462402185], [-83.67513533654018, 10.277568706750019], [-83.67359719250354, 10.287043729953266], [-83.66732460304365, 10.290284938709], [-83.66766024970194, 10.35342085956366], [-83.63995993717188, 10.358527956067606], [-83.61945230342855, 10.356542260779658], [-83.60250744485572, 10.36145247443819], [-83.59582832118484, 10.37064200132489], [-83.59284933967625, 10.37063507732234]]]}}, {"type": "Feature", "properties": {"admin2_pcode": "CR701", "admin2_name": "Limon", "admin1_name": "Limon"}, "geometry": {"type": "MultiPolygon", "coordinates": [[[[-83.0102930558278, 9.99450248837501], [-83.01078737786149, 9.992285815195705], [-83.0115882272276, 9.992040727773102], [-83.0123903613299, 9.995108616229954], [-83.0102930558278, 9.99450248837501]]], [[[-83.07585131192435, 10.017719062123648], [-83.07638111905864, 10.017848021988408], [-83.07677192285067, 10.0183660171388], [-83.07627849639343, 10.018327936748468], [-83.07585131192435, 10.017719062123648]]], [[[-83.13385213514938, 10.040912949107119], [-83.10704907412735, 10.009347224953936], [-83.0951246465153, 10.002104716494678], [-83.07898937509216, 10.00069588778896], [-83.08019474653761, 10.00669825201193], [-83.07831830986929, 10.000914736159936], [-83.07955926167176, 10.012121559489001], [-83.0668498310079, 10.010559094027833], [-83.0652132113068, 10.014852687254788], [-83.0626671468173, 10.008992628847196], [-83.04966184175966, 10.011654530331908], [-83.02500959116284, 10.000965001677752], [-83.02823667438118, 9.995700982805579], [-83.02010150654046, 9.989891313302465], [-83.02031242458877, 9.98801121345938], [-83.02391655472387, 9.99157256743017], [-83.02292361692187, 9.989109917666738], [-83.02520757708447, 9.987359120540098], [-83.02583078101854, 9.990760638519596], [-83.0312615197057, 9.988350636434363], [-83.03076879962065, 9.975658255893928], [-83.00072973844328, 9.924555189780207], [-82.99785516606343, 9.927850179613987], [-82.86891499289412, 9.759983312517413], [-82.88002338562802, 9.759516416686147], [-82.89596492395461, 9.767347194591625], [-82.90678316041777, 9.758166853243711], [-82.89989751611901, 9.750050030525303], [-82.90381788086583, 9.741762652029045], [-82.92176643977491, 9.734430510904021], [-82.92511994209656, 9.724186452116028], [-82.93356747381713, 9.71882143206547], [-82.91397635286795, 9.694884124524526], [-82.90673301294893, 9.693821984980472], [-82.90521035268128, 9.68540263077352], [-82.89169714897506, 9.67340385920451], [-82.88952067537573, 9.662250087524418], [-82.89553772299355, 9.661858622024448], [-82.90037355399915, 9.654386804755205], [-82.9162832911719, 9.67069916729291], [-82.9235908137236, 9.669544308511007], [-82.92089736387507, 9.637159171273051], [-82.95206563591321, 9.611905742221017], [-82.97299584228561, 9.62207710177218], [-82.99166323735784, 9.613330826454195], [-83.0183009724, 9.610581887176624], [-83.02320833106657, 9.611867408466564], [-83.03213850560468, 9.628630445883779], [-83.05917203602222, 9.613944583764843], [-83.06858732107911, 9.622199116056635], [-83.09137226086261, 9.629200065612729], [-83.12155727639569, 9.616254857696783], [-83.13347941043459, 9.617820823324093], [-83.13088090130577, 9.633905973810384], [-83.13586124837693, 9.638787032736197], [-83.15406517268963, 9.63630113984541], [-83.1856855668783, 9.653133260006094], [-83.20676523206174, 9.656953021451889], [-83.22426928210648, 9.668538988873541], [-83.25553591738502, 9.667485257997805], [-83.26993896661655, 9.673394122316743], [-83.28408202782265, 9.665636883117898], [-83.31486123292603, 9.672069607869869], [-83.32826013195563, 9.66338531928406], [-83.33151432844694, 9.651112534049574], [-83.33818345111652, 9.64672513682422], [-83.34272588723421, 9.623989306352463], [-83.36564422848605, 9.618801223934044], [-83.37798479390977, 9.600556314780725], [-83.39226810613215, 9.603331590151186], [-83.40062358110946, 9.599804949121394], [-83.41689162308366, 9.575219480516965], [-83.4235571891299, 9.57218925386504], [-83.42379067234927, 9.565303847011231], [-83.46943605550723, 9.55246834357355], [-83.47697615467514, 9.535983317216246], [-83.46941062339758, 9.520848466275083], [-83.4824274365854, 9.50092347623012], [-83.47830975122332, 9.48954080619352], [-83.47962892879619, 9.485428364137169], [-83.48909311787338, 9.48404566032994], [-83.4865689694997, 9.498495390706358], [-83.49618688613322, 9.521510018265664], [-83.51528815678385, 9.535218645197846], [-83.5131639333983, 9.567654783799423], [-83.50443222137172, 9.582861193089698], [-83.51168701266715, 9.597082626035567], [-83.49165610952255, 9.613541723658129], [-83.48196814970044, 9.628486488903857], [-83.46830319648211, 9.632696363021113], [-83.46346778667284, 9.642873501824937], [-83.44683821784021, 9.653020774806162], [-83.42801573669865, 9.680198222903968], [-83.42908385277461, 9.706926922681836], [-83.39714714751571, 9.74140822126546], [-83.38296079511636, 9.767447857422562], [-83.33634351111711, 9.823095995839065], [-83.33878321471967, 9.833372499531555], [-83.31863718482305, 9.804602296689058], [-83.30314155575266, 9.797628392289404], [-83.27714494682094, 9.801751323983787], [-83.26191648279331, 9.820286088827062], [-83.24401965624952, 9.826296039198683], [-83.23589882558667, 9.841938201832617], [-83.24359388226307, 9.853643651224298], [-83.24045312103804, 9.8789498263153], [-83.23014279065158, 9.887375190158709], [-83.20951027420159, 9.88667497254241], [-83.20042089651795, 9.897112240073557], [-83.20915817249536, 9.914727675358225], [-83.19650570910675, 9.931018852872342], [-83.20903026100895, 9.95154214192549], [-83.20203069678344, 9.973682927834894], [-83.18839123087317, 9.98144938340015], [-83.21035588270627, 10.001261896148906], [-83.21127081706211, 10.015399026135707], [-83.19971036397475, 10.021282073610704], [-83.19340003634086, 10.017655937177263], [-83.16290862609696, 10.038842418621627], [-83.15107516241689, 10.041149996029162], [-83.15975442156393, 10.062726911117377], [-83.15391740828278, 10.067949298123626], [-83.13385213514938, 10.040912949107119]]]]}}, {"type": "Feature", "properties": {"admin2_pcode": "CR705", "admin2_name": "Matina", "admin1_name": "Limon"}, "geometry": {"type": "Polygon", "coordinates": [[[-83.25083491762378, 10.190425388694852], [-83.15564430483222, 10.070560996172176], [-83.15969316053824, 10.06217828112494], [-83.15088313052614, 10.041791741347906], [-83.16290862609696, 10.038842418621627], [-83.19340003634086, 10.017655937177263], [-83.19971036397475, 10.021282073610704], [-83.21127081706211, 10.015399026135707], [-83.21035588270627, 10.001261896148906], [-83.18839123087317, 9.98144938340015], [-83.20203069678344, 9.973682927834894], [-83.20903026100895, 9.95154214192549], [-83.19650570910675, 9.931018852872342], [-83.20915817249536, 9.914727675358225], [-83.20069793718079, 9.89631485587789], [-83.20951027420159, 9.88667497254241], [-83.23014279065158, 9.887375190158709], [-83.24045312103804, 9.8789498263153], [-83.24359388226307, 9.853643651224298], [-83.23589882558667, 9.841938201832617], [-83.24401965624952, 9.826296039198683], [-83.26191648279331, 9.820286088827062], [-83.27714494682094, 9.801751323983787], [-83.30314155575266, 9.797628392289404], [-83.31863718482305, 9.804602296689058], [-83.33878321471967, 9.833372499531555], [-83.33199494751995, 9.843374525842151], [-83.33940048112639, 9.8598570895797], [-83.33478271503706, 9.885245908364784], [-83.34774843147856, 9.897630306081883], [-83.34398127855161, 9.90016528793909], [-83.3493326421747, 9.903603873647151], [-83.34505954400353, 9.917056365749495], [-83.35321291531348, 9.938267072431136], [-83.34810411356948, 9.93594968251747], [-83.33807908466113, 9.942193457298998], [-83.33974868643426, 9.960430786744821], [-83.3279199600069, 9.964937146663477], [-83.31194322530735, 9.981489781004111], [-83.45034837138702, 9.981595557502967], [-83.45895717966562, 9.98833652033061], [-83.46796292007676, 10.008711353893633], [-83.45631894781187, 10.026618236860653], [-83.44646040611445, 10.028341417769804], [-83.44512009998972, 10.034143713870689], [-83.43362424351439, 10.04104119217167], [-83.42030207376493, 10.04395998000022], [-83.41222227702004, 10.061591349996974], [-83.41756611314665, 10.0703214222486], [-83.39229683241638, 10.098415019835258], [-83.38123165067115, 10.099825095638671], [-83.3706751036814, 10.110577764511564], [-83.36327282261301, 10.123716328479318], [-83.36641031884048, 10.127935301706463], [-83.36239165010419, 10.130914874188964], [-83.36270515644503, 10.141605270417186], [-83.33327610419099, 10.179272610422002], [-83.31550869296301, 10.187165150523995], [-83.31048452245916, 10.184894814679856], [-83.30137536977779, 10.196234490167786], [-83.2766219783211, 10.19012287766541], [-83.26933343762896, 10.194864805198927], [-83.27148264276346, 10.207313023180633], [-83.28067826968977, 10.220075237501504], [-83.27851910733982, 10.223680639635543], [-83.25083491762378, 10.190425388694852]]]}}, {"type": "Feature", "properties": {"admin2_pcode": "CR702", "admin2_name": "Pococi", "admin1_name": "Limon"}, "geometry": {"type": "Polygon", "coordinates": [[[-83.69323308147142, 10.937928909245828], [-83.67435770030303, 10.93470703788055], [-83.67537435035865, 10.925676355849447], [-83.66231539921235, 10.93211481373177], [-83.64201929257588, 10.914599702216211], [-83.62649410975418, 10.891797739209009], [-83.58651914557203, 10.797069193582868], [-83.59105392364513, 10.786941409263326], [-83.58482618839365, 10.786386528089771], [-83.5664292480871, 10.702772501615248], [-83.50909789654871, 10.556635953286985], [-83.44091274621339, 10.430484489736573], [-83.34334071880627, 10.290330357999661], [-83.35295353811496, 10.294221503655402], [-83.35087671981829, 10.288417247687294], [-83.36441357001445, 10.287928424509813], [-83.36259048194127, 10.294135733530585], [-83.36963710664683, 10.29240504678446], [-83.36980042124385, 10.299886399688297], [-83.37894350913434, 10.293862438172006], [-83.37967133966033, 10.3033279875254], [-83.38380235004475, 10.295859533101938], [-83.3884485860419, 10.302823967526061], [-83.39451377413408, 10.29457723289497], [-83.39867851029159, 10.303050119319023], [-83.3990303369431, 10.294302359812292], [-83.40440274343823, 10.295862739044857], [-83.40304616812288, 10.290199155777966], [-83.41027513399553, 10.289689945903863], [-83.40565915440044, 10.284212835446798], [-83.42713612914095, 10.290775788317038], [-83.42840590956811, 10.286330107462524], [-83.43722387811995, 10.287692194524926], [-83.43828146938189, 10.284133405600452], [-83.44477854290709, 10.291355828173621], [-83.45474337243138, 10.286415470330907], [-83.47475686203072, 10.292383393813882], [-83.47998979733025, 10.289734782845224], [-83.49256830653493, 10.299485447795128], [-83.49885343988346, 10.29628416109106], [-83.5040162241796, 10.303707119560181], [-83.50993521812842, 10.303125320453693], [-83.51166504117742, 10.297437371552697], [-83.51204334254994, 10.304119990929298], [-83.51766974873095, 10.30736329986909], [-83.52091943886, 10.304180098654692], [-83.51787356330642, 10.301447430903712], [-83.52273210030164, 10.302822278316071], [-83.52927427997886, 10.294384293300952], [-83.53489572739136, 10.299587032775088], [-83.5392025218595, 10.295585107002283], [-83.56702804921925, 10.299199670864036], [-83.56680846575954, 10.311927892185636], [-83.5760716426392, 10.331341926371103], [-83.57303509218985, 10.346245889308992], [-83.58730290868108, 10.357358773354214], [-83.5954526331798, 10.36885955924383], [-83.59284933967625, 10.37063507732234], [-83.59582832118484, 10.37064200132489], [-83.60250744485572, 10.36145247443819], [-83.61945230342855, 10.356542260779658], [-83.63995993717188, 10.358527956067606], [-83.66766024970194, 10.35342085956366], [-83.66732460304365, 10.290284938709], [-83.67359719250354, 10.287043729953266], [-83.67513533654018, 10.277568706750019], [-83.68155363161537, 10.277536462402185], [-83.6863150397566, 10.266586981250176], [-83.72762868584881, 10.243064322336764], [-83.72975033371567, 10.228212955854685], [-83.75291907373236, 10.177603871171472], [-83.75704434932867, 10.13576707180618], [-83.77259992672256, 10.109743475903242], [-83.76847434090608, 10.09702108917225], [-83.77427262897041, 10.064072522297135], [-83.94696288036857, 10.147579212751525], [-83.9339585198732, 10.185142500630805], [-83.86229275257081, 10.248992333642244], [-83.85180147542557, 10.270765376341629], [-83.85074111361122, 10.354798955483682], [-83.87704373861911, 10.393743405837423], [-83.8806798310739, 10.406223692348972], [-83.87233754324743, 10.431043806024974], [-83.86020001865273, 10.437979636771766], [-83.85795636735752, 10.446386871626697], [-83.84478564781617, 10.445685194132675], [-83.830400006119, 10.46248344115888], [-83.8384995005179, 10.47353823326433], [-83.83043797335678, 10.48301656936842], [-83.82821193123763, 10.494454132590707], [-83.83894872793506, 10.511148627309595], [-83.83747875757591, 10.531470784664373], [-83.8401622683959, 10.53904588602536], [-83.8454486790414, 10.540400711958654], [-83.84330378793105, 10.549263921072148], [-83.84730622638078, 10.550972359998761], [-83.83615334299986, 10.589494918649732], [-83.84555372351502, 10.604067105233526], [-83.84029284969282, 10.618235032777907], [-83.84077116263238, 10.640363894168054], [-83.8353444359375, 10.645309332086137], [-83.78747833006597, 10.657525097944616], [-83.78448018472122, 10.675294425913744], [-83.76523327552148, 10.699209419655718], [-83.7413510111149, 10.69260813614526], [-83.71063398566739, 10.692380622466928], [-83.71733470894577, 10.703996634315068], [-83.73955469293816, 10.721025440231648], [-83.74028539452584, 10.730954971912688], [-83.73265020667546, 10.738787033126687], [-83.73787323836464, 10.752385382433733], [-83.74809480562273, 10.766290746935638], [-83.76183513839366, 10.772127327844679], [-83.7151547826416, 10.792330160698922], [-83.69704992317591, 10.787118782643372], [-83.67143444343625, 10.796764865499556], [-83.66024088687605, 10.81884269835638], [-83.67486802343689, 10.852406816492303], [-83.66697955908631, 10.8795909687503], [-83.66882614705906, 10.889941640522919], [-83.68266344882372, 10.897361742240477], [-83.67667147585784, 10.90213223826828], [-83.67894051355962, 10.90942489788115], [-83.67316834194096, 10.908468289886528], [-83.68881689974495, 10.933957502777513], [-83.69722001814232, 10.93859404312427], [-83.69323308147142, 10.937928909245828]], [[-83.835803231657, 10.317220491128673], [-83.83545230225646, 10.317021196197162], [-83.83609746755843, 10.31738765596369], [-83.835803231657, 10.317220491128673]]]}}, {"type": "Feature", "properties": {"admin2_pcode": "CR703", "admin2_name": "Siquirres", "admin1_name": "Limon"}, "geometry": {"type": "Polygon", "coordinates": [[[-83.35304934580975, 10.311159847591616], [-83.27917524817067, 10.224669471071282], [-83.26933343762896, 10.194864805198927], [-83.2766219783211, 10.19012287766541], [-83.30268117135883, 10.195850011189775], [-83.31048452245916, 10.184894814679856], [-83.32367753046638, 10.184431379646625], [-83.34431742439398, 10.16738405940062], [-83.36270515644503, 10.141605270417186], [-83.36239165010419, 10.130914874188964], [-83.36641031884048, 10.127935301706463], [-83.36327282261301, 10.123716328479318], [-83.3706751036814, 10.110577764511564], [-83.38123165067115, 10.099825095638671], [-83.39229683241638, 10.098415019835258], [-83.41756611314665, 10.0703214222486], [-83.41222227702004, 10.061591349996974], [-83.42030207376493, 10.04395998000022], [-83.44512009998972, 10.034143713870689], [-83.44646040611445, 10.028341417769804], [-83.45631894781187, 10.026618236860653], [-83.46741567833278, 10.012564783307303], [-83.45895717966562, 9.98833652033061], [-83.45034837138702, 9.981595557502967], [-83.60346529998938, 9.98230534778892], [-83.61780068186211, 9.988236640228722], [-83.63951192012092, 10.010753219173962], [-83.68966571505446, 10.03006689220081], [-83.70580843235444, 10.040826735976724], [-83.71754970766872, 10.038515979559858], [-83.69757211203628, 10.056344726452958], [-83.66315371613894, 10.05493332140061], [-83.62339732507843, 10.075762963313094], [-83.61034294648532, 10.1290929468789], [-83.60353782130811, 10.138342116831039], [-83.61038650118839, 10.140830657607177], [-83.60837152375646, 10.14578931419463], [-83.6122870580294, 10.147470072039136], [-83.60711178630221, 10.154924120515108], [-83.59934754392646, 10.150363215243292], [-83.59423874284504, 10.156409040018708], [-83.60079293827356, 10.16291082119673], [-83.57982855700797, 10.187398313731169], [-83.577074245616, 10.201801106400737], [-83.5724071161071, 10.206357092341163], [-83.56367918703747, 10.202933673586454], [-83.5521796928448, 10.222751699911353], [-83.535222570489, 10.229051078799582], [-83.53089963405563, 10.235114448928494], [-83.52805883173352, 10.229602034597665], [-83.51808673136968, 10.231768707769001], [-83.51580788281653, 10.237653040448008], [-83.50440229380742, 10.232386011363499], [-83.4995376276226, 10.24502365346587], [-83.48897186574249, 10.24319976589263], [-83.49059357415113, 10.25104041282757], [-83.484550003266, 10.251585446589212], [-83.48636706177973, 10.25697660082299], [-83.48089602980878, 10.2622173780122], [-83.48510175262999, 10.26408017598186], [-83.47926681938146, 10.271152747632255], [-83.48715111161145, 10.2743719567607], [-83.48739455983507, 10.282171544669852], [-83.44477854290709, 10.291355828173621], [-83.43872367410827, 10.284157681477387], [-83.43722387811995, 10.287692194524926], [-83.42840590956811, 10.286330107462524], [-83.42713612914095, 10.290775788317038], [-83.40565915440044, 10.284212835446798], [-83.41027513399553, 10.289689945903863], [-83.40304616812288, 10.290199155777966], [-83.40440274343823, 10.295862739044857], [-83.3990303369431, 10.294302359812292], [-83.39776998696544, 10.303266434098113], [-83.3948744110931, 10.294612900121788], [-83.3884485860419, 10.302823967526061], [-83.38380235004475, 10.295859533101938], [-83.37967133966033, 10.3033279875254], [-83.37894350913434, 10.293862438172006], [-83.36980042124385, 10.299886399688297], [-83.36963710664683, 10.29240504678446], [-83.36259048194127, 10.294135733530585], [-83.3649715145492, 10.288137576397343], [-83.35087671981829, 10.288417247687294], [-83.35295353811496, 10.294221503655402], [-83.34435678377413, 10.28919239916617], [-83.35304934580975, 10.311159847591616]]]}}, {"type": "Feature", "properties": {"admin2_pcode": "CR704", "admin2_name": "Talamanca", "admin1_name": "Limon"}, "geometry": {"type": "Polygon", "coordinates": [[[-82.8912706740445, 9.764830133411577], [-82.88002338562802, 9.759516416686147], [-82.8724604264514, 9.76241421936565], [-82.84888345363542, 9.741783224685156], [-82.83226033179014, 9.734604541596324], [-82.81877877611554, 9.742292526374811], [-82.8156823972479, 9.749501062483166], [-82.80932270928477, 9.745406843324481], [-82.81523001350115, 9.726765346343745], [-82.81281966781346, 9.714571920416391], [-82.79005021506127, 9.672408022432148], [-82.76900248913626, 9.656436509547557], [-82.75895255744153, 9.653914802465058], [-82.74681641777694, 9.659594698344517], [-82.73350129642631, 9.645937972404546], [-82.69720174254705, 9.637301921446179], [-82.68564102018995, 9.643589679098707], [-82.66718439996632, 9.631391907675818], [-82.64861788293999, 9.639663108837006], [-82.62197848803689, 9.634272611069852], [-82.61674813773244, 9.611572943562372], [-82.60243302193581, 9.594556235054885], [-82.56675481835052, 9.572177684873791], [-82.55271363089894, 9.546882729171836], [-82.56138373408281, 9.539483156980866], [-82.57955666168304, 9.556625543934175], [-82.60054546515275, 9.557958251688705], [-82.60412429340049, 9.550573874966513], [-82.59831264343079, 9.533374824326296], [-82.60460406007476, 9.52147484262249], [-82.60452028161856, 9.507020564138726], [-82.6177018018618, 9.497900483910525], [-82.63455930577298, 9.501768990940576], [-82.63391705023106, 9.495141564642935], [-82.6375885135554, 9.493981333663843], [-82.64909770985031, 9.49786533249154], [-82.66014776650148, 9.509512324681076], [-82.66144410865374, 9.502858407027997], [-82.66920699628024, 9.500618750721573], [-82.67429610050988, 9.511927378095395], [-82.68155058241841, 9.506766287357896], [-82.69032823429578, 9.51123487169403], [-82.70053977470741, 9.528525528904698], [-82.69368802037242, 9.534041085097416], [-82.69402267738427, 9.54126128322162], [-82.70749919012906, 9.553122454900855], [-82.71613446294955, 9.545654365155503], [-82.72881265714844, 9.554432473434499], [-82.72928747388737, 9.563770697234336], [-82.74330466732354, 9.56794768278266], [-82.747711197706, 9.581804596111624], [-82.74522515409475, 9.592370287330603], [-82.75237361541323, 9.589415591133545], [-82.76213140076494, 9.592806768818324], [-82.77715108060549, 9.584189807617724], [-82.79364655938815, 9.597827793945749], [-82.81128388559671, 9.59442307904516], [-82.8285022949078, 9.609852879617147], [-82.84478689142631, 9.614697872158168], [-82.85984710542014, 9.609945085962282], [-82.86158525706453, 9.588902331320169], [-82.87682804410801, 9.59191816235937], [-82.8855335593537, 9.564586578499712], [-82.87768558827287, 9.552189442570741], [-82.86886004940733, 9.552710109942995], [-82.8678289398158, 9.54434753622304], [-82.87445127747188, 9.537097534332752], [-82.87277026065068, 9.523670986033503], [-82.86522097549711, 9.517135505209303], [-82.85556392103148, 9.518491357423027], [-82.85708688992236, 9.511126621574794], [-82.84828387804896, 9.513501952259702], [-82.84503807065668, 9.498384211740696], [-82.84087470360616, 9.497040198795364], [-82.93421336172305, 9.474900120111473], [-82.9344465880172, 9.078474732402412], [-82.93937110303673, 9.074810165238686], [-82.95145963681595, 9.09072328734034], [-82.97809269213711, 9.096011478268954], [-82.98126993558633, 9.112664844082591], [-82.98968633745915, 9.117006781658812], [-82.98728573650283, 9.12409994035725], [-82.99666833992327, 9.126888336968346], [-82.99244189761623, 9.155271016631378], [-83.04560954889115, 9.160244643228605], [-83.06491083189073, 9.176675330238576], [-83.06711687268277, 9.18924445600691], [-83.0579097844503, 9.194021030087223], [-83.0569817950168, 9.200191477010495], [-83.07693154768013, 9.220303186389211], [-83.07985798422057, 9.233472521830302], [-83.07353588939272, 9.236600274415178], [-83.07357880622479, 9.249842937303052], [-83.09886228054204, 9.25657657571752], [-83.11672358871665, 9.274664973448287], [-83.13427190596367, 9.275941476689482], [-83.13469514962058, 9.28194493564409], [-83.15773774365829, 9.299726683500042], [-83.1685500812491, 9.319026723841267], [-83.17841200841515, 9.326872287752298], [-83.22436168684031, 9.320417647432468], [-83.24058361879854, 9.338635552886565], [-83.25630792251481, 9.341161593306738], [-83.27941959147995, 9.355809959327122], [-83.28727583408583, 9.355248920176338], [-83.30266525417885, 9.374344099762718], [-83.32076120901033, 9.384236445989846], [-83.33249670451742, 9.383001967115284], [-83.3515972841905, 9.350690056177777], [-83.38549989662654, 9.346472850687412], [-83.3988790988506, 9.336911669040031], [-83.40065062277883, 9.347815251388269], [-83.42226356630584, 9.366311784117979], [-83.45839812629966, 9.383041543528929], [-83.47256687223941, 9.419248059024723], [-83.48249430405501, 9.429521155315255], [-83.47853046563793, 9.450141554127878], [-83.48909311787338, 9.48404566032994], [-83.47962892879619, 9.485428364137169], [-83.47830975122332, 9.48954080619352], [-83.4824274365854, 9.50092347623012], [-83.46941062339758, 9.520848466275083], [-83.47697615467514, 9.535983317216246], [-83.46943605550723, 9.55246834357355], [-83.42379067234927, 9.565303847011231], [-83.4235571891299, 9.57218925386504], [-83.41689162308366, 9.575219480516965], [-83.40062358110946, 9.599804949121394], [-83.39226810613215, 9.603331590151186], [-83.37798479390977, 9.600556314780725], [-83.36564422848605, 9.618801223934044], [-83.34272588723421, 9.623989306352463], [-83.33818345111652, 9.64672513682422], [-83.33151432844694, 9.651112534049574], [-83.32826013195563, 9.66338531928406], [-83.31486123292603, 9.672069607869869], [-83.28408202782265, 9.665636883117898], [-83.26993896661655, 9.673394122316743], [-83.25553591738502, 9.667485257997805], [-83.22426928210648, 9.668538988873541], [-83.20676523206174, 9.656953021451889], [-83.1856855668783, 9.653133260006094], [-83.15406517268963, 9.63630113984541], [-83.13586124837693, 9.638787032736197], [-83.13088090130577, 9.633905973810384], [-83.13347941043459, 9.617820823324093], [-83.12155727639569, 9.616254857696783], [-83.09137226086261, 9.629200065612729], [-83.06858732107911, 9.622199116056635], [-83.05917203602222, 9.613944583764843], [-83.03213850560468, 9.628630445883779], [-83.02020980819569, 9.610856201023587], [-82.99166323735784, 9.613330826454195], [-82.97299584228561, 9.62207710177218], [-82.95206563591321, 9.611905742221017], [-82.92089736387507, 9.637159171273051], [-82.9235908137236, 9.669544308511007], [-82.9162832911719, 9.67069916729291], [-82.90037355399915, 9.654386804755205], [-82.89553772299355, 9.661858622024448], [-82.88952067537573, 9.662250087524418], [-82.89169714897506, 9.67340385920451], [-82.90521035268128, 9.68540263077352], [-82.90673301294893, 9.693821984980472], [-82.91397635286795, 9.694884124524526], [-82.93356747381713, 9.71882143206547], [-82.92511994209656, 9.724186452116028], [-82.92176643977491, 9.734430510904021], [-82.90329505110954, 9.742466012906165], [-82.89989751611901, 9.750050030525303], [-82.90675859859971, 9.757515439074314], [-82.90433548074094, 9.761168657217164], [-82.89563596196359, 9.767508599114919], [-82.8912706740445, 9.764830133411577]], [[-82.78311326171921, 9.61311272046897], [-82.77853307664265, 9.61198145082045], [-82.78311709003104, 9.613113728456192], [-82.78311326171921, 9.61311272046897]]]}}, {"type": "Feature", "properties": {"admin2_pcode": "CR606", "admin2_name": "Aguirre", "admin1_name": "Puntarenas"}, "geometry": {"type": "MultiPolygon", "coordinates": [[[[-84.11639360101731, 9.36460364312723], [-84.11693703202124, 9.365804019557489], [-84.11635616482441, 9.36787543058604], [-84.11527006856566, 9.366427269890702], [-84.11639360101731, 9.36460364312723]]], [[[-84.13421587582548, 9.571331786874836], [-84.12904431739214, 9.57003210689501], [-84.12042206759038, 9.554648358604455], [-84.11897677362916, 9.559835711436216], [-84.09950293602134, 9.568897715367362], [-84.0826034065628, 9.563718995979174], [-84.07195997021425, 9.570991086723872], [-84.07632820070981, 9.558096343639384], [-84.06930961130765, 9.530425876085657], [-84.07397685573946, 9.518338885626457], [-84.08757509098922, 9.51010698768092], [-84.07890972439233, 9.51344401470606], [-84.07488177387808, 9.50264667109474], [-84.06360375014768, 9.498726506857563], [-84.02705646083993, 9.461202581150323], [-84.00164301359443, 9.450213726771976], [-83.99879833608466, 9.437858421447716], [-83.98312375741916, 9.43308203235256], [-83.98014761649387, 9.420631697232345], [-83.96152966203681, 9.409768923516351], [-83.9653856733903, 9.402187724247653], [-83.96177603247136, 9.395914551186669], [-83.94539091074837, 9.394905003631086], [-83.94246010235106, 9.388212681921805], [-83.93606952743909, 9.387078580731053], [-83.93439299966013, 9.399144050378125], [-83.90925816443851, 9.40485712500368], [-83.89482702949039, 9.386238480954647], [-83.8909101737337, 9.362125184966086], [-83.87746787745822, 9.359836611300905], [-83.86365676192739, 9.342642903734085], [-83.8511785504276, 9.339611187930549], [-83.84140100276012, 9.34286987197212], [-83.83997750298788, 9.337535373662236], [-83.85384535324452, 9.324499358040475], [-83.85558392945299, 9.31068036638647], [-83.86003329437791, 9.308216005275291], [-83.85463720231729, 9.302064016307446], [-83.85798271920498, 9.29126087746781], [-83.85342247952575, 9.280791399912006], [-83.85881308091358, 9.276731505268316], [-83.8639164885236, 9.257778617887649], [-83.86932454608355, 9.254568159085608], [-83.93081937718684, 9.301703399827016], [-84.000161597199, 9.336837900992382], [-84.03035596290967, 9.34488105665318], [-84.09469124332136, 9.373692856133397], [-84.11561881748605, 9.376171129636193], [-84.12361713673157, 9.370094215752548], [-84.1302406565615, 9.38673691186459], [-84.13525915547257, 9.384664445309795], [-84.13467377804382, 9.377566428315923], [-84.14395958175764, 9.382226718817307], [-84.14722702353708, 9.376387916756697], [-84.14755529805468, 9.388675901452377], [-84.15533622411193, 9.395093386615045], [-84.1760524833261, 9.39403161076157], [-84.17671102745683, 9.400174831974455], [-84.16691665783722, 9.40124685204354], [-84.16330588805423, 9.406183131107388], [-84.16645386533695, 9.420883599850256], [-84.17210064989762, 9.424644403614233], [-84.16663464423812, 9.425875974589719], [-84.16698151556112, 9.432303573493453], [-84.18570763373617, 9.446305665878873], [-84.18737030970388, 9.45410100629071], [-84.22581473692041, 9.463865405569738], [-84.253283202115, 9.4980696935493], [-84.23517507257692, 9.515519443862276], [-84.20663349045255, 9.512358006887972], [-84.1839079266645, 9.530958391860763], [-84.18706812634905, 9.54670796120938], [-84.17351368437848, 9.547302230954292], [-84.1701422298366, 9.554292094207993], [-84.13421587582548, 9.571331786874836]]]]}}, {"type": "Feature", "properties": {"admin2_pcode": "CR603", "admin2_name": "Buenos Aires", "admin1_name": "Puntarenas"}, "geometry": {"type": "Polygon", "coordinates": [[[-83.3118321478013, 9.381906769567447], [-83.28727583408583, 9.355248920176338], [-83.27941959147995, 9.355809959327122], [-83.25630792251481, 9.341161593306738], [-83.2413882370833, 9.339156390764536], [-83.22436168684031, 9.320417647432468], [-83.17841200841515, 9.326872287752298], [-83.1685500812491, 9.319026723841267], [-83.15773774365829, 9.299726683500042], [-83.13469514962058, 9.28194493564409], [-83.13427190596367, 9.275941476689482], [-83.11672358871665, 9.274664973448287], [-83.09886228054204, 9.25657657571752], [-83.07357880622479, 9.249842937303052], [-83.0717304873342, 9.24240482634135], [-83.07940701466083, 9.228875217427495], [-83.07536394618344, 9.217370904925401], [-83.05717699854318, 9.200960103687791], [-83.05712206415645, 9.194892066693683], [-83.06659119307842, 9.190142053920603], [-83.06750444706574, 9.184791813717753], [-83.05759963582845, 9.168889542556792], [-83.04560954889115, 9.160244643228605], [-83.00698390538624, 9.155911091426551], [-82.99723026420267, 9.158589367338545], [-82.99170080175344, 9.154651578555624], [-82.99666833992327, 9.126888336968346], [-82.98728573650283, 9.12409994035725], [-82.98968633745915, 9.117006781658812], [-82.98126993558633, 9.112664844082591], [-82.97809269213711, 9.096011478268954], [-82.97135211488323, 9.096596968608003], [-82.96873456127216, 9.091488188969523], [-82.97685697456001, 9.018872691587681], [-82.99788798878123, 9.000010403076727], [-83.00893105217808, 8.998572408495463], [-83.02359315798824, 8.966801889957019], [-83.04696908753601, 8.96191163486198], [-83.05144562598993, 8.966459644019855], [-83.06312897745649, 8.966805728689145], [-83.08628498247035, 8.955595336981622], [-83.06150345858515, 8.945408970046023], [-83.06207752233279, 8.938692582554872], [-83.05677100507572, 8.935598205531248], [-83.06094956762561, 8.93121280060244], [-83.05636642482497, 8.927215323158592], [-83.06727870637789, 8.913412672655113], [-83.08390910132616, 8.90666758575159], [-83.08497381237524, 8.900194730436139], [-83.07739556085498, 8.894392564829507], [-83.079980007802, 8.883636221874523], [-83.0741560213939, 8.884767094515892], [-83.07391061660708, 8.880572001420473], [-83.10553116949465, 8.8759798975847], [-83.10099870120574, 8.872394612283198], [-83.10651041015358, 8.858364122044634], [-83.09708465278408, 8.840834344672384], [-83.08898883894419, 8.834511503561846], [-83.07945534632694, 8.836918499594688], [-83.0738483942915, 8.823245817297575], [-83.07923100186603, 8.80020808294662], [-83.0649897896941, 8.790731575234929], [-83.06575081775632, 8.783179247780527], [-83.07420745007515, 8.775792801343544], [-83.09672794387612, 8.77508112085365], [-83.10291767574964, 8.780639620274682], [-83.11616696658908, 8.780144628736476], [-83.15998869169441, 8.802710536317706], [-83.15938147883321, 8.81247299316041], [-83.16665907572181, 8.811736865426113], [-83.17724314733934, 8.821189907223456], [-83.18589247968805, 8.843282292474111], [-83.2165259811613, 8.875990055626314], [-83.2339371486784, 8.884006583614696], [-83.24883322766584, 8.903041980036019], [-83.24747734398447, 8.913627431063505], [-83.25259259858112, 8.916906631400865], [-83.26839959867579, 8.919731333556042], [-83.27999913387235, 8.931846842457865], [-83.29278023249164, 8.926333174232049], [-83.31816300334174, 8.94413701398289], [-83.33212985257825, 8.946537056415938], [-83.34211744479819, 8.94056874379382], [-83.35677767145076, 8.944665324706184], [-83.37066280889877, 8.95511310611622], [-83.36853237334283, 8.974829073460677], [-83.37823746313207, 8.982600328178908], [-83.3959511634246, 8.9861272187417], [-83.40402463150467, 8.995668732155266], [-83.4114258294915, 8.99541838474023], [-83.41678566589815, 8.976605204284148], [-83.43086770631298, 8.99086538158674], [-83.4695760268708, 8.996638464847239], [-83.47510296132681, 8.99972927953865], [-83.47435193053057, 9.00816304874569], [-83.49638232252306, 9.021345857052466], [-83.4941357316963, 9.027999793434422], [-83.49785831652885, 9.033547839045358], [-83.5082692394001, 9.034939530744063], [-83.51398903346048, 9.04282941022401], [-83.53121875405377, 9.050816950063485], [-83.53827600699749, 9.048621331990317], [-83.56329979173465, 9.057716499250445], [-83.56132135474023, 9.066211718616582], [-83.55192673783596, 9.070230955997783], [-83.54931451467084, 9.082986435923415], [-83.5417586893116, 9.078630003309605], [-83.52788226614403, 9.081795259248784], [-83.51372132214141, 9.074708475629114], [-83.50660808853223, 9.077480806441862], [-83.50264578685236, 9.084153965758365], [-83.5101397556123, 9.091382042294171], [-83.47302188074686, 9.119976649038982], [-83.48245211250209, 9.132744113941039], [-83.48299932720899, 9.14451693908616], [-83.48040756873257, 9.151846059904026], [-83.47084499704832, 9.152047445498525], [-83.4702871868274, 9.15952873680268], [-83.47794036200096, 9.171298575495516], [-83.473698150693, 9.18186137935873], [-83.48128593319211, 9.186183056408861], [-83.48136283382979, 9.194562226862852], [-83.48677780554331, 9.199962012849756], [-83.48925315009973, 9.192353199365177], [-83.50363232095128, 9.202066538441878], [-83.51297140415247, 9.200257232097488], [-83.51655322499344, 9.215038593587341], [-83.52274475997304, 9.207808145615367], [-83.52566947387548, 9.210503882819804], [-83.51504642727375, 9.224427638442979], [-83.50611123603477, 9.261677730651504], [-83.49101197189526, 9.267054687927372], [-83.48434376077834, 9.277287888865285], [-83.45444008326955, 9.34336360929757], [-83.42520383906316, 9.36725319998066], [-83.40065062277883, 9.347815251388269], [-83.3988790988506, 9.336911669040031], [-83.38549989662654, 9.346472850687412], [-83.3515972841905, 9.350690056177777], [-83.33224563060497, 9.38325088482066], [-83.3118321478013, 9.381906769567447]]]}}, {"type": "Feature", "properties": {"admin2_pcode": "CR610", "admin2_name": "Corredores", "admin1_name": "Puntarenas"}, "geometry": {"type": "Polygon", "coordinates": [[[-82.901635951803, 8.726843408036235], [-82.8804696302583, 8.697224412936924], [-82.8672341870509, 8.69663761157825], [-82.86240428355072, 8.688081713271536], [-82.86425712736232, 8.679033518354949], [-82.82869594421014, 8.631919812798454], [-82.82873048750903, 8.616060837703433], [-82.83830705697363, 8.613648395226472], [-82.82706817607117, 8.601883396700575], [-82.83331478631997, 8.592288589750781], [-82.82226940998416, 8.567233312382054], [-82.83895893583845, 8.544831538373595], [-82.83153422742718, 8.50566431122961], [-82.83939011220619, 8.480264720633722], [-82.86803823696343, 8.439531542752878], [-82.91398799100403, 8.428771490155178], [-82.9309909430142, 8.43525950777126], [-82.9356887005455, 8.423953305157998], [-82.95427180327435, 8.413413962014388], [-82.96150198476143, 8.397197128547337], [-82.98369248006077, 8.37303310702569], [-82.9897103909041, 8.377128830957732], [-83.00689030319789, 8.355905787846286], [-83.02844193347727, 8.351971886695283], [-83.04754571737469, 8.342087346665249], [-83.05231005675165, 8.349297933312105], [-83.05114921435482, 8.359781940373894], [-83.03397531934436, 8.37730660665346], [-83.04172113522826, 8.379070468348726], [-83.05352031241317, 8.36990945703431], [-83.05710748161495, 8.371722526410013], [-83.04550133723812, 8.382497085528877], [-83.03045375864457, 8.414791642521829], [-83.013118376234, 8.426114234845324], [-83.00434964753053, 8.442120577899122], [-82.99547299168071, 8.442629335486465], [-82.99618178864658, 8.4575337399739], [-82.98874734614999, 8.46199380380836], [-82.99806276974309, 8.46638045155567], [-83.00403142775193, 8.482309589921588], [-83.00033627775954, 8.486920597145836], [-83.00689100687995, 8.492910885717539], [-83.0042048012853, 8.495576625915916], [-83.00925173032142, 8.507273717436421], [-83.01691547790911, 8.512268089616304], [-83.01592763548318, 8.519996216613812], [-83.02878529763146, 8.5219031211813], [-83.02515548651404, 8.525084482785552], [-83.0318918935555, 8.523648071917837], [-83.03877865362362, 8.531699763605332], [-83.0470802685954, 8.529496117481367], [-83.05016128915626, 8.535893306255176], [-83.05250440020211, 8.531830554412654], [-83.05407377037751, 8.536485374699465], [-83.04737651261576, 8.54803322149169], [-83.04248374815003, 8.546963390838298], [-83.04321025839634, 8.552935785252533], [-83.03581660748193, 8.562284280354662], [-83.02669914305216, 8.558735334891749], [-83.00132716025625, 8.582993175448285], [-83.00132045628213, 8.64939834577925], [-83.00746346483473, 8.655716132505951], [-83.00926583885635, 8.678674835619562], [-82.99697678150693, 8.686443504240863], [-82.98900560970229, 8.702696681695281], [-82.99091567438839, 8.71679693959108], [-82.97957666952139, 8.72469884619151], [-82.96023078621826, 8.69624790666681], [-82.94828018470115, 8.690635582673627], [-82.930061067976, 8.701800862337393], [-82.91060132517849, 8.69659525128859], [-82.90795299290409, 8.7133796705933], [-82.91146335002473, 8.72513026952538], [-82.90349228495421, 8.733803178136256], [-82.901635951803, 8.726843408036235]]]}}, {"type": "Feature", "properties": {"admin2_pcode": "CR608", "admin2_name": "Coto Brus", "admin1_name": "Puntarenas"}, "geometry": {"type": "Polygon", "coordinates": [[[-82.96716266996269, 9.094070962049003], [-82.95145963681595, 9.09072328734034], [-82.93937110303673, 9.074810165238686], [-82.93223247875073, 9.078721796526304], [-82.92730828974378, 9.074437066329489], [-82.9144525223964, 9.082678098796858], [-82.88718389218344, 9.08733650584221], [-82.87822987793335, 9.060788221102015], [-82.86806284616152, 9.054197102703723], [-82.85860437503976, 9.056093948429039], [-82.85514923749794, 9.045902254612773], [-82.84465880911068, 9.042861694838207], [-82.83595349557811, 9.033601218843902], [-82.81812962947933, 9.03010346443479], [-82.81537131756842, 9.019913068892203], [-82.80362398137608, 9.014134031782802], [-82.80546856859182, 9.009549185100916], [-82.79991888966985, 9.003469989019047], [-82.7737109024815, 9.00340823124902], [-82.74109370313931, 8.985258779287387], [-82.73648493011841, 8.97642138957827], [-82.74218300274471, 8.966650151780886], [-82.71735311817189, 8.950164278176223], [-82.71230938923642, 8.923501138016487], [-82.74916471937536, 8.906400936472782], [-82.74785321944728, 8.898492684261221], [-82.77620706234295, 8.877224092401114], [-82.7988550759632, 8.877468269454377], [-82.82098421225236, 8.860038229996224], [-82.86220595238498, 8.852854960798473], [-82.8835192822521, 8.828673699929697], [-82.87765277577972, 8.819916973571848], [-82.86267122431254, 8.8184586142279], [-82.86602363942357, 8.805131693709455], [-82.88973432936064, 8.792225555847594], [-82.89491249303998, 8.782425067818094], [-82.89010732017367, 8.778729619397065], [-82.89284572533876, 8.771815128768317], [-82.90635156040199, 8.77478682413444], [-82.91899215692186, 8.765470198018843], [-82.9088566621987, 8.757283926011125], [-82.92003621347574, 8.751776627844418], [-82.91700512803446, 8.741797279024178], [-82.90349228495421, 8.733803178136256], [-82.91167731641393, 8.724128597769676], [-82.90795299290409, 8.7133796705933], [-82.91060132517849, 8.69659525128859], [-82.930061067976, 8.701800862337393], [-82.94828018470115, 8.690635582673627], [-82.96023078621826, 8.69624790666681], [-82.98076027376761, 8.726048742707851], [-82.98335649714515, 8.756064050347414], [-82.97759936085289, 8.763824730732578], [-82.96911706037467, 8.763897535502952], [-82.97852017412747, 8.782092924537896], [-83.00246524134347, 8.786131708257871], [-83.01765173373175, 8.78300721594965], [-83.03273359803875, 8.788505645012822], [-83.04670132451874, 8.775369071017721], [-83.05834852990176, 8.780280090237804], [-83.07349241519339, 8.775343547320016], [-83.0649897896941, 8.790731575234929], [-83.07923100186603, 8.80020808294662], [-83.0738483942915, 8.823245817297575], [-83.07924854362173, 8.836712100707961], [-83.08963573829274, 8.834821595434388], [-83.10651041015358, 8.858364122044634], [-83.10099870120574, 8.872394612283198], [-83.10553116949465, 8.8759798975847], [-83.07391061660708, 8.880572001420473], [-83.0741560213939, 8.884767094515892], [-83.079980007802, 8.883636221874523], [-83.07739556085498, 8.894392564829507], [-83.08497381237524, 8.900194730436139], [-83.08390910132616, 8.90666758575159], [-83.06727870637789, 8.913412672655113], [-83.05636642482497, 8.927215323158592], [-83.06094956762561, 8.93121280060244], [-83.05677100507572, 8.935598205531248], [-83.06207752233279, 8.938692582554872], [-83.06150345858515, 8.945408970046023], [-83.08628498247035, 8.955595336981622], [-83.06312897745649, 8.966805728689145], [-83.05144562598993, 8.966459644019855], [-83.04696908753601, 8.96191163486198], [-83.02359315798824, 8.966801889957019], [-83.00893105217808, 8.998572408495463], [-82.99788798878123, 9.000010403076727], [-82.97685697456001, 9.018872691587681], [-82.9774895806905, 9.034125716013431], [-82.97150808307889, 9.047233227193454], [-82.97470626387285, 9.05278167114533], [-82.97046849420225, 9.066231251696596], [-82.97135211488323, 9.096596968608003], [-82.96716266996269, 9.094070962049003]]]}}, {"type": "Feature", "properties": {"admin2_pcode": "CR602", "admin2_name": "Esparza", "admin1_name": "Puntarenas"}, "geometry": {"type": "Polygon", "coordinates": [[[-84.66873321027248, 10.119619959868706], [-84.66309524779875, 10.121293396276174], [-84.64748097015526, 10.094757903329107], [-84.64716297406598, 10.086599352944015], [-84.63059558105653, 10.070779853475031], [-84.62396850571075, 10.04767641830039], [-84.60203734277934, 10.04392323161164], [-84.57205639194707, 10.018669491362598], [-84.56333650275727, 10.029223651414533], [-84.5635599936957, 10.015949073737195], [-84.55603545009673, 10.004130497848918], [-84.5531817577363, 9.987326272828193], [-84.55987609717012, 9.98164265689401], [-84.56844452182571, 9.981405628239221], [-84.57105386938623, 9.986818693415714], [-84.5896057398307, 9.979620013033554], [-84.59206616380115, 9.972545397331725], [-84.601920931416, 9.97088171275087], [-84.60735968480877, 9.95891734425536], [-84.61550880520885, 9.957246072131282], [-84.61561570760226, 9.95235202104041], [-84.63253364292036, 9.950302670743403], [-84.63967392165914, 9.940493190630027], [-84.64978616877592, 9.944199017127216], [-84.65288570064268, 9.935342649527204], [-84.66194850798085, 9.933434860402514], [-84.65781798113318, 9.929577996198656], [-84.66476177556106, 9.92098605125916], [-84.66784614622928, 9.922651644637515], [-84.66565613648199, 9.918622635837396], [-84.67137298336594, 9.911797499998098], [-84.6806146580188, 9.905163902928866], [-84.68236256630408, 9.909120197130232], [-84.687800563906, 9.906423578671479], [-84.6839072142683, 9.894005407180467], [-84.68884868516, 9.88626742698922], [-84.68336107378792, 9.888196824341616], [-84.67888008070271, 9.877191868320104], [-84.6967375843872, 9.863628315742755], [-84.73120343394363, 9.893022568064891], [-84.72979522833089, 9.899937856255008], [-84.71164421601421, 9.918511956399866], [-84.73620987680627, 9.941123966010647], [-84.74121733309902, 9.951912373887069], [-84.73909457305128, 9.958667954326419], [-84.71924568837593, 9.96896751423837], [-84.7144427474813, 9.982546465471284], [-84.70485115755349, 9.992058185249995], [-84.69623724072525, 9.99229032765853], [-84.69244583411154, 10.001557804293997], [-84.6838710484604, 10.001712432777996], [-84.67796847812507, 10.008282225713586], [-84.66949007960727, 10.006780139244501], [-84.66150948246408, 10.020758641886014], [-84.6629927486126, 10.03194045895556], [-84.68586249168013, 10.033904128289834], [-84.69313438498415, 10.040175256090906], [-84.66490943647453, 10.056656100313026], [-84.67703226005735, 10.0735876408545], [-84.6799997905708, 10.091359105822708], [-84.67623477577524, 10.105697824813742], [-84.68325767847958, 10.10773878044014], [-84.6855235107857, 10.129422714866374], [-84.66873321027248, 10.119619959868706]]]}}, {"type": "Feature", "properties": {"admin2_pcode": "CR611", "admin2_name": "Garabito", "admin1_name": "Puntarenas"}, "geometry": {"type": "MultiPolygon", "coordinates": [[[[-84.66522434079309, 9.630840393671889], [-84.66783212907355, 9.627809154494589], [-84.67668402265137, 9.626700234977216], [-84.6735602552983, 9.630218206755647], [-84.66522434079309, 9.630840393671889]]], [[[-84.67099594341038, 9.878377457950602], [-84.64751637858133, 9.870420029946485], [-84.64771067967465, 9.865478786332119], [-84.60369475522873, 9.862640149008707], [-84.59720308228545, 9.858491503904201], [-84.60029186806757, 9.84962479932216], [-84.59293725457061, 9.841963633003854], [-84.58029139794657, 9.841446655887857], [-84.57463389102132, 9.846243632397979], [-84.56321057112862, 9.842327072694093], [-84.56018788586522, 9.836678419648598], [-84.56729039704793, 9.82699907370347], [-84.57183060277907, 9.829509289853823], [-84.58223456728551, 9.823627200922362], [-84.58311579626259, 9.805927648946325], [-84.5680818055528, 9.810221544297084], [-84.55769498549414, 9.783615686081296], [-84.54952683721052, 9.777907284250462], [-84.54130933777817, 9.781400818253763], [-84.53897070953363, 9.776846856077023], [-84.55183580208478, 9.756976488956393], [-84.56587268801621, 9.758652637334283], [-84.56632135265163, 9.746663506030453], [-84.57323216739424, 9.738038585691331], [-84.59292016204991, 9.74322894798176], [-84.58327018945667, 9.70842469487222], [-84.58559948695711, 9.68361882289954], [-84.58090380943686, 9.666298000367815], [-84.5722396483032, 9.654130037332045], [-84.56431202448289, 9.627568275294367], [-84.55571750551496, 9.626942549238477], [-84.5509925101156, 9.618777477649823], [-84.5511066803904, 9.599373352379645], [-84.54552738046843, 9.586460551315316], [-84.52930468699317, 9.57924132333338], [-84.53842497984542, 9.5586419375801], [-84.54588121003749, 9.552596104791705], [-84.54104172264863, 9.54891121584402], [-84.54778276842532, 9.545802318687157], [-84.54519025899343, 9.538033923848198], [-84.55548195581837, 9.538996160594056], [-84.6176686498665, 9.581230975057089], [-84.6251365523921, 9.591118073646353], [-84.62039082631219, 9.59656283176352], [-84.62204027297486, 9.602433480075133], [-84.64194493977978, 9.626045356760145], [-84.65054757247397, 9.621794979374735], [-84.66332211505883, 9.631375112747287], [-84.65531392151168, 9.638450873931843], [-84.65932828497142, 9.650757823108286], [-84.68046979483618, 9.651278862105844], [-84.67889783454565, 9.658100774056445], [-84.6718642957324, 9.659465228947786], [-84.66880794624758, 9.6727759717817], [-84.6746052313231, 9.681238189884695], [-84.67523589478559, 9.696455870514713], [-84.66104393240602, 9.706237751609777], [-84.65060087086637, 9.72941814132043], [-84.63239873083486, 9.739508130355274], [-84.626956966287, 9.754463010796098], [-84.62991820945473, 9.770157047786016], [-84.64058444678192, 9.780281536365983], [-84.63883456228311, 9.785062517643983], [-84.65062814139753, 9.805165481206531], [-84.68102724312217, 9.84456859905361], [-84.70138299851155, 9.85797682713285], [-84.69524433351287, 9.860133340579628], [-84.69852520201339, 9.863511681341683], [-84.69203803765438, 9.864929757666564], [-84.69030576301105, 9.870611166176321], [-84.67099594341038, 9.878377457950602]]]]}}, {"type": "Feature", "properties": {"admin2_pcode": "CR607", "admin2_name": "Golfito", "admin1_name": "Puntarenas"}, "geometry": {"type": "MultiPolygon", "coordinates": [[[[-82.88034835199994, 8.020986473927175], [-82.88021369024112, 8.02035452184273], [-82.87492254247663, 8.0153077690469], [-82.88398492578874, 8.020564133360365], [-82.88034835199994, 8.020986473927175]]], [[[-83.4664067013591, 8.688387668372789], [-83.46763011141017, 8.681158936739214], [-83.46416918105996, 8.686626023816018], [-83.45799058365206, 8.68560935577613], [-83.45579691387661, 8.677018535452849], [-83.43439187145889, 8.658398289511368], [-83.43653802825023, 8.633773933405195], [-83.42736105114061, 8.625964556811818], [-83.42665035468377, 8.617826336880603], [-83.39919975316164, 8.592517995756177], [-83.38661465628216, 8.584175216714472], [-83.37746490836224, 8.583926705064682], [-83.37433540602655, 8.57468057751255], [-83.3530203432908, 8.576438471466892], [-83.32614135048026, 8.568643842343711], [-83.3045975912725, 8.537575579614051], [-83.30397010082378, 8.54130290184896], [-83.28689695854294, 8.534423208499698], [-83.28980580861645, 8.53288014681835], [-83.2899438817738, 8.531789113908737], [-83.28901676026142, 8.530272927128753], [-83.28536012850188, 8.533755010783684], [-83.29101852809434, 8.538260845033847], [-83.28539772421739, 8.542180612584504], [-83.28481322687418, 8.53257256158183], [-83.29211937141525, 8.500528637483818], [-83.27106673706837, 8.465092144939442], [-83.28759746086237, 8.451135526379353], [-83.28089456377407, 8.453658428735178], [-83.28365819941295, 8.445392742476308], [-83.27239833117268, 8.429258783028494], [-83.28024522032946, 8.416495993847368], [-83.2780937243982, 8.387098201560532], [-83.29112592783035, 8.374321647353762], [-83.45805513493784, 8.440953094087527], [-83.51265263407264, 8.448460814665715], [-83.54547398073578, 8.439758992788198], [-83.56686561518242, 8.440510920846583], [-83.57136933658526, 8.450697326368548], [-83.58947255955096, 8.459026147438601], [-83.591095404273, 8.46494776163656], [-83.58535109571845, 8.465897042670663], [-83.59328729404457, 8.466201005734447], [-83.60980661974996, 8.49265700568812], [-83.65239529097688, 8.524307899291442], [-83.64406812552743, 8.524403901230329], [-83.64450073030719, 8.520599776964245], [-83.62324550574955, 8.504342689553507], [-83.60979980217, 8.507105366953075], [-83.60860969652074, 8.512189389032322], [-83.6191352709386, 8.514773833123453], [-83.62231886609621, 8.523171644884055], [-83.63101848690751, 8.525133631646277], [-83.63392591007512, 8.53506257744309], [-83.62383211446108, 8.53457190582546], [-83.61272740931895, 8.5486153934686], [-83.59347443601695, 8.560911200488402], [-83.60778557990606, 8.572755370500387], [-83.62702561467745, 8.577002975059234], [-83.64399435366917, 8.59421714813632], [-83.62971565784144, 8.607232221518629], [-83.6274424830778, 8.629135489080639], [-83.61852460946477, 8.623680166419406], [-83.60989437052388, 8.626730004984307], [-83.5985382814183, 8.612086999540997], [-83.58559395480337, 8.611678709301307], [-83.57887414114794, 8.618340767184874], [-83.58592650423125, 8.633534049679454], [-83.57330198058324, 8.624350962860332], [-83.56804010008325, 8.613368550373012], [-83.57306478854116, 8.60951760317501], [-83.5676578713527, 8.602961217453116], [-83.55914919660778, 8.601117335710311], [-83.55230080165931, 8.593005387919456], [-83.54018643931988, 8.59295467632265], [-83.52372411015781, 8.585533495413832], [-83.51927406525361, 8.595078071579712], [-83.49704311999955, 8.604099845158819], [-83.49494838223424, 8.616634453662607], [-83.47761669349313, 8.626995801149155], [-83.47723204273795, 8.637484870534696], [-83.48409497854674, 8.640616378618923], [-83.48106445857174, 8.667669754034153], [-83.48625417592494, 8.676405037272788], [-83.47917865851835, 8.685428183396827], [-83.48108446798794, 8.690264288724832], [-83.47211168730828, 8.688044561482675], [-83.46850851977291, 8.69263531040299], [-83.4664067013591, 8.688387668372789]]], [[[-83.16183450949129, 8.81293863835817], [-83.15998869169441, 8.802710536317706], [-83.13861551086175, 8.794255085458381], [-83.1310863441727, 8.785663472705094], [-83.10291767574964, 8.780639620274682], [-83.09672794387612, 8.77508112085365], [-83.05834852990176, 8.780280090237804], [-83.04670132451874, 8.775369071017721], [-83.03273359803875, 8.788505645012822], [-83.01765173373175, 8.78300721594965], [-82.9923532642949, 8.78585091948774], [-82.97852017412747, 8.782092924537896], [-82.96920438702737, 8.764442732540838], [-82.97759936085289, 8.763824730732578], [-82.9824338293351, 8.758154520853804], [-82.98442851017265, 8.739768349398119], [-82.97957666952139, 8.72469884619151], [-82.99091567438839, 8.71679693959108], [-82.98900560970229, 8.702696681695281], [-82.99697678150693, 8.686443504240863], [-83.00926583885635, 8.678674835619562], [-83.00746346483473, 8.655716132505951], [-83.00132045628213, 8.64939834577925], [-83.00132716025625, 8.582993175448285], [-83.02669914305216, 8.558735334891749], [-83.03581660748193, 8.562284280354662], [-83.04321025839634, 8.552935785252533], [-83.04248374815003, 8.546963390838298], [-83.04737651261576, 8.54803322149169], [-83.05416378162356, 8.537749344053479], [-83.05250440020211, 8.531830554412654], [-83.05016128915626, 8.535893306255176], [-83.0470802685954, 8.529496117481367], [-83.03877865362362, 8.531699763605332], [-83.0318918935555, 8.523648071917837], [-83.02515548651404, 8.525084482785552], [-83.02878529763146, 8.5219031211813], [-83.01567053174544, 8.519702688516174], [-83.01691547790911, 8.512268089616304], [-83.00925173032142, 8.507273717436421], [-83.0042048012853, 8.495576625915916], [-83.00689100687995, 8.492910885717539], [-83.00033627775954, 8.486920597145836], [-83.00403142775193, 8.482309589921588], [-82.99806276974309, 8.46638045155567], [-82.98874734614999, 8.46199380380836], [-82.99618178864658, 8.4575337399739], [-82.99547299168071, 8.442629335486465], [-83.00434964753053, 8.442120577899122], [-83.013118376234, 8.426114234845324], [-83.03045375864457, 8.414791642521829], [-83.04550133723812, 8.382497085528877], [-83.05710748161495, 8.371722526410013], [-83.05352031241317, 8.36990945703431], [-83.04172113522826, 8.379070468348726], [-83.03397531934436, 8.37730660665346], [-83.05114921435482, 8.359781940373894], [-83.05231005675165, 8.349297933312105], [-83.04637923803749, 8.337913666740706], [-83.05164650234383, 8.33120067039628], [-83.04571457199442, 8.315699154660496], [-83.02699764507973, 8.316058266542735], [-83.02258505229327, 8.311243541096442], [-83.02394580893751, 8.304429521797223], [-83.00291460043314, 8.295352160335149], [-83.00425613194008, 8.28916454544169], [-82.99944927675647, 8.288309690240103], [-82.99048630534791, 8.271238793483098], [-82.97557095551547, 8.289024824185336], [-82.96809664037217, 8.27903059915676], [-82.95645307008976, 8.279857542809584], [-82.95240027154165, 8.267772429949542], [-82.9426808609423, 8.272525787502017], [-82.93971695603395, 8.267231654129457], [-82.93849032695563, 8.251227680862144], [-82.9284876530673, 8.241805617086126], [-82.93632361728073, 8.209988482961283], [-82.92717611796549, 8.208684217519137], [-82.91741593915476, 8.1939156453754], [-82.91146543751843, 8.19684788510144], [-82.9124077064084, 8.177462810624165], [-82.90299248700244, 8.17527297739113], [-82.90983859627303, 8.167899612862538], [-82.90872870575767, 8.145142188714244], [-82.88603749102064, 8.108304344631737], [-82.89263086925472, 8.104176358401922], [-82.8877413336472, 8.079506171235506], [-82.89657967343818, 8.060592238703904], [-82.89048918975817, 8.052160455314803], [-82.90059291327414, 8.039741222896474], [-82.91621230410823, 8.059582345889671], [-82.91369574195438, 8.077481688229751], [-82.90608234581174, 8.076690111101495], [-82.90141931850845, 8.083634676427353], [-82.90443051557419, 8.116757895562149], [-82.92287489154316, 8.146882793965696], [-82.93752162231192, 8.18585640824996], [-82.97360423003029, 8.238922479094098], [-82.9914947946593, 8.258371151773087], [-83.12192631313381, 8.340481015862709], [-83.14626485456048, 8.367157977681517], [-83.14495487614137, 8.382380401412977], [-83.13764833850894, 8.39594813426653], [-83.11028365859688, 8.41490218503705], [-83.10186960126403, 8.439111579092053], [-83.09167055604041, 8.452167308204642], [-83.1116340469983, 8.48995542150167], [-83.14028564312132, 8.522355215307778], [-83.15185041036148, 8.547698701347862], [-83.14121049094794, 8.534903635981605], [-83.13968610531428, 8.556326427664303], [-83.1591149645647, 8.570805803973371], [-83.17552190712833, 8.592225359679974], [-83.18066774387799, 8.610150264847848], [-83.17060461911602, 8.62526189378159], [-83.16800811785471, 8.62134918538935], [-83.17770015420892, 8.61366183986839], [-83.17472063377339, 8.612903838578049], [-83.17827829385632, 8.605980622538809], [-83.16655081517403, 8.615774571511446], [-83.16308140094334, 8.607539704709817], [-83.15186411333825, 8.609068903215809], [-83.16081322831083, 8.602975802234155], [-83.15518977626847, 8.595372683881969], [-83.16388518087989, 8.585369562552156], [-83.15530807002408, 8.583969987700224], [-83.15503966862411, 8.578414046707433], [-83.14013307452949, 8.582681898810888], [-83.13881313595003, 8.590653504038677], [-83.13068411172958, 8.589099663659985], [-83.12295969742257, 8.594010557664957], [-83.12239854447292, 8.601108666336318], [-83.13504451825578, 8.60030231250641], [-83.14129771866486, 8.61329070800059], [-83.17595453517592, 8.645347551953412], [-83.17697596641422, 8.641490760619234], [-83.18550534841266, 8.640780790638917], [-83.17431381126505, 8.634851620612595], [-83.18218646168135, 8.621863507527719], [-83.20450863709398, 8.626982207063373], [-83.2057097332609, 8.631115983960841], [-83.21248398696541, 8.628362913206468], [-83.22527029829, 8.641391701199128], [-83.2344216045315, 8.639206673323187], [-83.23712295593701, 8.62696631509346], [-83.24522936165717, 8.634742493393016], [-83.25393629631047, 8.65661895324292], [-83.28036805946515, 8.659454934125034], [-83.29457986840957, 8.653177619406916], [-83.30631482389354, 8.672771615874744], [-83.32092423828848, 8.674054374536116], [-83.33041988814107, 8.684537024636528], [-83.32648758903176, 8.689751593272778], [-83.33295781765625, 8.701970853537707], [-83.32788018077683, 8.714102502767915], [-83.33511149974048, 8.71581843357413], [-83.32135699790787, 8.721935429537293], [-83.32148056661458, 8.728474931945366], [-83.29893318713874, 8.725692732080471], [-83.29429288590127, 8.743468720631324], [-83.28738398383284, 8.747207061750686], [-83.2863636307862, 8.759885259950838], [-83.27741267862281, 8.760407386251563], [-83.27423248719273, 8.769043734325692], [-83.25612610769561, 8.766873006693103], [-83.24826608705833, 8.772349301971078], [-83.25095987431257, 8.775330218532986], [-83.24891074476034, 8.778984335715277], [-83.24697113796842, 8.773363744269938], [-83.23306979396683, 8.773152200072682], [-83.23384964501977, 8.76534551078331], [-83.22493321836329, 8.7665943741323], [-83.22620729451141, 8.758867032367883], [-83.21978888066133, 8.753884324357708], [-83.21650344704827, 8.757420499832143], [-83.20418495973888, 8.744387370989775], [-83.19038869573677, 8.744095811786783], [-83.18656363681981, 8.736519768064792], [-83.17978291671143, 8.737435902070235], [-83.17213348698951, 8.752765876916612], [-83.1717099441257, 8.789402891906661], [-83.16183450949129, 8.81293863835817]]]]}}, {"type": "Feature", "properties": {"admin2_pcode": "CR604", "admin2_name": "Montes De Oro", "admin1_name": "Puntarenas"}, "geometry": {"type": "Polygon", "coordinates": [[[-84.68260032961435, 10.27796010666359], [-84.67128238093608, 10.268854935225116], [-84.66687892079676, 10.255354705518336], [-84.66129484972552, 10.254378367881047], [-84.6564404381825, 10.234206196602136], [-84.6628037698936, 10.226005196552933], [-84.66202808516503, 10.198555929646458], [-84.68325744427146, 10.176556369276613], [-84.66856652837315, 10.175853124032745], [-84.66431313873869, 10.170290967098405], [-84.66936506158241, 10.155246715298505], [-84.66441574022187, 10.14641055306622], [-84.67279053908847, 10.138671750039954], [-84.66433723177187, 10.122138587196858], [-84.66873321027248, 10.119619959868706], [-84.6855235107857, 10.129422714866374], [-84.68653315669744, 10.12371570649245], [-84.68325767847958, 10.10773878044014], [-84.67623477577524, 10.105697824813742], [-84.6799997905708, 10.091359105822708], [-84.67703226005735, 10.0735876408545], [-84.66490943647453, 10.056656100313026], [-84.66786275840423, 10.051866239231538], [-84.70481528968773, 10.038113364386481], [-84.70176365787015, 10.02971314838796], [-84.70597636095142, 10.020532661117036], [-84.71360564870767, 10.026856650733881], [-84.73697722206396, 10.00851169366497], [-84.74550046621005, 10.023256115151803], [-84.76237950496757, 10.026948239701392], [-84.77101706194736, 10.042976470787886], [-84.78392411634015, 10.047975398196431], [-84.77922320247814, 10.064455969624701], [-84.79123379212793, 10.071076769637386], [-84.7930949313578, 10.078936660937963], [-84.78892977388547, 10.083308979537833], [-84.79487655537926, 10.09578351974777], [-84.79152975890636, 10.100641172959287], [-84.80488817247083, 10.104878564081137], [-84.80960511539934, 10.10026218854738], [-84.81215558378554, 10.117766386972814], [-84.81045918000964, 10.125509456301929], [-84.79570619385689, 10.141061634843211], [-84.79642052161464, 10.147362601434978], [-84.79254168071374, 10.14491595642974], [-84.78277779392953, 10.153419286943121], [-84.76963835569484, 10.153770551697544], [-84.74174245269938, 10.183681855673576], [-84.72865552382221, 10.191330191008003], [-84.71827265634788, 10.2064620971065], [-84.68295140456415, 10.22690341185561], [-84.67888741370835, 10.243224499180588], [-84.68927977177691, 10.261165528043819], [-84.68884972543522, 10.272214192254374], [-84.69717393393678, 10.271023215916491], [-84.69129828622498, 10.277189658194542], [-84.68260032961435, 10.27796010666359]]]}}, {"type": "Feature", "properties": {"admin2_pcode": "CR605", "admin2_name": "Osa", "admin1_name": "Puntarenas"}, "geometry": {"type": "MultiPolygon", "coordinates": [[[[-83.8694680161794, 8.714757032954928], [-83.86850199636977, 8.703734011045427], [-83.87438003148351, 8.699262963825564], [-83.89534397698841, 8.70574599073906], [-83.8694680161794, 8.714757032954928]]], [[[-83.72695206632119, 9.10641510599179], [-83.72471740990211, 9.105502422286254], [-83.72593388624725, 9.103765979297965], [-83.7275090050432, 9.105158532180239], [-83.72695206632119, 9.10641510599179]]], [[[-83.83994123083205, 9.255734834150317], [-83.8190592727426, 9.242295654996019], [-83.80958221462816, 9.229019665018795], [-83.76774394314273, 9.21602297365378], [-83.75245657275315, 9.222298619424258], [-83.76045628842887, 9.238401404436088], [-83.75694995644263, 9.244036759315032], [-83.74753363826214, 9.244018866664094], [-83.73613265385295, 9.2228312295634], [-83.71007966382501, 9.220279222080846], [-83.7055441508126, 9.224843533733337], [-83.70358057833099, 9.2169849794584], [-83.68616140193008, 9.208919581880666], [-83.67585132206709, 9.194471477642086], [-83.6696771323033, 9.182276530375686], [-83.67737578819325, 9.175477977439094], [-83.67336214810116, 9.157911820897237], [-83.65463422461914, 9.145234406286434], [-83.64726181450712, 9.132166391522876], [-83.61385949950146, 9.125212000433741], [-83.604640752028, 9.113523618266472], [-83.58293311711645, 9.102050451204756], [-83.5697114015199, 9.086305483802732], [-83.54931451467084, 9.082986435923415], [-83.55192673783596, 9.070230955997783], [-83.56215272235448, 9.065214280930164], [-83.55928651130795, 9.053989876722698], [-83.53121875405377, 9.050816950063485], [-83.51398903346048, 9.04282941022401], [-83.5082692394001, 9.034939530744063], [-83.49785831652885, 9.033547839045358], [-83.4941357316963, 9.027999793434422], [-83.49638232252306, 9.021345857052466], [-83.47435193053057, 9.00816304874569], [-83.47510296132681, 8.99972927953865], [-83.4695760268708, 8.996638464847239], [-83.43086770631298, 8.99086538158674], [-83.41678566589815, 8.976605204284148], [-83.4114258294915, 8.99541838474023], [-83.40402463150467, 8.995668732155266], [-83.3959511634246, 8.9861272187417], [-83.37823746313207, 8.982600328178908], [-83.36853237334283, 8.974829073460677], [-83.37066280889877, 8.95511310611622], [-83.35677767145076, 8.944665324706184], [-83.34211744479819, 8.94056874379382], [-83.33212985257825, 8.946537056415938], [-83.31816300334174, 8.94413701398289], [-83.29278023249164, 8.926333174232049], [-83.27999913387235, 8.931846842457865], [-83.26839959867579, 8.919731333556042], [-83.24747734398447, 8.913627431063505], [-83.24975247617847, 8.904679812598191], [-83.2339371486784, 8.884006583614696], [-83.2165259811613, 8.875990055626314], [-83.18589247968805, 8.843282292474111], [-83.17724314733934, 8.821189907223456], [-83.16665907572181, 8.811736865426113], [-83.16301830581013, 8.814131438398839], [-83.173938582564, 8.77819613657753], [-83.17213348698951, 8.752765876916612], [-83.17978291671143, 8.737435902070235], [-83.18656363681981, 8.736519768064792], [-83.19038869573677, 8.744095811786783], [-83.20418495973888, 8.744387370989775], [-83.21650344704827, 8.757420499832143], [-83.21978888066133, 8.753884324357708], [-83.22620729451141, 8.758867032367883], [-83.22493321836329, 8.7665943741323], [-83.23384964501977, 8.76534551078331], [-83.23306979396683, 8.773152200072682], [-83.24697113796842, 8.773363744269938], [-83.24891074476034, 8.778984335715277], [-83.24826608705833, 8.772349301971078], [-83.25612610769561, 8.766873006693103], [-83.27423248719273, 8.769043734325692], [-83.27741267862281, 8.760407386251563], [-83.2863636307862, 8.759885259950838], [-83.28738398383284, 8.747207061750686], [-83.29429288590127, 8.743468720631324], [-83.29893318713874, 8.725692732080471], [-83.32148056661458, 8.728474931945366], [-83.32135699790787, 8.721935429537293], [-83.32990370223723, 8.718714282838539], [-83.33540511774505, 8.724847912159436], [-83.33071538593649, 8.724592985691398], [-83.34717991575401, 8.73630208012275], [-83.3544706440288, 8.732335267506242], [-83.3674677732002, 8.738178136102528], [-83.37267990644706, 8.734947736834265], [-83.37435024349706, 8.743883302809559], [-83.38104231191421, 8.746487157079272], [-83.3796965876904, 8.739885110705995], [-83.39113194617488, 8.730515419456998], [-83.39494239850022, 8.73615921766148], [-83.39770518273428, 8.73316318293168], [-83.40405543617253, 8.736371871527318], [-83.41776575167205, 8.719589415530923], [-83.43262600018632, 8.7135136013769], [-83.44404744641746, 8.724846587672333], [-83.45547749728199, 8.721721709862699], [-83.46530058118994, 8.726141962276946], [-83.46962289128759, 8.719616621004818], [-83.47891323212274, 8.720935111368265], [-83.48470628129358, 8.710895389008517], [-83.48405949837162, 8.697456373291976], [-83.47481554246008, 8.693258349850787], [-83.4768320443577, 8.697172688953339], [-83.4719027298724, 8.701468013867137], [-83.47303312222444, 8.696403134020079], [-83.46815170629813, 8.693875605698135], [-83.47211168730828, 8.688044561482675], [-83.48149283219077, 8.68998577623972], [-83.47917865851835, 8.685428183396827], [-83.48625417592494, 8.676405037272788], [-83.48106445857174, 8.667669754034153], [-83.48409497854674, 8.640616378618923], [-83.47891671136074, 8.639843334480071], [-83.47638364580078, 8.633207158247393], [-83.4804582402006, 8.623142878291135], [-83.49494838223424, 8.616634453662607], [-83.49704311999955, 8.604099845158819], [-83.51927406525361, 8.595078071579712], [-83.52336343393917, 8.585724764475525], [-83.52829107676233, 8.585008457038759], [-83.5676578713527, 8.602961217453116], [-83.57306478854116, 8.60951760317501], [-83.56804010008325, 8.613368550373012], [-83.57330198058324, 8.624350962860332], [-83.58592650423125, 8.633534049679454], [-83.57887414114794, 8.618340767184874], [-83.58559395480337, 8.611678709301307], [-83.5985382814183, 8.612086999540997], [-83.60989437052388, 8.626730004984307], [-83.61922170048416, 8.62378783989722], [-83.62708190306316, 8.629386631420537], [-83.62971565784144, 8.607232221518629], [-83.64399435366917, 8.59421714813632], [-83.62702561467745, 8.577002975059234], [-83.60778557990606, 8.572755370500387], [-83.59347443601695, 8.560911200488402], [-83.61272740931895, 8.5486153934686], [-83.62383211446108, 8.53457190582546], [-83.63392591007512, 8.53506257744309], [-83.63101848690751, 8.525133631646277], [-83.62231886609621, 8.523171644884055], [-83.6191352709386, 8.514773833123453], [-83.60860969652074, 8.512189389032322], [-83.60979980217, 8.507105366953075], [-83.62324550574955, 8.504342689553507], [-83.64450073030719, 8.520599776964245], [-83.64406812552743, 8.524403901230329], [-83.65283138242846, 8.52543454412222], [-83.7008787726786, 8.578731158107376], [-83.7171046731601, 8.586098435970545], [-83.72269824553258, 8.583116838359604], [-83.73156673559184, 8.591524748054304], [-83.73524068762664, 8.621767423535834], [-83.73951241225497, 8.623522311234867], [-83.7355425989515, 8.622576015589432], [-83.72987985459099, 8.63013248082204], [-83.73166990653404, 8.642677738706709], [-83.71393457788683, 8.650259751349601], [-83.71593910940088, 8.675216516087636], [-83.70753850664988, 8.68783098805337], [-83.67545468720652, 8.696236957507205], [-83.66534287111826, 8.690609454613343], [-83.6535019241264, 8.697776852231735], [-83.64939120465317, 8.731485236816603], [-83.6388307578788, 8.735898723344748], [-83.63703996041353, 8.738469804441953], [-83.64127239129469, 8.737315941341608], [-83.64735525282033, 8.767784950316736], [-83.63707840354151, 8.774141802999667], [-83.61904870010966, 8.773715833696322], [-83.6158727248074, 8.785336334080775], [-83.61159958385505, 8.78258256671805], [-83.6086889957224, 8.786428866575486], [-83.61522125650477, 8.78752275755916], [-83.61477281804866, 8.793191272738923], [-83.5886422662882, 8.795435464064315], [-83.59411510295695, 8.80361521414152], [-83.61194222177954, 8.80713986487061], [-83.62246493325719, 8.797504055446817], [-83.62507120970008, 8.783818562331733], [-83.63793289018538, 8.778150382026096], [-83.64660131004806, 8.79331407822133], [-83.65252332600852, 8.793961833683536], [-83.63571188377178, 8.817385394137474], [-83.60921233195127, 8.826635579339138], [-83.59784066522826, 8.84551879772131], [-83.58711362248856, 8.843434811644029], [-83.58077086352942, 8.848191217861206], [-83.5942915195976, 8.865825236572093], [-83.61843609845944, 8.875403906135265], [-83.61855596677285, 8.89452533077644], [-83.61532290908136, 8.897597748044442], [-83.61033305722586, 8.892341956604048], [-83.603066045564, 8.900151046711361], [-83.61096575315146, 8.914749965042105], [-83.60622001870104, 8.911878491249501], [-83.60401726929108, 8.917279485915907], [-83.60805322704455, 8.922048656169483], [-83.62270866204837, 8.917646273908101], [-83.62041574032436, 8.92899013234749], [-83.62746948607654, 8.946785953902555], [-83.62024204036207, 8.954535231240444], [-83.62670566424545, 8.955772479030143], [-83.63072914203148, 8.96305339862626], [-83.63231860004258, 9.012270123028122], [-83.64494878175066, 9.04769193079991], [-83.63480984962857, 9.045529270630519], [-83.62977440702458, 9.026896348134503], [-83.62215431517052, 9.027437049981751], [-83.6223580795256, 9.043076119857657], [-83.6289464421631, 9.049831851320652], [-83.63732709456363, 9.050671569444123], [-83.65499374401823, 9.068276394417678], [-83.65653855558743, 9.059965555538529], [-83.66016274000177, 9.06045681172263], [-83.67039102570534, 9.0788223363068], [-83.67930488441893, 9.083266079180584], [-83.67823985941783, 9.090273793329736], [-83.68892011577925, 9.095455604922895], [-83.68650949565314, 9.099649164390215], [-83.69500406280969, 9.111796790081943], [-83.7211478789531, 9.132495678433559], [-83.72744358297518, 9.144684746148712], [-83.74764518457525, 9.152718956919305], [-83.7610595224432, 9.1476583050849], [-83.75875642998358, 9.165474934727346], [-83.77880364230032, 9.192566841827606], [-83.79511492881157, 9.203981532010005], [-83.80477139362716, 9.204274641983735], [-83.818118439382, 9.213514450054618], [-83.82310211896213, 9.211784635513512], [-83.83859957330336, 9.222608554930424], [-83.84408257877324, 9.220825049271506], [-83.84317476507091, 9.233982462615094], [-83.86932454608355, 9.254568159085608], [-83.86266097825192, 9.259617143211928], [-83.85881308091358, 9.276731505268316], [-83.85342247952575, 9.280791399912006], [-83.84658857617192, 9.261481096955066], [-83.83994123083205, 9.255734834150317]]]]}}, {"type": "Feature", "properties": {"admin2_pcode": "CR609", "admin2_name": "Parrita", "admin1_name": "Puntarenas"}, "geometry": {"type": "Polygon", "coordinates": [[[-84.55548195581837, 9.538996160594067], [-84.54519025899343, 9.53803392384819], [-84.54778276842532, 9.545802318687167], [-84.54104172264864, 9.548911215844013], [-84.54588121003749, 9.552596104791698], [-84.5273389551837, 9.575953717299148], [-84.48499976695675, 9.56973960515308], [-84.48271789317899, 9.576581383421546], [-84.47411850598654, 9.572566179711142], [-84.47039388495958, 9.575850661745202], [-84.46459790385488, 9.570230578859887], [-84.45820914348946, 9.582123958784587], [-84.44173848686404, 9.575333462782087], [-84.43079390184973, 9.556329746309403], [-84.43038568120389, 9.560096366187219], [-84.42504729007736, 9.558898624877035], [-84.4278981890796, 9.565107480114559], [-84.42294111373579, 9.561949499127445], [-84.42375820848024, 9.569019917890571], [-84.41323668035676, 9.574522715483628], [-84.41476630662898, 9.583107145847814], [-84.40222602115138, 9.58227642239689], [-84.39256202846698, 9.600130287773403], [-84.39818066873305, 9.609747331287119], [-84.3944712948151, 9.620960413658942], [-84.3971104807452, 9.636599585986842], [-84.386748368282, 9.638304883544084], [-84.38300426241618, 9.632771109939995], [-84.37604592638274, 9.639551416193987], [-84.36580314530877, 9.631535364136251], [-84.36031008423399, 9.638450172364948], [-84.35205881013422, 9.639048102377007], [-84.3441286630608, 9.630169683927681], [-84.33569520855177, 9.640335021887882], [-84.32398025398471, 9.636468952532663], [-84.30451227240165, 9.644174248644394], [-84.30385886280663, 9.64964038476873], [-84.29649541200635, 9.646638079103244], [-84.29581005167559, 9.634224516624439], [-84.28827366325089, 9.637911866197289], [-84.28461912316564, 9.629759179843196], [-84.26972202691053, 9.631698532973816], [-84.2386176831747, 9.622412906210156], [-84.22565259685105, 9.628131014481951], [-84.2177291700328, 9.620789674051666], [-84.19092130380767, 9.617463459220613], [-84.18178424885505, 9.624278679120103], [-84.15026498790428, 9.62930676570146], [-84.14249568955617, 9.614245750588076], [-84.13928750537492, 9.589521363516102], [-84.14317081754066, 9.581044297303974], [-84.13494280950938, 9.571730660341588], [-84.1701422298366, 9.554292094208], [-84.17351368437846, 9.547302230954283], [-84.18706812634905, 9.546707961209387], [-84.18333084068966, 9.532108324549025], [-84.1962649575562, 9.524408548507866], [-84.2014907369454, 9.515540870480017], [-84.21412334540858, 9.510441457500223], [-84.23517507257691, 9.51551944386227], [-84.25328320211501, 9.498069693549292], [-84.22581473692041, 9.463865405569734], [-84.1873703097039, 9.45410100629071], [-84.18570763373617, 9.446305665878869], [-84.24865822619668, 9.470943603591948], [-84.25699950880856, 9.482318923770983], [-84.26942218024091, 9.47798653455508], [-84.33626319252026, 9.491015690113196], [-84.33596267443662, 9.494770662122916], [-84.41533746342773, 9.511209472686883], [-84.42025403660982, 9.517306640430284], [-84.42522274704174, 9.513900819051262], [-84.4732975865177, 9.528919194835309], [-84.49741694062867, 9.528360059017482], [-84.53277371179878, 9.518070230296898], [-84.55548195581837, 9.538996160594067]]]}}, {"type": "Feature", "properties": {"admin2_pcode": "CR601", "admin2_name": "Puntarenas", "admin1_name": "Puntarenas"}, "geometry": {"type": "MultiPolygon", "coordinates": [[[[-87.04785907796371, 5.556411939470762], [-87.0390864864064, 5.545517383289046], [-87.03703011778681, 5.551290865799648], [-87.03203968918089, 5.550717588926813], [-87.02777806035957, 5.533940281477388], [-87.03038627040713, 5.527449460811247], [-87.05660797113849, 5.513418301621207], [-87.06667480272681, 5.512858061556718], [-87.07368453654611, 5.499314211719842], [-87.07890466714024, 5.5013206755064], [-87.09436587869274, 5.518877950254188], [-87.09099048618121, 5.531035479873171], [-87.07161640807118, 5.542977331577159], [-87.0596529455581, 5.542391125240199], [-87.05735520744385, 5.5460039371560494], [-87.06197339891683, 5.549643358197029], [-87.05299023645546, 5.549970927151574], [-87.04785907796371, 5.556411939470762]]], [[[-85.11202467381963, 9.54392705299654], [-85.11064354658421, 9.541586766643904], [-85.1122826792038, 9.537078215044327], [-85.11389989035747, 9.542329779618418], [-85.11202467381963, 9.54392705299654]]], [[[-85.08017315775413, 9.593763828630227], [-85.08155113159334, 9.595186716117308], [-85.08142925295923, 9.59658182575329], [-85.08086650543498, 9.596397239257275], [-85.08017315775413, 9.593763828630227]]], [[[-84.89530005899687, 9.773250962631053], [-84.88688235901459, 9.773018752031193], [-84.88391766666949, 9.77005043696723], [-84.89549459330651, 9.763398584833116], [-84.90176909029861, 9.771404995477672], [-84.89530005899687, 9.773250962631053]]], [[[-84.89927888764845, 9.78385291607471], [-84.89763973041426, 9.776152551180147], [-84.90332567004313, 9.773640608878829], [-84.90409368775681, 9.783515452703828], [-84.89927888764845, 9.78385291607471]]], [[[-84.84971942982988, 9.823445590324736], [-84.8599274405376, 9.815946716409744], [-84.86508443948298, 9.819256018385182], [-84.85930205208624, 9.823364351457839], [-84.84971942982988, 9.823445590324736]]], [[[-84.83932023371408, 9.826073518945803], [-84.83851881834397, 9.824989391005897], [-84.82347239147036, 9.822706253682165], [-84.84170786341889, 9.822294042357598], [-84.83932023371408, 9.826073518945803]]], [[[-84.88814178194235, 9.841401547224558], [-84.89539072545809, 9.839283102160554], [-84.8966063584468, 9.84027926705612], [-84.8899054849814, 9.845454679923678], [-84.88814178194235, 9.841401547224558]]], [[[-84.91637166329431, 9.846936213450133], [-84.91763510394775, 9.846561259522504], [-84.91799090779993, 9.846854239020313], [-84.91619825295747, 9.847641124242895], [-84.91637166329431, 9.846936213450133]]], [[[-84.86179355728001, 9.847651849292843], [-84.8638871026836, 9.848234944483574], [-84.86471946796331, 9.849311053832329], [-84.86265853982528, 9.84918738770469], [-84.86179355728001, 9.847651849292843]]], [[[-84.86812547370182, 9.851492428025422], [-84.8650560713151, 9.850071062469198], [-84.8764224207425, 9.845095069531277], [-84.87147984189052, 9.840967421211797], [-84.89008354983673, 9.83694661461043], [-84.88071301855967, 9.840937611617825], [-84.8812243275509, 9.851139953457327], [-84.86812547370182, 9.851492428025422]]], [[[-84.91284874428429, 9.868163329878204], [-84.91342091703797, 9.868182666356805], [-84.91176063381818, 9.869131026122501], [-84.91202555719885, 9.868691514799272], [-84.91284874428429, 9.868163329878204]]], [[[-84.91086064502815, 9.868585350179428], [-84.90999145002147, 9.87010652644484], [-84.90914684407382, 9.870067394684197], [-84.90946518713854, 9.869033428371807], [-84.91086064502815, 9.868585350179428]]], [[[-84.90829698916734, 9.870994112196867], [-84.90873297868673, 9.871040677164492], [-84.90778719854708, 9.871623072094366], [-84.90783427188508, 9.871237948528625], [-84.90829698916734, 9.870994112196867]]], [[[-84.91756473452622, 9.881518412275048], [-84.92037000153461, 9.88148525740124], [-84.9213361328515, 9.8828104773714], [-84.92081899206292, 9.883253578964801], [-84.91756473452622, 9.881518412275048]]], [[[-84.92024509835075, 9.884139064164392], [-84.92148225611689, 9.884108463885601], [-84.91813212280574, 9.885226763981946], [-84.91969919083229, 9.88459643842403], [-84.92024509835075, 9.884139064164392]]], [[[-84.92511704901976, 9.889595019535221], [-84.92180661963047, 9.888701746918038], [-84.92329288011001, 9.882907106274196], [-84.92826492499357, 9.887977654186479], [-84.92511704901976, 9.889595019535221]]], [[[-84.87717604906, 9.91114098775976], [-84.87815990328882, 9.91050205535375], [-84.88160719521593, 9.910686604739302], [-84.8790936850482, 9.91277931387299], [-84.87717604906, 9.91114098775976]]], [[[-84.89925764314214, 9.923175055110557], [-84.902570648436, 9.923164345366505], [-84.90253746520206, 9.9261252337405], [-84.90009974340208, 9.924972911322428], [-84.89925764314214, 9.923175055110557]]], [[[-84.91313645535344, 9.926657746750893], [-84.91384596558484, 9.927046685173375], [-84.91384661143283, 9.927415132034993], [-84.91333109891671, 9.927251888096256], [-84.91313645535344, 9.926657746750893]]], [[[-84.92417165377165, 9.927339895582643], [-84.92451570094713, 9.927267698500351], [-84.92461037683167, 9.927449174670839], [-84.9241499679406, 9.927626123888412], [-84.92417165377165, 9.927339895582643]]], [[[-84.92265578808555, 9.927116764430945], [-84.9233999529224, 9.927280629618624], [-84.92352249166386, 9.927528123925597], [-84.9227290108498, 9.927722083007362], [-84.92265578808555, 9.927116764430945]]], [[[-84.92513198372129, 9.927343756291974], [-84.92572110923292, 9.927739058365002], [-84.92564399515325, 9.928052926370393], [-84.92505474353356, 9.927586105052148], [-84.92513198372129, 9.927343756291974]]], [[[-84.89764202038745, 9.952276984865223], [-84.89335919945412, 9.950897838546855], [-84.89810910839073, 9.944779068026374], [-84.89091050051526, 9.937144486823438], [-84.8935099304719, 9.9336695157584], [-84.9064614241518, 9.930641825491936], [-84.91839123199723, 9.934946447736795], [-84.92058040896006, 9.944965650847683], [-84.9059869836066, 9.943953029667734], [-84.90295627719595, 9.952039346198854], [-84.91065085749298, 9.952032493745389], [-84.89764202038745, 9.952276984865223]]], [[[-85.06087193819835, 9.972787748179806], [-85.0618484528903, 9.973206870011381], [-85.06085877403572, 9.973973373254985], [-85.06048048623092, 9.973693391910892], [-85.06087193819835, 9.972787748179806]]], [[[-85.06013748479522, 9.975160525878458], [-85.06269841652363, 9.973314286938452], [-85.06449233764575, 9.973310467576372], [-85.0641811791751, 9.9749648374366], [-85.06013748479522, 9.975160525878458]]], [[[-85.07251557120476, 9.979564826341669], [-85.06770876361284, 9.976220970812832], [-85.06765457133751, 9.97302297870197], [-85.07398864844906, 9.977226631294375], [-85.07251557120476, 9.979564826341669]]], [[[-85.06604526988679, 9.992729576250268], [-85.05080571391412, 9.98975070734058], [-85.0415506213988, 9.981361118520882], [-85.06531471781356, 9.982450552735841], [-85.05880574759773, 9.977877773519149], [-85.06563333084016, 9.97700533687705], [-85.07513036355647, 9.98076042828627], [-85.0729544961463, 9.985928720611373], [-85.07993592674528, 9.98348014030036], [-85.08451246121885, 9.989273535909806], [-85.06604526988679, 9.992729576250268]]], [[[-85.00516658948753, 9.994381139554632], [-84.98942740849128, 9.995599686584214], [-84.98822209021479, 9.990882445908325], [-84.96031834410525, 9.986477823940612], [-84.95938216165827, 9.980776481919523], [-84.9789476667355, 9.981168977651908], [-85.01329238722384, 9.993158618463404], [-85.00516658948753, 9.994381139554632]]], [[[-85.04959161997809, 10.006217655884289], [-85.020597389021, 10.000736495748432], [-85.01819141818773, 9.997970420913354], [-85.02811602218699, 9.996525216490674], [-85.04959161997809, 10.006217655884289]]], [[[-85.16093690887953, 10.015715178524728], [-85.13207396636815, 9.99004727573245], [-85.1193739674776, 9.991726992381635], [-85.11696887772807, 9.97960496292188], [-85.09620304413096, 9.972798324345222], [-85.09502188068292, 9.967957030334407], [-85.07827615522056, 9.979186680166162], [-85.0732777406879, 9.974701529768415], [-85.07916493513392, 9.974697095691418], [-85.07693875602253, 9.971023420613067], [-85.0822133709734, 9.973163504402518], [-85.08361162605955, 9.968493064696803], [-85.06875173273778, 9.970852547667647], [-85.07692382719068, 9.967208970124002], [-85.07512934782955, 9.96595105856868], [-85.06588821089619, 9.966668906331169], [-85.06615927683957, 9.971985120661325], [-85.06026229381476, 9.970698979276923], [-85.06045239699488, 9.972915930886558], [-85.05944337488094, 9.97489031689331], [-85.05996379148216, 9.969805292186212], [-85.0566995017389, 9.968832039469222], [-85.05855402728754, 9.97502695086274], [-85.05161052559392, 9.975568151558285], [-85.03953783527288, 9.963856946113292], [-85.0237482754743, 9.958902575234541], [-85.02072570909928, 9.949120347022603], [-85.00753131345553, 9.937679351477673], [-84.98137754283226, 9.936207132111122], [-84.95915093201285, 9.941744661645332], [-84.93368987028377, 9.93207258048525], [-84.93473934890422, 9.926751908254486], [-84.92157096871755, 9.925387456074532], [-84.91430248673672, 9.904054504607647], [-84.9314923455652, 9.897924505587644], [-84.93810471220088, 9.880936394815102], [-84.92036535174053, 9.868822827464218], [-84.92059175926396, 9.86098775661377], [-84.90977141242664, 9.858647997896119], [-84.90619590251185, 9.852611769987403], [-84.9123226077603, 9.85532578041253], [-84.92318094844572, 9.850731915084951], [-84.92381675207291, 9.84292583108869], [-84.93458508582944, 9.83524732213776], [-84.92056238883941, 9.824892147287425], [-84.89567630978594, 9.834089654698225], [-84.86380348991509, 9.829075214567588], [-84.8772135294379, 9.822102655695094], [-84.88016468513283, 9.812660672132195], [-84.8957812997979, 9.815258693941354], [-84.90009334979786, 9.81044635521042], [-84.90358078750654, 9.813930817129243], [-84.90107751470202, 9.798239057924198], [-84.92396416034282, 9.792117669724998], [-84.92496277167234, 9.783546465642347], [-84.9190241516179, 9.784625069957757], [-84.93121677197007, 9.773029782707875], [-84.92922058739056, 9.763577410014907], [-84.93407199870475, 9.75705536467545], [-84.94291092607232, 9.761261454213768], [-84.95459807601121, 9.756381211021928], [-84.95622154924297, 9.747553073371506], [-84.95053230926902, 9.732881379238892], [-84.95527464940861, 9.727629217110854], [-84.9738996249462, 9.730776126488793], [-84.97873250018017, 9.739985585936072], [-84.98700338207098, 9.740802097898724], [-84.99238214827656, 9.746200783270142], [-84.98863884862845, 9.748692483697596], [-84.99257317946403, 9.749818216160847], [-85.00868975651633, 9.740992315005137], [-85.01490778092777, 9.732146548087627], [-85.01643881442777, 9.716032791505269], [-84.99851695731026, 9.711232943621447], [-84.99890853716096, 9.698770234570565], [-85.00769984867651, 9.689917035919533], [-85.03647030535548, 9.681340538332988], [-85.04225179564952, 9.671500547696429], [-85.05545892954619, 9.666401457856265], [-85.06812189920642, 9.653240267647988], [-85.07789768359254, 9.62888932765201], [-85.0780547517494, 9.615690905079322], [-85.09254523425481, 9.585843101601967], [-85.0913441190217, 9.570985449543514], [-85.10794259541858, 9.566514812574134], [-85.11073148111062, 9.55817466209105], [-85.11695199236502, 9.559762277646357], [-85.11437762310469, 9.564765972353044], [-85.1216714932333, 9.572913583990607], [-85.13107482714389, 9.571720086371005], [-85.14155875928137, 9.580214650354398], [-85.14500003894597, 9.61532803612056], [-85.1961426765975, 9.668144147479893], [-85.21944280619944, 9.719476375656164], [-85.23175199438019, 9.733975092565782], [-85.21625945910633, 9.727529542922683], [-85.21915603154758, 9.743219795890576], [-85.21167682039518, 9.741522145388462], [-85.21210178702007, 9.746370473436597], [-85.20359841779532, 9.747635217741893], [-85.20383899995541, 9.754940198064544], [-85.1977515072832, 9.757726198506557], [-85.19922413008074, 9.769027308421363], [-85.18009911301547, 9.7820945298932], [-85.18355768405854, 9.787880330268061], [-85.18947801194338, 9.781426439187875], [-85.19368110849649, 9.786580530068042], [-85.19023760348244, 9.793280415448503], [-85.1952271428655, 9.7954882354491], [-85.19519742151175, 9.802620765854346], [-85.1890508875833, 9.807532275890239], [-85.19319420873612, 9.814009051718772], [-85.18453689650508, 9.817950561295849], [-85.18892150142806, 9.825654844278443], [-85.18576716666045, 9.832071179302943], [-85.19014249656827, 9.835748237901752], [-85.18374177518871, 9.837423850614462], [-85.18631962319641, 9.843786989827429], [-85.1785553827379, 9.846685493464474], [-85.17596197304228, 9.854755133918747], [-85.18244938091107, 9.853435087232304], [-85.19835346095218, 9.861002139481213], [-85.20477086422692, 9.885701100032117], [-85.21480964574533, 9.890164830435522], [-85.21670166827792, 9.90167893877449], [-85.22884513284076, 9.900767006679237], [-85.2319259552518, 9.907107524588561], [-85.25071245801479, 9.909023065487075], [-85.27216850494523, 9.919139603568643], [-85.27650752323984, 9.915304346388647], [-85.27971365275967, 9.921460744576935], [-85.26838972979594, 9.937367709465988], [-85.27304603884647, 9.951458335108969], [-85.26825070582503, 9.963241440227723], [-85.25443718182801, 9.964122098353366], [-85.24742813489291, 9.972935392267448], [-85.23627573210631, 9.967591499439672], [-85.21873452415579, 9.972431985665656], [-85.18625385379369, 9.970229674712597], [-85.16095118677406, 9.987597238609126], [-85.17042718703304, 10.009373752705796], [-85.16093690887953, 10.015715178524728]]], [[[-84.97495303979773, 10.066312390218839], [-84.9758729623798, 10.066134001614037], [-84.9764976576808, 10.066691643124209], [-84.97519305323618, 10.067635804326233], [-84.97495303979773, 10.066312390218839]]], [[[-84.978403914737, 10.06974780595676], [-84.97760266606406, 10.06980822220621], [-84.97712734405727, 10.069632686085793], [-84.97863883015015, 10.068599841183948], [-84.978403914737, 10.06974780595676]]], [[[-85.16086784500382, 10.125226712984542], [-85.10486703649688, 10.107124716151889], [-85.11646539192083, 10.101047093553492], [-85.1181361552767, 10.104383907026788], [-85.12298913033223, 10.104705810484543], [-85.12343096905295, 10.09570015494369], [-85.11815947418856, 10.0912640838921], [-85.10105729639548, 10.098245729576574], [-85.09372791947737, 10.095767992310893], [-85.09705357699752, 10.087944426501547], [-85.14224741909786, 10.072955385350612], [-85.1798020083203, 10.081607311422669], [-85.19743611207554, 10.115761514979068], [-85.18046746005753, 10.124844946437902], [-85.16086784500382, 10.125226712984542]]], [[[-84.81509751680643, 10.330523282717404], [-84.8051009020717, 10.331025513485317], [-84.80347147446876, 10.325762685878509], [-84.7939834674337, 10.32297056676913], [-84.78231435352453, 10.291490199633891], [-84.76688722674659, 10.279690013052797], [-84.76597588074101, 10.263010275599513], [-84.75709692696613, 10.256266262877874], [-84.73105504696987, 10.250669474770506], [-84.72143129191565, 10.261188733159592], [-84.72269252002593, 10.268543059801035], [-84.70233702158022, 10.263063485523322], [-84.69227069725349, 10.274356003342566], [-84.67888741370835, 10.243224499180588], [-84.68376076901755, 10.225968489052837], [-84.71827265634788, 10.2064620971065], [-84.76465289421266, 10.157383776425817], [-84.77225396512254, 10.152156216322837], [-84.78277779392953, 10.153419286943121], [-84.79254168071374, 10.14491595642974], [-84.79642052161464, 10.147362601434978], [-84.79570619385689, 10.141061634843211], [-84.81045918000964, 10.125509456301929], [-84.81215558378554, 10.117766386972814], [-84.80960511539934, 10.10026218854738], [-84.80488817247083, 10.104878564081137], [-84.79152975890636, 10.100641172959287], [-84.79487655537926, 10.09578351974777], [-84.78892977388547, 10.083308979537833], [-84.7930949313578, 10.078936660937963], [-84.79123379212793, 10.071076769637386], [-84.77922320247814, 10.064455969624701], [-84.78392411634015, 10.047975398196431], [-84.77101706194736, 10.042976470787886], [-84.76237950496757, 10.026948239701392], [-84.74550046621005, 10.023256115151803], [-84.73697722206396, 10.00851169366497], [-84.71360564870767, 10.026856650733881], [-84.70487292202282, 10.021370944140294], [-84.70175315202005, 10.029970779351027], [-84.7056264677139, 10.03727542928081], [-84.70098528812858, 10.040832656968128], [-84.66138842596206, 10.030074467761844], [-84.66879025823012, 10.00726792412538], [-84.67796847812507, 10.008282225713586], [-84.6838710484604, 10.001712432777996], [-84.69195485273802, 10.001911467747], [-84.6955272437862, 9.992840847695991], [-84.70485115755349, 9.992058185249995], [-84.7144427474813, 9.982546465471284], [-84.71924568837593, 9.96896751423837], [-84.73712917976428, 9.958621479120273], [-84.74194485738843, 9.969613894220108], [-84.77641141707316, 9.979004524142455], [-84.85141315601052, 9.975419513822498], [-84.8152575581161, 9.98276222367809], [-84.78720690567117, 9.981436907010172], [-84.79533274953366, 9.982411692559733], [-84.79599657444501, 9.985605883412632], [-84.79160236745147, 9.984725809426287], [-84.79538168248429, 9.987104059801446], [-84.7984724333214, 9.983757310315875], [-84.82712465592805, 9.989054060520782], [-84.8341409246058, 9.986355213575832], [-84.86336574792098, 10.004106627579073], [-84.87874395364761, 10.007394444645604], [-84.89863692954286, 10.02665349141718], [-84.90876381289587, 10.027632169960475], [-84.92054438416741, 10.03850579383456], [-84.92790777133358, 10.038143047475401], [-84.94584074526283, 10.062017931953259], [-84.95356202774349, 10.05889832654016], [-84.96766888327203, 10.064337695264646], [-84.96608750053828, 10.068920924212573], [-84.9587290683635, 10.067257096748218], [-84.9524106460817, 10.069775242482006], [-84.9584177511756, 10.069847304101202], [-84.96350592952032, 10.085468223301644], [-85.00314304184943, 10.103130021086685], [-85.02536092723861, 10.131425386943345], [-85.04623334483776, 10.140912039986926], [-85.05889025985195, 10.133161227252392], [-85.0792212596712, 10.138423760591722], [-85.07805288624424, 10.143918827255614], [-85.07089657169051, 10.145544794805174], [-85.07625710331463, 10.156933299941917], [-85.06701539002621, 10.158307111441056], [-85.06699846093689, 10.167498233570297], [-85.06227726965678, 10.16202549315142], [-85.05781668793858, 10.167367440956099], [-85.04866433395985, 10.159620790399368], [-85.04165431576534, 10.163434400881213], [-85.03937069063485, 10.159215414110855], [-85.02768676516568, 10.159316894203595], [-85.02741717569579, 10.169851091639801], [-85.03431880368859, 10.172108214700941], [-85.03970087359272, 10.191567152350231], [-85.02767051305271, 10.20127681083876], [-85.02565858183205, 10.186685569512937], [-85.00375733856833, 10.172627366286324], [-85.00406092494046, 10.160584737404442], [-84.983233945136, 10.150292584200693], [-84.97992470212198, 10.141509898287024], [-84.9715364554914, 10.139115607074515], [-84.94902494738896, 10.118843670752538], [-84.92093393513561, 10.11120731609674], [-84.92732277833197, 10.115129968626677], [-84.92418625099823, 10.119946547093095], [-84.9293144147929, 10.127366241634732], [-84.92500125754017, 10.131731005244394], [-84.93272207847531, 10.154139309792575], [-84.91674436960524, 10.16285945669557], [-84.90604526010347, 10.178041711973327], [-84.88704590972563, 10.180607782151764], [-84.87489721040656, 10.188081128924248], [-84.87414785779596, 10.199818722790964], [-84.8896717403414, 10.212953115569135], [-84.8723647408581, 10.241897512578028], [-84.87099012246935, 10.264236141876813], [-84.86307300546432, 10.280845851221784], [-84.84729273178057, 10.287624054181547], [-84.84369009503622, 10.293637926894732], [-84.84458702325374, 10.311638491143071], [-84.83690582655916, 10.330718537583145], [-84.82631881092894, 10.33733756089348], [-84.81509751680643, 10.330523282717404]]]]}}, {"type": "Feature", "properties": {"admin2_pcode": "CR112", "admin2_name": "Acosta", "admin1_name": "San Jose"}, "geometry": {"type": "Polygon", "coordinates": [[[-84.14632787000265, 9.86005068776397], [-84.13612908254655, 9.84664820894821], [-84.1419074499816, 9.817062136999937], [-84.13863146912162, 9.811399258872203], [-84.13194314586234, 9.810731222598456], [-84.13257339264564, 9.804000862197984], [-84.15154000677725, 9.784869719413122], [-84.14515584089123, 9.781676772391773], [-84.16271288302998, 9.776344321801314], [-84.1629250290799, 9.764838133432644], [-84.13445180018222, 9.728078555488333], [-84.14121679112188, 9.721536758122504], [-84.15119571245023, 9.720801558450203], [-84.15920864088305, 9.710121749672107], [-84.1683188077119, 9.712298618553929], [-84.17320182911888, 9.698510083628632], [-84.20449721986245, 9.681359907327199], [-84.20695534477069, 9.661998319476028], [-84.2140639646563, 9.654772706785959], [-84.21161640441416, 9.647969466977303], [-84.22081865657742, 9.640264872328618], [-84.22492923195682, 9.62801257289415], [-84.2386176831747, 9.62241290621015], [-84.26972202691053, 9.63169853297382], [-84.28461912316564, 9.629759179843196], [-84.2882736632509, 9.63791186619728], [-84.29678268840753, 9.63471262617837], [-84.29530347170422, 9.644298100417794], [-84.30407081840131, 9.649565323350458], [-84.30547497337629, 9.655865825216114], [-84.2967278586039, 9.67382252450101], [-84.30659585202497, 9.68326537790281], [-84.30876048930071, 9.698065374307797], [-84.3227612518306, 9.703174386388422], [-84.32844906394921, 9.711003257480849], [-84.33152906544761, 9.727768603584742], [-84.34133168980473, 9.741745877839593], [-84.33296525627098, 9.764490345987296], [-84.32590381074462, 9.766118988634632], [-84.31755901880176, 9.778353630951102], [-84.28503809427097, 9.777562897424737], [-84.2740164153966, 9.781849539643373], [-84.26710674739437, 9.792958546387332], [-84.26700362429757, 9.804009861264936], [-84.2605250903484, 9.81015808967752], [-84.22477353968586, 9.810370952432748], [-84.22069924743296, 9.814698967280572], [-84.22318821515661, 9.8340741700713], [-84.21495835866519, 9.847820876845311], [-84.21123927337071, 9.84101664770916], [-84.19584846512647, 9.838961993661153], [-84.16675916236707, 9.860595258869226], [-84.15387035312499, 9.859249487973024], [-84.15011294495528, 9.863535016186315], [-84.14632787000265, 9.86005068776397]]]}}, {"type": "Feature", "properties": {"admin2_pcode": "CR110", "admin2_name": "Alajuelita", "admin1_name": "San Jose"}, "geometry": {"type": "Polygon", "coordinates": [[[-84.11841619361005, 9.929843535401925], [-84.10826146045372, 9.912283938252731], [-84.0913364772345, 9.901317825370043], [-84.08396676183483, 9.886390838242745], [-84.11496624783187, 9.871234926003048], [-84.13612908254655, 9.84664820894821], [-84.14641201835184, 9.860203112548287], [-84.13695312317907, 9.862408550420401], [-84.13253362285039, 9.870448535857628], [-84.13443066567274, 9.879823697985186], [-84.12166766835998, 9.89509320769655], [-84.12172884625687, 9.93044730861696], [-84.11841619361005, 9.929843535401925]]]}}, {"type": "Feature", "properties": {"admin2_pcode": "CR106", "admin2_name": "Aserri", "admin1_name": "San Jose"}, "geometry": {"type": "Polygon", "coordinates": [[[-84.07979625615499, 9.875660141547915], [-84.08062823786305, 9.866712278961387], [-84.06052838367195, 9.862803123336176], [-84.06983300681763, 9.850412321298164], [-84.06269001241238, 9.831392163045964], [-84.07044953529893, 9.834091364135967], [-84.08255293274004, 9.83054818381353], [-84.07834616246312, 9.824490495608723], [-84.1038731405084, 9.826161339475671], [-84.08584308935632, 9.817413394269296], [-84.08908964358064, 9.804427692452357], [-84.10374504627161, 9.807946611258137], [-84.09494206125034, 9.795869418209698], [-84.09539549865644, 9.785692937673398], [-84.09929651906239, 9.780410351186228], [-84.09717019762523, 9.77400275623711], [-84.10983885264902, 9.76331496539942], [-84.09562601844516, 9.751672963425715], [-84.09935039564893, 9.743259872180932], [-84.0930613605658, 9.73010482135908], [-84.09174209639771, 9.70896113296642], [-84.11882503198761, 9.70523790407445], [-84.15036083969824, 9.677673610043481], [-84.15873916518218, 9.656623897452492], [-84.14645008940917, 9.648060482538112], [-84.15009318814398, 9.629147052377828], [-84.18178424885505, 9.624278679120108], [-84.19092130380767, 9.617463459220605], [-84.21896507205214, 9.621393770644731], [-84.22492923195682, 9.62801257289415], [-84.22081865657742, 9.640264872328618], [-84.21161640441416, 9.647969466977303], [-84.2140639646563, 9.654772706785959], [-84.20695534477069, 9.661998319476028], [-84.20449721986245, 9.681359907327199], [-84.17320182911888, 9.698510083628632], [-84.1683188077119, 9.712298618553929], [-84.15920864088305, 9.710121749672107], [-84.15119571245023, 9.720801558450203], [-84.14121679112188, 9.721536758122504], [-84.13403952834493, 9.728830721286485], [-84.16291252576833, 9.76772967293688], [-84.16271288302998, 9.776344321801314], [-84.14515584089123, 9.781676772391773], [-84.15154000677725, 9.784869719413122], [-84.13293056795504, 9.802310348761294], [-84.13194314586234, 9.810731222598456], [-84.13863146912162, 9.811399258872203], [-84.1419074499816, 9.817062136999937], [-84.1329633114653, 9.853420892800594], [-84.11395569449502, 9.87199106525675], [-84.10197083856265, 9.875186195150716], [-84.09354769726679, 9.870237349556625], [-84.07979625615499, 9.875660141547915]]]}}, {"type": "Feature", "properties": {"admin2_pcode": "CR118", "admin2_name": "Curridabat", "admin1_name": "San Jose"}, "geometry": {"type": "Polygon", "coordinates": [[[-84.01743919225682, 9.938132891853003], [-84.00800985501554, 9.938291498593491], [-84.00504180819968, 9.929803832240045], [-84.0173105551145, 9.906560862340086], [-84.01642796885002, 9.897803872508371], [-84.0274016563494, 9.89383183548066], [-84.03317238636089, 9.900234694716671], [-84.04921906648241, 9.90487782465485], [-84.05254349847421, 9.91377595834375], [-84.04554444127075, 9.927981731835207], [-84.01743919225682, 9.938132891853003]]]}}, {"type": "Feature", "properties": {"admin2_pcode": "CR103", "admin2_name": "Desamparados", "admin1_name": "San Jose"}, "geometry": {"type": "Polygon", "coordinates": [[[-84.07076504569918, 9.907907738408918], [-84.05782497380021, 9.900263820867764], [-84.04722704531508, 9.904023477241777], [-84.03317238636089, 9.900234694716671], [-84.02970320341898, 9.896963519629665], [-84.03416073958644, 9.893823711299726], [-84.04180277920631, 9.89629948699307], [-84.03318651312975, 9.884357181038256], [-84.00953819505823, 9.880986532479026], [-83.99823713856281, 9.87625646513217], [-83.9986445739138, 9.871492628635917], [-84.0163758242917, 9.854797402989353], [-84.01687524822576, 9.844093308518968], [-84.02526197293301, 9.839819963708784], [-84.02971722201447, 9.825916623546378], [-84.04575101740963, 9.813678172036218], [-84.07539405606595, 9.801761297396473], [-84.0885390434069, 9.769400132824437], [-84.07163750430276, 9.763730714282591], [-84.0499464051654, 9.767584853174142], [-84.03128665260861, 9.7643479275173], [-84.00210392710711, 9.77877605967352], [-83.99671133184165, 9.785859134252881], [-83.98779250401364, 9.771271634504286], [-83.98179845194338, 9.769923709843425], [-83.9793188347084, 9.744944557663304], [-83.95091750337231, 9.739177096791225], [-83.94898912419039, 9.714023329296248], [-83.95625489543659, 9.732166883129073], [-83.96304888765151, 9.735634813950876], [-84.00244377619315, 9.737049662859668], [-84.01307695493388, 9.742286691503237], [-84.01789506872788, 9.73856433621777], [-84.05300361648308, 9.744248203311257], [-84.08184290584856, 9.741518704612002], [-84.10949076397928, 9.760837609057852], [-84.10810213954518, 9.767463292832668], [-84.09717019762523, 9.77400275623711], [-84.09929651906239, 9.780410351186228], [-84.09539549865644, 9.785692937673398], [-84.09494206125034, 9.795869418209698], [-84.10374504627161, 9.807946611258137], [-84.08908964358064, 9.804427692452357], [-84.08584308935632, 9.817413394269296], [-84.1038731405084, 9.826161339475671], [-84.07834616246312, 9.824490495608723], [-84.08255293274004, 9.83054818381353], [-84.07044953529893, 9.834091364135967], [-84.06269001241238, 9.831392163045964], [-84.06983300681763, 9.850412321298164], [-84.06052838367195, 9.862803123336176], [-84.08062823786305, 9.866712278961387], [-84.07979625615499, 9.875660141547915], [-84.09354769726679, 9.870237349556625], [-84.10417233906215, 9.875014703379259], [-84.09626148184554, 9.882963405547224], [-84.08416885911996, 9.885801017258782], [-84.09132970437807, 9.901033431898856], [-84.07076504569918, 9.907907738408918]]]}}, {"type": "Feature", "properties": {"admin2_pcode": "CR117", "admin2_name": "Dota", "admin1_name": "San Jose"}, "geometry": {"type": "Polygon", "coordinates": [[[-83.98344223791608, 9.736785760831985], [-83.9566069745192, 9.732594927279287], [-83.9467538273878, 9.71114454853073], [-83.94833481542139, 9.705155144598884], [-83.94303652030409, 9.698576145488495], [-83.92622502274762, 9.694651038746697], [-83.92147679264681, 9.682946221519948], [-83.90101946489698, 9.688609648803908], [-83.8869014935352, 9.6702149450344], [-83.85473835553144, 9.668860804322247], [-83.84554561877465, 9.648698308775018], [-83.85017725263666, 9.62566104042153], [-83.76552634137394, 9.60385281685215], [-83.75808884717378, 9.592085002176155], [-83.77616946030165, 9.598389012721377], [-83.79119498432578, 9.58820606541409], [-83.80025649207477, 9.577441760697884], [-83.80268922949733, 9.557428112931948], [-83.82529396809629, 9.530919628600204], [-83.84869225399075, 9.534764781477504], [-83.87658275703022, 9.520162165120476], [-83.87481789292919, 9.513855874200303], [-83.88483834347002, 9.503238165877478], [-83.89114594940564, 9.505203146760081], [-83.9016562220832, 9.495622415846306], [-83.91827157078261, 9.497241770343805], [-83.91761161317726, 9.4898996097022], [-83.92518385222165, 9.48445552647774], [-83.94014038294308, 9.490212915264937], [-83.94502382063152, 9.469726970052273], [-83.94181145252705, 9.451858179455753], [-83.95331945405839, 9.431055783254267], [-83.96251748255638, 9.431274457777958], [-83.96536109795879, 9.449803188586769], [-83.97273921486116, 9.452643528207094], [-83.97661019765079, 9.461538159681975], [-83.98577685300899, 9.468401395688446], [-83.98906190428625, 9.46433685888848], [-83.98991335205721, 9.65405246425049], [-83.9711075401565, 9.71637407703858], [-83.98647676609644, 9.738752267412593], [-83.98344223791608, 9.736785760831985]]]}}, {"type": "Feature", "properties": {"admin2_pcode": "CR102", "admin2_name": "Escazu", "admin1_name": "San Jose"}, "geometry": {"type": "Polygon", "coordinates": [[[-84.18390201167506, 9.97218617619376], [-84.14338216220425, 9.9414879787803], [-84.12181290893976, 9.934416412737944], [-84.12166766835998, 9.89509320769655], [-84.13443066567274, 9.879823697985186], [-84.13253362285039, 9.870448535857628], [-84.13941378746819, 9.860697913860355], [-84.15011294495528, 9.863535016186315], [-84.14705631144857, 9.870033326949804], [-84.16279278470515, 9.90698484615026], [-84.15961140482607, 9.931098941102592], [-84.16663825554076, 9.947861556060158], [-84.1841620895081, 9.965887335696404], [-84.18390201167506, 9.97218617619376]]]}}, {"type": "Feature", "properties": {"admin2_pcode": "CR108", "admin2_name": "Goicoechea", "admin1_name": "San Jose"}, "geometry": {"type": "Polygon", "coordinates": [[[-83.8872893170827, 9.970370560977832], [-83.9042277812445, 9.966290702645248], [-83.92299619444466, 9.951242275484656], [-83.9320578735273, 9.952053746527872], [-83.93803573607673, 9.958263390583161], [-83.95658640979464, 9.949446553274145], [-83.96021748583662, 9.955611090845725], [-83.9910524893143, 9.9513574542627], [-83.99217653488955, 9.957975786758292], [-84.01442037910167, 9.94566683419621], [-84.04018302562883, 9.951870325782176], [-84.05787191703634, 9.939744015411083], [-84.07857378486015, 9.940131800546396], [-84.07722560480822, 9.95104201780248], [-84.06361052499112, 9.955642130120593], [-84.0512457475792, 9.952959008168671], [-84.03422655996285, 9.964131426936175], [-84.0122120410601, 9.97018698888972], [-83.99295789517214, 9.96712869885221], [-83.99216213717506, 9.971789676298505], [-83.9776523862033, 9.971461853543035], [-83.94945583484652, 9.964167335845563], [-83.90892854801281, 9.969978833299455], [-83.90675439420309, 9.97377907658546], [-83.8872893170827, 9.970370560977832]]]}}, {"type": "Feature", "properties": {"admin2_pcode": "CR120", "admin2_name": "Leon Cortes", "admin1_name": "San Jose"}, "geometry": {"type": "Polygon", "coordinates": [[[-84.0944475619936, 9.749634670479871], [-84.07057570937889, 9.739994874825678], [-84.05300361648308, 9.744248203311257], [-84.01789506872788, 9.73856433621777], [-84.01277487863176, 9.74224890374008], [-83.9916717500121, 9.73582308494488], [-83.98647676609644, 9.738752267412593], [-83.9711075401565, 9.71637407703858], [-83.98852861206916, 9.717622480065055], [-84.00954896892621, 9.710671814838287], [-84.0205965102812, 9.70192992824787], [-84.01837212386592, 9.689687149334228], [-84.03145805551381, 9.68532878756676], [-84.0295221595912, 9.678130537818452], [-84.04712954497151, 9.657302303624096], [-84.05893289173277, 9.65942891512928], [-84.0622636991022, 9.654560800573016], [-84.07576559804461, 9.653599545548248], [-84.08651170013727, 9.64424085574288], [-84.10064688966375, 9.641904127633314], [-84.11016084076118, 9.646328897471088], [-84.12526263489116, 9.636873451466887], [-84.13155707004992, 9.643418712223951], [-84.130066696663, 9.649140901631448], [-84.1351734603592, 9.64965211998408], [-84.13546037353409, 9.660821970280773], [-84.15218569669815, 9.660416459272065], [-84.15344388042912, 9.67163612654374], [-84.11882503198761, 9.70523790407445], [-84.09174209639771, 9.70896113296642], [-84.0930613605658, 9.73010482135908], [-84.09935039564893, 9.743259872180932], [-84.0944475619936, 9.749634670479871]]]}}, {"type": "Feature", "properties": {"admin2_pcode": "CR115", "admin2_name": "Montes De Oca", "admin1_name": "San Jose"}, "geometry": {"type": "Polygon", "coordinates": [[[-83.99188522588555, 9.952749427494009], [-83.95997728336096, 9.95558881699489], [-83.95658640979464, 9.949446553274145], [-83.96477652196705, 9.95044330465177], [-83.96907463372528, 9.943369848859204], [-84.01827219481437, 9.938843608887945], [-84.03131708750027, 9.930137984092928], [-84.04353081319829, 9.929684843369456], [-84.05176493785284, 9.92213024662022], [-84.05425431352374, 9.926311772959927], [-84.06568761594319, 9.92714274740416], [-84.06084601136111, 9.940543682064853], [-84.04905003128209, 9.9431449601394], [-84.04564225948477, 9.950972674136775], [-84.01554794516368, 9.94560764403379], [-83.99217653488955, 9.957975786758292], [-83.99188522588555, 9.952749427494009]]]}}, {"type": "Feature", "properties": {"admin2_pcode": "CR107", "admin2_name": "Mora", "admin1_name": "San Jose"}, "geometry": {"type": "Polygon", "coordinates": [[[-84.38923102468152, 9.936059821044678], [-84.37313610064012, 9.925980822321415], [-84.367804149471, 9.92993353654903], [-84.34843793235468, 9.916335237344793], [-84.32830344530362, 9.914215690641498], [-84.2939619446849, 9.930544122835427], [-84.26077628824868, 9.932560981607923], [-84.2525865368251, 9.927225920888365], [-84.24496416983523, 9.935192221975475], [-84.23193993084082, 9.932548185205432], [-84.22140990492295, 9.912122488440996], [-84.1862997690061, 9.88484666126535], [-84.17862436780281, 9.869512766696127], [-84.15011294495528, 9.863535016186315], [-84.15387035312499, 9.859249487973024], [-84.16675916236707, 9.860595258869226], [-84.19293880356513, 9.839556962889036], [-84.21123927337071, 9.84101664770916], [-84.21495835866519, 9.847820876845311], [-84.22318821515661, 9.8340741700713], [-84.22069924743296, 9.814698967280572], [-84.22477353968586, 9.810370952432748], [-84.26292592402086, 9.80883608588309], [-84.26592751500213, 9.817664615495705], [-84.25289344997009, 9.84318462127897], [-84.27037028044836, 9.842938783674928], [-84.28688325979458, 9.858264494030607], [-84.2876495313602, 9.864858050083871], [-84.29355940931958, 9.864040561765526], [-84.30017595775227, 9.88163867459555], [-84.3264912532469, 9.891041876911583], [-84.32980398204332, 9.900220640626847], [-84.33585558529298, 9.898337576150398], [-84.33598397570738, 9.890787744899455], [-84.36741824753898, 9.878396240710984], [-84.3682077300508, 9.889287394534918], [-84.37543787266812, 9.899691965634933], [-84.39676522420018, 9.90504083814981], [-84.41438120148436, 9.923316910690597], [-84.41312720902856, 9.928830073724559], [-84.39420909887217, 9.930526277345303], [-84.39434726044773, 9.935723330233461], [-84.38923102468152, 9.936059821044678]], [[-84.26839156342511, 9.877159532115543], [-84.26819624622378, 9.876792011254096], [-84.26855840825586, 9.877473542730051], [-84.26839156342511, 9.877159532115543]]]}}, {"type": "Feature", "properties": {"admin2_pcode": "CR114", "admin2_name": "Moravia", "admin1_name": "San Jose"}, "geometry": {"type": "Polygon", "coordinates": [[[-83.97599486168845, 10.06567877288714], [-83.9866761869546, 10.060375109040836], [-83.98834572953756, 10.031408482542615], [-83.99337185238576, 10.021153001576867], [-84.00211245437141, 10.018957849577628], [-84.00217388592782, 10.001309698982576], [-84.01124252388797, 10.000820123489829], [-84.01320067889499, 9.992935238597775], [-84.01976231517934, 9.992421738589197], [-84.02218637042976, 9.97671904621632], [-84.0348839562347, 9.96796150635496], [-84.02552533247608, 9.968308961568638], [-84.02483354267471, 9.966849694660777], [-84.0512457475792, 9.952959008168671], [-84.06583160566208, 9.954663545576425], [-84.05278773561932, 9.97238160132174], [-84.05427479430983, 9.97654997725408], [-84.04798932481712, 9.976455901365448], [-84.04270810932636, 9.987020620889256], [-84.02496019664656, 9.991082341102812], [-84.02309285900051, 10.014028407438461], [-84.0107104233785, 10.025762512442974], [-84.01398695625758, 10.046731810975052], [-84.02838044813178, 10.060102246389015], [-84.02371871084446, 10.063472103975231], [-84.01422148100141, 10.056410027815183], [-84.0007619244606, 10.055953042878617], [-83.98418174017506, 10.065866992101343], [-83.97599486168845, 10.06567877288714]]]}}, {"type": "Feature", "properties": {"admin2_pcode": "CR119", "admin2_name": "Perez Zeledon", "admin1_name": "San Jose"}, "geometry": {"type": "Polygon", "coordinates": [[[-83.77376013894877, 9.598509254357982], [-83.75808884717378, 9.592085002176155], [-83.76423255320465, 9.58354832786564], [-83.75265311187259, 9.55991898987039], [-83.72746917138208, 9.55874574259906], [-83.71860780109898, 9.551353644764665], [-83.70919126446101, 9.557685848922295], [-83.68468537246254, 9.551313880303967], [-83.67162966074825, 9.559217260444544], [-83.65384161325764, 9.583011061726552], [-83.64660695740936, 9.583924049081428], [-83.630576591452, 9.576422903987222], [-83.62970046442612, 9.568137245189323], [-83.6183377356428, 9.557236899654164], [-83.59633751221821, 9.552112660409588], [-83.59332186323307, 9.544803775978837], [-83.56956995870246, 9.533962546681192], [-83.54992470380677, 9.532235345864756], [-83.53488995367357, 9.510135132500082], [-83.51439337276967, 9.50241462720671], [-83.48937553866597, 9.484677069322814], [-83.47853046563793, 9.450141554127878], [-83.48201212126426, 9.42820202330741], [-83.47256687223941, 9.419248059024723], [-83.45839812629966, 9.383041543528929], [-83.44052406797813, 9.377090077107127], [-83.43770786411115, 9.370929833634156], [-83.4312870257388, 9.371961116713555], [-83.43258836165664, 9.363122210858887], [-83.45444008326955, 9.34336360929757], [-83.49101197189526, 9.267054687927372], [-83.50611123603477, 9.261677730651504], [-83.51504642727375, 9.224427638442979], [-83.52559791241265, 9.21103062499464], [-83.52274475997304, 9.207808145615367], [-83.51655322499344, 9.215038593587341], [-83.51297140415247, 9.200257232097488], [-83.50363232095128, 9.202066538441878], [-83.48925315009973, 9.192353199365177], [-83.48548829484464, 9.199016920793817], [-83.48128593319211, 9.186183056408861], [-83.473698150693, 9.18186137935873], [-83.47794036200096, 9.171298575495516], [-83.4702871868274, 9.15952873680268], [-83.47084499704832, 9.152047445498525], [-83.48040756873257, 9.151846059904026], [-83.48299932720899, 9.14451693908616], [-83.48245211250209, 9.132744113941039], [-83.47302188074686, 9.119976649038982], [-83.5101397556123, 9.091382042294171], [-83.50264578685236, 9.084153965758365], [-83.50660808853223, 9.077480806441862], [-83.51372132214141, 9.074708475629114], [-83.52788226614403, 9.081795259248784], [-83.5417586893116, 9.078630003309605], [-83.5697114015199, 9.086305483802732], [-83.58293311711645, 9.102050451204756], [-83.604640752028, 9.113523618266472], [-83.61385949950146, 9.125212000433741], [-83.64726181450712, 9.132166391522876], [-83.65463422461914, 9.145234406286434], [-83.67336214810116, 9.157911820897237], [-83.67737578819325, 9.175477977439094], [-83.6696771323033, 9.182276530375686], [-83.67585132206709, 9.194471477642086], [-83.68616140193008, 9.208919581880666], [-83.70358057833099, 9.2169849794584], [-83.7055441508126, 9.224843533733337], [-83.71007966382501, 9.220279222080846], [-83.73613265385295, 9.2228312295634], [-83.74803414674439, 9.244322974177763], [-83.7574443951428, 9.243898463735974], [-83.76046419841273, 9.239138328336269], [-83.75234077222444, 9.222690194618355], [-83.76088372564497, 9.21601721708758], [-83.80958221462816, 9.229019665018795], [-83.8190592727426, 9.242295654996019], [-83.84574581072116, 9.260207287387589], [-83.85782517898403, 9.290376763444296], [-83.85463720231729, 9.302064016307446], [-83.86003329437791, 9.308216005275291], [-83.85558392945299, 9.31068036638647], [-83.85384535324452, 9.324499358040475], [-83.83997750298788, 9.337535373662236], [-83.84140100276012, 9.34286987197212], [-83.8511785504276, 9.339611187930549], [-83.86365676192739, 9.342642903734085], [-83.87746787745822, 9.359836611300905], [-83.8909101737337, 9.362125184966086], [-83.89482702949039, 9.386238480954647], [-83.90925816443851, 9.40485712500368], [-83.93439299966013, 9.399144050378125], [-83.93606952743909, 9.387078580731053], [-83.94246010235106, 9.388212681921805], [-83.94539091074837, 9.394905003631086], [-83.96177603247136, 9.395914551186669], [-83.9653856733903, 9.402187724247653], [-83.96152966203681, 9.409768923516351], [-83.98014761649387, 9.420631697232345], [-83.98312375741916, 9.43308203235256], [-83.99879833608466, 9.437858421447716], [-84.00148366061774, 9.442781716671009], [-84.00164301359443, 9.450213726771976], [-83.9943018188505, 9.447289351101505], [-83.99683210378478, 9.453121590876666], [-83.99152746361996, 9.455153017863609], [-83.99478932691096, 9.461672646456933], [-83.98577685300899, 9.468401395688446], [-83.96551318151859, 9.450066988510036], [-83.96251748255638, 9.431274457777958], [-83.95272154154932, 9.431216488574472], [-83.94181145252705, 9.451858179455753], [-83.94502382063152, 9.469726970052273], [-83.94014038294308, 9.490212915264937], [-83.92518385222165, 9.48445552647774], [-83.91761161317726, 9.4898996097022], [-83.91827157078261, 9.497241770343805], [-83.9016562220832, 9.495622415846306], [-83.89114594940564, 9.505203146760081], [-83.88483834347002, 9.503238165877478], [-83.87481789292919, 9.513855874200303], [-83.87658275703022, 9.520162165120476], [-83.84869225399075, 9.534764781477504], [-83.82529396809629, 9.530919628600204], [-83.80268922949733, 9.557428112931948], [-83.80025649207477, 9.577441760697884], [-83.77376013894877, 9.598509254357982]]]}}, {"type": "Feature", "properties": {"admin2_pcode": "CR104", "admin2_name": "Puriscal", "admin1_name": "San Jose"}, "geometry": {"type": "Polygon", "coordinates": [[[-84.39576277411543, 9.904744881466739], [-84.37543787266812, 9.899691965634933], [-84.36498711185344, 9.87820591451802], [-84.33598397570738, 9.890787744899455], [-84.33585558529298, 9.898337576150398], [-84.32956004753771, 9.900132533266289], [-84.3264912532469, 9.891041876911583], [-84.30017595775227, 9.88163867459555], [-84.29355940931958, 9.864040561765526], [-84.2876495313602, 9.864858050083871], [-84.28688325979458, 9.858264494030607], [-84.27037028044836, 9.842938783674928], [-84.25289344997009, 9.84318462127897], [-84.26592751500213, 9.817664615495705], [-84.26292592402086, 9.80883608588309], [-84.2740164153966, 9.781849539643373], [-84.28503809427097, 9.777562897424737], [-84.31820964272508, 9.778145221112995], [-84.33975620942202, 9.753454333366994], [-84.34133168980473, 9.741745877839593], [-84.33152906544761, 9.727768603584742], [-84.33246119258, 9.717286351376194], [-84.3227612518306, 9.703174386388422], [-84.30876048930071, 9.698065374307797], [-84.30659585202497, 9.68326537790281], [-84.2967278586039, 9.67382252450101], [-84.30537952038193, 9.65936945013353], [-84.30451227240167, 9.644174248644388], [-84.32398025398471, 9.636468952532674], [-84.33569520855177, 9.640335021887887], [-84.34412866306081, 9.630169683927681], [-84.35205881013422, 9.639048102377002], [-84.360310084234, 9.638450172364943], [-84.36580314530877, 9.631535364136244], [-84.37604592638274, 9.639551416193994], [-84.3830042624162, 9.632771109940004], [-84.38674836828201, 9.638304883544086], [-84.39711048074518, 9.636599585986833], [-84.3944712948151, 9.620960413658937], [-84.39818066873305, 9.609747331287114], [-84.39256202846698, 9.600130287773407], [-84.40222602115138, 9.582276422396895], [-84.41476630662898, 9.583107145847803], [-84.41323668035675, 9.574522715483635], [-84.42375820848022, 9.569019917890568], [-84.42294111373579, 9.56194949912745], [-84.42789818907958, 9.565107480114564], [-84.42504729007736, 9.558898624877028], [-84.43038568120389, 9.560096366187226], [-84.43110216773681, 9.556252591485677], [-84.43886301861812, 9.565114146989902], [-84.43530899179238, 9.568933559520234], [-84.43984197313907, 9.568479690762103], [-84.44493557629016, 9.577454141492352], [-84.45014427655347, 9.57565154382002], [-84.45857898005495, 9.58200067032678], [-84.4645979038549, 9.570230578859881], [-84.46983840473119, 9.575714146564833], [-84.47411850598652, 9.57256617971115], [-84.48231712306023, 9.576710979409446], [-84.4844399345132, 9.585507423761038], [-84.4752586317873, 9.589165679462877], [-84.47996488742906, 9.599575147865098], [-84.47677404461571, 9.603132956108364], [-84.48166554192785, 9.605546264255954], [-84.47890247845174, 9.61802234207537], [-84.48969168958739, 9.642359168374439], [-84.478222078121, 9.650756878546707], [-84.4777506322687, 9.660687503654497], [-84.4690570614961, 9.66232406314127], [-84.48064206978225, 9.672365533402568], [-84.48557872102667, 9.684347088141726], [-84.47350305131634, 9.687161198163963], [-84.46610890208045, 9.702114690496243], [-84.47356078182794, 9.717253352786162], [-84.49141919322729, 9.728551723031284], [-84.4824142646118, 9.733970112254605], [-84.49045571907075, 9.747276721397252], [-84.47124324141114, 9.79358031276077], [-84.45082383970639, 9.79095430874584], [-84.44257261037689, 9.80119051748559], [-84.43180694950948, 9.8193999819642], [-84.42742737800177, 9.83788930855879], [-84.42134865268805, 9.838176715887732], [-84.41406590982874, 9.861288899660693], [-84.41672198074893, 9.894795505315843], [-84.40871982842788, 9.894719694027657], [-84.40391472521186, 9.91172164951276], [-84.39576277411543, 9.904744881466739]]]}}, {"type": "Feature", "properties": {"admin2_pcode": "CR101", "admin2_name": "San Jose", "admin1_name": "San Jose"}, "geometry": {"type": "Polygon", "coordinates": [[[-84.17464527025611, 9.97199410771922], [-84.1684901974682, 9.965781219916364], [-84.1553237560945, 9.968944416635576], [-84.14539257166663, 9.961929202757542], [-84.13384310880808, 9.967433727061652], [-84.11385773210483, 9.959274101756385], [-84.1089600565732, 9.961948044990713], [-84.08536668476745, 9.9438981632047], [-84.08241893407893, 9.945611509460633], [-84.08035543918459, 9.93899470297488], [-84.06082460147867, 9.939481251921265], [-84.06568761594319, 9.92714274740416], [-84.05221650321569, 9.925539934412853], [-84.05236782154078, 9.922049762777293], [-84.04681766960647, 9.924908009094818], [-84.05254349847421, 9.91377595834375], [-84.04753856412114, 9.90277263556793], [-84.05782497380021, 9.900263820867764], [-84.07176781003707, 9.908767674518545], [-84.09062189964563, 9.899860775364626], [-84.11041340776893, 9.914580551694995], [-84.12315781199837, 9.936571441010706], [-84.14338216220425, 9.9414879787803], [-84.17978620584915, 9.968743689607498], [-84.17464527025611, 9.97199410771922]]]}}, {"type": "Feature", "properties": {"admin2_pcode": "CR109", "admin2_name": "Santa Ana", "admin1_name": "San Jose"}, "geometry": {"type": "Polygon", "coordinates": [[[-84.1897013903591, 9.973287858025255], [-84.18384303182542, 9.972726871996787], [-84.1841620895081, 9.965887335696404], [-84.16663825554076, 9.947861556060158], [-84.15961140482607, 9.931098941102592], [-84.16279278470515, 9.90698484615026], [-84.14705631144857, 9.870033326949804], [-84.15011294495528, 9.863535016186315], [-84.17862436780281, 9.869512766696127], [-84.1862997690061, 9.88484666126535], [-84.22140990492295, 9.912122488440996], [-84.22863832774757, 9.930277028726904], [-84.24361175222805, 9.935224134342088], [-84.23597863871423, 9.937892311151638], [-84.2315928645053, 9.948383904136984], [-84.22050223090554, 9.947835362927373], [-84.21265481536068, 9.963027746563501], [-84.20273415255214, 9.961661051897174], [-84.1897013903591, 9.973287858025255]]]}}, {"type": "Feature", "properties": {"admin2_pcode": "CR105", "admin2_name": "Tarrazu", "admin1_name": "San Jose"}, "geometry": {"type": "Polygon", "coordinates": [[[-83.97899873698513, 9.71809424723799], [-83.97230412421348, 9.71418236150781], [-83.98991335205721, 9.65405246425049], [-83.98906190428625, 9.46433685888848], [-83.99478932691096, 9.461672646456933], [-83.99152746361996, 9.455153017863609], [-83.99683210378478, 9.453121590876666], [-83.99555370949119, 9.445968544818403], [-84.02705646083993, 9.461202581150323], [-84.06360375014768, 9.498726506857563], [-84.07488177387808, 9.50264667109474], [-84.07890972439233, 9.51344401470606], [-84.08773809038662, 9.510281928499754], [-84.07397685573946, 9.518338885626457], [-84.06930961130765, 9.530425876085657], [-84.07632820070981, 9.558096343639384], [-84.07195997021425, 9.570991086723872], [-84.0826034065628, 9.563718995979174], [-84.09950293602134, 9.568897715367362], [-84.11897677362916, 9.559835711436216], [-84.12042206759038, 9.554648358604455], [-84.12904431739214, 9.57003210689501], [-84.14107567470148, 9.5769391224346], [-84.14249568955617, 9.614245750588072], [-84.15009318814398, 9.629147052377828], [-84.14645008940917, 9.648060482538112], [-84.15873916518218, 9.656623897452492], [-84.1563873381888, 9.662730276603272], [-84.1360965273901, 9.661339062998898], [-84.1351734603592, 9.64965211998408], [-84.130066696663, 9.649140901631448], [-84.13155707004992, 9.643418712223951], [-84.1241733882272, 9.636874840063857], [-84.11016084076118, 9.646328897471088], [-84.10064688966375, 9.641904127633314], [-84.08651170013727, 9.64424085574288], [-84.07576559804461, 9.653599545548248], [-84.0622636991022, 9.654560800573016], [-84.05893289173277, 9.65942891512928], [-84.04712954497151, 9.657302303624096], [-84.0295221595912, 9.678130537818452], [-84.03145805551381, 9.68532878756676], [-84.01837212386592, 9.689687149334228], [-84.0202345855798, 9.702355598755844], [-84.00954896892621, 9.710671814838287], [-83.97899873698513, 9.71809424723799]]]}}, {"type": "Feature", "properties": {"admin2_pcode": "CR113", "admin2_name": "Tibas", "admin1_name": "San Jose"}, "geometry": {"type": "Polygon", "coordinates": [[[-84.05596534952137, 9.97248860184141], [-84.0551553060333, 9.97240075078636], [-84.05602478430949, 9.968970873431896], [-84.0663455065729, 9.953994913278418], [-84.07722560480822, 9.95104201780248], [-84.0801369087751, 9.938985350880275], [-84.08241893407893, 9.945611509460633], [-84.10717465850982, 9.960214858002983], [-84.08309742318691, 9.970383224995796], [-84.067680416021, 9.96669102739053], [-84.05596534952137, 9.97248860184141]]]}}, {"type": "Feature", "properties": {"admin2_pcode": "CR116", "admin2_name": "Turrubares", "admin1_name": "San Jose"}, "geometry": {"type": "Polygon", "coordinates": [[[-84.42320259791987, 9.922761623040447], [-84.41070061204589, 9.922451273667074], [-84.40359574748852, 9.910013349234484], [-84.40871982842788, 9.894719694027657], [-84.41672198074893, 9.894795505315843], [-84.41406590982874, 9.861288899660693], [-84.42111491487836, 9.838698493202635], [-84.42742737800177, 9.83788930855879], [-84.43180694950948, 9.8193999819642], [-84.45027369910991, 9.791246842544325], [-84.47124324141114, 9.79358031276077], [-84.49045571907075, 9.747276721397252], [-84.4824142646118, 9.733970112254605], [-84.49141919322729, 9.728551723031284], [-84.47356078182794, 9.717253352786162], [-84.46610890208045, 9.702114690496243], [-84.47350305131634, 9.687161198163963], [-84.48575320268331, 9.682847127057501], [-84.46914338668829, 9.661919740047878], [-84.4777506322687, 9.660687503654497], [-84.478222078121, 9.650756878546707], [-84.48969168958739, 9.642359168374439], [-84.47890247845174, 9.61802234207537], [-84.481988129034, 9.60670010788046], [-84.47677404461571, 9.603132956108364], [-84.47996488742906, 9.599575147865098], [-84.4752586317873, 9.589165679462877], [-84.4844399345132, 9.585507423761038], [-84.48099602381944, 9.580204272680481], [-84.48499976695676, 9.569739605153087], [-84.52989116205156, 9.574490174191354], [-84.52930468699317, 9.57924132333338], [-84.54372939553163, 9.58506177844762], [-84.54924116496859, 9.592820194599842], [-84.5509925101156, 9.618777477649823], [-84.55571750551496, 9.626942549238477], [-84.56431202448289, 9.627568275294367], [-84.5722396483032, 9.654130037332045], [-84.58090380943686, 9.666298000367815], [-84.58559948695711, 9.68361882289954], [-84.58327018945667, 9.70842469487222], [-84.59292016204991, 9.74322894798176], [-84.57323216739424, 9.738038585691331], [-84.56632135265163, 9.746663506030453], [-84.56587268801621, 9.758652637334283], [-84.55183580208478, 9.756976488956393], [-84.539156930626, 9.777912668561212], [-84.54387936811165, 9.78192371156448], [-84.5502924132471, 9.778069534043727], [-84.55769498549414, 9.783615686081296], [-84.5680818055528, 9.810221544297084], [-84.58311579626259, 9.805927648946325], [-84.58288960446144, 9.821873207482824], [-84.5612675468273, 9.832200454825104], [-84.56321057112862, 9.842327072694093], [-84.55613723048603, 9.848797962571172], [-84.54727066438024, 9.848762621752641], [-84.54908432829708, 9.862425032363772], [-84.53786401349969, 9.863034666339109], [-84.542172959311, 9.876112149828485], [-84.5338924926845, 9.873279180286934], [-84.53432115859489, 9.877887064787673], [-84.52900428936142, 9.877104877697718], [-84.52618743529125, 9.884189517926345], [-84.51285987323149, 9.893170433581698], [-84.50688438056623, 9.889045733688684], [-84.49883864273599, 9.911072720693353], [-84.49403990876012, 9.90727809335697], [-84.48259962875976, 9.910576604876654], [-84.46769461373158, 9.916630580301554], [-84.4630430009584, 9.924171963673068], [-84.42320259791987, 9.922761623040447]]]}}, {"type": "Feature", "properties": {"admin2_pcode": "CR111", "admin2_name": "Vazquez De Coronado", "admin1_name": "San Jose"}, "geometry": {"type": "Polygon", "coordinates": [[[-83.9462074968075, 10.14227693147285], [-83.9382279005054, 10.125133726422364], [-83.93138993557565, 10.083049227498602], [-83.89486739193958, 10.060937772331826], [-83.8754310913308, 10.035195357642731], [-83.8769500086757, 10.020677328886718], [-83.86735734561432, 10.004984998154127], [-83.86922056393962, 9.994312532737103], [-83.85940014720204, 9.97972588774339], [-83.85947589015146, 9.972394895324712], [-83.90675439420309, 9.97377907658546], [-83.90892854801281, 9.969978833299455], [-83.94945583484652, 9.964167335845563], [-83.9776523862033, 9.971461853543035], [-83.99216213717506, 9.971789676298505], [-83.99283225866685, 9.96713638251779], [-84.01128473507232, 9.970307290096134], [-84.03434061344406, 9.967044175709491], [-84.02218637042976, 9.97671904621632], [-84.01976231517934, 9.992421738589197], [-84.01320067889499, 9.992935238597775], [-84.01124252388797, 10.000820123489829], [-84.00217388592782, 10.001309698982576], [-84.00211245437141, 10.018957849577628], [-83.99337185238576, 10.021153001576867], [-83.98834572953756, 10.031408482542615], [-83.9866761869546, 10.060375109040836], [-83.97493640412264, 10.066776568216303], [-84.0007619244606, 10.055953042878617], [-84.01422148100141, 10.056410027815183], [-84.02371871084446, 10.063472103975231], [-84.02829955651146, 10.060160669157924], [-84.02827104163222, 10.082700852048701], [-84.01551217552606, 10.079499952799134], [-83.98022708424153, 10.102537047104802], [-83.97963212217492, 10.14925349582127], [-83.97371219219649, 10.167334841188502], [-83.929325094464, 10.190513936322583], [-83.94175930538661, 10.165597426186423], [-83.9462074968075, 10.14227693147285]]]}}]}