{"type": "FeatureCollection", "features": [{"type": "Feature", "properties": {"admin2_pcode": "EC1316", "admin2_name": "24 de Mayo", "admin1_name": "Manabi"}, "geometry": {"type": "Polygon", "coordinates": [[[-80.30045, -1.30952], [-80.31037, -1.30241], [-80.34133, -1.3146], [-80.37187, -1.31246], [-80.37281, -1.30177], [-80.3827, -1.29232], [-80.37889, -1.28652], [-80.3862, -1.2856], [-80.38659, -1.27756], [-80.39546, -1.27977], [-80.40867, -1.25146], [-80.41134, -1.23942], [-80.40533, -1.22364], [-80.42091, -1.21322], [-80.44111, -1.20542], [-80.45859, -1.21645], [-80.5007, -1.21801], [-80.49216, -1.2255], [-80.49047, -1.24677], [-80.4794, -1.25527], [-80.49494, -1.26357], [-80.49638, -1.2746], [-80.47157, -1.28295], [-80.4621, -1.29609], [-80.47491, -1.3384], [-80.44937, -1.37036], [-80.43287, -1.36896], [-80.42053, -1.37931], [-80.42089, -1.38904], [-80.45687, -1.40158], [-80.45134, -1.42915], [-80.44173, -1.43408], [-80.43771, -1.44713], [-80.42348, -1.45614], [-80.41479, -1.45458], [-80.41469, -1.4723], [-80.40287, -1.4792], [-80.40343, -1.49305], [-80.39527, -1.49759], [-80.39649, -1.53221], [-80.38163, -1.5405], [-80.38012, -1.53474], [-80.37174, -1.54156], [-80.36331, -1.53871], [-80.36221, -1.54697], [-80.35116, -1.5543], [-80.32809, -1.54734], [-80.32718, -1.51433], [-80.29333, -1.49991], [-80.29505, -1.48512], [-80.29048, -1.48989], [-80.28908, -1.48233], [-80.27163, -1.48469], [-80.27342, -1.47604], [-80.25264, -1.45219], [-80.28366, -1.42657], [-80.27708, -1.41434], [-80.26609, -1.41306], [-80.26933, -1.39377], [-80.26408, -1.38224], [-80.2812, -1.36701], [-80.27976, -1.34318], [-80.29831, -1.32259], [-80.30045, -1.30952]]]}}, {"type": "Feature", "properties": {"admin2_pcode": "EC2202", "admin2_name": "Aguarico", "admin1_name": "Orellana"}, "geometry": {"type": "Polygon", "coordinates": [[[-75.26292, -0.65507], [-75.2603, -0.65027], [-75.26709, -0.64453], [-75.28762, -0.6551], [-75.28561, -0.61997], [-75.30626, -0.63073], [-75.32231, -0.61775], [-75.3466, -0.6208], [-75.36858, -0.60202], [-75.38492, -0.6082], [-75.4068, -0.56305], [-75.42555, -0.56557], [-75.43906, -0.5544], [-75.46514, -0.54696], [-75.48571, -0.55824], [-75.49303, -0.54429], [-75.50737, -0.55686], [-75.53559, -0.54454], [-75.55159, -0.54872], [-75.56071, -0.54134], [-75.55919, -0.52351], [-75.57387, -0.51911], [-75.57127, -0.49731], [-75.58242, -0.49667], [-75.58461, -0.50686], [-75.59066, -0.50622], [-75.59605, -0.48523], [-75.64704, -0.46815], [-75.65267, -0.45221], [-75.70075, -0.47272], [-75.71783, -0.46597], [-75.72327, -0.44252], [-75.74805, -0.41978], [-75.76945, -0.42455], [-75.7779, -0.41938], [-75.82613, -0.43765], [-75.83433, -0.43476], [-75.83572, -0.42573], [-75.85577, -0.42344], [-75.85209, -0.40932], [-75.86049, -0.40326], [-75.87533, -0.41787], [-75.94611, -0.53872], [-75.94726, -0.54904], [-75.93016, -0.55956], [-75.9302, -0.56848], [-75.97341, -0.56222], [-76.00205, -0.54666], [-76.00466, -0.71172], [-76.00647, -0.70315], [-76.00992, -0.69925], [-76.00831, -0.70443], [-76.01649, -0.70528], [-76.0125, -0.71139], [-76.02442, -0.71581], [-76.02607, -0.69759], [-76.01703, -0.69292], [-76.02448, -0.69549], [-76.02519, -0.68597], [-76.03257, -0.6829], [-76.02261, -0.67899], [-76.02681, -0.67521], [-76.02122, -0.67449], [-76.02248, -0.66824], [-76.02983, -0.66403], [-76.03006, -0.65502], [-76.03917, -0.65561], [-76.03789, -0.64691], [-76.04939, -0.65376], [-76.04948, -0.63697], [-76.06449, -0.64697], [-76.06077, -0.64215], [-76.06861, -0.63013], [-76.07743, -0.65327], [-76.08274, -0.63788], [-76.07728, -0.63204], [-76.08973, -0.62502], [-76.08646, -0.63418], [-76.10475, -0.63542], [-76.10926, -0.62288], [-76.11969, -0.6397], [-76.12531, -0.63431], [-76.14124, -0.63673], [-76.13052, -0.64464], [-76.14165, -0.65149], [-76.14944, -0.63831], [-76.16454, -0.64009], [-76.17875, -0.62983], [-76.18334, -0.64406], [-76.20679, -0.65015], [-76.20615, -0.6431], [-76.21091, -0.64983], [-76.20628, -0.65331], [-76.21679, -0.65743], [-76.21675, -0.66702], [-76.23649, -0.65223], [-76.24125, -0.6613], [-76.25, -0.65357], [-76.2549, -0.66986], [-76.24942, -0.67769], [-76.25848, -0.6773], [-76.27368, -0.70184], [-76.28267, -0.69243], [-76.29298, -0.70481], [-76.30129, -0.69279], [-76.29919, -0.70223], [-76.31247, -0.70275], [-76.30944, -0.71126], [-76.31881, -0.71686], [-76.32477, -0.70335], [-76.33458, -0.70732], [-76.33769, -0.71973], [-76.34256, -0.70963], [-76.34807, -0.71484], [-76.35317, -0.70518], [-76.37011, -0.71184], [-76.36901, -0.71746], [-76.38076, -0.72123], [-76.3855, -0.73221], [-76.39252, -0.73139], [-76.39411, -0.73993], [-76.41221, -0.74087], [-76.42606, -0.7664], [-76.43358, -0.768], [-76.43478, -0.78034], [-76.45921, -0.78485], [-76.46929, -0.7967], [-76.47782, -0.79066], [-76.47935, -0.79689], [-76.484, -0.7919], [-76.49189, -0.80044], [-76.51833, -0.79172], [-76.51939, -0.79983], [-76.529, -0.7975], [-76.54168, -0.80625], [-76.54683, -0.80022], [-76.55459, -0.81148], [-76.56465, -0.80638], [-76.58319, -0.80956], [-76.58531, -1.06727], [-76.56302, -1.0594], [-76.54802, -1.06849], [-76.53186, -1.05155], [-76.51406, -1.06938], [-76.51971, -1.07975], [-76.51373, -1.09489], [-76.52437, -1.1068], [-76.51621, -1.12837], [-76.52563, -1.13653], [-76.51996, -1.14558], [-76.52901, -1.16073], [-76.51984, -1.18574], [-76.5269, -1.18122], [-76.52988, -1.19201], [-76.52026, -1.19508], [-76.52194, -1.20014], [-76.51542, -1.19783], [-76.51886, -1.20953], [-76.50719, -1.2078], [-76.50078, -1.21988], [-76.49954, -1.214], [-76.49686, -1.22046], [-76.4928, -1.21555], [-76.48487, -1.23577], [-76.47507, -1.24094], [-76.48301, -1.24881], [-76.47269, -1.24717], [-76.47563, -1.25475], [-76.46661, -1.25777], [-76.47076, -1.26363], [-76.45826, -1.24766], [-76.45543, -1.25336], [-76.4486, -1.25164], [-76.45069, -1.25963], [-76.45764, -1.25697], [-76.45119, -1.27161], [-76.43668, -1.26566], [-76.43508, -1.2569], [-76.41835, -1.27168], [-76.39585, -1.25362], [-76.38657, -1.27096], [-76.3652, -1.27044], [-76.37093, -1.28211], [-76.36602, -1.27711], [-76.35691, -1.28069], [-76.36681, -1.2878], [-76.36575, -1.29453], [-76.35059, -1.29134], [-76.3284, -1.30622], [-76.31123, -1.30725], [-76.30873, -1.29881], [-76.3014, -1.30887], [-76.29523, -1.31013], [-76.29277, -1.30411], [-76.28883, -1.32054], [-76.28325, -1.31527], [-76.28623, -1.30977], [-76.26651, -1.30553], [-76.27118, -1.29594], [-76.25281, -1.30612], [-76.24716, -1.28709], [-76.23726, -1.30097], [-76.22331, -1.2955], [-76.22067, -1.28614], [-76.20997, -1.29727], [-76.19462, -1.29534], [-76.18731, -1.28649], [-76.17741, -1.28873], [-76.1761, -1.30035], [-76.16764, -1.29445], [-76.15921, -1.30134], [-76.15045, -1.28202], [-76.1447, -1.28975], [-76.13277, -1.27479], [-76.12735, -1.28531], [-76.12265, -1.27515], [-76.11354, -1.2725], [-76.11046, -1.27952], [-76.08997, -1.28157], [-76.0822, -1.29639], [-76.07176, -1.2802], [-76.06357, -1.27824], [-76.06743, -1.28814], [-76.05729, -1.28761], [-76.06285, -1.30661], [-76.05753, -1.30777], [-76.05684, -1.29921], [-76.05005, -1.29705], [-76.03634, -1.31458], [-76.02845, -1.30996], [-76.02617, -1.31598], [-76.02435, -1.3092], [-76.01213, -1.30659], [-76.00867, -1.31536], [-76.0022, -1.31152], [-75.99711, -1.31725], [-75.99546, -1.33701], [-75.9874, -1.34004], [-75.97278, -1.33239], [-75.96707, -1.34828], [-75.9587, -1.3473], [-75.9491, -1.35772], [-75.93787, -1.35259], [-75.93508, -1.36239], [-75.91823, -1.34813], [-75.91829, -1.35992], [-75.91273, -1.36156], [-75.893, -1.35007], [-75.89889, -1.33566], [-75.88744, -1.3418], [-75.87649, -1.33458], [-75.88209, -1.34156], [-75.88064, -1.35673], [-75.85412, -1.3624], [-75.84573, -1.3565], [-75.84059, -1.36225], [-75.84413, -1.37402], [-75.83127, -1.38194], [-75.83565, -1.39279], [-75.82145, -1.38532], [-75.80335, -1.39099], [-75.81492, -1.39652], [-75.79246, -1.40582], [-75.77879, -1.40127], [-75.77825, -1.39589], [-75.76199, -1.41562], [-75.75886, -1.40408], [-75.74899, -1.40729], [-75.74521, -1.41281], [-75.75231, -1.42249], [-75.73933, -1.41868], [-75.73977, -1.43676], [-75.71676, -1.44943], [-75.7217, -1.45798], [-75.71826, -1.46424], [-75.69971, -1.44867], [-75.7002, -1.46578], [-75.67492, -1.46856], [-75.66371, -1.48734], [-75.65985, -1.47661], [-75.64978, -1.47558], [-75.6523, -1.49015], [-75.63721, -1.48327], [-75.64187, -1.49542], [-75.63163, -1.49228], [-75.6315, -1.50115], [-75.61477, -1.49553], [-75.61474, -1.50171], [-75.61067, -1.49401], [-75.60454, -1.49536], [-75.59447, -1.51499], [-75.58826, -1.51119], [-75.59518, -1.5421], [-75.58041, -1.54696], [-75.56427, -1.56388], [-75.55769, -1.56084], [-75.38778, -0.92473], [-75.37215, -0.92341], [-75.34543, -0.9483], [-75.33751, -0.9686], [-75.31928, -0.97314], [-75.3064, -0.98763], [-75.29335, -0.98754], [-75.2678, -0.97097], [-75.24591, -0.97888], [-75.23118, -0.97407], [-75.20127, -0.97952], [-75.18715, -0.9728], [-75.23376, -0.93255], [-75.22123, -0.9057], [-75.22227, -0.86637], [-75.24377, -0.85086], [-75.25153, -0.83699], [-75.24178, -0.7987], [-75.26895, -0.78637], [-75.25413, -0.76494], [-75.27051, -0.75002], [-75.27698, -0.71845], [-75.24855, -0.69702], [-75.27405, -0.67082], [-75.26292, -0.65507]]]}}, {"type": "Feature", "properties": {"admin2_pcode": "EC0602", "admin2_name": "Alausi", "admin1_name": "Chimborazo"}, "geometry": {"type": "Polygon", "coordinates": [[[-78.89515, -2.10487], [-78.90635, -2.10461], [-78.90715, -2.11266], [-78.91941, -2.11639], [-78.94852, -2.11802], [-78.96556, -2.10856], [-78.97294, -2.11627], [-78.97952, -2.09056], [-78.99312, -2.09249], [-79.00333, -2.08282], [-79.02376, -2.08606], [-79.02883, -2.1116], [-79.04662, -2.13727], [-79.03004, -2.15026], [-79.01987, -2.18056], [-78.98318, -2.20629], [-79.03792, -2.25867], [-79.04737, -2.25876], [-79.06547, -2.28124], [-79.07158, -2.28507], [-79.09009, -2.27844], [-79.0827, -2.29142], [-79.07074, -2.29202], [-79.06174, -2.30023], [-79.06337, -2.31424], [-79.05109, -2.322], [-79.043, -2.34022], [-79.00437, -2.32981], [-78.97916, -2.33681], [-78.9557, -2.32705], [-78.94901, -2.31748], [-78.95093, -2.30511], [-78.96643, -2.27769], [-78.95105, -2.26787], [-78.91671, -2.26458], [-78.89756, -2.25305], [-78.88548, -2.27999], [-78.87692, -2.26225], [-78.86413, -2.26203], [-78.87222, -2.2444], [-78.82985, -2.23956], [-78.83132, -2.26421], [-78.84531, -2.30466], [-78.80784, -2.33654], [-78.80517, -2.35177], [-78.81354, -2.37718], [-78.80756, -2.38515], [-78.79177, -2.38496], [-78.79844, -2.41629], [-78.7865, -2.42407], [-78.78339, -2.43507], [-78.76298, -2.42843], [-78.7489, -2.44074], [-78.74792, -2.43448], [-78.71635, -2.42628], [-78.71263, -2.433], [-78.7193, -2.43866], [-78.69981, -2.44823], [-78.66073, -2.45208], [-78.66907, -2.469], [-78.66418, -2.47899], [-78.65542, -2.47668], [-78.65337, -2.49475], [-78.63934, -2.50654], [-78.62942, -2.50478], [-78.60019, -2.54016], [-78.57831, -2.54679], [-78.56954, -2.55865], [-78.56518, -2.55434], [-78.55638, -2.56009], [-78.5476, -2.55944], [-78.5392, -2.56753], [-78.5288, -2.56304], [-78.50453, -2.52132], [-78.49767, -2.50332], [-78.4816, -2.45505], [-78.48802, -2.44822], [-78.48448, -2.43681], [-78.45849, -2.41807], [-78.47824, -2.41715], [-78.48942, -2.40418], [-78.48515, -2.36572], [-78.52458, -2.35464], [-78.56133, -2.32593], [-78.57747, -2.33065], [-78.5868, -2.31857], [-78.57666, -2.30537], [-78.5569, -2.30681], [-78.54587, -2.30012], [-78.54715, -2.29204], [-78.53613, -2.27867], [-78.54369, -2.25146], [-78.53166, -2.24245], [-78.54851, -2.23621], [-78.55992, -2.22335], [-78.57703, -2.22244], [-78.57199, -2.20326], [-78.61019, -2.2021], [-78.61979, -2.19265], [-78.62066, -2.18148], [-78.62724, -2.19949], [-78.6512, -2.19053], [-78.67851, -2.19194], [-78.68231, -2.17984], [-78.67088, -2.15672], [-78.68998, -2.15682], [-78.70136, -2.14089], [-78.70656, -2.14271], [-78.71367, -2.11998], [-78.72459, -2.1212], [-78.73105, -2.11479], [-78.74206, -2.0885], [-78.76307, -2.09927], [-78.76679, -2.10854], [-78.79679, -2.13117], [-78.80775, -2.1148], [-78.82791, -2.10912], [-78.83096, -2.10075], [-78.84182, -2.09945], [-78.84529, -2.11004], [-78.85418, -2.10963], [-78.8633, -2.12126], [-78.87251, -2.11172], [-78.88308, -2.11377], [-78.89515, -2.10487]]]}}, {"type": "Feature", "properties": {"admin2_pcode": "EC0902", "admin2_name": "Alfredo Baquerizo Moreno", "admin1_name": "Guayas"}, "geometry": {"type": "Polygon", "coordinates": [[[-79.44512, -1.93466], [-79.45556, -1.92682], [-79.45564, -1.9167], [-79.46395, -1.91825], [-79.4854, -1.90108], [-79.48881, -1.88415], [-79.4991, -1.88737], [-79.52209, -1.88028], [-79.52451, -1.88513], [-79.56321, -1.8875], [-79.56409, -1.89852], [-79.58049, -1.905], [-79.59719, -1.90798], [-79.60943, -1.9032], [-79.62754, -1.92206], [-79.64785, -1.92346], [-79.64782, -1.92791], [-79.63905, -1.97459], [-79.60444, -1.98822], [-79.55888, -2.02892], [-79.51977, -1.96722], [-79.52548, -2.00622], [-79.52056, -2.0131], [-79.5153, -1.996], [-79.50438, -1.9979], [-79.47636, -1.98355], [-79.44512, -1.93466]]]}}, {"type": "Feature", "properties": {"admin2_pcode": "EC1801", "admin2_name": "Ambato", "admin1_name": "Tungurahua"}, "geometry": {"type": "Polygon", "coordinates": [[[-78.56578, -1.123], [-78.57128, -1.11647], [-78.57058, -1.12894], [-78.59095, -1.11422], [-78.6078, -1.11532], [-78.6134, -1.10996], [-78.62043, -1.12179], [-78.65207, -1.13837], [-78.66742, -1.15486], [-78.67413, -1.14539], [-78.69011, -1.15133], [-78.72299, -1.14826], [-78.74586, -1.13236], [-78.78131, -1.14702], [-78.78951, -1.1433], [-78.82213, -1.14609], [-78.83148, -1.17161], [-78.86209, -1.1914], [-78.89292, -1.22179], [-78.89139, -1.25065], [-78.88164, -1.25895], [-78.92235, -1.33321], [-78.92162, -1.34112], [-78.93792, -1.35476], [-78.92662, -1.37544], [-78.93106, -1.38369], [-78.92545, -1.39344], [-78.9318, -1.40169], [-78.91645, -1.41], [-78.90912, -1.43143], [-78.87889, -1.46248], [-78.85136, -1.47054], [-78.7789, -1.43063], [-78.76873, -1.43399], [-78.75881, -1.4102], [-78.74015, -1.40139], [-78.74863, -1.40116], [-78.74802, -1.39457], [-78.72882, -1.38956], [-78.71939, -1.36709], [-78.67113, -1.32156], [-78.6615, -1.32291], [-78.65391, -1.33785], [-78.63555, -1.32064], [-78.64191, -1.34438], [-78.59631, -1.32433], [-78.59086, -1.30474], [-78.57629, -1.30903], [-78.58174, -1.30126], [-78.57251, -1.29239], [-78.576, -1.28429], [-78.55718, -1.25957], [-78.55092, -1.23658], [-78.53732, -1.23329], [-78.53771, -1.22248], [-78.5546, -1.21367], [-78.55334, -1.20711], [-78.56594, -1.20059], [-78.56318, -1.19257], [-78.57477, -1.18781], [-78.57015, -1.17532], [-78.57422, -1.16288], [-78.56587, -1.15633], [-78.57094, -1.1358], [-78.56417, -1.13077], [-78.56578, -1.123]]]}}, {"type": "Feature", "properties": {"admin2_pcode": "EC1002", "admin2_name": "Antonio Ante", "admin1_name": "Imbabura"}, "geometry": {"type": "Polygon", "coordinates": [[[-78.18053, 0.25426], [-78.17671, 0.27622], [-78.19109, 0.31604], [-78.18792, 0.32723], [-78.1817, 0.32784], [-78.18089, 0.34205], [-78.188, 0.34552], [-78.16676, 0.36449], [-78.16818, 0.35701], [-78.14725, 0.3602], [-78.14732, 0.37963], [-78.13407, 0.40192], [-78.15284, 0.3918], [-78.1681, 0.39606], [-78.19154, 0.37826], [-78.21503, 0.37227], [-78.2346, 0.35967], [-78.2316, 0.35081], [-78.24606, 0.32329], [-78.24439, 0.30528], [-78.24125, 0.29092], [-78.19702, 0.27518], [-78.18053, 0.25426]]]}}, {"type": "Feature", "properties": {"admin2_pcode": "EC1604", "admin2_name": "Arajuno", "admin1_name": "Pastaza"}, "geometry": {"type": "Polygon", "coordinates": [[[-77.06133, -1.00823], [-77.06675, -1.00398], [-77.0808, -1.01449], [-77.09939, -1.0147], [-77.10783, -1.00768], [-77.12294, -1.01451], [-77.12776, -1.01059], [-77.14184, -1.02004], [-77.17261, -1.01679], [-77.18656, -1.02386], [-77.22497, -1.0245], [-77.23461, -1.05173], [-77.24458, -1.05747], [-77.2609, -1.05267], [-77.29185, -1.05811], [-77.32047, -1.07236], [-77.34956, -1.069], [-77.35158, -1.10204], [-77.35885, -1.10391], [-77.36811, -1.09071], [-77.36969, -1.09542], [-77.37479, -1.09105], [-77.38316, -1.09448], [-77.3919, -1.08362], [-77.40211, -1.09019], [-77.40565, -1.07975], [-77.43555, -1.08497], [-77.44163, -1.07767], [-77.45126, -1.07758], [-77.45212, -1.08314], [-77.44652, -1.08276], [-77.45432, -1.08943], [-77.44636, -1.09457], [-77.52682, -1.12459], [-77.56061, -1.15876], [-77.59583, -1.1235], [-77.61551, -1.14854], [-77.62547, -1.14289], [-77.63836, -1.14552], [-77.64543, -1.13398], [-77.65847, -1.13631], [-77.66994, -1.14983], [-77.67162, -1.14342], [-77.6858, -1.13794], [-77.69592, -1.14308], [-77.71846, -1.17666], [-77.72977, -1.17718], [-77.73179, -1.16586], [-77.73766, -1.16921], [-77.7352, -1.18347], [-77.74243, -1.18412], [-77.74195, -1.19872], [-77.75097, -1.2065], [-77.7534, -1.22188], [-77.78969, -1.25484], [-77.79016, -1.28158], [-77.8054, -1.32229], [-77.77586, -1.36374], [-77.76581, -1.36295], [-77.75486, -1.3435], [-77.73267, -1.34285], [-77.73364, -1.36964], [-77.72284, -1.38291], [-77.7236, -1.39917], [-77.70705, -1.41465], [-77.70568, -1.4237], [-77.71997, -1.4488], [-77.71853, -1.46681], [-77.70357, -1.4785], [-77.68324, -1.46303], [-77.65386, -1.47676], [-77.64742, -1.46882], [-77.63809, -1.47762], [-77.6015, -1.47879], [-77.57531, -1.48864], [-77.57457, -1.49375], [-77.55488, -1.48706], [-77.55119, -1.49214], [-77.54514, -1.48776], [-77.53938, -1.49608], [-77.52899, -1.49149], [-77.507, -1.5085], [-77.48535, -1.50628], [-77.46265, -1.48205], [-77.45665, -1.49595], [-77.43726, -1.48709], [-77.4298, -1.49441], [-77.41367, -1.49291], [-77.40622, -1.50358], [-77.39506, -1.50248], [-77.39278, -1.49608], [-77.38821, -1.50377], [-77.38308, -1.50087], [-77.38179, -1.51087], [-77.3735, -1.50489], [-77.35058, -1.51761], [-77.33762, -1.50059], [-77.33065, -1.50167], [-77.33406, -1.49554], [-77.30219, -1.51671], [-77.29645, -1.51011], [-77.29113, -1.51492], [-77.28008, -1.50258], [-77.26939, -1.50395], [-77.27353, -1.49622], [-77.25625, -1.49219], [-77.244, -1.47308], [-77.24351, -1.48215], [-77.23596, -1.47392], [-77.19892, -1.4845], [-77.19383, -1.47364], [-77.18415, -1.48288], [-77.16975, -1.47217], [-77.16402, -1.47896], [-77.15424, -1.45825], [-77.14315, -1.45493], [-77.14475, -1.44928], [-77.12315, -1.44164], [-77.11928, -1.44871], [-77.11651, -1.43976], [-77.10146, -1.43609], [-77.07619, -1.4393], [-77.06383, -1.41737], [-77.05747, -1.42032], [-77.05329, -1.41254], [-77.04652, -1.42191], [-77.03819, -1.41423], [-77.03914, -1.42387], [-76.99888, -1.40143], [-76.95457, -1.39636], [-76.9491, -1.39373], [-76.95545, -1.38889], [-76.94933, -1.38686], [-76.95174, -1.38293], [-76.93958, -1.38344], [-76.94419, -1.3754], [-76.9397, -1.37179], [-76.92346, -1.38985], [-76.9033, -1.39265], [-76.89173, -1.41067], [-76.86956, -1.40574], [-76.86865, -1.42085], [-76.85883, -1.4134], [-76.85, -1.42678], [-76.83006, -1.42676], [-76.82544, -1.42044], [-76.80584, -1.42595], [-76.80475, -1.43164], [-76.81226, -1.43508], [-76.80922, -1.44001], [-76.80187, -1.43634], [-76.79745, -1.4175], [-76.79697, -1.43204], [-76.77496, -1.43513], [-76.76868, -1.4429], [-76.76271, -1.42977], [-76.75168, -1.44312], [-76.74527, -1.42981], [-76.74396, -1.44486], [-76.73581, -1.44863], [-76.72945, -1.43261], [-76.72376, -1.44703], [-76.71363, -1.44241], [-76.7135, -1.4565], [-76.70841, -1.45366], [-76.7083, -1.43904], [-76.70263, -1.43783], [-76.70152, -1.44991], [-76.6906, -1.45453], [-76.69344, -1.4635], [-76.68098, -1.45442], [-76.67871, -1.47325], [-76.65723, -1.4746], [-76.65034, -1.46874], [-76.65412, -1.48164], [-76.63477, -1.48989], [-76.62678, -1.48403], [-76.62537, -1.49941], [-76.61448, -1.49507], [-76.60179, -1.5029], [-76.59634, -1.51633], [-76.59219, -1.51292], [-76.59568, -1.49429], [-76.57899, -1.49465], [-76.57478, -1.50328], [-76.56675, -1.49908], [-76.56673, -1.5115], [-76.54484, -1.50833], [-76.53817, -1.52633], [-76.50862, -1.54759], [-76.49887, -1.53709], [-76.49509, -1.55121], [-76.48731, -1.5381], [-76.4823, -1.54927], [-76.46927, -1.5565], [-76.44666, -1.55613], [-76.44885, -1.5701], [-76.43147, -1.55779], [-76.42011, -1.57086], [-76.40458, -1.55527], [-76.40114, -1.56825], [-76.3911, -1.5739], [-76.39231, -1.58367], [-76.363, -1.57025], [-76.35395, -1.57577], [-76.34809, -1.56478], [-76.34354, -1.5806], [-76.33119, -1.58482], [-76.31822, -1.58081], [-76.31253, -1.57111], [-76.31755, -1.58735], [-76.30999, -1.59704], [-76.30534, -1.58962], [-76.29061, -1.58938], [-76.29479, -1.60316], [-76.28442, -1.60886], [-76.29517, -1.62226], [-76.28567, -1.62161], [-76.2801, -1.62987], [-76.2527, -1.62196], [-76.24483, -1.62929], [-76.23449, -1.61732], [-76.23072, -1.62417], [-76.23646, -1.63489], [-76.2234, -1.63173], [-76.21946, -1.63962], [-76.20976, -1.64116], [-76.20083, -1.63754], [-76.20846, -1.61949], [-76.19074, -1.62033], [-76.18803, -1.61222], [-76.17927, -1.62411], [-76.18321, -1.63042], [-76.17339, -1.636], [-76.19324, -1.63935], [-76.19378, -1.64652], [-76.1639, -1.65953], [-76.16325, -1.64727], [-76.15285, -1.64972], [-76.15995, -1.68005], [-76.13151, -1.68555], [-76.13355, -1.69765], [-76.12231, -1.70391], [-76.1126, -1.69361], [-76.13401, -1.6625], [-76.14563, -1.65848], [-76.14235, -1.65418], [-76.11069, -1.64576], [-76.10608, -1.63832], [-76.10036, -1.65074], [-76.08821, -1.64918], [-76.08628, -1.64242], [-76.06584, -1.6426], [-76.05979, -1.65006], [-76.05761, -1.64344], [-76.04974, -1.64466], [-76.03656, -1.62178], [-76.01293, -1.61692], [-76.00699, -1.6056], [-75.97993, -1.60722], [-75.98165, -1.61711], [-75.96981, -1.61797], [-75.96067, -1.63129], [-75.9685, -1.63674], [-75.96396, -1.65182], [-75.95149, -1.65028], [-75.93208, -1.66698], [-75.92474, -1.6593], [-75.92343, -1.67968], [-75.91845, -1.68207], [-75.91981, -1.66303], [-75.90835, -1.673], [-75.87295, -1.66649], [-75.85607, -1.63579], [-75.84773, -1.63949], [-75.83899, -1.63276], [-75.8439, -1.6441], [-75.8373, -1.64629], [-75.83007, -1.63987], [-75.83673, -1.62848], [-75.83374, -1.6218], [-75.82722, -1.6231], [-75.81999, -1.61447], [-75.82327, -1.62732], [-75.81722, -1.62777], [-75.80851, -1.60967], [-75.79608, -1.62116], [-75.80959, -1.62015], [-75.80267, -1.63582], [-75.81358, -1.63584], [-75.80926, -1.64851], [-75.79248, -1.65775], [-75.7765, -1.6564], [-75.77172, -1.64959], [-75.77927, -1.64177], [-75.77253, -1.63783], [-75.76443, -1.65558], [-75.75459, -1.64262], [-75.74185, -1.64559], [-75.75306, -1.63268], [-75.73472, -1.64034], [-75.73501, -1.6291], [-75.72478, -1.62006], [-75.71736, -1.62579], [-75.71466, -1.61624], [-75.69298, -1.60965], [-75.69483, -1.59907], [-75.68822, -1.59513], [-75.69383, -1.58495], [-75.67565, -1.58386], [-75.66406, -1.59807], [-75.66266, -1.58618], [-75.63941, -1.58742], [-75.63574, -1.59931], [-75.63029, -1.59785], [-75.63032, -1.58609], [-75.61663, -1.58891], [-75.58041, -1.54696], [-75.59518, -1.5421], [-75.58826, -1.51119], [-75.59447, -1.51499], [-75.60454, -1.49536], [-75.61067, -1.49401], [-75.61474, -1.50171], [-75.61477, -1.49553], [-75.6315, -1.50115], [-75.63163, -1.49228], [-75.64187, -1.49542], [-75.63721, -1.48327], [-75.6523, -1.49015], [-75.64978, -1.47558], [-75.65985, -1.47661], [-75.66371, -1.48734], [-75.67492, -1.46856], [-75.7002, -1.46578], [-75.69971, -1.44867], [-75.71826, -1.46424], [-75.7217, -1.45798], [-75.71676, -1.44943], [-75.73977, -1.43676], [-75.73933, -1.41868], [-75.75231, -1.42249], [-75.74521, -1.41281], [-75.74899, -1.40729], [-75.75886, -1.40408], [-75.76199, -1.41562], [-75.77825, -1.39589], [-75.77879, -1.40127], [-75.79246, -1.40582], [-75.81492, -1.39652], [-75.80335, -1.39099], [-75.82145, -1.38532], [-75.83565, -1.39279], [-75.83127, -1.38194], [-75.84413, -1.37402], [-75.84059, -1.36225], [-75.84573, -1.3565], [-75.85412, -1.3624], [-75.88064, -1.35673], [-75.88209, -1.34156], [-75.87649, -1.33458], [-75.88744, -1.3418], [-75.89889, -1.33566], [-75.893, -1.35007], [-75.91273, -1.36156], [-75.91829, -1.35992], [-75.91823, -1.34813], [-75.93508, -1.36239], [-75.93787, -1.35259], [-75.9491, -1.35772], [-75.9587, -1.3473], [-75.96707, -1.34828], [-75.97278, -1.33239], [-75.9874, -1.34004], [-75.99546, -1.33701], [-75.99711, -1.31725], [-76.0022, -1.31152], [-76.00867, -1.31536], [-76.01213, -1.30659], [-76.02435, -1.3092], [-76.02617, -1.31598], [-76.02845, -1.30996], [-76.03634, -1.31458], [-76.05005, -1.29705], [-76.05684, -1.29921], [-76.05753, -1.30777], [-76.06285, -1.30661], [-76.05729, -1.28761], [-76.06743, -1.28814], [-76.06357, -1.27824], [-76.07176, -1.2802], [-76.0822, -1.29639], [-76.08997, -1.28157], [-76.11046, -1.27952], [-76.11354, -1.2725], [-76.12265, -1.27515], [-76.12735, -1.28531], [-76.13277, -1.27479], [-76.1447, -1.28975], [-76.15045, -1.28202], [-76.15921, -1.30134], [-76.16764, -1.29445], [-76.1761, -1.30035], [-76.17741, -1.28873], [-76.18731, -1.28649], [-76.19462, -1.29534], [-76.20997, -1.29727], [-76.22067, -1.28614], [-76.22331, -1.2955], [-76.23726, -1.30097], [-76.24716, -1.28709], [-76.25281, -1.30612], [-76.27118, -1.29594], [-76.26651, -1.30553], [-76.28623, -1.30977], [-76.28325, -1.31527], [-76.28883, -1.32054], [-76.29277, -1.30411], [-76.29523, -1.31013], [-76.3014, -1.30887], [-76.30873, -1.29881], [-76.31123, -1.30725], [-76.3284, -1.30622], [-76.35059, -1.29134], [-76.36575, -1.29453], [-76.36681, -1.2878], [-76.35691, -1.28069], [-76.36602, -1.27711], [-76.37093, -1.28211], [-76.3652, -1.27044], [-76.38657, -1.27096], [-76.39585, -1.25362], [-76.41835, -1.27168], [-76.43508, -1.2569], [-76.43668, -1.26566], [-76.45119, -1.27161], [-76.45764, -1.25697], [-76.45069, -1.25963], [-76.4486, -1.25164], [-76.45543, -1.25336], [-76.45826, -1.24766], [-76.47076, -1.26363], [-76.46661, -1.25777], [-76.47563, -1.25475], [-76.47269, -1.24717], [-76.48301, -1.24881], [-76.47507, -1.24094], [-76.48487, -1.23577], [-76.4928, -1.21555], [-76.49686, -1.22046], [-76.49954, -1.214], [-76.50078, -1.21988], [-76.50719, -1.2078], [-76.51886, -1.20953], [-76.51542, -1.19783], [-76.52194, -1.20014], [-76.52026, -1.19508], [-76.52988, -1.19201], [-76.5269, -1.18122], [-76.51984, -1.18574], [-76.52901, -1.16073], [-76.51996, -1.14558], [-76.52563, -1.13653], [-76.51621, -1.12837], [-76.52437, -1.1068], [-76.51373, -1.09489], [-76.51971, -1.07975], [-76.51406, -1.06938], [-76.53186, -1.05155], [-76.54802, -1.06849], [-76.56302, -1.0594], [-76.58531, -1.06727], [-76.60317, -1.07264], [-76.65275, -1.05667], [-76.68745, -1.07771], [-76.72023, -1.08286], [-76.72718, -1.10558], [-76.73313, -1.0991], [-76.749, -1.10045], [-76.75201, -1.09404], [-76.76233, -1.0988], [-76.76958, -1.08969], [-76.77549, -1.09612], [-76.78167, -1.09166], [-76.8032, -1.11082], [-76.82999, -1.11023], [-76.83139, -1.15852], [-76.85518, -1.16252], [-76.86107, -1.15495], [-76.87826, -1.15109], [-76.87586, -1.14597], [-76.88592, -1.14249], [-76.89705, -1.12669], [-76.9134, -1.12669], [-76.92081, -1.11889], [-76.92459, -1.12378], [-76.95537, -1.12151], [-76.96987, -1.10624], [-76.98187, -1.10559], [-76.99185, -1.096], [-77.03144, -1.09682], [-77.03386, -1.10167], [-77.06851, -1.08472], [-77.07454, -1.0552], [-77.09178, -1.03609], [-77.09129, -1.02374], [-77.0693, -1.01904], [-77.06133, -1.00823]]]}}, {"type": "Feature", "properties": {"admin2_pcode": "EC1503", "admin2_name": "Archidona", "admin1_name": "Napo"}, "geometry": {"type": "Polygon", "coordinates": [[[-77.62755, -0.54144], [-77.64231, -0.52998], [-77.67555, -0.52003], [-77.69915, -0.50197], [-77.71746, -0.50125], [-77.73279, -0.48887], [-77.74464, -0.51386], [-77.77016, -0.5193], [-77.78083, -0.53882], [-77.79691, -0.54729], [-77.80952, -0.57903], [-77.80781, -0.5959], [-77.82207, -0.61274], [-77.85621, -0.63542], [-77.86434, -0.65538], [-77.87738, -0.66323], [-77.88629, -0.64351], [-77.90786, -0.6406], [-77.91338, -0.65916], [-77.93042, -0.66351], [-77.9504, -0.64448], [-77.97723, -0.63919], [-78.00202, -0.61388], [-78.03346, -0.59939], [-78.0861, -0.60695], [-78.11288, -0.58443], [-78.14014, -0.60006], [-78.14913, -0.59467], [-78.18548, -0.563], [-78.17395, -0.55361], [-78.16238, -0.50979], [-78.14603, -0.49772], [-78.14211, -0.48462], [-78.18337, -0.46048], [-78.19707, -0.45927], [-78.20477, -0.46622], [-78.23626, -0.4551], [-78.2472, -0.47025], [-78.25551, -0.50286], [-78.26796, -0.51223], [-78.26627, -0.53246], [-78.27732, -0.56812], [-78.28846, -0.57687], [-78.30109, -0.57716], [-78.31225, -0.5884], [-78.32703, -0.61357], [-78.32133, -0.62563], [-78.33062, -0.65711], [-78.35516, -0.6698], [-78.39139, -0.67748], [-78.40277, -0.70482], [-78.42185, -0.71691], [-78.40086, -0.7319], [-78.39257, -0.74583], [-78.39793, -0.76986], [-78.38888, -0.77968], [-78.39501, -0.78527], [-78.38861, -0.804], [-78.34891, -0.79293], [-78.30304, -0.76872], [-78.27826, -0.76466], [-78.27109, -0.75562], [-78.24968, -0.76461], [-78.26093, -0.8091], [-78.25336, -0.82688], [-78.21408, -0.86168], [-78.17288, -0.86478], [-78.13696, -0.8401], [-78.10087, -0.8507], [-78.07925, -0.83749], [-78.05108, -0.8509], [-78.03638, -0.8839], [-78.04654, -0.92486], [-78.03826, -0.9401], [-78.00072, -0.91131], [-78.00604, -0.89741], [-78.01249, -0.89832], [-78.00954, -0.87502], [-78.00015, -0.87256], [-77.97284, -0.89854], [-77.94916, -0.86852], [-77.91879, -0.86123], [-77.89896, -0.87224], [-77.89171, -0.86623], [-77.87455, -0.87923], [-77.86003, -0.87871], [-77.86274, -0.90335], [-77.85847, -0.90138], [-77.84307, -0.91651], [-77.82992, -0.91498], [-77.82663, -0.90891], [-77.81846, -0.91338], [-77.81782, -0.9371], [-77.75465, -0.97121], [-77.7107, -0.97611], [-77.69428, -0.97323], [-77.69425, -0.95214], [-77.70212, -0.93968], [-77.69778, -0.92817], [-77.70094, -0.8822], [-77.68296, -0.87619], [-77.68531, -0.8557], [-77.66463, -0.85583], [-77.66203, -0.86529], [-77.63211, -0.86785], [-77.61493, -0.84371], [-77.6057, -0.84164], [-77.60098, -0.81326], [-77.58464, -0.80243], [-77.53429, -0.80019], [-77.54271, -0.79299], [-77.53582, -0.76288], [-77.52436, -0.7459], [-77.52843, -0.74177], [-77.49658, -0.702], [-77.52509, -0.66938], [-77.52198, -0.64993], [-77.53348, -0.63922], [-77.53494, -0.62124], [-77.58007, -0.6102], [-77.5945, -0.56799], [-77.60503, -0.56011], [-77.61934, -0.56277], [-77.62755, -0.54144]]]}}, {"type": "Feature", "properties": {"admin2_pcode": "EC0702", "admin2_name": "Arenillas", "admin1_name": "El Oro"}, "geometry": {"type": "Polygon", "coordinates": [[[-80.0282, -3.40987], [-80.04202, -3.39328], [-80.05834, -3.39539], [-80.05519, -3.41092], [-80.06039, -3.40868], [-80.06481, -3.41822], [-80.10891, -3.42335], [-80.11068, -3.4284], [-80.11589, -3.42087], [-80.1223, -3.43131], [-80.13188, -3.43264], [-80.12848, -3.44692], [-80.12485, -3.46105], [-80.12942, -3.46925], [-80.1514, -3.46827], [-80.21609, -3.50031], [-80.21789, -3.51104], [-80.21116, -3.51904], [-80.21603, -3.52433], [-80.20684, -3.5335], [-80.21136, -3.5396], [-80.20522, -3.55233], [-80.21879, -3.57513], [-80.21175, -3.59229], [-80.19979, -3.59206], [-80.18849, -3.60033], [-80.19745, -3.61946], [-80.18776, -3.63004], [-80.18708, -3.67039], [-80.1996, -3.68822], [-80.18025, -3.73531], [-80.18493, -3.73356], [-80.18069, -3.74151], [-80.18892, -3.74316], [-80.18365, -3.75177], [-80.19239, -3.74865], [-80.19287, -3.77409], [-80.15253, -3.7674], [-80.13969, -3.78195], [-80.12347, -3.78184], [-80.11541, -3.75437], [-80.10413, -3.75353], [-80.08013, -3.73661], [-80.05859, -3.73283], [-80.05709, -3.71991], [-80.02696, -3.71834], [-80.02371, -3.70899], [-80.01651, -3.70975], [-80.01534, -3.71723], [-80.00141, -3.70962], [-79.97593, -3.7122], [-79.96459, -3.72304], [-79.95348, -3.70634], [-79.95325, -3.69762], [-79.94358, -3.68154], [-79.93362, -3.67707], [-79.93058, -3.66499], [-79.9381, -3.6511], [-79.93982, -3.627], [-79.95102, -3.62006], [-79.94471, -3.6156], [-79.95118, -3.61187], [-79.95386, -3.59689], [-79.99085, -3.60198], [-79.98023, -3.58517], [-79.97996, -3.57194], [-80.02154, -3.56325], [-80.01912, -3.5558], [-80.03164, -3.5346], [-80.01787, -3.51969], [-80.01794, -3.49099], [-80.0113, -3.48099], [-80.02634, -3.41904], [-80.03295, -3.41562], [-80.0282, -3.40987]]]}}, {"type": "Feature", "properties": {"admin2_pcode": "EC0806", "admin2_name": "Atacames", "admin1_name": "Esmeraldas"}, "geometry": {"type": "Polygon", "coordinates": [[[-79.83543, 0.63239], [-79.81586, 0.67279], [-79.8067, 0.67224], [-79.80657, 0.70407], [-79.79491, 0.70804], [-79.78838, 0.72305], [-79.77922, 0.72644], [-79.79255, 0.74041], [-79.78936, 0.75399], [-79.79364, 0.75696], [-79.76193, 0.7899], [-79.75966, 0.80693], [-79.74649, 0.81949], [-79.75519, 0.85074], [-79.75133, 0.87532], [-79.74306, 0.88747], [-79.75002, 0.90405], [-79.72984, 0.92652], [-79.745, 0.9605], [-79.80792, 0.89539], [-79.85201, 0.8698], [-79.84531, 0.86986], [-79.84266, 0.86594], [-79.84402, 0.86554], [-79.84469, 0.86587], [-79.84554, 0.86956], [-79.84897, 0.86572], [-79.84986, 0.86727], [-79.8519, 0.86768], [-79.85264, 0.86889], [-79.85125, 0.87098], [-79.84405, 0.87595], [-79.8428, 0.87822], [-79.86769, 0.86433], [-79.87809, 0.86715], [-79.87737, 0.86018], [-79.88139, 0.87145], [-79.90431, 0.8537], [-79.91722, 0.85724], [-79.94742, 0.82961], [-79.94761, 0.82372], [-79.94174, 0.81491], [-79.94271, 0.81406], [-79.94324, 0.8144], [-79.94294, 0.8161], [-79.94401, 0.81667], [-79.94372, 0.81784], [-79.94605, 0.81967], [-79.94783, 0.82332], [-79.94757, 0.82875], [-79.98575, 0.81772], [-79.98273, 0.81396], [-79.99753, 0.79784], [-80.00811, 0.77223], [-80.01434, 0.73227], [-80.00727, 0.72648], [-79.98344, 0.74132], [-79.96938, 0.73398], [-79.9453, 0.74343], [-79.93124, 0.734], [-79.93566, 0.71696], [-79.92125, 0.6988], [-79.92108, 0.68405], [-79.90993, 0.68046], [-79.89355, 0.66216], [-79.88099, 0.66293], [-79.86446, 0.6754], [-79.85975, 0.66167], [-79.84074, 0.64811], [-79.83543, 0.63239]]]}}, {"type": "Feature", "properties": {"admin2_pcode": "EC0703", "admin2_name": "Atahualpa", "admin1_name": "El Oro"}, "geometry": {"type": "Polygon", "coordinates": [[[-79.73993, -3.46423], [-79.76499, -3.46221], [-79.76585, -3.47477], [-79.77747, -3.46985], [-79.79174, -3.49138], [-79.80015, -3.52382], [-79.83039, -3.5187], [-79.83711, -3.52392], [-79.83006, -3.54308], [-79.79691, -3.56641], [-79.78607, -3.56867], [-79.77685, -3.56303], [-79.77159, -3.58263], [-79.77454, -3.58763], [-79.80193, -3.58992], [-79.81619, -3.61526], [-79.83143, -3.61982], [-79.81252, -3.62626], [-79.80738, -3.64064], [-79.7946, -3.63632], [-79.78289, -3.61904], [-79.76271, -3.60555], [-79.75368, -3.58509], [-79.74084, -3.57474], [-79.72246, -3.57585], [-79.7131, -3.58012], [-79.69195, -3.6419], [-79.68078, -3.65235], [-79.6694, -3.64326], [-79.65277, -3.64163], [-79.64859, -3.61982], [-79.61847, -3.57437], [-79.61337, -3.55075], [-79.60083, -3.54083], [-79.61279, -3.51778], [-79.6344, -3.50382], [-79.64746, -3.51386], [-79.6923, -3.50991], [-79.73993, -3.46423]]]}}, {"type": "Feature", "properties": {"admin2_pcode": "EC0301", "admin2_name": "Azogues", "admin1_name": "Ca\u00f1ar"}, "geometry": {"type": "Polygon", "coordinates": [[[-78.56954, -2.55865], [-78.57831, -2.54679], [-78.60019, -2.54016], [-78.62942, -2.50478], [-78.63934, -2.50654], [-78.65337, -2.49475], [-78.65542, -2.47668], [-78.66418, -2.47899], [-78.66907, -2.469], [-78.66073, -2.45208], [-78.69981, -2.44823], [-78.7193, -2.43866], [-78.71263, -2.433], [-78.71635, -2.42628], [-78.74792, -2.43448], [-78.7489, -2.44074], [-78.74438, -2.44527], [-78.75261, -2.46838], [-78.74556, -2.50256], [-78.7535, -2.51254], [-78.75406, -2.52891], [-78.76284, -2.53384], [-78.76665, -2.58922], [-78.78371, -2.6173], [-78.78069, -2.63735], [-78.80408, -2.65276], [-78.83539, -2.64733], [-78.84208, -2.64231], [-78.83984, -2.6331], [-78.85525, -2.62999], [-78.87956, -2.65064], [-78.87882, -2.68633], [-78.86414, -2.73164], [-78.88403, -2.73931], [-78.88784, -2.73467], [-78.90541, -2.74741], [-78.89818, -2.75356], [-78.9036, -2.76505], [-78.89429, -2.79518], [-78.9079, -2.79639], [-78.91533, -2.8091], [-78.91275, -2.82296], [-78.92409, -2.82429], [-78.92824, -2.83153], [-78.90048, -2.83686], [-78.88374, -2.83486], [-78.88083, -2.82897], [-78.87484, -2.81921], [-78.81667, -2.82308], [-78.82262, -2.79905], [-78.7999, -2.77261], [-78.79222, -2.74381], [-78.80028, -2.71451], [-78.76977, -2.67309], [-78.74859, -2.67508], [-78.73168, -2.69074], [-78.70591, -2.68687], [-78.68521, -2.66788], [-78.66625, -2.67604], [-78.6586, -2.65402], [-78.63639, -2.648], [-78.61704, -2.62897], [-78.62537, -2.60704], [-78.62245, -2.59407], [-78.58056, -2.5744], [-78.56954, -2.55865]]]}}, {"type": "Feature", "properties": {"admin2_pcode": "EC1202", "admin2_name": "Baba", "admin1_name": "Los Rios"}, "geometry": {"type": "Polygon", "coordinates": [[[-79.59968, -1.44958], [-79.61303, -1.44636], [-79.6384, -1.46903], [-79.6563, -1.47334], [-79.64088, -1.48919], [-79.62969, -1.48869], [-79.65935, -1.50855], [-79.64908, -1.52712], [-79.65947, -1.54145], [-79.69356, -1.55564], [-79.68372, -1.59203], [-79.67336, -1.59777], [-79.67797, -1.64388], [-79.7008, -1.62766], [-79.7025, -1.61514], [-79.72961, -1.62277], [-79.72619, -1.67431], [-79.75214, -1.70296], [-79.74032, -1.73615], [-79.74824, -1.73846], [-79.74425, -1.74706], [-79.74853, -1.7871], [-79.73012, -1.80893], [-79.72852, -1.82547], [-79.71918, -1.82766], [-79.73124, -1.84608], [-79.70979, -1.85406], [-79.69823, -1.86909], [-79.68573, -1.86802], [-79.66966, -1.90095], [-79.65849, -1.89013], [-79.66851, -1.87992], [-79.66102, -1.85996], [-79.6477, -1.87528], [-79.64661, -1.86532], [-79.63601, -1.86369], [-79.63441, -1.85374], [-79.62329, -1.84793], [-79.62998, -1.83763], [-79.62613, -1.79213], [-79.63441, -1.78992], [-79.62991, -1.76257], [-79.61563, -1.7406], [-79.61148, -1.70853], [-79.59453, -1.70006], [-79.58925, -1.69331], [-79.59785, -1.68236], [-79.59357, -1.67171], [-79.5977, -1.65655], [-79.57705, -1.62955], [-79.58928, -1.6176], [-79.60854, -1.61972], [-79.6097, -1.61423], [-79.61338, -1.6209], [-79.62958, -1.62379], [-79.63642, -1.61922], [-79.62731, -1.61258], [-79.62288, -1.59753], [-79.61354, -1.60316], [-79.60388, -1.59367], [-79.57997, -1.60131], [-79.58734, -1.59508], [-79.57821, -1.58382], [-79.57886, -1.57374], [-79.59624, -1.56945], [-79.60083, -1.54816], [-79.58365, -1.51359], [-79.58898, -1.48564], [-79.57678, -1.47325], [-79.58655, -1.46006], [-79.59596, -1.46101], [-79.59968, -1.44958]]]}}, {"type": "Feature", "properties": {"admin2_pcode": "EC1201", "admin2_name": "Babahoyo", "admin1_name": "Los Rios"}, "geometry": {"type": "Polygon", "coordinates": [[[-79.35322, -1.63336], [-79.37273, -1.63274], [-79.41264, -1.61884], [-79.42715, -1.63556], [-79.4281, -1.64531], [-79.45522, -1.65665], [-79.46625, -1.67258], [-79.48958, -1.66898], [-79.49657, -1.67583], [-79.49485, -1.69509], [-79.50157, -1.69766], [-79.51712, -1.69384], [-79.52598, -1.70081], [-79.52826, -1.69026], [-79.55785, -1.6762], [-79.57714, -1.69984], [-79.59453, -1.70006], [-79.61148, -1.70853], [-79.61563, -1.7406], [-79.62991, -1.76257], [-79.63441, -1.78992], [-79.62613, -1.79213], [-79.62998, -1.83763], [-79.62329, -1.84793], [-79.63441, -1.85374], [-79.63601, -1.86369], [-79.64661, -1.86532], [-79.6477, -1.87528], [-79.66102, -1.85996], [-79.66851, -1.87992], [-79.65849, -1.89013], [-79.66966, -1.90095], [-79.66884, -1.90517], [-79.66098, -1.91974], [-79.64785, -1.92346], [-79.62754, -1.92206], [-79.60943, -1.9032], [-79.59719, -1.90798], [-79.58049, -1.905], [-79.56409, -1.89852], [-79.56321, -1.8875], [-79.52451, -1.88513], [-79.52209, -1.88028], [-79.4991, -1.88737], [-79.48881, -1.88415], [-79.4854, -1.90108], [-79.46395, -1.91825], [-79.45564, -1.9167], [-79.45556, -1.92682], [-79.44512, -1.93466], [-79.43707, -1.94074], [-79.41945, -1.93504], [-79.4052, -1.94354], [-79.41063, -1.94512], [-79.41138, -1.95509], [-79.40068, -1.96012], [-79.40084, -1.96751], [-79.36856, -1.97112], [-79.3706, -1.97817], [-79.35875, -1.98681], [-79.35276, -2.00918], [-79.33808, -2.02131], [-79.3344, -2.04172], [-79.32128, -2.05079], [-79.31796, -2.08107], [-79.27112, -2.10384], [-79.26342, -2.08212], [-79.25066, -2.1017], [-79.23485, -2.10422], [-79.2238, -2.12217], [-79.20346, -2.13349], [-79.20319, -2.11136], [-79.22271, -2.0839], [-79.2133, -2.08775], [-79.20122, -2.07772], [-79.20911, -2.07448], [-79.22824, -2.04101], [-79.22448, -2.02602], [-79.2457, -2.0081], [-79.24887, -1.98154], [-79.26087, -1.96264], [-79.25862, -1.93726], [-79.25894, -1.93698], [-79.28989, -1.89989], [-79.29145, -1.89057], [-79.30334, -1.89481], [-79.3099, -1.88728], [-79.32962, -1.89225], [-79.33378, -1.87984], [-79.34576, -1.87687], [-79.34413, -1.86985], [-79.35206, -1.87454], [-79.35354, -1.86727], [-79.36027, -1.87024], [-79.37269, -1.86355], [-79.37806, -1.86841], [-79.38172, -1.86283], [-79.38363, -1.86858], [-79.38894, -1.86386], [-79.39477, -1.86753], [-79.39442, -1.85765], [-79.40463, -1.8573], [-79.40533, -1.85128], [-79.40653, -1.85705], [-79.41452, -1.85263], [-79.41426, -1.8592], [-79.41959, -1.85979], [-79.46377, -1.80974], [-79.4595, -1.80958], [-79.46166, -1.80094], [-79.45349, -1.80366], [-79.43627, -1.79126], [-79.41842, -1.79484], [-79.39401, -1.78565], [-79.38522, -1.75531], [-79.37422, -1.74506], [-79.35647, -1.74336], [-79.3501, -1.75465], [-79.34068, -1.75655], [-79.33031, -1.74787], [-79.33156, -1.74187], [-79.32529, -1.74617], [-79.32138, -1.74003], [-79.30513, -1.73934], [-79.30918, -1.69698], [-79.29123, -1.6693], [-79.28846, -1.65465], [-79.32083, -1.65999], [-79.32243, -1.64627], [-79.34669, -1.64609], [-79.35563, -1.63751], [-79.35322, -1.63336]]]}}, {"type": "Feature", "properties": {"admin2_pcode": "EC0903", "admin2_name": "Balao", "admin1_name": "Guayas"}, "geometry": {"type": "MultiPolygon", "coordinates": [[[[-79.79319, -2.79029], [-79.80611, -2.79061], [-79.81546, -2.79863], [-79.81338, -2.82951], [-79.84493, -2.87925], [-79.83612, -2.88649], [-79.83633, -2.89074], [-79.83662, -2.891], [-79.83713, -2.89024], [-79.83632, -2.88697], [-79.84269, -2.8827], [-79.85514, -2.88887], [-79.85542, -2.98196], [-79.84951, -2.97686], [-79.82394, -2.94486], [-79.79686, -2.9524], [-79.78801, -2.94302], [-79.77537, -2.95253], [-79.77094, -2.97349], [-79.74423, -2.98452], [-79.7259, -2.97916], [-79.66426, -2.97254], [-79.64512, -2.98979], [-79.64885, -2.95167], [-79.65995, -2.94286], [-79.60751, -2.91271], [-79.60752, -2.90075], [-79.59448, -2.90206], [-79.59562, -2.88753], [-79.60858, -2.88021], [-79.61744, -2.85458], [-79.63316, -2.84908], [-79.666, -2.82958], [-79.67261, -2.81052], [-79.68284, -2.80608], [-79.69256, -2.81324], [-79.69655, -2.80789], [-79.70137, -2.81315], [-79.70786, -2.81005], [-79.71355, -2.81755], [-79.75092, -2.81545], [-79.79319, -2.79029]]], [[[-79.7946, -2.78905], [-79.79362, -2.7903], [-79.7946, -2.78905], [-79.7946, -2.78905]]]]}}, {"type": "Feature", "properties": {"admin2_pcode": "EC0704", "admin2_name": "Balsas", "admin1_name": "El Oro"}, "geometry": {"type": "Polygon", "coordinates": [[[-79.85325, -3.82457], [-79.84408, -3.81029], [-79.80991, -3.80482], [-79.81486, -3.79976], [-79.81198, -3.77991], [-79.79099, -3.76601], [-79.79962, -3.74547], [-79.79702, -3.73211], [-79.86148, -3.72392], [-79.88111, -3.74696], [-79.87509, -3.75694], [-79.86095, -3.74999], [-79.84953, -3.75853], [-79.86897, -3.78424], [-79.8772, -3.8105], [-79.87255, -3.82092], [-79.85325, -3.82457]]]}}, {"type": "Feature", "properties": {"admin2_pcode": "EC0904", "admin2_name": "Balzar", "admin1_name": "Guayas"}, "geometry": {"type": "Polygon", "coordinates": [[[-79.65094, -1.11448], [-79.66189, -1.11454], [-79.69098, -1.0873], [-79.71865, -1.09917], [-79.73066, -1.08781], [-79.72705, -1.08121], [-79.73572, -1.08143], [-79.73712, -1.09388], [-79.75326, -1.11568], [-79.75965, -1.11116], [-79.77597, -1.12039], [-79.78799, -1.10783], [-79.7924, -1.12122], [-79.80058, -1.12596], [-79.81576, -1.11385], [-79.82518, -1.11387], [-79.84055, -1.07325], [-79.86142, -1.09984], [-79.9031, -1.12611], [-79.90867, -1.1392], [-79.94031, -1.15559], [-79.94776, -1.15029], [-79.94699, -1.14288], [-79.98011, -1.14062], [-79.98444, -1.13061], [-79.9968, -1.15557], [-79.98228, -1.18578], [-80.0027, -1.19874], [-79.99884, -1.23301], [-80.03754, -1.25366], [-80.03548, -1.2705], [-80.02553, -1.27703], [-80.04041, -1.27499], [-80.04742, -1.28732], [-80.08059, -1.30612], [-80.08135, -1.31847], [-80.09851, -1.32639], [-80.13747, -1.32411], [-80.14468, -1.33336], [-80.15268, -1.36495], [-80.14209, -1.3803], [-80.14541, -1.40613], [-80.12396, -1.41106], [-80.08853, -1.36885], [-80.06289, -1.35013], [-80.05263, -1.36049], [-80.02825, -1.36962], [-80.02965, -1.39074], [-80.02221, -1.40179], [-80.02902, -1.42069], [-80.04011, -1.42626], [-80.04238, -1.44224], [-80.03048, -1.45212], [-80.01247, -1.44742], [-80.00316, -1.45814], [-79.98788, -1.48522], [-79.99704, -1.49093], [-79.99586, -1.50298], [-79.98529, -1.49997], [-79.97096, -1.51071], [-79.96362, -1.50683], [-79.95071, -1.51834], [-79.94501, -1.51467], [-79.93276, -1.5298], [-79.9085, -1.5304], [-79.89832, -1.52199], [-79.90214, -1.5164], [-79.89576, -1.50274], [-79.87539, -1.50988], [-79.8698, -1.50406], [-79.87335, -1.49746], [-79.86667, -1.49421], [-79.87265, -1.49061], [-79.86184, -1.48717], [-79.86948, -1.48305], [-79.87048, -1.46938], [-79.86576, -1.46803], [-79.87142, -1.45817], [-79.86559, -1.45655], [-79.86421, -1.45077], [-79.87032, -1.44919], [-79.86511, -1.44626], [-79.86811, -1.43498], [-79.86157, -1.43516], [-79.86736, -1.42877], [-79.86262, -1.42987], [-79.86092, -1.42128], [-79.84749, -1.40953], [-79.85451, -1.4058], [-79.84537, -1.39608], [-79.84635, -1.3832], [-79.80303, -1.34478], [-79.80379, -1.33252], [-79.7893, -1.30624], [-79.79339, -1.30407], [-79.78511, -1.29738], [-79.79019, -1.29455], [-79.77437, -1.28832], [-79.78035, -1.27653], [-79.76398, -1.26862], [-79.76414, -1.25978], [-79.77111, -1.25759], [-79.75237, -1.2443], [-79.75903, -1.23474], [-79.7524, -1.23718], [-79.75277, -1.22428], [-79.74557, -1.21916], [-79.74849, -1.19185], [-79.74375, -1.19313], [-79.73229, -1.17748], [-79.72549, -1.18263], [-79.71803, -1.17925], [-79.71338, -1.17373], [-79.71888, -1.16583], [-79.7155, -1.1531], [-79.70012, -1.15589], [-79.69423, -1.14711], [-79.68914, -1.15243], [-79.68149, -1.13306], [-79.68377, -1.12281], [-79.67543, -1.12252], [-79.6707, -1.11344], [-79.66195, -1.12174], [-79.65094, -1.11448]]]}}, {"type": "Feature", "properties": {"admin2_pcode": "EC1802", "admin2_name": "Ba\u00f1os de Agua Santa", "admin1_name": "Tungurahua"}, "geometry": {"type": "Polygon", "coordinates": [[[-78.12533, -1.19325], [-78.14965, -1.17936], [-78.17193, -1.19022], [-78.18733, -1.18346], [-78.19011, -1.15851], [-78.22792, -1.13999], [-78.24746, -1.15483], [-78.26402, -1.15725], [-78.26571, -1.13986], [-78.27732, -1.14437], [-78.30512, -1.13646], [-78.31751, -1.14952], [-78.31837, -1.16325], [-78.33535, -1.16463], [-78.34288, -1.17441], [-78.32661, -1.19589], [-78.33156, -1.20755], [-78.32469, -1.21593], [-78.34394, -1.26219], [-78.34296, -1.27682], [-78.36292, -1.30159], [-78.36597, -1.32443], [-78.40345, -1.32245], [-78.40664, -1.34536], [-78.46006, -1.36533], [-78.4587, -1.40163], [-78.47199, -1.40412], [-78.47832, -1.4136], [-78.4483, -1.46782], [-78.42329, -1.48601], [-78.39598, -1.48491], [-78.38961, -1.49337], [-78.36429, -1.49713], [-78.36486, -1.51307], [-78.358, -1.52162], [-78.34956, -1.52313], [-78.34533, -1.50407], [-78.31617, -1.49605], [-78.29846, -1.48044], [-78.27925, -1.48219], [-78.27764, -1.49585], [-78.2657, -1.50229], [-78.23359, -1.49318], [-78.22148, -1.48598], [-78.21736, -1.47365], [-78.19678, -1.4744], [-78.19238, -1.45568], [-78.17805, -1.44805], [-78.16943, -1.43591], [-78.15158, -1.43043], [-78.14313, -1.41332], [-78.1493, -1.40688], [-78.14723, -1.39709], [-78.12857, -1.3846], [-78.12748, -1.36769], [-78.11818, -1.35974], [-78.11643, -1.25098], [-78.12297, -1.22239], [-78.11716, -1.20226], [-78.12533, -1.19325]]]}}, {"type": "Feature", "properties": {"admin2_pcode": "EC0302", "admin2_name": "Biblian", "admin1_name": "Ca\u00f1ar"}, "geometry": {"type": "Polygon", "coordinates": [[[-78.87956, -2.65064], [-78.89181, -2.64439], [-78.88225, -2.61366], [-78.90823, -2.6264], [-78.93053, -2.60847], [-78.96354, -2.61583], [-78.98688, -2.60343], [-78.98776, -2.61797], [-79.01538, -2.62606], [-79.02775, -2.63936], [-79.04417, -2.62228], [-79.06025, -2.65721], [-79.08093, -2.66524], [-79.08375, -2.67815], [-79.09605, -2.68829], [-79.09032, -2.70822], [-79.09504, -2.71701], [-79.08762, -2.72722], [-79.07388, -2.72931], [-79.07995, -2.70864], [-79.07412, -2.69517], [-79.03719, -2.67771], [-79.02159, -2.6885], [-79.00459, -2.72463], [-78.99064, -2.72681], [-78.9645, -2.69993], [-78.95466, -2.72105], [-78.93566, -2.72443], [-78.92824, -2.71901], [-78.90541, -2.74741], [-78.88784, -2.73467], [-78.88403, -2.73931], [-78.86414, -2.73164], [-78.87882, -2.68633], [-78.87956, -2.65064]]]}}, {"type": "Feature", "properties": {"admin2_pcode": "EC0402", "admin2_name": "Bolivar", "admin1_name": "Carchi"}, "geometry": {"type": "Polygon", "coordinates": [[[-77.807, 0.42695], [-77.81748, 0.43143], [-77.85327, 0.47177], [-77.86054, 0.47063], [-77.85636, 0.49217], [-77.8702, 0.48275], [-77.8852, 0.56294], [-77.91827, 0.58854], [-77.92272, 0.57908], [-77.95338, 0.57072], [-77.9754, 0.57171], [-77.98125, 0.57811], [-77.98636, 0.56581], [-78.01016, 0.55065], [-78.02624, 0.52498], [-78.0361, 0.52492], [-78.04674, 0.51505], [-78.05244, 0.49576], [-78.0736, 0.47529], [-78.01333, 0.47331], [-78.00208, 0.46792], [-77.98852, 0.44498], [-77.96261, 0.43334], [-77.94568, 0.4312], [-77.9237, 0.40128], [-77.86458, 0.38089], [-77.85984, 0.371], [-77.8378, 0.35662], [-77.81734, 0.36409], [-77.81272, 0.35677], [-77.797, 0.36831], [-77.79557, 0.38142], [-77.80331, 0.39916], [-77.81348, 0.40376], [-77.80474, 0.41981], [-77.807, 0.42695]]]}}, {"type": "Feature", "properties": {"admin2_pcode": "EC1302", "admin2_name": "Bolivar", "admin1_name": "Manabi"}, "geometry": {"type": "Polygon", "coordinates": [[[-79.93503, -0.81062], [-79.94074, -0.81794], [-79.96145, -0.82052], [-79.96933, -0.83223], [-79.99178, -0.82823], [-80.05545, -0.85396], [-80.08202, -0.8471], [-80.09451, -0.83289], [-80.11235, -0.83192], [-80.13148, -0.81658], [-80.14291, -0.81668], [-80.14874, -0.82475], [-80.15674, -0.8137], [-80.1748, -0.8054], [-80.18038, -0.80907], [-80.1834, -0.83097], [-80.20996, -0.83182], [-80.21941, -0.8465], [-80.23167, -0.84621], [-80.23423, -0.86044], [-80.22676, -0.85945], [-80.22494, -0.86643], [-80.20199, -0.87963], [-80.20064, -0.8872], [-80.19429, -0.8881], [-80.19141, -0.87567], [-80.17893, -0.87553], [-80.16442, -0.89461], [-80.12113, -0.91676], [-80.12265, -0.93414], [-80.11399, -0.95697], [-80.06521, -0.96679], [-80.06552, -0.97506], [-80.08127, -0.98528], [-80.09473, -1.00489], [-80.09234, -1.02026], [-80.11084, -1.01994], [-80.11634, -1.03288], [-80.10641, -1.03801], [-80.09469, -1.03372], [-80.08556, -1.0403], [-80.07351, -1.02121], [-80.01472, -1.02348], [-80.01083, -1.03437], [-80.01537, -1.04924], [-80.00562, -1.04902], [-80.0063, -1.04343], [-79.99294, -1.03781], [-79.98378, -1.02362], [-79.98472, -0.9899], [-79.99116, -0.9825], [-79.98121, -0.97809], [-79.95367, -0.98232], [-79.9338, -0.99686], [-79.90319, -0.96022], [-79.9175, -0.93332], [-79.87302, -0.90006], [-79.87386, -0.89265], [-79.88498, -0.89467], [-79.89128, -0.88506], [-79.90185, -0.8824], [-79.90871, -0.86257], [-79.89831, -0.84059], [-79.90808, -0.81955], [-79.9297, -0.81665], [-79.93503, -0.81062]]]}}, {"type": "Feature", "properties": {"admin2_pcode": "EC1210", "admin2_name": "Buena Fe", "admin1_name": "Los Rios"}, "geometry": {"type": "Polygon", "coordinates": [[[-79.36901, -0.65796], [-79.36933, -0.6518], [-79.36288, -0.65542], [-79.36064, -0.64023], [-79.34552, -0.63051], [-79.35677, -0.58839], [-79.36654, -0.58094], [-79.36207, -0.57297], [-79.34967, -0.57138], [-79.3557, -0.55891], [-79.34515, -0.55566], [-79.34649, -0.54388], [-79.37263, -0.53983], [-79.37757, -0.54531], [-79.41637, -0.54667], [-79.41702, -0.53869], [-79.45014, -0.54828], [-79.45721, -0.56411], [-79.46111, -0.54834], [-79.48337, -0.54306], [-79.49718, -0.56815], [-79.48993, -0.57868], [-79.49317, -0.58329], [-79.48598, -0.5877], [-79.48526, -0.60937], [-79.50059, -0.60791], [-79.5085, -0.6363], [-79.52558, -0.64648], [-79.52524, -0.65699], [-79.5319, -0.65379], [-79.54316, -0.66533], [-79.53572, -0.68077], [-79.5419, -0.68728], [-79.5354, -0.69454], [-79.53621, -0.71629], [-79.55405, -0.72416], [-79.55573, -0.71706], [-79.56313, -0.7212], [-79.56538, -0.71001], [-79.57282, -0.71136], [-79.57621, -0.70033], [-79.58276, -0.71262], [-79.57764, -0.72235], [-79.60375, -0.75249], [-79.59768, -0.75452], [-79.5968, -0.77737], [-79.60571, -0.79855], [-79.5993, -0.82177], [-79.60891, -0.84062], [-79.60738, -0.8533], [-79.60071, -0.85904], [-79.58891, -0.84885], [-79.54857, -0.83956], [-79.54242, -0.84937], [-79.54151, -0.83862], [-79.53307, -0.83652], [-79.53564, -0.84737], [-79.52492, -0.86144], [-79.50313, -0.83924], [-79.52761, -0.91389], [-79.50722, -0.94483], [-79.49082, -0.94316], [-79.45553, -0.96126], [-79.45116, -0.94623], [-79.44884, -0.91997], [-79.4417, -0.91955], [-79.44141, -0.91347], [-79.4595, -0.90241], [-79.45332, -0.89063], [-79.47892, -0.89078], [-79.48267, -0.88043], [-79.47357, -0.87506], [-79.47255, -0.86627], [-79.48182, -0.84958], [-79.47974, -0.84214], [-79.46826, -0.84118], [-79.4671, -0.8303], [-79.45669, -0.83268], [-79.45782, -0.82402], [-79.45046, -0.82621], [-79.46248, -0.81448], [-79.45059, -0.80875], [-79.4516, -0.80245], [-79.4579, -0.8068], [-79.46168, -0.80279], [-79.45156, -0.79252], [-79.46098, -0.77926], [-79.45487, -0.76668], [-79.45735, -0.74571], [-79.44281, -0.73365], [-79.45691, -0.72713], [-79.45164, -0.7194], [-79.45359, -0.70388], [-79.44471, -0.69136], [-79.4224, -0.68882], [-79.42729, -0.66766], [-79.42088, -0.65965], [-79.4063, -0.66334], [-79.4, -0.67313], [-79.38584, -0.66815], [-79.37938, -0.68071], [-79.37728, -0.66563], [-79.36901, -0.65796]]]}}, {"type": "Feature", "properties": {"admin2_pcode": "EC0206", "admin2_name": "Caluma", "admin1_name": "Bolivar"}, "geometry": {"type": "Polygon", "coordinates": [[[-79.23346, -1.53348], [-79.24199, -1.53409], [-79.24716, -1.54354], [-79.24822, -1.56099], [-79.27009, -1.58664], [-79.27864, -1.60994], [-79.29913, -1.5994], [-79.31759, -1.62676], [-79.35322, -1.63336], [-79.35563, -1.63751], [-79.34669, -1.64609], [-79.32243, -1.64627], [-79.32083, -1.65999], [-79.28846, -1.65465], [-79.27498, -1.64771], [-79.22291, -1.64928], [-79.21522, -1.6374], [-79.20353, -1.63964], [-79.1782, -1.61573], [-79.1625, -1.62842], [-79.13915, -1.62753], [-79.11569, -1.64993], [-79.10538, -1.65195], [-79.09701, -1.6378], [-79.10557, -1.62083], [-79.10213, -1.60866], [-79.14361, -1.57494], [-79.15452, -1.58281], [-79.16485, -1.57739], [-79.16191, -1.55786], [-79.1745, -1.55125], [-79.21723, -1.56751], [-79.2265, -1.55872], [-79.23346, -1.53348]]]}}, {"type": "Feature", "properties": {"admin2_pcode": "EC1102", "admin2_name": "Calvas", "admin1_name": "Loja"}, "geometry": {"type": "Polygon", "coordinates": [[[-79.60689, -4.1747], [-79.62618, -4.17904], [-79.62734, -4.18429], [-79.63239, -4.17796], [-79.63657, -4.18361], [-79.66448, -4.17057], [-79.68474, -4.17518], [-79.72367, -4.1506], [-79.72639, -4.20436], [-79.73314, -4.21414], [-79.74662, -4.21787], [-79.75434, -4.2307], [-79.7404, -4.24247], [-79.74354, -4.25578], [-79.75409, -4.26866], [-79.76045, -4.26704], [-79.77247, -4.2767], [-79.73278, -4.30807], [-79.73461, -4.32193], [-79.74648, -4.33263], [-79.73594, -4.33991], [-79.73736, -4.35433], [-79.71924, -4.39754], [-79.68447, -4.42006], [-79.6784, -4.44816], [-79.65513, -4.43414], [-79.62862, -4.43921], [-79.6084, -4.45731], [-79.60022, -4.45641], [-79.59855, -4.46694], [-79.59152, -4.46869], [-79.59254, -4.4754], [-79.57961, -4.48765], [-79.5811, -4.49786], [-79.5704, -4.50179], [-79.56196, -4.51496], [-79.55043, -4.51372], [-79.5444, -4.52575], [-79.527, -4.52953], [-79.51256, -4.51622], [-79.5053, -4.49802], [-79.48239, -4.48194], [-79.48949, -4.45568], [-79.48704, -4.43213], [-79.46573, -4.42602], [-79.4573, -4.41361], [-79.44091, -4.40599], [-79.44082, -4.39553], [-79.43421, -4.39519], [-79.42479, -4.38173], [-79.43102, -4.3595], [-79.44065, -4.34954], [-79.43617, -4.32881], [-79.46094, -4.32252], [-79.49036, -4.33], [-79.50687, -4.28905], [-79.52196, -4.2807], [-79.52492, -4.25926], [-79.54587, -4.24084], [-79.56297, -4.24821], [-79.58053, -4.24523], [-79.58219, -4.20685], [-79.60689, -4.1747]]]}}, {"type": "Feature", "properties": {"admin2_pcode": "EC0115", "admin2_name": "Camilo Ponce Enriquez", "admin1_name": "Azuay"}, "geometry": {"type": "Polygon", "coordinates": [[[-79.45738, -2.98049], [-79.47262, -2.97271], [-79.48384, -2.94732], [-79.50008, -2.93844], [-79.49754, -2.92862], [-79.50975, -2.91413], [-79.51274, -2.89917], [-79.50234, -2.88273], [-79.50554, -2.87251], [-79.51568, -2.87253], [-79.52205, -2.85658], [-79.53212, -2.85436], [-79.53417, -2.8268], [-79.52712, -2.8104], [-79.53981, -2.81105], [-79.54815, -2.78836], [-79.5856, -2.79454], [-79.60953, -2.79162], [-79.62255, -2.79696], [-79.63706, -2.81547], [-79.6593, -2.81892], [-79.63316, -2.84908], [-79.61744, -2.85458], [-79.60858, -2.88021], [-79.59562, -2.88753], [-79.59448, -2.90206], [-79.60752, -2.90075], [-79.60751, -2.91271], [-79.65995, -2.94286], [-79.64885, -2.95167], [-79.64512, -2.98979], [-79.66426, -2.97254], [-79.7259, -2.97916], [-79.72785, -2.98609], [-79.71545, -2.9922], [-79.71256, -3.01532], [-79.73435, -3.00982], [-79.73969, -3.02928], [-79.74572, -3.02958], [-79.74965, -3.05406], [-79.76323, -3.06265], [-79.73561, -3.09536], [-79.68875, -3.10549], [-79.67293, -3.12107], [-79.63408, -3.13688], [-79.60807, -3.13728], [-79.62763, -3.11052], [-79.62236, -3.10387], [-79.61323, -3.10886], [-79.5952, -3.09947], [-79.57725, -3.0996], [-79.58175, -3.09455], [-79.56084, -3.06658], [-79.56526, -3.051], [-79.54806, -3.05136], [-79.54111, -3.02081], [-79.51329, -3.03159], [-79.50726, -3.04386], [-79.49531, -3.05049], [-79.47671, -3.04682], [-79.44975, -3.01972], [-79.44634, -3.00269], [-79.45805, -2.99382], [-79.45738, -2.98049]]]}}, {"type": "Feature", "properties": {"admin2_pcode": "EC0303", "admin2_name": "Ca\u00f1ar", "admin1_name": "Ca\u00f1ar"}, "geometry": {"type": "Polygon", "coordinates": [[[-79.09009, -2.27844], [-79.10015, -2.25396], [-79.13025, -2.24243], [-79.13477, -2.21523], [-79.14099, -2.2131], [-79.14163, -2.23352], [-79.17287, -2.28483], [-79.17528, -2.30333], [-79.20889, -2.31277], [-79.19943, -2.33358], [-79.20963, -2.34632], [-79.21075, -2.37516], [-79.20012, -2.38883], [-79.22654, -2.40944], [-79.26164, -2.45868], [-79.25125, -2.46146], [-79.25518, -2.48414], [-79.24783, -2.48533], [-79.24727, -2.49262], [-79.25141, -2.50216], [-79.27546, -2.49728], [-79.30389, -2.51403], [-79.34733, -2.51359], [-79.39303, -2.49798], [-79.37286, -2.5568], [-79.35889, -2.56633], [-79.32716, -2.55782], [-79.29603, -2.56601], [-79.28485, -2.56041], [-79.25574, -2.57209], [-79.24536, -2.61411], [-79.24926, -2.62933], [-79.24222, -2.65079], [-79.24341, -2.6758], [-79.21472, -2.72304], [-79.19156, -2.72165], [-79.18235, -2.71512], [-79.15207, -2.73391], [-79.14472, -2.73027], [-79.14381, -2.71474], [-79.13003, -2.71446], [-79.08762, -2.72722], [-79.09504, -2.71701], [-79.09032, -2.70822], [-79.09605, -2.68829], [-79.08375, -2.67815], [-79.08093, -2.66524], [-79.06025, -2.65721], [-79.04417, -2.62228], [-79.02775, -2.63936], [-79.01538, -2.62606], [-78.98776, -2.61797], [-78.98688, -2.60343], [-78.96354, -2.61583], [-78.93053, -2.60847], [-78.90823, -2.6264], [-78.88225, -2.61366], [-78.89181, -2.64439], [-78.87956, -2.65064], [-78.85525, -2.62999], [-78.83984, -2.6331], [-78.84208, -2.64231], [-78.83539, -2.64733], [-78.80408, -2.65276], [-78.78069, -2.63735], [-78.78371, -2.6173], [-78.76665, -2.58922], [-78.76284, -2.53384], [-78.75406, -2.52891], [-78.7535, -2.51254], [-78.74556, -2.50256], [-78.75261, -2.46838], [-78.74438, -2.44527], [-78.7489, -2.44074], [-78.76298, -2.42843], [-78.78339, -2.43507], [-78.7865, -2.42407], [-78.79844, -2.41629], [-78.79177, -2.38496], [-78.80756, -2.38515], [-78.81354, -2.37718], [-78.83311, -2.38419], [-78.84554, -2.39709], [-78.85574, -2.38998], [-78.86169, -2.39612], [-78.88666, -2.39413], [-78.91185, -2.4193], [-78.92781, -2.40513], [-78.97492, -2.39151], [-78.97622, -2.37836], [-79.00997, -2.37518], [-79.043, -2.34022], [-79.05109, -2.322], [-79.06337, -2.31424], [-79.06174, -2.30023], [-79.07074, -2.29202], [-79.0827, -2.29142], [-79.09009, -2.27844]], [[-79.02294, -2.43274], [-79.01178, -2.44077], [-79.05408, -2.47518], [-79.06127, -2.50108], [-79.07994, -2.50411], [-79.11637, -2.49178], [-79.11879, -2.48461], [-79.10346, -2.47114], [-79.10218, -2.46136], [-79.08788, -2.45755], [-79.06603, -2.43398], [-79.03977, -2.42307], [-79.02294, -2.43274]], [[-78.85736, -2.44418], [-78.85868, -2.45626], [-78.88355, -2.46552], [-78.88725, -2.47798], [-78.87823, -2.4887], [-78.88812, -2.49764], [-78.88698, -2.51115], [-78.90489, -2.52073], [-78.91333, -2.53478], [-78.9317, -2.52974], [-78.94235, -2.51949], [-78.96438, -2.52412], [-78.98319, -2.51558], [-78.98672, -2.50643], [-78.97914, -2.49462], [-78.9649, -2.49456], [-78.96046, -2.48621], [-78.9153, -2.47351], [-78.89214, -2.45474], [-78.88933, -2.44077], [-78.87449, -2.42984], [-78.85736, -2.44418]]]}}, {"type": "Feature", "properties": {"admin2_pcode": "EC1509", "admin2_name": "Carlos Julio Arosemena Tola", "admin1_name": "Napo"}, "geometry": {"type": "Polygon", "coordinates": [[[-77.73056, -1.16287], [-77.72595, -1.15039], [-77.74204, -1.14698], [-77.75885, -1.13348], [-77.76632, -1.14159], [-77.77393, -1.1229], [-77.78175, -1.117], [-77.79301, -1.12021], [-77.79339, -1.09221], [-77.88614, -1.08875], [-77.89959, -1.0958], [-77.89289, -1.11721], [-77.9152, -1.11763], [-77.91852, -1.11123], [-77.92927, -1.11353], [-77.9476, -1.10376], [-77.92806, -1.08847], [-77.93673, -1.08399], [-77.94672, -1.0935], [-77.95474, -1.08421], [-77.97815, -1.10126], [-77.99904, -1.09856], [-78.03373, -1.10952], [-78.05173, -1.12654], [-78.08039, -1.12181], [-78.11244, -1.15638], [-78.11497, -1.17795], [-78.12533, -1.19325], [-78.11716, -1.20226], [-78.12297, -1.22239], [-78.11107, -1.23318], [-78.09734, -1.22555], [-78.09189, -1.23255], [-78.08265, -1.22965], [-78.05143, -1.2483], [-78.0247, -1.23699], [-78.0119, -1.22309], [-77.96647, -1.22423], [-77.9634, -1.21152], [-77.94625, -1.20563], [-77.94255, -1.22507], [-77.9231, -1.22503], [-77.89948, -1.2439], [-77.88225, -1.24436], [-77.88976, -1.22327], [-77.87876, -1.19905], [-77.87421, -1.20644], [-77.85211, -1.20656], [-77.84136, -1.21654], [-77.83104, -1.21653], [-77.82549, -1.20323], [-77.80586, -1.20273], [-77.78079, -1.18407], [-77.75412, -1.17825], [-77.73998, -1.16127], [-77.73056, -1.16287]]]}}, {"type": "Feature", "properties": {"admin2_pcode": "EC2106", "admin2_name": "Cascales", "admin1_name": "Sucumbios"}, "geometry": {"type": "Polygon", "coordinates": [[[-77.2152, 0.36519], [-77.24537, 0.36157], [-77.26356, 0.37022], [-77.27054, 0.36388], [-77.29705, 0.36514], [-77.32684, 0.38933], [-77.36101, 0.39306], [-77.37226, 0.40097], [-77.38373, 0.39611], [-77.38038, 0.38544], [-77.38926, 0.38804], [-77.41713, 0.37524], [-77.42311, 0.35623], [-77.41054, 0.34014], [-77.39633, 0.34004], [-77.39261, 0.31118], [-77.4155, 0.30652], [-77.4117, 0.29568], [-77.42784, 0.26656], [-77.4002, 0.23996], [-77.38645, 0.24436], [-77.39248, 0.23579], [-77.38574, 0.2164], [-77.39469, 0.1954], [-77.3722, 0.17144], [-77.35212, 0.13381], [-77.31813, 0.10399], [-77.2747, 0.08076], [-77.26493, 0.06325], [-77.27054, 0.04684], [-77.2593, 0.04775], [-77.25402, 0.02106], [-77.25852, 0.01353], [-77.27356, 0.00977], [-77.27809, -0.01634], [-77.28865, -0.02482], [-77.28879, -0.03757], [-77.28027, -0.03984], [-77.27783, -0.04914], [-77.21023, -0.0841], [-77.20419, -0.09864], [-77.15725, -0.09989], [-77.15986, -0.08148], [-77.11704, -0.09647], [-77.117, -0.08404], [-77.08742, -0.07878], [-77.04365, -0.05238], [-77.0497, -0.03689], [-77.04101, -0.0225], [-77.04096, 0.04192], [-77.07729, 0.04653], [-77.09526, 0.03758], [-77.09525, 0.08686], [-77.10999, 0.18706], [-77.18819, 0.2234], [-77.1875, 0.23152], [-77.18078, 0.23319], [-77.1863, 0.24991], [-77.17847, 0.25262], [-77.18308, 0.25663], [-77.17174, 0.25529], [-77.17183, 0.27141], [-77.16172, 0.26121], [-77.15365, 0.26528], [-77.15037, 0.28479], [-77.16235, 0.29396], [-77.16521, 0.28421], [-77.18184, 0.29047], [-77.19527, 0.28721], [-77.20186, 0.29959], [-77.21498, 0.30361], [-77.21087, 0.32322], [-77.2224, 0.31796], [-77.23208, 0.32287], [-77.2315, 0.34024], [-77.22312, 0.34479], [-77.2152, 0.36519]]]}}, {"type": "Feature", "properties": {"admin2_pcode": "EC1103", "admin2_name": "Catamayo", "admin1_name": "Loja"}, "geometry": {"type": "Polygon", "coordinates": [[[-79.54626, -3.79839], [-79.55925, -3.80292], [-79.57625, -3.79534], [-79.57148, -3.8022], [-79.58315, -3.83652], [-79.55692, -3.88281], [-79.54312, -3.89888], [-79.54782, -3.91197], [-79.5333, -3.92798], [-79.53924, -3.96257], [-79.5225, -3.9967], [-79.51452, -4.00539], [-79.5199, -4.02436], [-79.51197, -4.02988], [-79.46868, -4.02728], [-79.4444, -4.00189], [-79.42503, -4.00251], [-79.41008, -4.01047], [-79.40333, -4.00581], [-79.3825, -4.05319], [-79.3585, -4.06965], [-79.35319, -4.0806], [-79.35744, -4.08663], [-79.33429, -4.12121], [-79.33171, -4.13352], [-79.34304, -4.14267], [-79.34431, -4.15279], [-79.33372, -4.1592], [-79.32427, -4.18681], [-79.30702, -4.17815], [-79.29896, -4.16261], [-79.28272, -4.1599], [-79.27041, -4.14588], [-79.25401, -4.1469], [-79.2468, -4.13525], [-79.23561, -4.1338], [-79.224, -4.12065], [-79.22873, -4.0904], [-79.22532, -4.06253], [-79.23779, -4.03485], [-79.25184, -4.02257], [-79.25871, -3.99576], [-79.26721, -3.9887], [-79.28131, -3.99293], [-79.30904, -3.98698], [-79.3223, -3.97086], [-79.33583, -3.96521], [-79.32184, -3.95276], [-79.31727, -3.93776], [-79.32814, -3.90849], [-79.34652, -3.90839], [-79.34815, -3.8877], [-79.35922, -3.89185], [-79.36799, -3.88221], [-79.40171, -3.88692], [-79.39655, -3.92116], [-79.43869, -3.88409], [-79.44935, -3.89267], [-79.46022, -3.89264], [-79.45395, -3.88409], [-79.45473, -3.86838], [-79.4668, -3.85176], [-79.51563, -3.83379], [-79.54626, -3.79839]]]}}, {"type": "Feature", "properties": {"admin2_pcode": "EC1702", "admin2_name": "Cayambe", "admin1_name": "Pichincha"}, "geometry": {"type": "Polygon", "coordinates": [[[-77.96518, 0.15803], [-77.96693, 0.16862], [-78.00222, 0.17248], [-78.03143, 0.18826], [-78.0347, 0.17599], [-78.0564, 0.18306], [-78.06934, 0.1775], [-78.08752, 0.17968], [-78.09261, 0.18729], [-78.10694, 0.1629], [-78.14827, 0.15895], [-78.14602, 0.15118], [-78.15464, 0.14143], [-78.17986, 0.13504], [-78.1876, 0.13966], [-78.16242, 0.08622], [-78.16627, 0.07638], [-78.15868, 0.06563], [-78.17013, 0.04325], [-78.16626, 0.02724], [-78.18111, -0.00295], [-78.19045, -0.00205], [-78.20217, 0.01762], [-78.21396, 0.02053], [-78.21658, 0.01063], [-78.23971, 0.00177], [-78.24186, -0.00454], [-78.25407, -0.00863], [-78.26427, 0.00175], [-78.27916, -0.0018], [-78.28168, -0.00848], [-78.28674, -0.00291], [-78.30083, -0.00449], [-78.31876, -0.01993], [-78.31851, -0.0252], [-78.29787, -0.02909], [-78.29493, -0.03934], [-78.273, -0.05629], [-78.29616, -0.05282], [-78.29792, -0.06104], [-78.30991, -0.06752], [-78.30135, -0.0896], [-78.25948, -0.09891], [-78.24236, -0.08824], [-78.2117, -0.08869], [-78.21926, -0.10257], [-78.23691, -0.11501], [-78.27648, -0.12227], [-78.25417, -0.12229], [-78.18375, -0.1538], [-78.1652, -0.17523], [-78.16685, -0.18668], [-78.15512, -0.17297], [-78.13708, -0.1668], [-78.12373, -0.18109], [-78.10774, -0.1794], [-78.10284, -0.19521], [-78.0951, -0.18518], [-78.08388, -0.18954], [-78.06202, -0.17485], [-78.05413, -0.16121], [-78.05945, -0.14943], [-78.05086, -0.14172], [-78.01888, -0.14032], [-77.99536, -0.11061], [-77.96974, -0.12269], [-77.95457, -0.09433], [-77.93272, -0.1003], [-77.93142, -0.08773], [-77.93968, -0.08165], [-77.93536, -0.06729], [-77.94326, -0.0516], [-77.92002, -0.02895], [-77.85289, -0.00402], [-77.84486, 0.00378], [-77.83963, 0.02743], [-77.85468, 0.0246], [-77.85945, 0.06239], [-77.89027, 0.08311], [-77.91822, 0.08187], [-77.93558, 0.1032], [-77.94621, 0.09894], [-77.96222, 0.11286], [-77.9793, 0.10812], [-77.96518, 0.15803]]]}}, {"type": "Feature", "properties": {"admin2_pcode": "EC1104", "admin2_name": "Celica", "admin1_name": "Loja"}, "geometry": {"type": "Polygon", "coordinates": [[[-79.9707, -4.05745], [-80.00012, -4.07275], [-80.01069, -4.05238], [-80.02032, -4.07236], [-80.04291, -4.07274], [-80.05315, -4.06652], [-80.05894, -4.0818], [-80.07847, -4.08309], [-80.07423, -4.10197], [-80.0813, -4.10506], [-80.06971, -4.11906], [-80.09188, -4.13596], [-80.09118, -4.14712], [-80.11439, -4.17399], [-80.12315, -4.17279], [-80.14614, -4.1447], [-80.16116, -4.15385], [-80.1668, -4.15127], [-80.1619, -4.16454], [-80.17743, -4.16897], [-80.18013, -4.17988], [-80.18862, -4.17782], [-80.18602, -4.18197], [-80.19572, -4.18351], [-80.20121, -4.19261], [-80.2093, -4.19114], [-80.23695, -4.21556], [-80.24013, -4.23984], [-80.2303, -4.22786], [-80.22804, -4.23854], [-80.21707, -4.23661], [-80.20562, -4.24322], [-80.20762, -4.25405], [-80.19116, -4.26733], [-80.18212, -4.25749], [-80.1844, -4.24666], [-80.17387, -4.23606], [-80.14829, -4.23854], [-80.11613, -4.23183], [-80.10514, -4.24567], [-80.12044, -4.26723], [-80.13017, -4.26715], [-80.1198, -4.27713], [-80.10997, -4.2749], [-80.1022, -4.26605], [-80.06901, -4.25405], [-80.06586, -4.2419], [-80.05815, -4.2432], [-80.03709, -4.23018], [-80.02011, -4.23387], [-79.99111, -4.227], [-79.97128, -4.23449], [-79.95921, -4.22848], [-79.95389, -4.2109], [-79.92942, -4.21545], [-79.88377, -4.20459], [-79.86051, -4.17527], [-79.86247, -4.15658], [-79.85726, -4.15266], [-79.8483, -4.15844], [-79.84474, -4.1488], [-79.88013, -4.13649], [-79.8957, -4.12138], [-79.91892, -4.07382], [-79.94848, -4.07543], [-79.96123, -4.0569], [-79.9707, -4.05745]]]}}, {"type": "Feature", "properties": {"admin2_pcode": "EC1907", "admin2_name": "Centinela del Condor", "admin1_name": "Zamora Chinchipe"}, "geometry": {"type": "Polygon", "coordinates": [[[-78.68638, -3.86335], [-78.76032, -3.86025], [-78.77264, -3.86958], [-78.79221, -3.86895], [-78.81419, -3.85102], [-78.82489, -3.8333], [-78.84, -3.84197], [-78.84039, -3.85132], [-78.85035, -3.85385], [-78.84917, -3.85894], [-78.83868, -3.87772], [-78.84028, -3.89298], [-78.83197, -3.91192], [-78.81661, -3.91148], [-78.81054, -3.93228], [-78.78157, -3.94453], [-78.79118, -3.97368], [-78.7627, -4.01687], [-78.77116, -4.04071], [-78.77111, -4.06362], [-78.75302, -4.04802], [-78.73047, -4.0457], [-78.71621, -4.01933], [-78.68599, -3.99998], [-78.66656, -3.99563], [-78.66505, -3.98926], [-78.66344, -3.97774], [-78.67037, -3.98616], [-78.67621, -3.98146], [-78.67403, -3.95544], [-78.68375, -3.94755], [-78.68365, -3.93778], [-78.67869, -3.94454], [-78.6747, -3.93866], [-78.69335, -3.92152], [-78.68334, -3.91549], [-78.68247, -3.89896], [-78.67576, -3.89849], [-78.68779, -3.88796], [-78.67891, -3.8813], [-78.68638, -3.86335]]]}}, {"type": "Feature", "properties": {"admin2_pcode": "EC1803", "admin2_name": "Cevallos", "admin1_name": "Tungurahua"}, "geometry": {"type": "Polygon", "coordinates": [[[-78.59022, -1.35225], [-78.59631, -1.32433], [-78.64191, -1.34438], [-78.64301, -1.35825], [-78.61209, -1.37488], [-78.59689, -1.36662], [-78.59022, -1.35225]]]}}, {"type": "Feature", "properties": {"admin2_pcode": "EC1105", "admin2_name": "Chaguarpamba", "admin1_name": "Loja"}, "geometry": {"type": "Polygon", "coordinates": [[[-79.57625, -3.79534], [-79.5964, -3.77388], [-79.606, -3.75113], [-79.61939, -3.75013], [-79.64618, -3.76895], [-79.65705, -3.77418], [-79.66257, -3.76938], [-79.68012, -3.77875], [-79.68566, -3.79678], [-79.71415, -3.82841], [-79.77669, -3.83727], [-79.79174, -3.84573], [-79.80197, -3.84223], [-79.81127, -3.85026], [-79.79411, -3.86731], [-79.77769, -3.92031], [-79.73894, -3.91464], [-79.73326, -3.89352], [-79.73165, -3.901], [-79.72106, -3.9055], [-79.72203, -3.91655], [-79.71292, -3.91849], [-79.70904, -3.94998], [-79.68901, -3.93202], [-79.67869, -3.93209], [-79.66654, -3.91606], [-79.6657, -3.89589], [-79.65504, -3.90618], [-79.63515, -3.90794], [-79.62282, -3.90082], [-79.5981, -3.91376], [-79.58065, -3.89239], [-79.55692, -3.88281], [-79.58315, -3.83652], [-79.57148, -3.8022], [-79.57625, -3.79534]]]}}, {"type": "Feature", "properties": {"admin2_pcode": "EC0604", "admin2_name": "Chambo", "admin1_name": "Chimborazo"}, "geometry": {"type": "Polygon", "coordinates": [[[-78.46698, -1.75178], [-78.47263, -1.72206], [-78.48881, -1.70746], [-78.49599, -1.68944], [-78.51528, -1.71544], [-78.54966, -1.70881], [-78.56993, -1.71449], [-78.60344, -1.68016], [-78.608, -1.68262], [-78.60696, -1.71218], [-78.62208, -1.71535], [-78.63344, -1.73861], [-78.62325, -1.74461], [-78.61839, -1.74013], [-78.59877, -1.76121], [-78.58543, -1.78176], [-78.58623, -1.79146], [-78.54926, -1.80694], [-78.50745, -1.80578], [-78.49141, -1.78875], [-78.46835, -1.79393], [-78.44487, -1.76586], [-78.45717, -1.76286], [-78.46698, -1.75178]]]}}, {"type": "Feature", "properties": {"admin2_pcode": "EC0705", "admin2_name": "Chilla", "admin1_name": "El Oro"}, "geometry": {"type": "Polygon", "coordinates": [[[-79.55575, -3.38744], [-79.56578, -3.3927], [-79.58539, -3.3869], [-79.58932, -3.37621], [-79.57959, -3.36604], [-79.59268, -3.32964], [-79.60687, -3.33068], [-79.61125, -3.34312], [-79.62407, -3.34687], [-79.63827, -3.33915], [-79.65882, -3.33929], [-79.66475, -3.33111], [-79.67039, -3.34547], [-79.665, -3.36982], [-79.68136, -3.37384], [-79.69584, -3.36543], [-79.71105, -3.40389], [-79.70055, -3.43082], [-79.70969, -3.43121], [-79.71899, -3.45501], [-79.73573, -3.45729], [-79.73993, -3.46423], [-79.6923, -3.50991], [-79.64746, -3.51386], [-79.6344, -3.50382], [-79.61279, -3.51778], [-79.60083, -3.54083], [-79.57754, -3.53832], [-79.54846, -3.54758], [-79.53909, -3.54015], [-79.54369, -3.52253], [-79.55426, -3.51316], [-79.54611, -3.50811], [-79.53805, -3.47161], [-79.54921, -3.45236], [-79.54446, -3.43354], [-79.5544, -3.41893], [-79.55575, -3.38744]]]}}, {"type": "Feature", "properties": {"admin2_pcode": "EC0202", "admin2_name": "Chillanes", "admin1_name": "Bolivar"}, "geometry": {"type": "Polygon", "coordinates": [[[-79.01725, -1.86407], [-79.05017, -1.87524], [-79.04683, -1.88221], [-79.08812, -1.87105], [-79.12275, -1.8817], [-79.14828, -1.89539], [-79.15326, -1.90496], [-79.16056, -1.90428], [-79.16772, -1.91981], [-79.17521, -1.90591], [-79.20445, -1.89981], [-79.23007, -1.91706], [-79.24085, -1.93676], [-79.25862, -1.93726], [-79.26087, -1.96264], [-79.24887, -1.98154], [-79.2457, -2.0081], [-79.22448, -2.02602], [-79.22824, -2.04101], [-79.20911, -2.07448], [-79.20122, -2.07772], [-79.2133, -2.08775], [-79.22271, -2.0839], [-79.20319, -2.11136], [-79.20346, -2.13349], [-79.19392, -2.13099], [-79.18784, -2.14154], [-79.1756, -2.14577], [-79.1616, -2.12155], [-79.13686, -2.12053], [-79.12477, -2.11351], [-79.11514, -2.11668], [-79.12097, -2.14088], [-79.10208, -2.13333], [-79.10461, -2.14353], [-79.12828, -2.16408], [-79.13834, -2.18245], [-79.11649, -2.18317], [-79.1271, -2.2025], [-79.10832, -2.19975], [-79.08761, -2.18382], [-79.05193, -2.14942], [-79.04662, -2.13727], [-79.02883, -2.1116], [-79.02376, -2.08606], [-79.02366, -2.07269], [-79.03698, -2.0599], [-79.0261, -2.0095], [-79.01646, -1.99514], [-79.01638, -1.96021], [-79.00793, -1.93517], [-79.00776, -1.9041], [-79.01725, -1.86407]]]}}, {"type": "Feature", "properties": {"admin2_pcode": "EC0203", "admin2_name": "Chimbo", "admin1_name": "Bolivar"}, "geometry": {"type": "Polygon", "coordinates": [[[-79.10213, -1.60866], [-79.10557, -1.62083], [-79.09701, -1.6378], [-79.10538, -1.65195], [-79.11569, -1.64993], [-79.13915, -1.62753], [-79.1625, -1.62842], [-79.1782, -1.61573], [-79.20353, -1.63964], [-79.21522, -1.6374], [-79.22291, -1.64928], [-79.27498, -1.64771], [-79.28846, -1.65465], [-79.29123, -1.6693], [-79.27764, -1.66645], [-79.25178, -1.67761], [-79.25306, -1.69093], [-79.26944, -1.69828], [-79.23307, -1.73706], [-79.21119, -1.73993], [-79.2086, -1.74615], [-79.1748, -1.73148], [-79.16499, -1.71306], [-79.12652, -1.71326], [-79.10607, -1.69927], [-79.09567, -1.70958], [-79.05572, -1.69257], [-79.03976, -1.70227], [-79.03852, -1.69734], [-79.02467, -1.70227], [-79.01872, -1.68767], [-79.01021, -1.68462], [-79.00498, -1.64338], [-79.02572, -1.62946], [-79.06756, -1.62521], [-79.07931, -1.61047], [-79.10213, -1.60866]]]}}, {"type": "Feature", "properties": {"admin2_pcode": "EC1902", "admin2_name": "Chinchipe", "admin1_name": "Zamora Chinchipe"}, "geometry": {"type": "Polygon", "coordinates": [[[-78.89219, -4.80933], [-78.98162, -4.80752], [-78.96413, -4.74674], [-78.9812, -4.74679], [-79.01799, -4.76483], [-79.06619, -4.80002], [-79.08276, -4.80548], [-79.0831, -4.79976], [-79.10445, -4.78938], [-79.09152, -4.76696], [-79.0938, -4.75381], [-79.11101, -4.74103], [-79.11426, -4.72705], [-79.12612, -4.71823], [-79.13262, -4.72974], [-79.1473, -4.73601], [-79.15294, -4.74905], [-79.18091, -4.76092], [-79.27865, -4.72616], [-79.29164, -4.72404], [-79.29196, -4.73512], [-79.31489, -4.72751], [-79.32688, -4.71626], [-79.34783, -4.71793], [-79.39398, -4.69289], [-79.39929, -4.71748], [-79.41297, -4.71859], [-79.42049, -4.73658], [-79.42967, -4.74083], [-79.39795, -4.82938], [-79.36916, -4.83389], [-79.35198, -4.88042], [-79.34357, -4.88656], [-79.33393, -4.88356], [-79.32015, -4.90064], [-79.30627, -4.8985], [-79.29077, -4.93868], [-79.26556, -4.96688], [-79.21252, -4.96705], [-79.17725, -4.95961], [-79.16795, -4.96635], [-79.1422, -4.96445], [-79.10922, -4.97869], [-79.07589, -4.96978], [-79.07078, -4.99021], [-79.05536, -4.98763], [-79.03474, -5.01314], [-79.02658, -5.01516], [-79.01521, -5.01611], [-78.99132, -4.96588], [-78.97435, -4.89641], [-78.95492, -4.8931], [-78.94554, -4.89801], [-78.89201, -4.88679], [-78.88985, -4.87256], [-78.90736, -4.86209], [-78.91245, -4.84937], [-78.89849, -4.8326], [-78.89219, -4.80933]]]}}, {"type": "Feature", "properties": {"admin2_pcode": "EC1303", "admin2_name": "Chone", "admin1_name": "Manabi"}, "geometry": {"type": "Polygon", "coordinates": [[[-79.60291, 0.08236], [-79.62415, 0.08788], [-79.63128, 0.06761], [-79.64416, 0.06786], [-79.65099, 0.05915], [-79.70378, 0.05747], [-79.70442, 0.03437], [-79.72599, 0.03408], [-79.74021, 0.02702], [-79.73819, 0.01798], [-79.75787, 0.01998], [-79.82238, 4e-05], [-79.842, 0.00044], [-79.83925, -0.01107], [-79.84798, -0.0283], [-79.85886, -0.03104], [-79.88556, -0.0561], [-79.90931, -0.05729], [-79.93154, -0.07523], [-79.93149, -0.0898], [-79.95353, -0.09656], [-79.96615, -0.1112], [-79.96587, -0.14632], [-80.03503, -0.20128], [-80.04704, -0.20308], [-80.05418, -0.21629], [-80.0637, -0.21565], [-80.06886, -0.22747], [-80.08288, -0.23638], [-80.08042, -0.24783], [-80.09863, -0.27776], [-80.10062, -0.3026], [-80.12821, -0.33065], [-80.1268, -0.34852], [-80.17154, -0.36731], [-80.17225, -0.42615], [-80.18821, -0.43306], [-80.18956, -0.48237], [-80.22156, -0.4918], [-80.24186, -0.50361], [-80.24674, -0.51387], [-80.24503, -0.54314], [-80.25862, -0.56921], [-80.27122, -0.57849], [-80.26704, -0.59454], [-80.2422, -0.60738], [-80.27578, -0.60953], [-80.28064, -0.65247], [-80.27912, -0.65796], [-80.27372, -0.68587], [-80.26775, -0.67991], [-80.26195, -0.69122], [-80.24368, -0.68829], [-80.23007, -0.69463], [-80.22553, -0.7132], [-80.21526, -0.71277], [-80.20813, -0.73336], [-80.19032, -0.73325], [-80.18873, -0.74194], [-80.17535, -0.73079], [-80.15919, -0.73771], [-80.16185, -0.75852], [-80.14506, -0.77066], [-80.15615, -0.77522], [-80.15817, -0.79572], [-80.16594, -0.79433], [-80.1748, -0.8054], [-80.15674, -0.8137], [-80.14874, -0.82475], [-80.14291, -0.81668], [-80.13148, -0.81658], [-80.11235, -0.83192], [-80.09451, -0.83289], [-80.08202, -0.8471], [-80.05545, -0.85396], [-79.99178, -0.82823], [-79.96933, -0.83223], [-79.96145, -0.82052], [-79.94074, -0.81794], [-79.93503, -0.81062], [-79.93844, -0.79459], [-79.90551, -0.7925], [-79.89753, -0.77684], [-79.88393, -0.77455], [-79.87957, -0.76267], [-79.87753, -0.71485], [-79.88798, -0.69491], [-79.90427, -0.6852], [-79.89507, -0.63913], [-79.88439, -0.64865], [-79.85891, -0.63759], [-79.84866, -0.64232], [-79.82968, -0.63584], [-79.81481, -0.64526], [-79.80543, -0.6419], [-79.80288, -0.65203], [-79.7894, -0.66053], [-79.76201, -0.65845], [-79.74541, -0.69514], [-79.70056, -0.70666], [-79.70293, -0.71549], [-79.69287, -0.71591], [-79.67544, -0.72911], [-79.67849, -0.74501], [-79.67212, -0.76024], [-79.66143, -0.74565], [-79.669, -0.73757], [-79.65955, -0.71441], [-79.64995, -0.71248], [-79.65919, -0.69621], [-79.64547, -0.67303], [-79.63352, -0.67057], [-79.63433, -0.64566], [-79.62558, -0.62908], [-79.63106, -0.60805], [-79.62634, -0.59399], [-79.65619, -0.58035], [-79.67017, -0.58606], [-79.69234, -0.57186], [-79.69437, -0.5651], [-79.67353, -0.54126], [-79.68984, -0.51463], [-79.68621, -0.49422], [-79.69948, -0.48245], [-79.70454, -0.47955], [-79.71442, -0.4871], [-79.72059, -0.50096], [-79.70773, -0.51544], [-79.70163, -0.51432], [-79.70951, -0.52553], [-79.70755, -0.53675], [-79.71721, -0.54028], [-79.71832, -0.54926], [-79.74313, -0.54478], [-79.74891, -0.53675], [-79.76019, -0.54014], [-79.76211, -0.53073], [-79.76725, -0.53687], [-79.77341, -0.52902], [-79.78897, -0.53779], [-79.81715, -0.52357], [-79.84021, -0.53059], [-79.84396, -0.53902], [-79.85936, -0.50129], [-79.88358, -0.51178], [-79.90467, -0.48931], [-79.9122, -0.49741], [-79.93297, -0.50128], [-79.94803, -0.49265], [-79.9646, -0.50312], [-79.9749, -0.49927], [-79.97669, -0.49218], [-80.00403, -0.48365], [-80.03416, -0.48519], [-80.04888, -0.44002], [-80.0454, -0.43524], [-80.0539, -0.42799], [-80.01366, -0.43198], [-80.00449, -0.40828], [-79.98608, -0.40264], [-79.96176, -0.37806], [-79.95273, -0.3307], [-79.96129, -0.32694], [-79.97267, -0.30686], [-79.96849, -0.29981], [-79.95222, -0.29594], [-79.94627, -0.27748], [-79.95241, -0.26856], [-79.94866, -0.26007], [-79.96524, -0.24903], [-79.95835, -0.23345], [-79.93877, -0.21453], [-79.89681, -0.23298], [-79.87859, -0.22721], [-79.90487, -0.20797], [-79.8971, -0.17586], [-79.8846, -0.16668], [-79.88731, -0.15257], [-79.86612, -0.14433], [-79.85307, -0.14774], [-79.85167, -0.13138], [-79.84576, -0.12688], [-79.82906, -0.13053], [-79.82423, -0.11986], [-79.82805, -0.1117], [-79.81834, -0.10041], [-79.77896, -0.11248], [-79.72768, -0.10861], [-79.69729, -0.1242], [-79.69043, -0.13889], [-79.68791, -0.13415], [-79.66895, -0.14269], [-79.65841, -0.16349], [-79.64889, -0.15732], [-79.63796, -0.16096], [-79.62695, -0.15311], [-79.63021, -0.14006], [-79.61799, -0.12709], [-79.62262, -0.1108], [-79.60854, -0.10286], [-79.60511, -0.09093], [-79.60445, -0.07503], [-79.6108, -0.06462], [-79.60256, -0.05923], [-79.61628, -0.03844], [-79.60585, -0.02118], [-79.61221, 0.01127], [-79.62495, 0.01884], [-79.61462, 0.03321], [-79.62562, 0.03646], [-79.61708, 0.05165], [-79.62048, 0.05766], [-79.59738, 0.06398], [-79.60291, 0.08236]]]}}, {"type": "Feature", "properties": {"admin2_pcode": "EC0111", "admin2_name": "Chordeleg", "admin1_name": "Azuay"}, "geometry": {"type": "Polygon", "coordinates": [[[-78.67529, -3.02948], [-78.67049, -3.01006], [-78.67633, -2.9916], [-78.68662, -2.98875], [-78.6943, -2.97546], [-78.71485, -2.9781], [-78.71835, -2.95643], [-78.73787, -2.95651], [-78.75385, -2.92234], [-78.77827, -2.90545], [-78.78646, -2.91081], [-78.79658, -2.9374], [-78.78642, -2.94662], [-78.78984, -2.95348], [-78.77478, -2.96581], [-78.77366, -2.98373], [-78.76342, -3.02022], [-78.75219, -3.03178], [-78.72722, -3.03712], [-78.71842, -3.03353], [-78.68238, -3.04706], [-78.67344, -3.06057], [-78.67529, -3.02948]]]}}, {"type": "Feature", "properties": {"admin2_pcode": "EC0605", "admin2_name": "Chunchi", "admin1_name": "Chimborazo"}, "geometry": {"type": "Polygon", "coordinates": [[[-78.81354, -2.37718], [-78.80517, -2.35177], [-78.80784, -2.33654], [-78.84531, -2.30466], [-78.83132, -2.26421], [-78.82985, -2.23956], [-78.87222, -2.2444], [-78.86413, -2.26203], [-78.87692, -2.26225], [-78.88548, -2.27999], [-78.89756, -2.25305], [-78.91671, -2.26458], [-78.95105, -2.26787], [-78.96643, -2.27769], [-78.95093, -2.30511], [-78.94901, -2.31748], [-78.9557, -2.32705], [-78.97916, -2.33681], [-79.00437, -2.32981], [-79.043, -2.34022], [-79.00997, -2.37518], [-78.97622, -2.37836], [-78.97492, -2.39151], [-78.92781, -2.40513], [-78.91185, -2.4193], [-78.88666, -2.39413], [-78.86169, -2.39612], [-78.85574, -2.38998], [-78.84554, -2.39709], [-78.83311, -2.38419], [-78.81354, -2.37718]]]}}, {"type": "Feature", "properties": {"admin2_pcode": "EC0905", "admin2_name": "Colimes", "admin1_name": "Guayas"}, "geometry": {"type": "Polygon", "coordinates": [[[-79.87539, -1.50988], [-79.89576, -1.50274], [-79.90214, -1.5164], [-79.89832, -1.52199], [-79.9085, -1.5304], [-79.93276, -1.5298], [-79.94501, -1.51467], [-79.95071, -1.51834], [-79.96362, -1.50683], [-79.97096, -1.51071], [-79.98529, -1.49997], [-79.99586, -1.50298], [-79.99704, -1.49093], [-79.98788, -1.48522], [-80.00316, -1.45814], [-80.01247, -1.44742], [-80.03048, -1.45212], [-80.04238, -1.44224], [-80.04011, -1.42626], [-80.02902, -1.42069], [-80.02221, -1.40179], [-80.02965, -1.39074], [-80.02825, -1.36962], [-80.05263, -1.36049], [-80.06289, -1.35013], [-80.08853, -1.36885], [-80.12396, -1.41106], [-80.14541, -1.40613], [-80.16764, -1.40612], [-80.17025, -1.42122], [-80.18171, -1.4164], [-80.19631, -1.42289], [-80.19588, -1.45914], [-80.19628, -1.47645], [-80.20713, -1.49332], [-80.19401, -1.51915], [-80.1748, -1.52964], [-80.18719, -1.54767], [-80.22173, -1.57427], [-80.23574, -1.57446], [-80.25211, -1.56547], [-80.28417, -1.56935], [-80.25414, -1.61683], [-80.22332, -1.61691], [-80.23071, -1.62504], [-80.2191, -1.63739], [-80.22509, -1.64858], [-80.21982, -1.66195], [-80.20816, -1.67343], [-80.21139, -1.69348], [-80.19895, -1.68543], [-80.20475, -1.66934], [-80.19084, -1.66369], [-80.18662, -1.65267], [-80.18186, -1.65699], [-80.1458, -1.64602], [-80.14111, -1.64076], [-80.12841, -1.64901], [-80.10133, -1.62658], [-80.07151, -1.64769], [-80.06356, -1.64158], [-80.04488, -1.64299], [-80.03274, -1.63428], [-80.02549, -1.64083], [-80.01171, -1.64073], [-80.011, -1.62842], [-79.99704, -1.6306], [-79.99585, -1.61627], [-79.98307, -1.62759], [-79.96437, -1.59113], [-79.91666, -1.59357], [-79.91944, -1.5832], [-79.91042, -1.55388], [-79.89083, -1.55188], [-79.88661, -1.54142], [-79.87479, -1.54186], [-79.86706, -1.53166], [-79.86791, -1.52567], [-79.87795, -1.52341], [-79.87166, -1.52091], [-79.87539, -1.50988]]]}}, {"type": "Feature", "properties": {"admin2_pcode": "EC0603", "admin2_name": "Colta", "admin1_name": "Chimborazo"}, "geometry": {"type": "Polygon", "coordinates": [[[-78.66683, -1.84789], [-78.66989, -1.83389], [-78.69195, -1.83227], [-78.68917, -1.79011], [-78.69708, -1.77178], [-78.70477, -1.76827], [-78.70818, -1.74418], [-78.73128, -1.73595], [-78.73591, -1.71342], [-78.72877, -1.70987], [-78.73275, -1.68035], [-78.7209, -1.68255], [-78.71887, -1.65681], [-78.73053, -1.65926], [-78.75079, -1.6516], [-78.7522, -1.6591], [-78.77907, -1.67069], [-78.79337, -1.65576], [-78.79836, -1.66191], [-78.81234, -1.66177], [-78.8206, -1.64587], [-78.84534, -1.6649], [-78.86248, -1.67816], [-78.86622, -1.71756], [-78.87742, -1.72736], [-78.88503, -1.75211], [-78.89537, -1.74849], [-78.91189, -1.7625], [-78.97688, -1.75343], [-78.99831, -1.77064], [-79.01242, -1.77415], [-79.00728, -1.80372], [-79.0125, -1.84013], [-79.02209, -1.85678], [-79.01725, -1.86407], [-79.00776, -1.9041], [-79.00793, -1.93517], [-78.99892, -1.93061], [-78.99455, -1.91881], [-78.9744, -1.91603], [-78.96805, -1.91893], [-78.96228, -1.93791], [-78.9313, -1.93309], [-78.91386, -1.95014], [-78.90236, -1.94058], [-78.87946, -1.94228], [-78.86277, -1.93098], [-78.85236, -1.93999], [-78.83852, -1.93417], [-78.81467, -1.94761], [-78.80912, -1.93364], [-78.73319, -1.8936], [-78.7219, -1.90008], [-78.7237, -1.91542], [-78.71514, -1.92978], [-78.71273, -1.90351], [-78.69541, -1.86172], [-78.68469, -1.85176], [-78.66683, -1.84789]]]}}, {"type": "Feature", "properties": {"admin2_pcode": "EC1003", "admin2_name": "Cotacachi", "admin1_name": "Imbabura"}, "geometry": {"type": "Polygon", "coordinates": [[[-78.21503, 0.37227], [-78.27952, 0.4065], [-78.30702, 0.41338], [-78.32213, 0.43596], [-78.32796, 0.46209], [-78.32214, 0.47596], [-78.36675, 0.51658], [-78.38219, 0.56103], [-78.41813, 0.58637], [-78.42654, 0.58561], [-78.45398, 0.53997], [-78.46334, 0.54055], [-78.46908, 0.53388], [-78.48943, 0.54478], [-78.5091, 0.52672], [-78.5408, 0.51538], [-78.5456, 0.49721], [-78.55802, 0.49593], [-78.56563, 0.47719], [-78.59075, 0.46756], [-78.60614, 0.45273], [-78.61335, 0.41583], [-78.64136, 0.39662], [-78.65632, 0.37744], [-78.67857, 0.37327], [-78.69945, 0.38295], [-78.7048, 0.39658], [-78.71913, 0.4031], [-78.74697, 0.40154], [-78.7729, 0.40786], [-78.78407, 0.40066], [-78.79717, 0.40592], [-78.81228, 0.40213], [-78.82679, 0.38201], [-78.858, 0.3688], [-78.92286, 0.35833], [-78.92784, 0.35442], [-78.92527, 0.34308], [-78.96013, 0.30784], [-78.95678, 0.29338], [-78.96712, 0.2951], [-78.977, 0.28142], [-78.9818, 0.2826], [-78.98771, 0.2637], [-78.9981, 0.25925], [-79.01049, 0.27308], [-79.01671, 0.27237], [-79.01649, 0.23896], [-79.00933, 0.22572], [-78.98122, 0.21045], [-78.96634, 0.22294], [-78.96429, 0.21464], [-78.94801, 0.20341], [-78.92483, 0.2212], [-78.91017, 0.21287], [-78.88029, 0.222], [-78.86974, 0.23333], [-78.8326, 0.2413], [-78.81112, 0.23044], [-78.7777, 0.24336], [-78.75486, 0.24052], [-78.70946, 0.21573], [-78.68178, 0.2235], [-78.68225, 0.21573], [-78.67481, 0.21074], [-78.65718, 0.21657], [-78.63736, 0.20676], [-78.62507, 0.2181], [-78.60707, 0.23664], [-78.59511, 0.23401], [-78.5942, 0.2557], [-78.57998, 0.27099], [-78.55678, 0.28447], [-78.54433, 0.28416], [-78.51441, 0.31356], [-78.49577, 0.32176], [-78.48991, 0.3226], [-78.4888, 0.31334], [-78.49417, 0.30082], [-78.48305, 0.29799], [-78.47821, 0.28817], [-78.46603, 0.28928], [-78.4429, 0.31047], [-78.42738, 0.30534], [-78.42143, 0.30963], [-78.41896, 0.28857], [-78.39678, 0.29394], [-78.38588, 0.30971], [-78.37017, 0.28219], [-78.31427, 0.25927], [-78.29879, 0.26916], [-78.27251, 0.25976], [-78.25455, 0.28468], [-78.25811, 0.29162], [-78.24439, 0.30528], [-78.24606, 0.32329], [-78.2316, 0.35081], [-78.2346, 0.35967], [-78.21503, 0.37227]]]}}, {"type": "Feature", "properties": {"admin2_pcode": "EC0923", "admin2_name": "Crnel. Marcelino Maridue\u00f1a", "admin1_name": "Guayas"}, "geometry": {"type": "Polygon", "coordinates": [[[-79.28693, -2.18665], [-79.30981, -2.17909], [-79.31741, -2.18569], [-79.35434, -2.18323], [-79.3952, -2.19287], [-79.39864, -2.18856], [-79.42021, -2.20466], [-79.44768, -2.21139], [-79.45966, -2.22773], [-79.48846, -2.22438], [-79.49763, -2.22949], [-79.51394, -2.23946], [-79.51105, -2.24926], [-79.51922, -2.25495], [-79.52205, -2.27182], [-79.49609, -2.28771], [-79.49277, -2.29629], [-79.43618, -2.29794], [-79.40902, -2.28451], [-79.4034, -2.28736], [-79.39409, -2.27864], [-79.37131, -2.27355], [-79.35898, -2.27855], [-79.33693, -2.25518], [-79.33011, -2.26364], [-79.31504, -2.2635], [-79.31891, -2.26773], [-79.31313, -2.27202], [-79.30405, -2.26898], [-79.28681, -2.28538], [-79.27412, -2.28021], [-79.26967, -2.23098], [-79.26504, -2.22083], [-79.25473, -2.21753], [-79.24829, -2.19626], [-79.27658, -2.18489], [-79.28693, -2.18665]]]}}, {"type": "Feature", "properties": {"admin2_pcode": "EC0101", "admin2_name": "Cuenca", "admin1_name": "Azuay"}, "geometry": {"type": "Polygon", "coordinates": [[[-79.39303, -2.49798], [-79.42668, -2.49885], [-79.4276, -2.5263], [-79.42091, -2.53035], [-79.42617, -2.54964], [-79.41582, -2.5568], [-79.42903, -2.56275], [-79.43083, -2.58193], [-79.41176, -2.60874], [-79.46989, -2.59584], [-79.46701, -2.64185], [-79.48028, -2.63662], [-79.48044, -2.65361], [-79.50316, -2.64932], [-79.50192, -2.66308], [-79.48306, -2.68927], [-79.48829, -2.70198], [-79.52524, -2.70252], [-79.51764, -2.71891], [-79.54138, -2.74027], [-79.55825, -2.73961], [-79.56086, -2.73139], [-79.55987, -2.74035], [-79.56914, -2.74627], [-79.59862, -2.74455], [-79.60203, -2.75054], [-79.62017, -2.75237], [-79.62483, -2.76351], [-79.60953, -2.79162], [-79.5856, -2.79454], [-79.54815, -2.78836], [-79.53981, -2.81105], [-79.52712, -2.8104], [-79.53417, -2.8268], [-79.53212, -2.85436], [-79.52205, -2.85658], [-79.51568, -2.87253], [-79.50554, -2.87251], [-79.50234, -2.88273], [-79.51274, -2.89917], [-79.50975, -2.91413], [-79.49754, -2.92862], [-79.50008, -2.93844], [-79.48384, -2.94732], [-79.47262, -2.97271], [-79.45738, -2.98049], [-79.45094, -2.98408], [-79.45196, -2.99377], [-79.4273, -3.00261], [-79.40843, -3.02447], [-79.37695, -3.03834], [-79.35975, -3.03186], [-79.35319, -3.0445], [-79.34033, -3.03941], [-79.32082, -3.06173], [-79.30373, -3.0666], [-79.27725, -3.07214], [-79.2522, -3.05026], [-79.23552, -3.06262], [-79.21274, -3.06498], [-79.20327, -3.08091], [-79.14411, -3.11681], [-79.10241, -3.10855], [-79.08337, -3.13869], [-79.05923, -3.13464], [-79.05554, -3.15279], [-79.02892, -3.17588], [-79.00631, -3.15768], [-79.00838, -3.14788], [-79.00133, -3.14675], [-78.99998, -3.13871], [-78.95709, -3.11776], [-78.92383, -3.08039], [-78.90206, -3.06999], [-78.8916, -3.04857], [-78.8764, -3.03562], [-78.88196, -3.02494], [-78.87617, -3.01328], [-78.88662, -3.00257], [-78.86777, -3.0026], [-78.86009, -2.99466], [-78.89651, -2.97186], [-78.91254, -2.9568], [-78.91627, -2.9438], [-78.88703, -2.87918], [-78.88023, -2.87776], [-78.87899, -2.87041], [-78.85798, -2.86952], [-78.84819, -2.85247], [-78.88083, -2.82897], [-78.88374, -2.83486], [-78.90048, -2.83686], [-78.92824, -2.83153], [-78.94447, -2.82907], [-78.94631, -2.78273], [-78.95326, -2.76863], [-78.97653, -2.74736], [-78.99506, -2.74832], [-78.99064, -2.72681], [-79.00459, -2.72463], [-79.02159, -2.6885], [-79.03719, -2.67771], [-79.07412, -2.69517], [-79.07995, -2.70864], [-79.07388, -2.72931], [-79.08762, -2.72722], [-79.13003, -2.71446], [-79.14381, -2.71474], [-79.14472, -2.73027], [-79.15207, -2.73391], [-79.18235, -2.71512], [-79.19156, -2.72165], [-79.21472, -2.72304], [-79.24341, -2.6758], [-79.24222, -2.65079], [-79.24926, -2.62933], [-79.24536, -2.61411], [-79.25574, -2.57209], [-79.28485, -2.56041], [-79.29603, -2.56601], [-79.32716, -2.55782], [-79.35889, -2.56633], [-79.37286, -2.5568], [-79.39303, -2.49798]]]}}, {"type": "Feature", "properties": {"admin2_pcode": "EC0610", "admin2_name": "Cumanda", "admin1_name": "Chimborazo"}, "geometry": {"type": "Polygon", "coordinates": [[[-79.09009, -2.27844], [-79.07158, -2.28507], [-79.06547, -2.28124], [-79.04737, -2.25876], [-79.03792, -2.25867], [-78.98318, -2.20629], [-79.01987, -2.18056], [-79.03004, -2.15026], [-79.04662, -2.13727], [-79.05193, -2.14942], [-79.08761, -2.18382], [-79.10832, -2.19975], [-79.1271, -2.2025], [-79.16361, -2.20269], [-79.19222, -2.19132], [-79.22113, -2.19946], [-79.24829, -2.19626], [-79.25473, -2.21753], [-79.24394, -2.21967], [-79.22113, -2.21006], [-79.14099, -2.2131], [-79.13477, -2.21523], [-79.13025, -2.24243], [-79.10015, -2.25396], [-79.09009, -2.27844]]]}}, {"type": "Feature", "properties": {"admin2_pcode": "EC2107", "admin2_name": "Cuyabeno", "admin1_name": "Sucumbios"}, "geometry": {"type": "Polygon", "coordinates": [[[-76.38023, -0.02179], [-76.39303, -0.02655], [-76.43911, -0.0119], [-76.46675, -0.03096], [-76.48198, -0.02444], [-76.49978, -0.03412], [-76.51474, -0.03405], [-76.51399, -0.09041], [-76.51629, -0.11844], [-76.50736, -0.13009], [-76.51008, -0.14852], [-76.4961, -0.1632], [-76.50263, -0.18704], [-76.48963, -0.18809], [-76.47928, -0.20721], [-76.48761, -0.22563], [-76.47596, -0.21976], [-76.46267, -0.23029], [-76.46492, -0.24593], [-76.44588, -0.2388], [-76.42571, -0.25268], [-76.42225, -0.27856], [-76.42883, -0.28854], [-76.41811, -0.28791], [-76.40939, -0.2984], [-76.37154, -0.29977], [-76.35438, -0.28696], [-76.33271, -0.28518], [-76.31672, -0.30473], [-76.31366, -0.29646], [-76.29411, -0.288], [-76.28296, -0.29172], [-76.26655, -0.28711], [-76.2542, -0.30167], [-76.23523, -0.28514], [-76.21807, -0.2898], [-76.20586, -0.27712], [-76.18713, -0.27774], [-76.16841, -0.26166], [-76.16189, -0.26582], [-76.15366, -0.29422], [-76.11478, -0.292], [-76.09284, -0.30227], [-76.08142, -0.28711], [-76.06621, -0.30355], [-76.0478, -0.2932], [-76.03463, -0.31001], [-76.02395, -0.31154], [-76.01678, -0.33747], [-76.02109, -0.3483], [-76.01028, -0.36011], [-75.98086, -0.35376], [-75.96838, -0.35703], [-75.97143, -0.36883], [-75.94448, -0.38633], [-75.91533, -0.38485], [-75.91283, -0.40362], [-75.92224, -0.40847], [-75.87533, -0.41787], [-75.86049, -0.40326], [-75.85209, -0.40932], [-75.85577, -0.42344], [-75.83572, -0.42573], [-75.83433, -0.43476], [-75.82613, -0.43765], [-75.7779, -0.41938], [-75.76945, -0.42455], [-75.74805, -0.41978], [-75.72327, -0.44252], [-75.71783, -0.46597], [-75.70075, -0.47272], [-75.65267, -0.45221], [-75.64704, -0.46815], [-75.59605, -0.48523], [-75.59066, -0.50622], [-75.58461, -0.50686], [-75.58242, -0.49667], [-75.57127, -0.49731], [-75.57387, -0.51911], [-75.55919, -0.52351], [-75.56071, -0.54134], [-75.55159, -0.54872], [-75.53559, -0.54454], [-75.50737, -0.55686], [-75.49303, -0.54429], [-75.48571, -0.55824], [-75.46514, -0.54696], [-75.43906, -0.5544], [-75.42555, -0.56557], [-75.4068, -0.56305], [-75.38492, -0.6082], [-75.36858, -0.60202], [-75.3466, -0.6208], [-75.32231, -0.61775], [-75.30626, -0.63073], [-75.28561, -0.61997], [-75.28762, -0.6551], [-75.26709, -0.64453], [-75.2603, -0.65027], [-75.26292, -0.65507], [-75.25863, -0.65601], [-75.25749, -0.64331], [-75.24888, -0.64736], [-75.24609, -0.63885], [-75.23252, -0.64702], [-75.23441, -0.63379], [-75.22324, -0.62842], [-75.2331, -0.61452], [-75.23337, -0.60732], [-75.22669, -0.60519], [-75.24047, -0.60121], [-75.23954, -0.57841], [-75.23415, -0.58035], [-75.22472, -0.57006], [-75.22974, -0.56454], [-75.22767, -0.5504], [-75.24466, -0.54658], [-75.23792, -0.53871], [-75.24395, -0.53257], [-75.24187, -0.52296], [-75.25052, -0.51699], [-75.26525, -0.53368], [-75.26466, -0.52356], [-75.27272, -0.51767], [-75.26652, -0.50574], [-75.28634, -0.49692], [-75.28764, -0.50419], [-75.29529, -0.50606], [-75.30053, -0.49241], [-75.31299, -0.49451], [-75.31107, -0.47395], [-75.31632, -0.46352], [-75.32713, -0.46027], [-75.32504, -0.4526], [-75.34906, -0.46362], [-75.35612, -0.44682], [-75.38817, -0.43397], [-75.38859, -0.41677], [-75.40125, -0.39954], [-75.41509, -0.39638], [-75.42559, -0.37156], [-75.44182, -0.35393], [-75.44441, -0.34022], [-75.46361, -0.31767], [-75.46459, -0.29964], [-75.4749, -0.29298], [-75.46915, -0.2813], [-75.47899, -0.26849], [-75.48227, -0.23692], [-75.49828, -0.22749], [-75.51371, -0.19718], [-75.54152, -0.17541], [-75.56933, -0.18528], [-75.57898, -0.17793], [-75.58854, -0.18978], [-75.6102, -0.19302], [-75.61048, -0.11357], [-75.61817, -0.11255], [-75.63314, -0.13509], [-75.64229, -0.1383], [-75.63983, -0.14931], [-75.65458, -0.16318], [-75.66581, -0.16216], [-75.6788, -0.17102], [-75.69449, -0.16492], [-75.70598, -0.16865], [-75.71793, -0.16159], [-75.72759, -0.16549], [-75.75483, -0.14386], [-75.75879, -0.14715], [-75.80404, -0.12588], [-75.80814, -0.13093], [-75.84673, -0.13304], [-75.86429, -0.12197], [-75.86148, -0.10824], [-75.8665, -0.11208], [-75.86874, -0.10523], [-75.87912, -0.10697], [-75.90174, -0.09444], [-75.9356, -0.16377], [-75.93742, -0.1572], [-75.94421, -0.15707], [-75.9433, -0.16255], [-75.95421, -0.16608], [-75.96342, -0.15211], [-75.95551, -0.13436], [-75.95777, -0.12427], [-75.96895, -0.12059], [-75.97577, -0.1315], [-75.98803, -0.1307], [-75.99059, -0.10661], [-76.00818, -0.10426], [-76.00979, -0.09462], [-76.03276, -0.09969], [-76.03317, -0.09467], [-76.04209, -0.09547], [-76.03619, -0.09871], [-76.06637, -0.11158], [-76.09123, -0.1074], [-76.12095, -0.08615], [-76.13098, -0.09771], [-76.14186, -0.0894], [-76.14624, -0.09398], [-76.15225, -0.08036], [-76.16439, -0.07573], [-76.16502, -0.06491], [-76.1694, -0.06736], [-76.15879, -0.03858], [-76.16804, -0.03065], [-76.17784, -0.03369], [-76.18594, -0.02377], [-76.19686, -0.02486], [-76.19828, -0.03397], [-76.20652, -0.02754], [-76.21581, -0.0401], [-76.24203, -0.03539], [-76.24756, -0.04098], [-76.25617, -0.03338], [-76.28242, -0.03702], [-76.30033, -0.02393], [-76.30591, -0.03121], [-76.3202, -0.02868], [-76.33552, -0.03453], [-76.38023, -0.02179]]]}}, {"type": "Feature", "properties": {"admin2_pcode": "EC0906", "admin2_name": "Daule", "admin1_name": "Guayas"}, "geometry": {"type": "Polygon", "coordinates": [[[-79.90031, -1.77522], [-79.92414, -1.77458], [-79.92441, -1.78147], [-79.9379, -1.77788], [-79.95712, -1.78996], [-79.98128, -1.7814], [-80.01515, -1.78696], [-80.01778, -1.79415], [-80.02502, -1.7901], [-80.03058, -1.79876], [-80.04198, -1.78408], [-80.05046, -1.78749], [-80.06793, -1.82117], [-80.06316, -1.83809], [-80.05085, -1.84188], [-80.04688, -1.85681], [-80.05761, -1.853], [-80.06355, -1.87333], [-80.0491, -1.88099], [-80.03759, -1.88547], [-80.0336, -1.8808], [-80.03366, -1.88788], [-80.02958, -1.88282], [-80.02901, -1.89553], [-80.02672, -1.88792], [-80.0164, -1.89303], [-80.01026, -1.88491], [-79.99454, -1.89094], [-80.00542, -1.90489], [-79.9886, -1.90744], [-80.00936, -1.91967], [-79.9983, -1.92815], [-80.00931, -1.94009], [-80.00229, -1.94216], [-79.99751, -1.96034], [-80.00796, -1.96927], [-80.00165, -1.97718], [-79.98845, -1.96258], [-79.98047, -1.97238], [-79.98431, -1.98143], [-79.96981, -1.98361], [-79.95277, -2.01812], [-79.93762, -2.01744], [-79.93835, -2.02974], [-79.93001, -2.0414], [-79.93913, -2.04851], [-79.9369, -2.06466], [-79.90953, -2.05285], [-79.88543, -2.05528], [-79.88315, -2.0606], [-79.87491, -2.06448], [-79.86545, -2.05857], [-79.86063, -2.0373], [-79.86503, -2.00099], [-79.87937, -1.96282], [-79.84494, -1.9175], [-79.84338, -1.90256], [-79.85735, -1.88995], [-79.86042, -1.85239], [-79.87101, -1.84192], [-79.86189, -1.82534], [-79.88522, -1.82642], [-79.89544, -1.81483], [-79.90834, -1.78303], [-79.90031, -1.77522]]]}}, {"type": "Feature", "properties": {"admin2_pcode": "EC0306", "admin2_name": "Deleg", "admin1_name": "Ca\u00f1ar"}, "geometry": {"type": "Polygon", "coordinates": [[[-78.90541, -2.74741], [-78.92824, -2.71901], [-78.93566, -2.72443], [-78.95466, -2.72105], [-78.9645, -2.69993], [-78.99064, -2.72681], [-78.99506, -2.74832], [-78.97653, -2.74736], [-78.95326, -2.76863], [-78.94631, -2.78273], [-78.94447, -2.82907], [-78.92824, -2.83153], [-78.92409, -2.82429], [-78.91275, -2.82296], [-78.91533, -2.8091], [-78.9079, -2.79639], [-78.89429, -2.79518], [-78.9036, -2.76505], [-78.89818, -2.75356], [-78.90541, -2.74741]]]}}, {"type": "Feature", "properties": {"admin2_pcode": "EC0907", "admin2_name": "Duran", "admin1_name": "Guayas"}, "geometry": {"type": "MultiPolygon", "coordinates": [[[[-79.83272, -2.23347], [-79.82992, -2.22715], [-79.82991, -2.22426], [-79.83356, -2.22901], [-79.83272, -2.23347]]], [[[-79.84657, -2.19543], [-79.8642, -2.19878], [-79.86486, -2.20887], [-79.87024, -2.20708], [-79.8791, -2.22063], [-79.85314, -2.25185], [-79.84243, -2.25572], [-79.83426, -2.21322], [-79.84657, -2.19543]]], [[[-79.73212, -2.30903], [-79.73281, -2.30311], [-79.71739, -2.29645], [-79.71511, -2.28824], [-79.71037, -2.29192], [-79.67968, -2.27758], [-79.6794, -2.27131], [-79.69378, -2.27107], [-79.69042, -2.23875], [-79.70317, -2.23567], [-79.70067, -2.1897], [-79.7142, -2.19003], [-79.72341, -2.19808], [-79.76615, -2.14553], [-79.77999, -2.15603], [-79.78996, -2.15058], [-79.79345, -2.13696], [-79.80294, -2.13927], [-79.81764, -2.13131], [-79.81761, -2.09995], [-79.84418, -2.09521], [-79.84065, -2.15106], [-79.8601, -2.18036], [-79.85802, -2.188], [-79.83945, -2.19257], [-79.8271, -2.21456], [-79.83071, -2.28982], [-79.82451, -2.3391], [-79.78188, -2.32611], [-79.78231, -2.32121], [-79.77229, -2.33276], [-79.74516, -2.31508], [-79.73212, -2.30903]]]]}}, {"type": "Feature", "properties": {"admin2_pcode": "EC0204", "admin2_name": "Echeandia", "admin1_name": "Bolivar"}, "geometry": {"type": "Polygon", "coordinates": [[[-79.23346, -1.53348], [-79.22018, -1.52132], [-79.18466, -1.5254], [-79.17125, -1.51595], [-79.19046, -1.50474], [-79.19709, -1.47405], [-79.2223, -1.42094], [-79.20998, -1.40361], [-79.21522, -1.37743], [-79.22742, -1.38417], [-79.24162, -1.35773], [-79.26334, -1.35209], [-79.26977, -1.35781], [-79.27836, -1.35472], [-79.2837, -1.35429], [-79.28522, -1.36844], [-79.28019, -1.38532], [-79.28782, -1.39244], [-79.32427, -1.39244], [-79.31666, -1.43796], [-79.34511, -1.45495], [-79.36132, -1.44853], [-79.34707, -1.47158], [-79.33884, -1.46092], [-79.32763, -1.4618], [-79.32744, -1.48375], [-79.3175, -1.49496], [-79.32174, -1.51257], [-79.30422, -1.52592], [-79.28557, -1.52695], [-79.27094, -1.54044], [-79.24716, -1.54354], [-79.24199, -1.53409], [-79.23346, -1.53348]]]}}, {"type": "Feature", "properties": {"admin2_pcode": "EC1304", "admin2_name": "El Carmen", "admin1_name": "Manabi"}, "geometry": {"type": "Polygon", "coordinates": [[[-79.54821, -0.10034], [-79.60256, -0.05923], [-79.6108, -0.06462], [-79.60445, -0.07503], [-79.60511, -0.09093], [-79.60854, -0.10286], [-79.62262, -0.1108], [-79.61799, -0.12709], [-79.63021, -0.14006], [-79.62695, -0.15311], [-79.61974, -0.15242], [-79.61205, -0.16455], [-79.61817, -0.17623], [-79.61047, -0.18659], [-79.61632, -0.19801], [-79.60991, -0.20899], [-79.61617, -0.22477], [-79.62415, -0.22371], [-79.63137, -0.23304], [-79.62843, -0.24624], [-79.63706, -0.26374], [-79.636, -0.27615], [-79.65991, -0.27639], [-79.67034, -0.2899], [-79.67347, -0.28192], [-79.69446, -0.29905], [-79.69459, -0.306], [-79.72167, -0.31447], [-79.73514, -0.33019], [-79.73661, -0.35036], [-79.75208, -0.35099], [-79.75584, -0.36216], [-79.75654, -0.37959], [-79.73759, -0.3911], [-79.73768, -0.40419], [-79.73019, -0.40468], [-79.72695, -0.41946], [-79.71269, -0.42546], [-79.70506, -0.43691], [-79.68733, -0.43212], [-79.67864, -0.43835], [-79.69948, -0.48245], [-79.68621, -0.49422], [-79.68984, -0.51463], [-79.67353, -0.54126], [-79.69437, -0.5651], [-79.69234, -0.57186], [-79.67017, -0.58606], [-79.65619, -0.58035], [-79.62634, -0.59399], [-79.61354, -0.58279], [-79.62215, -0.56353], [-79.6046, -0.54122], [-79.5901, -0.5431], [-79.5853, -0.53648], [-79.57185, -0.53612], [-79.57253, -0.52559], [-79.53695, -0.48579], [-79.50518, -0.49299], [-79.50489, -0.50371], [-79.45992, -0.50373], [-79.45723, -0.48743], [-79.44931, -0.47989], [-79.46416, -0.47217], [-79.45608, -0.46728], [-79.45745, -0.45678], [-79.42906, -0.4387], [-79.42229, -0.42184], [-79.40183, -0.40255], [-79.40576, -0.38171], [-79.39865, -0.31212], [-79.40753, -0.30356], [-79.40243, -0.28656], [-79.41051, -0.27614], [-79.41021, -0.20857], [-79.42932, -0.17544], [-79.44926, -0.17937], [-79.4625, -0.17142], [-79.47263, -0.17523], [-79.51955, -0.16371], [-79.52977, -0.13649], [-79.54109, -0.13346], [-79.54821, -0.10034]]]}}, {"type": "Feature", "properties": {"admin2_pcode": "EC1504", "admin2_name": "El Chaco", "admin1_name": "Napo"}, "geometry": {"type": "Polygon", "coordinates": [[[-77.30554, -0.05989], [-77.3077, -0.07225], [-77.33774, -0.10447], [-77.34382, -0.12681], [-77.37904, -0.15262], [-77.39375, -0.13753], [-77.4377, -0.12935], [-77.45389, -0.13671], [-77.45473, -0.11532], [-77.44438, -0.09735], [-77.45734, -0.0834], [-77.4383, -0.06276], [-77.45108, -0.059], [-77.4612, -0.01922], [-77.48548, -0.02673], [-77.48722, -0.04027], [-77.5073, -0.04078], [-77.50534, -0.05705], [-77.51131, -0.06375], [-77.53718, -0.05628], [-77.53818, -0.06433], [-77.55982, -0.07927], [-77.58327, -0.10831], [-77.59115, -0.10922], [-77.59111, -0.1019], [-77.61274, -0.08176], [-77.63822, -0.07555], [-77.70095, -0.07957], [-77.71802, -0.05694], [-77.72652, -0.05426], [-77.73739, -0.05691], [-77.73329, -0.07202], [-77.74225, -0.07871], [-77.78243, -0.08328], [-77.78559, -0.03001], [-77.79486, -0.01624], [-77.7808, 0.01477], [-77.79813, 0.02682], [-77.81196, 0.02414], [-77.82234, 0.0343], [-77.83963, 0.02743], [-77.84486, 0.00378], [-77.85289, -0.00402], [-77.92002, -0.02895], [-77.94326, -0.0516], [-77.93536, -0.06729], [-77.93968, -0.08165], [-77.93142, -0.08773], [-77.93272, -0.1003], [-77.95457, -0.09433], [-77.96974, -0.12269], [-77.99536, -0.11061], [-78.01888, -0.14032], [-78.05086, -0.14172], [-78.05945, -0.14943], [-78.05413, -0.16121], [-78.06202, -0.17485], [-78.08388, -0.18954], [-78.0951, -0.18518], [-78.10284, -0.19521], [-78.10774, -0.1794], [-78.12373, -0.18109], [-78.13708, -0.1668], [-78.15512, -0.17297], [-78.16685, -0.18668], [-78.17877, -0.18561], [-78.19286, -0.20261], [-78.1852, -0.2137], [-78.1907, -0.25617], [-78.18596, -0.26255], [-78.15842, -0.25502], [-78.12048, -0.25521], [-78.09165, -0.24089], [-78.07797, -0.28113], [-78.06866, -0.2771], [-78.04261, -0.30756], [-78.03407, -0.31013], [-78.02693, -0.33797], [-78.00416, -0.33893], [-77.9752, -0.38283], [-77.93623, -0.38565], [-77.93185, -0.40658], [-77.92281, -0.41518], [-77.90813, -0.40216], [-77.88461, -0.39981], [-77.86377, -0.38797], [-77.82484, -0.40524], [-77.81557, -0.42049], [-77.78699, -0.42133], [-77.77319, -0.44128], [-77.75383, -0.43353], [-77.66047, -0.43444], [-77.65144, -0.45268], [-77.62898, -0.45102], [-77.61795, -0.46199], [-77.58679, -0.46615], [-77.57112, -0.46261], [-77.54697, -0.45257], [-77.52835, -0.47607], [-77.5181, -0.47729], [-77.51072, -0.48646], [-77.45543, -0.51156], [-77.44029, -0.51221], [-77.42831, -0.5218], [-77.41748, -0.50431], [-77.39063, -0.49427], [-77.38198, -0.46223], [-77.37086, -0.45738], [-77.3702, -0.44413], [-77.36233, -0.44192], [-77.36509, -0.42876], [-77.35305, -0.41909], [-77.3251, -0.42201], [-77.32657, -0.37873], [-77.33439, -0.3692], [-77.32315, -0.36986], [-77.31768, -0.35746], [-77.30152, -0.34604], [-77.29308, -0.33906], [-77.28761, -0.34337], [-77.27488, -0.33771], [-77.26969, -0.31369], [-77.25702, -0.30609], [-77.26222, -0.28563], [-77.25749, -0.27137], [-77.27525, -0.26033], [-77.27284, -0.25074], [-77.26538, -0.25518], [-77.2612, -0.23797], [-77.26975, -0.23833], [-77.27999, -0.20916], [-77.29908, -0.20222], [-77.29992, -0.18254], [-77.29331, -0.17213], [-77.29672, -0.14513], [-77.27817, -0.13626], [-77.29477, -0.07789], [-77.30172, -0.07119], [-77.2973, -0.06489], [-77.30554, -0.05989]]]}}, {"type": "Feature", "properties": {"admin2_pcode": "EC0706", "admin2_name": "El Guabo", "admin1_name": "El Oro"}, "geometry": {"type": "Polygon", "coordinates": [[[-79.76323, -3.06265], [-79.77588, -3.06399], [-79.80835, -3.05015], [-79.84284, -3.05483], [-79.84993, -3.04749], [-79.86324, -3.04985], [-79.86949, -3.06022], [-79.87704, -3.07434], [-79.89011, -3.07745], [-79.88916, -3.08688], [-79.89363, -3.0876], [-79.89474, -3.07759], [-79.90472, -3.14705], [-79.91556, -3.17749], [-79.92886, -3.19068], [-79.94795, -3.18372], [-79.95295, -3.18701], [-79.94194, -3.19758], [-79.95085, -3.21542], [-79.9457, -3.22408], [-79.94245, -3.23411], [-79.90808, -3.23199], [-79.87264, -3.2572], [-79.86738, -3.26854], [-79.85251, -3.26953], [-79.84229, -3.27846], [-79.81678, -3.25986], [-79.79097, -3.25034], [-79.7762, -3.2722], [-79.76463, -3.27835], [-79.73915, -3.26888], [-79.6989, -3.26754], [-79.67803, -3.24552], [-79.68235, -3.2196], [-79.65719, -3.18978], [-79.59773, -3.18067], [-79.61126, -3.1577], [-79.63408, -3.13688], [-79.67293, -3.12107], [-79.68875, -3.10549], [-79.73561, -3.09536], [-79.76323, -3.06265]]]}}, {"type": "Feature", "properties": {"admin2_pcode": "EC0112", "admin2_name": "El Pan", "admin1_name": "Azuay"}, "geometry": {"type": "Polygon", "coordinates": [[[-78.58294, -2.8562], [-78.61083, -2.83653], [-78.62659, -2.83504], [-78.63707, -2.8244], [-78.65505, -2.81923], [-78.66163, -2.79809], [-78.66081, -2.76972], [-78.64596, -2.74063], [-78.6578, -2.74175], [-78.66732, -2.75269], [-78.68308, -2.79285], [-78.69826, -2.80637], [-78.69439, -2.8174], [-78.70238, -2.84752], [-78.68955, -2.8549], [-78.6962, -2.90698], [-78.68574, -2.91069], [-78.67739, -2.92718], [-78.63193, -2.93822], [-78.63233, -2.91472], [-78.61556, -2.8989], [-78.59997, -2.87176], [-78.58294, -2.8562]]]}}, {"type": "Feature", "properties": {"admin2_pcode": "EC1906", "admin2_name": "El Pangui", "admin1_name": "Zamora Chinchipe"}, "geometry": {"type": "Polygon", "coordinates": [[[-78.36526, -3.52758], [-78.53367, -3.52971], [-78.53424, -3.53927], [-78.54104, -3.53567], [-78.58527, -3.55224], [-78.62877, -3.53385], [-78.66795, -3.55003], [-78.68206, -3.58649], [-78.69767, -3.62304], [-78.69009, -3.67712], [-78.69392, -3.68883], [-78.65669, -3.6939], [-78.65575, -3.70475], [-78.64097, -3.71914], [-78.61589, -3.72129], [-78.60868, -3.71035], [-78.58204, -3.70386], [-78.56297, -3.68963], [-78.56526, -3.70614], [-78.54652, -3.7168], [-78.41771, -3.71621], [-78.42254, -3.69006], [-78.41586, -3.68593], [-78.39987, -3.69022], [-78.39292, -3.67801], [-78.39948, -3.67015], [-78.39475, -3.65976], [-78.40214, -3.65139], [-78.38706, -3.6412], [-78.39839, -3.62149], [-78.39353, -3.5814], [-78.38431, -3.56774], [-78.39214, -3.56013], [-78.37031, -3.54171], [-78.36526, -3.52758]]]}}, {"type": "Feature", "properties": {"admin2_pcode": "EC9004", "admin2_name": "El Piedrero", "admin1_name": "Zona No Delimitada"}, "geometry": {"type": "Polygon", "coordinates": [[[-79.20889, -2.31277], [-79.22758, -2.31602], [-79.25471, -2.30841], [-79.28476, -2.31918], [-79.29387, -2.31667], [-79.31243, -2.33651], [-79.33801, -2.34524], [-79.35856, -2.36315], [-79.35341, -2.37153], [-79.35077, -2.36754], [-79.33534, -2.37283], [-79.3227, -2.39317], [-79.30215, -2.40283], [-79.28842, -2.45384], [-79.29237, -2.46644], [-79.26164, -2.45868], [-79.22654, -2.40944], [-79.20012, -2.38883], [-79.21075, -2.37516], [-79.20963, -2.34632], [-79.19943, -2.33358], [-79.20889, -2.31277]]]}}, {"type": "Feature", "properties": {"admin2_pcode": "EC0305", "admin2_name": "El Tambo", "admin1_name": "Ca\u00f1ar"}, "geometry": {"type": "Polygon", "coordinates": [[[-78.85736, -2.44418], [-78.87449, -2.42984], [-78.88933, -2.44077], [-78.89214, -2.45474], [-78.9153, -2.47351], [-78.96046, -2.48621], [-78.9649, -2.49456], [-78.97914, -2.49462], [-78.98672, -2.50643], [-78.98319, -2.51558], [-78.96438, -2.52412], [-78.94235, -2.51949], [-78.9317, -2.52974], [-78.91333, -2.53478], [-78.90489, -2.52073], [-78.88698, -2.51115], [-78.88812, -2.49764], [-78.87823, -2.4887], [-78.88725, -2.47798], [-78.88355, -2.46552], [-78.85868, -2.45626], [-78.85736, -2.44418]]]}}, {"type": "Feature", "properties": {"admin2_pcode": "EC0909", "admin2_name": "El Triunfo", "admin1_name": "Guayas"}, "geometry": {"type": "Polygon", "coordinates": [[[-79.14099, -2.2131], [-79.22113, -2.21006], [-79.24394, -2.21967], [-79.25473, -2.21753], [-79.26504, -2.22083], [-79.26967, -2.23098], [-79.27412, -2.28021], [-79.28681, -2.28538], [-79.30405, -2.26898], [-79.31313, -2.27202], [-79.31891, -2.26773], [-79.31504, -2.2635], [-79.33011, -2.26364], [-79.33693, -2.25518], [-79.35898, -2.27855], [-79.37131, -2.27355], [-79.39409, -2.27864], [-79.4034, -2.28736], [-79.40902, -2.28451], [-79.43618, -2.29794], [-79.49277, -2.29629], [-79.49609, -2.28771], [-79.52205, -2.27182], [-79.54425, -2.25442], [-79.55655, -2.25427], [-79.56798, -2.26857], [-79.5799, -2.2676], [-79.5802, -2.27798], [-79.55772, -2.2889], [-79.55995, -2.29618], [-79.59501, -2.29325], [-79.60131, -2.30818], [-79.62109, -2.30554], [-79.61998, -2.31438], [-79.58699, -2.32538], [-79.5765, -2.33769], [-79.54011, -2.32895], [-79.5148, -2.34092], [-79.5089, -2.34995], [-79.49391, -2.34563], [-79.49018, -2.35884], [-79.45663, -2.3619], [-79.43368, -2.37348], [-79.43055, -2.35886], [-79.41996, -2.35919], [-79.41501, -2.3358], [-79.40141, -2.34274], [-79.39362, -2.35829], [-79.35856, -2.36315], [-79.33801, -2.34524], [-79.31243, -2.33651], [-79.29387, -2.31667], [-79.28476, -2.31918], [-79.25471, -2.30841], [-79.22758, -2.31602], [-79.20889, -2.31277], [-79.17528, -2.30333], [-79.17287, -2.28483], [-79.14163, -2.23352], [-79.14099, -2.2131]]]}}, {"type": "Feature", "properties": {"admin2_pcode": "EC0802", "admin2_name": "Eloy Alfaro", "admin1_name": "Esmeraldas"}, "geometry": {"type": "MultiPolygon", "coordinates": [[[[-78.98782, 1.12616], [-78.98677, 1.13544], [-79.00045, 1.17073], [-78.99587, 1.13412], [-78.98782, 1.12616]]], [[[-79.00575, 1.17694], [-79.00741, 1.18372], [-79.01034, 1.18721], [-79.01107, 1.18141], [-79.00575, 1.17694]]], [[[-79.01406, 1.19051], [-79.0141, 1.19138], [-79.01827, 1.19461], [-79.01612, 1.19095], [-79.01406, 1.19051]]], [[[-78.99657, 1.17372], [-78.9982, 1.18749], [-79.00607, 1.19548], [-79.0059, 1.19156], [-78.99657, 1.17372]]], [[[-79.01608, 1.19968], [-79.01572, 1.20069], [-79.01848, 1.20371], [-79.01728, 1.20033], [-79.01608, 1.19968]]], [[[-79.01427, 1.20563], [-79.01423, 1.20636], [-79.01703, 1.20881], [-79.01663, 1.20656], [-79.01427, 1.20563]]], [[[-79.00248, 1.21312], [-79.0088, 1.20646], [-78.99698, 1.18736], [-78.98773, 1.13895], [-78.96024, 1.13363], [-78.95504, 1.15134], [-78.96742, 1.15422], [-78.97083, 1.16141], [-78.96118, 1.17024], [-78.94761, 1.16849], [-78.95868, 1.18827], [-78.93674, 1.1974], [-78.95104, 1.20954], [-78.96683, 1.21333], [-78.96765, 1.20561], [-78.96943, 1.20883], [-78.96842, 1.21271], [-78.97779, 1.21509], [-78.98482, 1.20904], [-78.99528, 1.21307], [-78.99869, 1.20648], [-78.99611, 1.20932], [-78.99285, 1.20869], [-78.99402, 1.20541], [-78.99174, 1.20526], [-78.99204, 1.19943], [-78.99002, 1.20345], [-78.98773, 1.2032], [-78.9904, 1.20252], [-78.99086, 1.19949], [-78.99202, 1.19911], [-78.99344, 1.20045], [-78.99208, 1.2051], [-78.99501, 1.20342], [-78.99378, 1.20864], [-78.99886, 1.20556], [-79.00248, 1.21312]]], [[[-79.00526, 1.2151], [-79.00489, 1.21611], [-79.00596, 1.2162], [-79.00624, 1.21533], [-79.00526, 1.2151]]], [[[-78.97063, 1.2169], [-78.97554, 1.21791], [-78.97595, 1.2148], [-78.97037, 1.21528], [-78.97063, 1.2169]]], [[[-78.96426, 1.21263], [-78.96534, 1.21824], [-78.96931, 1.21831], [-78.96684, 1.2143], [-78.96426, 1.21263]]], [[[-78.97863, 1.11195], [-78.98541, 1.12085], [-78.99439, 1.12079], [-78.99313, 1.12193], [-78.98899, 1.12208], [-78.9966, 1.13048], [-79.00442, 1.17098], [-79.01613, 1.16417], [-79.01697, 1.16623], [-79.0171, 1.16782], [-79.01281, 1.17406], [-79.0054, 1.17209], [-79.01356, 1.18995], [-79.0269, 1.20011], [-79.03228, 1.19318], [-79.03117, 1.19708], [-79.02813, 1.20047], [-79.05285, 1.21699], [-79.05122, 1.22489], [-79.12937, 1.11725], [-79.16902, 1.09257], [-79.20951, 1.08192], [-79.2165, 1.07465], [-79.21568, 1.0628], [-79.1996, 1.05239], [-79.1529, 1.03999], [-79.11922, 1.00756], [-79.13137, 1.00114], [-79.15387, 0.95292], [-79.1741, 0.95704], [-79.194, 0.94495], [-79.20593, 0.92848], [-79.23107, 0.9179], [-79.22898, 0.9078], [-79.21497, 0.90461], [-79.20471, 0.89226], [-79.22015, 0.856], [-79.20054, 0.84405], [-79.19134, 0.82271], [-79.19817, 0.81183], [-79.2266, 0.80769], [-79.2335, 0.79032], [-79.24864, 0.78781], [-79.25131, 0.77451], [-79.26406, 0.76976], [-79.28643, 0.7417], [-79.29001, 0.72513], [-79.30098, 0.72252], [-79.29577, 0.7129], [-79.29842, 0.68474], [-79.28896, 0.68197], [-79.28414, 0.6678], [-79.26716, 0.667], [-79.25382, 0.63501], [-79.23431, 0.61657], [-79.23409, 0.60411], [-79.21284, 0.58873], [-79.22035, 0.57718], [-79.23151, 0.57537], [-79.22361, 0.52194], [-79.19489, 0.52127], [-79.19592, 0.50654], [-79.18432, 0.49953], [-79.15622, 0.50972], [-79.13965, 0.49282], [-79.12058, 0.50495], [-79.07827, 0.51063], [-79.06727, 0.51904], [-79.04104, 0.51802], [-79.02621, 0.52766], [-79.02142, 0.53952], [-79.00529, 0.54251], [-78.97821, 0.51409], [-78.97656, 0.48091], [-78.93622, 0.42655], [-78.93685, 0.38791], [-78.9235, 0.35947], [-78.92286, 0.35833], [-78.858, 0.3688], [-78.82679, 0.38201], [-78.81228, 0.40213], [-78.79717, 0.40592], [-78.78407, 0.40066], [-78.7729, 0.40786], [-78.74697, 0.40154], [-78.71913, 0.4031], [-78.7048, 0.39658], [-78.69945, 0.38295], [-78.67857, 0.37327], [-78.65632, 0.37744], [-78.64136, 0.39662], [-78.61335, 0.41583], [-78.60614, 0.45273], [-78.59075, 0.46756], [-78.56563, 0.47719], [-78.55802, 0.49593], [-78.55815, 0.50471], [-78.57901, 0.50391], [-78.5772, 0.54655], [-78.58943, 0.54864], [-78.59429, 0.56405], [-78.58754, 0.57057], [-78.59586, 0.57218], [-78.59785, 0.58123], [-78.6122, 0.5805], [-78.60763, 0.59838], [-78.622, 0.59743], [-78.62485, 0.60474], [-78.63775, 0.60944], [-78.64447, 0.64982], [-78.65333, 0.64252], [-78.65547, 0.65427], [-78.66385, 0.6534], [-78.66324, 0.66615], [-78.67271, 0.66224], [-78.68254, 0.67847], [-78.68173, 0.68339], [-78.67218, 0.68295], [-78.68093, 0.69831], [-78.70315, 0.72147], [-78.71543, 0.71041], [-78.72121, 0.72068], [-78.71845, 0.73389], [-78.73038, 0.73831], [-78.73346, 0.74948], [-78.74067, 0.75262], [-78.73161, 0.76085], [-78.73875, 0.77811], [-78.73611, 0.79132], [-78.72614, 0.79732], [-78.72334, 0.80814], [-78.73064, 0.81351], [-78.72003, 0.82409], [-78.73051, 0.83364], [-78.72745, 0.83867], [-78.718, 0.83562], [-78.71563, 0.84295], [-78.72601, 0.84312], [-78.73455, 0.86258], [-78.74725, 0.84449], [-78.7649, 0.84924], [-78.77409, 0.84234], [-78.78093, 0.84912], [-78.77508, 0.85912], [-78.78202, 0.87076], [-78.77874, 0.88839], [-78.79583, 0.87723], [-78.80047, 0.88782], [-78.81184, 0.88191], [-78.83038, 0.89195], [-78.84023, 0.88658], [-78.84151, 0.90526], [-78.86882, 0.91248], [-78.8625, 0.92857], [-78.85049, 0.93289], [-78.86304, 0.95327], [-78.86476, 0.9804], [-78.83837, 0.98311], [-78.83586, 1.00767], [-78.82205, 1.01968], [-78.83545, 1.03185], [-78.83268, 1.04384], [-78.90787, 1.07158], [-78.91452, 1.08584], [-78.92466, 1.08181], [-78.92492, 1.07037], [-78.96185, 1.06822], [-78.97095, 1.08495], [-78.98698, 1.08575], [-78.97863, 1.11195]]], [[[-78.98247, 1.24225], [-79.00216, 1.23483], [-78.99746, 1.22916], [-79.00871, 1.22511], [-78.99725, 1.2168], [-78.99907, 1.20905], [-78.99282, 1.21605], [-78.98471, 1.20942], [-78.97411, 1.21883], [-78.96841, 1.21291], [-78.96969, 1.21833], [-78.95983, 1.22369], [-78.96537, 1.23021], [-78.9753, 1.22789], [-78.96648, 1.23003], [-78.98247, 1.24225]]], [[[-79.00394, 1.26776], [-79.03835, 1.24518], [-79.03008, 1.24601], [-79.0413, 1.24105], [-79.04148, 1.24117], [-79.0418, 1.24184], [-79.0418, 1.24278], [-79.04034, 1.2461], [-79.04295, 1.24568], [-79.04931, 1.24026], [-79.00968, 1.20853], [-79.00236, 1.21716], [-79.00981, 1.22523], [-79.00247, 1.22821], [-79.00687, 1.23535], [-79.0098, 1.23102], [-79.01708, 1.22753], [-79.01365, 1.23191], [-79.00993, 1.2314], [-79.0168, 1.23398], [-78.98037, 1.24826], [-78.99548, 1.2588], [-79.00053, 1.25387], [-79.00574, 1.25205], [-79.00683, 1.24502], [-79.00394, 1.24389], [-79.00431, 1.24286], [-79.01734, 1.23864], [-79.00929, 1.24235], [-79.00432, 1.24329], [-79.00733, 1.24469], [-79.00645, 1.25141], [-79.00486, 1.25382], [-79.00103, 1.25419], [-79.00114, 1.25617], [-79.01928, 1.24635], [-79.0229, 1.24689], [-79.02158, 1.24784], [-79.01858, 1.24698], [-79.01509, 1.25045], [-79.01213, 1.25128], [-79.0119, 1.25274], [-79.01079, 1.25349], [-78.99771, 1.259], [-78.99699, 1.26392], [-79.00977, 1.262], [-79.00967, 1.26207], [-79.00953, 1.26211], [-79.00848, 1.26277], [-79.00703, 1.26376], [-79.00452, 1.2648], [-78.99572, 1.26435], [-79.00394, 1.26776]]], [[[-78.91708, 1.26603], [-78.91701, 1.26738], [-78.92088, 1.27118], [-78.92235, 1.26824], [-78.91708, 1.26603]]], [[[-78.92815, 1.28138], [-78.93128, 1.28415], [-78.92883, 1.27869], [-78.93279, 1.28132], [-78.93954, 1.26564], [-78.94989, 1.27329], [-78.96284, 1.2686], [-78.96274, 1.25442], [-78.93897, 1.24547], [-78.91969, 1.27454], [-78.92815, 1.28138]]], [[[-78.89107, 1.34446], [-78.90346, 1.33365], [-78.89903, 1.32569], [-78.90492, 1.30899], [-78.8974, 1.30064], [-78.89136, 1.30915], [-78.89497, 1.31841], [-78.88577, 1.31423], [-78.89107, 1.34446]]], [[[-78.89744, 1.36768], [-78.90338, 1.37522], [-78.92803, 1.35218], [-78.92928, 1.33003], [-78.93071, 1.33865], [-78.94427, 1.32004], [-78.94476, 1.30027], [-78.9479, 1.30597], [-78.95115, 1.30063], [-78.95027, 1.30499], [-78.94511, 1.31191], [-78.95335, 1.30583], [-78.94576, 1.3182], [-78.95204, 1.31407], [-78.93465, 1.33916], [-78.93724, 1.33893], [-78.94106, 1.33593], [-78.97622, 1.29271], [-78.98227, 1.26966], [-78.96795, 1.29804], [-78.97527, 1.26915], [-78.96948, 1.27081], [-78.97156, 1.27894], [-78.97048, 1.27798], [-78.96841, 1.26979], [-78.95151, 1.27633], [-78.95391, 1.27855], [-78.95383, 1.28348], [-78.95022, 1.29127], [-78.95346, 1.27865], [-78.94084, 1.26878], [-78.94036, 1.27249], [-78.94615, 1.27563], [-78.94705, 1.27986], [-78.93738, 1.28201], [-78.94092, 1.28821], [-78.93477, 1.2902], [-78.92791, 1.30677], [-78.93109, 1.31443], [-78.92519, 1.31941], [-78.92736, 1.31423], [-78.93001, 1.31198], [-78.92567, 1.30676], [-78.93379, 1.28983], [-78.93998, 1.28806], [-78.93635, 1.28198], [-78.94628, 1.27718], [-78.93974, 1.27356], [-78.93851, 1.26738], [-78.93047, 1.2866], [-78.91485, 1.27681], [-78.91349, 1.28169], [-78.90901, 1.28103], [-78.90832, 1.27927], [-78.90993, 1.27867], [-78.91152, 1.27902], [-78.9133, 1.28133], [-78.91402, 1.27604], [-78.9196, 1.27841], [-78.92493, 1.27015], [-78.90859, 1.2669], [-78.91095, 1.26585], [-78.9158, 1.26646], [-78.91716, 1.26524], [-78.9231, 1.26749], [-78.91482, 1.25774], [-78.90361, 1.26249], [-78.90751, 1.2577], [-78.91435, 1.25737], [-78.91335, 1.24692], [-78.90663, 1.24779], [-78.91075, 1.24899], [-78.90555, 1.25616], [-78.90475, 1.25028], [-78.89652, 1.2522], [-78.89996, 1.2666], [-78.8939, 1.27533], [-78.87696, 1.27777], [-78.89108, 1.29214], [-78.88247, 1.30811], [-78.89357, 1.31861], [-78.89086, 1.30918], [-78.89631, 1.301], [-78.90561, 1.30217], [-78.89895, 1.2938], [-78.90304, 1.29136], [-78.90613, 1.3003], [-78.90506, 1.31303], [-78.91526, 1.29691], [-78.90918, 1.28821], [-78.917, 1.29532], [-78.91357, 1.30729], [-78.90014, 1.32629], [-78.90727, 1.3263], [-78.90752, 1.31917], [-78.9108, 1.31914], [-78.90973, 1.31584], [-78.91284, 1.31372], [-78.91286, 1.31584], [-78.91019, 1.31608], [-78.91182, 1.3185], [-78.90787, 1.3266], [-78.90193, 1.3266], [-78.90463, 1.33459], [-78.89217, 1.35565], [-78.90587, 1.35876], [-78.90129, 1.34793], [-78.91491, 1.32775], [-78.91583, 1.32998], [-78.91287, 1.33542], [-78.91164, 1.33605], [-78.90983, 1.33532], [-78.91113, 1.33811], [-78.90713, 1.34619], [-78.90181, 1.34807], [-78.90679, 1.35911], [-78.89737, 1.36049], [-78.90328, 1.36735], [-78.90609, 1.36344], [-78.90891, 1.36402], [-78.90861, 1.36103], [-78.90943, 1.36367], [-78.90906, 1.36413], [-78.90825, 1.36447], [-78.90611, 1.36377], [-78.90679, 1.36623], [-78.90385, 1.36765], [-78.90201, 1.36713], [-78.90004, 1.3648], [-78.89843, 1.36492], [-78.89744, 1.36768]]]]}}, {"type": "Feature", "properties": {"admin2_pcode": "EC0908", "admin2_name": "Empalme", "admin1_name": "Guayas"}, "geometry": {"type": "Polygon", "coordinates": [[[-79.50722, -0.94483], [-79.52761, -0.91389], [-79.50313, -0.83924], [-79.52492, -0.86144], [-79.53564, -0.84737], [-79.53307, -0.83652], [-79.54151, -0.83862], [-79.54242, -0.84937], [-79.54857, -0.83956], [-79.58891, -0.84885], [-79.60071, -0.85904], [-79.60738, -0.8533], [-79.61534, -0.86038], [-79.62637, -0.85794], [-79.6235, -0.87578], [-79.64408, -0.88127], [-79.66198, -0.90331], [-79.67087, -0.89131], [-79.67926, -0.893], [-79.67662, -0.89922], [-79.68462, -0.90321], [-79.68999, -0.90227], [-79.68907, -0.89542], [-79.70401, -0.90439], [-79.69873, -0.89052], [-79.7051, -0.88321], [-79.71462, -0.87878], [-79.71606, -0.88632], [-79.72466, -0.88192], [-79.7371, -0.89166], [-79.74701, -0.91501], [-79.74399, -0.9212], [-79.75329, -0.92346], [-79.77125, -0.94743], [-79.77334, -0.97864], [-79.78152, -0.98206], [-79.78937, -0.97739], [-79.7969, -0.98291], [-79.80364, -1.03079], [-79.81209, -1.03258], [-79.81656, -1.05061], [-79.83336, -1.05008], [-79.84055, -1.07325], [-79.82518, -1.11387], [-79.81576, -1.11385], [-79.80058, -1.12596], [-79.7924, -1.12122], [-79.78799, -1.10783], [-79.77597, -1.12039], [-79.75965, -1.11116], [-79.75326, -1.11568], [-79.73712, -1.09388], [-79.73572, -1.08143], [-79.72705, -1.08121], [-79.73066, -1.08781], [-79.71865, -1.09917], [-79.69098, -1.0873], [-79.66189, -1.11454], [-79.65094, -1.11448], [-79.64123, -1.10814], [-79.64055, -1.09278], [-79.62402, -1.0808], [-79.6166, -1.06391], [-79.60002, -1.07274], [-79.54064, -1.05793], [-79.5324, -1.04207], [-79.53984, -1.01456], [-79.52534, -1.00782], [-79.52834, -0.98862], [-79.5214, -0.97392], [-79.50821, -0.96811], [-79.50722, -0.94483]]]}}, {"type": "Feature", "properties": {"admin2_pcode": "EC0801", "admin2_name": "Esmeraldas", "admin1_name": "Esmeraldas"}, "geometry": {"type": "MultiPolygon", "coordinates": [[[[-79.65531, 0.93014], [-79.65315, 0.93216], [-79.65006, 0.93659], [-79.65439, 0.93376], [-79.65531, 0.93014]]], [[[-79.65312, 0.91427], [-79.64571, 0.92017], [-79.64665, 0.9392], [-79.65655, 0.92552], [-79.65312, 0.91427]]], [[[-79.64896, 0.94118], [-79.64841, 0.94202], [-79.64866, 0.94274], [-79.64905, 0.9414], [-79.64896, 0.94118]]], [[[-79.64831, 0.94233], [-79.64813, 0.94271], [-79.64833, 0.94339], [-79.64847, 0.94248], [-79.64831, 0.94233]]], [[[-79.63506, 0.94974], [-79.63513, 0.95076], [-79.6366, 0.94734], [-79.63585, 0.94794], [-79.63506, 0.94974]]], [[[-79.64742, 0.94849], [-79.64689, 0.9536], [-79.64991, 0.95616], [-79.64998, 0.95393], [-79.64742, 0.94849]]], [[[-79.64953, 0.9608], [-79.64948, 0.96101], [-79.64961, 0.9611], [-79.64971, 0.96085], [-79.64953, 0.9608]]], [[[-79.64994, 0.96101], [-79.6499, 0.9612], [-79.64998, 0.96128], [-79.6501, 0.96109], [-79.64994, 0.96101]]], [[[-79.64917, 0.96351], [-79.64879, 0.96378], [-79.64879, 0.96391], [-79.64942, 0.96355], [-79.64917, 0.96351]]], [[[-79.64988, 0.96318], [-79.64947, 0.96398], [-79.64839, 0.96488], [-79.64974, 0.9642], [-79.64988, 0.96318]]], [[[-79.64942, 0.96457], [-79.6482, 0.96554], [-79.64802, 0.96654], [-79.64938, 0.96493], [-79.64942, 0.96457]]], [[[-79.64774, 0.96773], [-79.64761, 0.96973], [-79.64859, 0.97111], [-79.64824, 0.97021], [-79.64774, 0.96773]]], [[[-79.63629, 0.957], [-79.64243, 0.97294], [-79.64989, 0.95851], [-79.64797, 0.9423], [-79.63984, 0.94842], [-79.63629, 0.957]]], [[[-79.64757, 0.97206], [-79.64802, 0.97601], [-79.6501, 0.97889], [-79.65054, 0.9761], [-79.64757, 0.97206]]], [[[-79.6478, 0.97669], [-79.64714, 0.97825], [-79.64661, 0.98046], [-79.64944, 0.97928], [-79.6478, 0.97669]]], [[[-79.46019, 1.0468], [-79.55026, 0.99386], [-79.60154, 0.98516], [-79.62395, 0.99326], [-79.63416, 0.94573], [-79.64499, 0.94001], [-79.64291, 0.91833], [-79.6558, 0.91243], [-79.65893, 0.92761], [-79.64869, 0.94414], [-79.65138, 0.97786], [-79.64387, 0.98419], [-79.64599, 0.99158], [-79.65202, 0.99473], [-79.70364, 0.97042], [-79.745, 0.9605], [-79.72984, 0.92652], [-79.75002, 0.90405], [-79.74306, 0.88747], [-79.75133, 0.87532], [-79.75519, 0.85074], [-79.74649, 0.81949], [-79.75966, 0.80693], [-79.76193, 0.7899], [-79.79364, 0.75696], [-79.78936, 0.75399], [-79.79255, 0.74041], [-79.77922, 0.72644], [-79.78838, 0.72305], [-79.79491, 0.70804], [-79.80657, 0.70407], [-79.8067, 0.67224], [-79.81586, 0.67279], [-79.83543, 0.63239], [-79.82449, 0.60656], [-79.81331, 0.60228], [-79.81531, 0.58074], [-79.79603, 0.57568], [-79.78337, 0.59314], [-79.76433, 0.59221], [-79.76747, 0.59819], [-79.76057, 0.60718], [-79.74704, 0.60138], [-79.73983, 0.58791], [-79.73145, 0.5874], [-79.73255, 0.60207], [-79.71389, 0.61812], [-79.69833, 0.6184], [-79.69573, 0.6094], [-79.67151, 0.62013], [-79.65259, 0.62094], [-79.6398, 0.63037], [-79.62858, 0.62723], [-79.61495, 0.63596], [-79.60524, 0.65569], [-79.56188, 0.67766], [-79.50795, 0.65001], [-79.50307, 0.63737], [-79.48237, 0.62249], [-79.46331, 0.61867], [-79.44593, 0.59921], [-79.44702, 0.57657], [-79.44063, 0.57168], [-79.43182, 0.57696], [-79.41415, 0.56645], [-79.41192, 0.57299], [-79.40842, 0.60254], [-79.42299, 0.63263], [-79.46023, 0.64328], [-79.48868, 0.68795], [-79.50041, 0.77404], [-79.50917, 0.78976], [-79.50451, 0.79819], [-79.51239, 0.80549], [-79.50826, 0.82667], [-79.48377, 0.81804], [-79.46466, 0.83766], [-79.48024, 0.861], [-79.48355, 0.87797], [-79.47398, 0.89948], [-79.48096, 0.91504], [-79.4664, 0.93861], [-79.46527, 0.95176], [-79.4536, 0.96453], [-79.45645, 0.99897], [-79.46645, 1.02164], [-79.46019, 1.0468]]]]}}, {"type": "Feature", "properties": {"admin2_pcode": "EC0403", "admin2_name": "Espejo", "admin1_name": "Carchi"}, "geometry": {"type": "Polygon", "coordinates": [[[-77.87833, 0.67724], [-77.89012, 0.68866], [-77.88866, 0.72436], [-77.897, 0.74], [-77.95314, 0.74273], [-77.96262, 0.754], [-78.01448, 0.74363], [-78.0632, 0.77825], [-78.06808, 0.83407], [-78.07906, 0.83715], [-78.10443, 0.83024], [-78.11048, 0.85116], [-78.12465, 0.86043], [-78.15585, 0.83907], [-78.17856, 0.83336], [-78.19566, 0.81363], [-78.21502, 0.80829], [-78.21822, 0.7778], [-78.22385, 0.77257], [-78.17147, 0.70829], [-78.13575, 0.7009], [-78.11958, 0.68702], [-78.10419, 0.68303], [-78.08762, 0.68948], [-78.07073, 0.68463], [-78.06057, 0.69228], [-78.06981, 0.70905], [-78.05591, 0.73793], [-78.03774, 0.67349], [-78.05485, 0.63336], [-78.03648, 0.64363], [-78.00578, 0.6245], [-78.0222, 0.60154], [-78.0321, 0.55694], [-78.0174, 0.56563], [-77.98636, 0.56581], [-77.98125, 0.57811], [-77.9754, 0.57171], [-77.95338, 0.57072], [-77.92272, 0.57908], [-77.91827, 0.58854], [-77.91206, 0.60918], [-77.89125, 0.62444], [-77.89344, 0.63366], [-77.88548, 0.64234], [-77.87833, 0.67724]]]}}, {"type": "Feature", "properties": {"admin2_pcode": "EC1106", "admin2_name": "Espindola", "admin1_name": "Loja"}, "geometry": {"type": "Polygon", "coordinates": [[[-79.31576, -4.45697], [-79.32895, -4.44542], [-79.35205, -4.44924], [-79.35126, -4.42449], [-79.3682, -4.4165], [-79.37273, -4.40671], [-79.39532, -4.41461], [-79.40581, -4.40125], [-79.42153, -4.39798], [-79.44091, -4.40599], [-79.4573, -4.41361], [-79.46573, -4.42602], [-79.48704, -4.43213], [-79.48949, -4.45568], [-79.48239, -4.48194], [-79.5053, -4.49802], [-79.51256, -4.51622], [-79.4961, -4.52093], [-79.48478, -4.53656], [-79.47688, -4.56843], [-79.49442, -4.58104], [-79.48841, -4.62477], [-79.46334, -4.65193], [-79.45749, -4.70144], [-79.42967, -4.74083], [-79.42049, -4.73658], [-79.41297, -4.71859], [-79.39929, -4.71748], [-79.39398, -4.69289], [-79.39307, -4.67718], [-79.37731, -4.65531], [-79.35932, -4.64886], [-79.35297, -4.62533], [-79.33334, -4.60582], [-79.3273, -4.57748], [-79.33655, -4.54658], [-79.32717, -4.5315], [-79.32466, -4.50526], [-79.31092, -4.49784], [-79.31043, -4.47316], [-79.30338, -4.46515], [-79.31576, -4.45697]]]}}, {"type": "Feature", "properties": {"admin2_pcode": "EC1305", "admin2_name": "Flavio Alfaro", "admin1_name": "Manabi"}, "geometry": {"type": "Polygon", "coordinates": [[[-79.62695, -0.15311], [-79.63796, -0.16096], [-79.64889, -0.15732], [-79.65841, -0.16349], [-79.66895, -0.14269], [-79.68791, -0.13415], [-79.69043, -0.13889], [-79.69729, -0.1242], [-79.72768, -0.10861], [-79.77896, -0.11248], [-79.81834, -0.10041], [-79.82805, -0.1117], [-79.82423, -0.11986], [-79.82906, -0.13053], [-79.84576, -0.12688], [-79.85167, -0.13138], [-79.85307, -0.14774], [-79.86612, -0.14433], [-79.88731, -0.15257], [-79.8846, -0.16668], [-79.8971, -0.17586], [-79.90487, -0.20797], [-79.87859, -0.22721], [-79.89681, -0.23298], [-79.93877, -0.21453], [-79.95835, -0.23345], [-79.96524, -0.24903], [-79.94866, -0.26007], [-79.95241, -0.26856], [-79.94627, -0.27748], [-79.95222, -0.29594], [-79.96849, -0.29981], [-79.97267, -0.30686], [-79.96129, -0.32694], [-79.95273, -0.3307], [-79.96176, -0.37806], [-79.98608, -0.40264], [-80.00449, -0.40828], [-80.01366, -0.43198], [-80.0539, -0.42799], [-80.0454, -0.43524], [-80.04888, -0.44002], [-80.03416, -0.48519], [-80.00403, -0.48365], [-79.97669, -0.49218], [-79.9749, -0.49927], [-79.9646, -0.50312], [-79.94803, -0.49265], [-79.93297, -0.50128], [-79.9122, -0.49741], [-79.90467, -0.48931], [-79.88358, -0.51178], [-79.85936, -0.50129], [-79.84396, -0.53902], [-79.84021, -0.53059], [-79.81715, -0.52357], [-79.78897, -0.53779], [-79.77341, -0.52902], [-79.76725, -0.53687], [-79.76211, -0.53073], [-79.76019, -0.54014], [-79.74891, -0.53675], [-79.74313, -0.54478], [-79.71832, -0.54926], [-79.71721, -0.54028], [-79.70755, -0.53675], [-79.70951, -0.52553], [-79.70163, -0.51432], [-79.70773, -0.51544], [-79.72059, -0.50096], [-79.71442, -0.4871], [-79.70454, -0.47955], [-79.69948, -0.48245], [-79.67864, -0.43835], [-79.68733, -0.43212], [-79.70506, -0.43691], [-79.71269, -0.42546], [-79.72695, -0.41946], [-79.73019, -0.40468], [-79.73768, -0.40419], [-79.73759, -0.3911], [-79.75654, -0.37959], [-79.75584, -0.36216], [-79.75208, -0.35099], [-79.73661, -0.35036], [-79.73514, -0.33019], [-79.72167, -0.31447], [-79.69459, -0.306], [-79.69446, -0.29905], [-79.67347, -0.28192], [-79.67034, -0.2899], [-79.65991, -0.27639], [-79.636, -0.27615], [-79.63706, -0.26374], [-79.62843, -0.24624], [-79.63137, -0.23304], [-79.62415, -0.22371], [-79.61617, -0.22477], [-79.60991, -0.20899], [-79.61632, -0.19801], [-79.61047, -0.18659], [-79.61817, -0.17623], [-79.61205, -0.16455], [-79.61974, -0.15242], [-79.62695, -0.15311]]]}}, {"type": "Feature", "properties": {"admin2_pcode": "EC0102", "admin2_name": "Giron", "admin1_name": "Azuay"}, "geometry": {"type": "Polygon", "coordinates": [[[-79.02892, -3.17588], [-79.05554, -3.15279], [-79.05923, -3.13464], [-79.08337, -3.13869], [-79.10241, -3.10855], [-79.14411, -3.11681], [-79.20327, -3.08091], [-79.21274, -3.06498], [-79.23552, -3.06262], [-79.23452, -3.10921], [-79.22853, -3.1207], [-79.23818, -3.14329], [-79.23146, -3.14508], [-79.22905, -3.15935], [-79.21503, -3.17413], [-79.21735, -3.23008], [-79.23115, -3.2271], [-79.2341, -3.21279], [-79.25822, -3.19294], [-79.27308, -3.16935], [-79.2897, -3.18269], [-79.30446, -3.18275], [-79.30743, -3.21019], [-79.29349, -3.20236], [-79.27507, -3.20581], [-79.26395, -3.21953], [-79.26971, -3.23526], [-79.25817, -3.23514], [-79.24096, -3.2485], [-79.24631, -3.27742], [-79.2199, -3.28726], [-79.17584, -3.24692], [-79.16712, -3.23181], [-79.15426, -3.23639], [-79.12679, -3.22352], [-79.09495, -3.24003], [-79.085, -3.23521], [-79.05821, -3.24363], [-79.03807, -3.2237], [-79.03768, -3.20425], [-79.02211, -3.18853], [-79.02892, -3.17588]]]}}, {"type": "Feature", "properties": {"admin2_pcode": "EC0927", "admin2_name": "Gnral. Antonio Elizalde", "admin1_name": "Guayas"}, "geometry": {"type": "Polygon", "coordinates": [[[-79.20346, -2.13349], [-79.2238, -2.12217], [-79.23485, -2.10422], [-79.25066, -2.1017], [-79.26342, -2.08212], [-79.27112, -2.10384], [-79.27607, -2.1178], [-79.26905, -2.12362], [-79.28015, -2.12511], [-79.26667, -2.14839], [-79.28052, -2.14545], [-79.28693, -2.18665], [-79.27658, -2.18489], [-79.24829, -2.19626], [-79.22113, -2.19946], [-79.19222, -2.19132], [-79.16361, -2.20269], [-79.1271, -2.2025], [-79.11649, -2.18317], [-79.13834, -2.18245], [-79.12828, -2.16408], [-79.10461, -2.14353], [-79.10208, -2.13333], [-79.12097, -2.14088], [-79.11514, -2.11668], [-79.12477, -2.11351], [-79.13686, -2.12053], [-79.1616, -2.12155], [-79.1756, -2.14577], [-79.18784, -2.14154], [-79.19392, -2.13099], [-79.20346, -2.13349]]]}}, {"type": "Feature", "properties": {"admin2_pcode": "EC2102", "admin2_name": "Gonzalo Pizarro", "admin1_name": "Sucumbios"}, "geometry": {"type": "Polygon", "coordinates": [[[-77.27783, -0.04914], [-77.28027, -0.03984], [-77.28879, -0.03757], [-77.28865, -0.02482], [-77.27809, -0.01634], [-77.27356, 0.00977], [-77.25852, 0.01353], [-77.25402, 0.02106], [-77.2593, 0.04775], [-77.27054, 0.04684], [-77.26493, 0.06325], [-77.2747, 0.08076], [-77.31813, 0.10399], [-77.35212, 0.13381], [-77.3722, 0.17144], [-77.39469, 0.1954], [-77.38574, 0.2164], [-77.39248, 0.23579], [-77.38645, 0.24436], [-77.4002, 0.23996], [-77.42784, 0.26656], [-77.4117, 0.29568], [-77.4155, 0.30652], [-77.39261, 0.31118], [-77.39633, 0.34004], [-77.41054, 0.34014], [-77.42311, 0.35623], [-77.41713, 0.37524], [-77.43071, 0.36569], [-77.42552, 0.34383], [-77.4298, 0.31743], [-77.45378, 0.30298], [-77.45311, 0.28565], [-77.46228, 0.26441], [-77.47946, 0.2539], [-77.49663, 0.25369], [-77.50908, 0.2314], [-77.55911, 0.2438], [-77.57361, 0.24158], [-77.57661, 0.2333], [-77.59086, 0.23916], [-77.60786, 0.23327], [-77.62897, 0.21469], [-77.62913, 0.19582], [-77.66044, 0.18228], [-77.66655, 0.1702], [-77.67792, 0.16667], [-77.67677, 0.15081], [-77.69666, 0.13233], [-77.70853, 0.14448], [-77.70958, 0.19002], [-77.72302, 0.20622], [-77.72062, 0.21372], [-77.74222, 0.22257], [-77.73957, 0.23575], [-77.74484, 0.24231], [-77.77091, 0.24729], [-77.79078, 0.27045], [-77.81527, 0.28652], [-77.83133, 0.30988], [-77.82577, 0.32258], [-77.83969, 0.30696], [-77.85131, 0.30316], [-77.84486, 0.29525], [-77.8466, 0.27556], [-77.82874, 0.27288], [-77.84758, 0.25925], [-77.84879, 0.24183], [-77.86536, 0.23122], [-77.87192, 0.20681], [-77.88501, 0.19991], [-77.91183, 0.20492], [-77.92474, 0.19771], [-77.92835, 0.1777], [-77.94139, 0.17997], [-77.95651, 0.15703], [-77.96518, 0.15803], [-77.9793, 0.10812], [-77.96222, 0.11286], [-77.94621, 0.09894], [-77.93558, 0.1032], [-77.91822, 0.08187], [-77.89027, 0.08311], [-77.85945, 0.06239], [-77.85468, 0.0246], [-77.83963, 0.02743], [-77.82234, 0.0343], [-77.81196, 0.02414], [-77.79813, 0.02682], [-77.7808, 0.01477], [-77.79486, -0.01624], [-77.78559, -0.03001], [-77.78243, -0.08328], [-77.74225, -0.07871], [-77.73329, -0.07202], [-77.73739, -0.05691], [-77.72652, -0.05426], [-77.71802, -0.05694], [-77.70095, -0.07957], [-77.63822, -0.07555], [-77.61274, -0.08176], [-77.59111, -0.1019], [-77.59115, -0.10922], [-77.58327, -0.10831], [-77.55982, -0.07927], [-77.53818, -0.06433], [-77.53718, -0.05628], [-77.51131, -0.06375], [-77.50534, -0.05705], [-77.5073, -0.04078], [-77.48722, -0.04027], [-77.48548, -0.02673], [-77.4612, -0.01922], [-77.45108, -0.059], [-77.4383, -0.06276], [-77.45734, -0.0834], [-77.44438, -0.09735], [-77.45473, -0.11532], [-77.45389, -0.13671], [-77.4377, -0.12935], [-77.39375, -0.13753], [-77.37904, -0.15262], [-77.34382, -0.12681], [-77.33774, -0.10447], [-77.3077, -0.07225], [-77.30554, -0.05989], [-77.29085, -0.04763], [-77.27783, -0.04914]]]}}, {"type": "Feature", "properties": {"admin2_pcode": "EC1107", "admin2_name": "Gonzanama", "admin1_name": "Loja"}, "geometry": {"type": "Polygon", "coordinates": [[[-79.32427, -4.18681], [-79.33372, -4.1592], [-79.34431, -4.15279], [-79.34304, -4.14267], [-79.33171, -4.13352], [-79.33429, -4.12121], [-79.35744, -4.08663], [-79.35319, -4.0806], [-79.3585, -4.06965], [-79.3825, -4.05319], [-79.40333, -4.00581], [-79.41008, -4.01047], [-79.42503, -4.00251], [-79.4444, -4.00189], [-79.46868, -4.02728], [-79.51197, -4.02988], [-79.52385, -4.04593], [-79.53152, -4.07326], [-79.54705, -4.07919], [-79.56037, -4.10244], [-79.57393, -4.10292], [-79.57266, -4.11336], [-79.58339, -4.11887], [-79.5793, -4.12407], [-79.59319, -4.13836], [-79.60689, -4.1747], [-79.58219, -4.20685], [-79.58053, -4.24523], [-79.56297, -4.24821], [-79.54587, -4.24084], [-79.52492, -4.25926], [-79.52196, -4.2807], [-79.50687, -4.28905], [-79.49036, -4.33], [-79.46094, -4.32252], [-79.47205, -4.30058], [-79.46191, -4.25948], [-79.41528, -4.26531], [-79.40303, -4.24739], [-79.39554, -4.247], [-79.37639, -4.26879], [-79.3739, -4.2846], [-79.34351, -4.28721], [-79.33146, -4.2774], [-79.32838, -4.27124], [-79.34114, -4.24114], [-79.32782, -4.22511], [-79.32427, -4.18681]]]}}, {"type": "Feature", "properties": {"admin2_pcode": "EC0114", "admin2_name": "Guachapala", "admin1_name": "Azuay"}, "geometry": {"type": "Polygon", "coordinates": [[[-78.6419, -2.72233], [-78.65351, -2.72342], [-78.69679, -2.76454], [-78.72872, -2.75598], [-78.74707, -2.76617], [-78.75118, -2.77746], [-78.73387, -2.78116], [-78.72689, -2.81149], [-78.69826, -2.80637], [-78.68308, -2.79285], [-78.66732, -2.75269], [-78.6578, -2.74175], [-78.64596, -2.74063], [-78.6419, -2.72233]]]}}, {"type": "Feature", "properties": {"admin2_pcode": "EC0103", "admin2_name": "Gualaceo", "admin1_name": "Azuay"}, "geometry": {"type": "Polygon", "coordinates": [[[-78.63193, -2.93822], [-78.67739, -2.92718], [-78.68574, -2.91069], [-78.6962, -2.90698], [-78.68955, -2.8549], [-78.70238, -2.84752], [-78.69439, -2.8174], [-78.69826, -2.80637], [-78.72689, -2.81149], [-78.72726, -2.82253], [-78.74379, -2.83285], [-78.74712, -2.84272], [-78.75954, -2.85182], [-78.77405, -2.84904], [-78.77197, -2.86017], [-78.77996, -2.86425], [-78.80003, -2.86246], [-78.80253, -2.85612], [-78.82652, -2.85889], [-78.84819, -2.85247], [-78.85798, -2.86952], [-78.87899, -2.87041], [-78.88023, -2.87776], [-78.88703, -2.87918], [-78.91627, -2.9438], [-78.91254, -2.9568], [-78.89651, -2.97186], [-78.86009, -2.99466], [-78.86519, -2.97852], [-78.80802, -2.99759], [-78.80113, -2.98201], [-78.79037, -2.98759], [-78.78007, -3.00601], [-78.77938, -2.98374], [-78.77366, -2.98373], [-78.77478, -2.96581], [-78.78984, -2.95348], [-78.78642, -2.94662], [-78.79658, -2.9374], [-78.78646, -2.91081], [-78.77827, -2.90545], [-78.75385, -2.92234], [-78.73787, -2.95651], [-78.71835, -2.95643], [-78.71485, -2.9781], [-78.6943, -2.97546], [-78.68662, -2.98875], [-78.67633, -2.9916], [-78.67049, -3.01006], [-78.67529, -3.02948], [-78.65706, -3.00523], [-78.65754, -2.99079], [-78.63958, -2.98187], [-78.63173, -2.97001], [-78.63687, -2.95181], [-78.63193, -2.93822]]]}}, {"type": "Feature", "properties": {"admin2_pcode": "EC1402", "admin2_name": "Gualaquiza", "admin1_name": "Morona Santiago"}, "geometry": {"type": "Polygon", "coordinates": [[[-78.66345, -3.07313], [-78.67933, -3.0678], [-78.68491, -3.07044], [-78.68873, -3.10511], [-78.70338, -3.12742], [-78.75061, -3.14655], [-78.75514, -3.15925], [-78.77495, -3.17045], [-78.8116, -3.2089], [-78.83427, -3.2451], [-78.8567, -3.22961], [-78.87976, -3.2501], [-78.90042, -3.25552], [-78.91298, -3.27305], [-78.93618, -3.27567], [-78.93581, -3.28822], [-78.93412, -3.29338], [-78.94268, -3.29969], [-78.95364, -3.29962], [-78.94307, -3.3414], [-78.93077, -3.35286], [-78.93161, -3.35958], [-78.91673, -3.36627], [-78.90297, -3.39197], [-78.88155, -3.40137], [-78.87399, -3.4217], [-78.88007, -3.4483], [-78.86732, -3.46441], [-78.8702, -3.50227], [-78.85746, -3.51413], [-78.84256, -3.51781], [-78.83161, -3.54936], [-78.82031, -3.544], [-78.78904, -3.54211], [-78.77534, -3.56161], [-78.75439, -3.56876], [-78.72055, -3.56198], [-78.70622, -3.57755], [-78.68206, -3.58649], [-78.66795, -3.55003], [-78.62877, -3.53385], [-78.58527, -3.55224], [-78.54104, -3.53567], [-78.53424, -3.53927], [-78.53367, -3.52971], [-78.36526, -3.52758], [-78.36634, -3.51243], [-78.35454, -3.49348], [-78.35836, -3.47267], [-78.34539, -3.45007], [-78.34253, -3.43048], [-78.35575, -3.40334], [-78.34437, -3.39147], [-78.35231, -3.38147], [-78.3469, -3.34627], [-78.38006, -3.33253], [-78.40412, -3.30803], [-78.46712, -3.33088], [-78.47461, -3.31563], [-78.4953, -3.31997], [-78.50777, -3.31456], [-78.52799, -3.27763], [-78.52764, -3.26694], [-78.54483, -3.25308], [-78.54583, -3.23176], [-78.558, -3.22847], [-78.56963, -3.20983], [-78.56171, -3.20287], [-78.56682, -3.19163], [-78.55809, -3.16885], [-78.57717, -3.15929], [-78.58239, -3.1491], [-78.60169, -3.14639], [-78.60919, -3.11436], [-78.66345, -3.07313]]]}}, {"type": "Feature", "properties": {"admin2_pcode": "EC0606", "admin2_name": "Guamote", "admin1_name": "Chimborazo"}, "geometry": {"type": "Polygon", "coordinates": [[[-78.46125, -1.93686], [-78.50707, -1.95159], [-78.53264, -1.94605], [-78.54017, -1.93355], [-78.53766, -1.91048], [-78.55135, -1.89211], [-78.57338, -1.88075], [-78.59411, -1.88309], [-78.60703, -1.86646], [-78.63004, -1.87781], [-78.6418, -1.84946], [-78.65633, -1.85515], [-78.66683, -1.84789], [-78.68469, -1.85176], [-78.69541, -1.86172], [-78.71273, -1.90351], [-78.71514, -1.92978], [-78.7237, -1.91542], [-78.7219, -1.90008], [-78.73319, -1.8936], [-78.80912, -1.93364], [-78.81467, -1.94761], [-78.82814, -1.98691], [-78.84971, -1.99436], [-78.83149, -2.01453], [-78.83896, -2.03658], [-78.8348, -2.05561], [-78.85164, -2.07467], [-78.86279, -2.07468], [-78.87151, -2.09373], [-78.89515, -2.10487], [-78.88308, -2.11377], [-78.87251, -2.11172], [-78.8633, -2.12126], [-78.85418, -2.10963], [-78.84529, -2.11004], [-78.84182, -2.09945], [-78.83096, -2.10075], [-78.82791, -2.10912], [-78.80775, -2.1148], [-78.79679, -2.13117], [-78.76679, -2.10854], [-78.76307, -2.09927], [-78.74206, -2.0885], [-78.73105, -2.11479], [-78.72459, -2.1212], [-78.71367, -2.11998], [-78.70656, -2.14271], [-78.70136, -2.14089], [-78.68998, -2.15682], [-78.67088, -2.15672], [-78.68231, -2.17984], [-78.67851, -2.19194], [-78.6512, -2.19053], [-78.62724, -2.19949], [-78.62066, -2.18148], [-78.61979, -2.19265], [-78.61019, -2.2021], [-78.57199, -2.20326], [-78.57703, -2.22244], [-78.55992, -2.22335], [-78.54851, -2.23621], [-78.53166, -2.24245], [-78.51441, -2.24026], [-78.50571, -2.24591], [-78.48768, -2.2175], [-78.50139, -2.20489], [-78.50391, -2.15707], [-78.51672, -2.15453], [-78.51474, -2.13638], [-78.49387, -2.12117], [-78.48305, -2.12913], [-78.45052, -2.11722], [-78.44401, -2.09859], [-78.43134, -2.09228], [-78.44124, -2.08395], [-78.44277, -2.0716], [-78.45381, -2.06549], [-78.44777, -2.02704], [-78.44353, -2.00718], [-78.45962, -1.9929], [-78.47802, -2.00087], [-78.48744, -1.98118], [-78.48905, -1.95832], [-78.46343, -1.9495], [-78.46125, -1.93686]]]}}, {"type": "Feature", "properties": {"admin2_pcode": "EC0607", "admin2_name": "Guano", "admin1_name": "Chimborazo"}, "geometry": {"type": "Polygon", "coordinates": [[[-78.76873, -1.43399], [-78.7789, -1.43063], [-78.85136, -1.47054], [-78.80003, -1.49412], [-78.7806, -1.53434], [-78.78161, -1.55073], [-78.73083, -1.58597], [-78.72562, -1.59965], [-78.71429, -1.60592], [-78.72048, -1.61944], [-78.7116, -1.6258], [-78.68377, -1.62284], [-78.67423, -1.63817], [-78.65302, -1.64834], [-78.64046, -1.63818], [-78.63066, -1.63921], [-78.62373, -1.65084], [-78.59554, -1.63314], [-78.58053, -1.64929], [-78.56091, -1.63825], [-78.55746, -1.61521], [-78.54537, -1.60094], [-78.54836, -1.59167], [-78.53501, -1.5894], [-78.53355, -1.55571], [-78.54063, -1.54471], [-78.51787, -1.52335], [-78.52242, -1.5115], [-78.5139, -1.49635], [-78.51288, -1.47199], [-78.52979, -1.46924], [-78.5321, -1.48274], [-78.53988, -1.47979], [-78.56274, -1.47546], [-78.5857, -1.49017], [-78.60295, -1.48944], [-78.62808, -1.50845], [-78.6365, -1.49306], [-78.65181, -1.49981], [-78.70226, -1.49674], [-78.72651, -1.46971], [-78.76873, -1.43399]]]}}, {"type": "Feature", "properties": {"admin2_pcode": "EC0201", "admin2_name": "Guaranda", "admin1_name": "Bolivar"}, "geometry": {"type": "Polygon", "coordinates": [[[-78.93464, -1.1882], [-78.94686, -1.21093], [-78.95871, -1.21607], [-78.97327, -1.21162], [-78.98779, -1.21957], [-79.04545, -1.19683], [-79.04786, -1.18848], [-79.06903, -1.17827], [-79.08855, -1.15573], [-79.10661, -1.1498], [-79.11272, -1.15556], [-79.12282, -1.15234], [-79.13324, -1.1628], [-79.14448, -1.15511], [-79.17432, -1.16232], [-79.17929, -1.16869], [-79.22049, -1.17459], [-79.23852, -1.19524], [-79.26011, -1.2075], [-79.28025, -1.20625], [-79.2801, -1.22492], [-79.29114, -1.2344], [-79.28641, -1.24386], [-79.27829, -1.25157], [-79.26988, -1.24881], [-79.2366, -1.28249], [-79.22326, -1.31656], [-79.2006, -1.31453], [-79.19852, -1.3275], [-79.26334, -1.35209], [-79.24162, -1.35773], [-79.22742, -1.38417], [-79.21522, -1.37743], [-79.20998, -1.40361], [-79.2223, -1.42094], [-79.19709, -1.47405], [-79.19046, -1.50474], [-79.17125, -1.51595], [-79.18466, -1.5254], [-79.22018, -1.52132], [-79.23346, -1.53348], [-79.2265, -1.55872], [-79.21723, -1.56751], [-79.1745, -1.55125], [-79.16191, -1.55786], [-79.16485, -1.57739], [-79.15452, -1.58281], [-79.14361, -1.57494], [-79.10213, -1.60866], [-79.07931, -1.61047], [-79.06756, -1.62521], [-79.02572, -1.62946], [-79.00498, -1.64338], [-79.01021, -1.68462], [-78.98986, -1.70253], [-78.95359, -1.70844], [-78.93424, -1.72751], [-78.926, -1.72032], [-78.91114, -1.72521], [-78.88844, -1.71383], [-78.86622, -1.71756], [-78.86248, -1.67816], [-78.84534, -1.6649], [-78.8517, -1.61749], [-78.89702, -1.59975], [-78.89772, -1.58509], [-78.88414, -1.55224], [-78.88543, -1.53009], [-78.8683, -1.50753], [-78.88307, -1.47204], [-78.87889, -1.46248], [-78.90912, -1.43143], [-78.91645, -1.41], [-78.9318, -1.40169], [-78.92545, -1.39344], [-78.93106, -1.38369], [-78.92662, -1.37544], [-78.93792, -1.35476], [-78.92162, -1.34112], [-78.92235, -1.33321], [-78.88164, -1.25895], [-78.89139, -1.25065], [-78.89292, -1.22179], [-78.86209, -1.1914], [-78.86936, -1.18673], [-78.87727, -1.19722], [-78.92379, -1.18278], [-78.93464, -1.1882]]]}}, {"type": "Feature", "properties": {"admin2_pcode": "EC0901", "admin2_name": "Guayaquil", "admin1_name": "Guayas"}, "geometry": {"type": "MultiPolygon", "coordinates": [[[[-80.16401, -3.01416], [-80.1688, -3.01422], [-80.16953, -3.01466], [-80.16799, -3.0154], [-80.16401, -3.01416]]], [[[-80.1649, -3.01241], [-80.16572, -3.00908], [-80.16982, -3.01133], [-80.16933, -3.01303], [-80.1649, -3.01241]]], [[[-79.7259, -2.97916], [-79.74423, -2.98452], [-79.77094, -2.97349], [-79.77537, -2.95253], [-79.78801, -2.94302], [-79.79686, -2.9524], [-79.82394, -2.94486], [-79.84951, -2.97686], [-79.84564, -3.01272], [-79.86949, -3.06022], [-79.86324, -3.04985], [-79.84993, -3.04749], [-79.84284, -3.05483], [-79.80835, -3.05015], [-79.77588, -3.06399], [-79.76323, -3.06265], [-79.74965, -3.05406], [-79.74572, -3.02958], [-79.73969, -3.02928], [-79.73435, -3.00982], [-79.71256, -3.01532], [-79.71545, -2.9922], [-79.72785, -2.98609], [-79.7259, -2.97916]]], [[[-80.09901, -2.91045], [-80.10638, -2.90763], [-80.10999, -2.91444], [-80.10857, -2.93276], [-80.07941, -2.93433], [-80.07878, -2.9193], [-80.09901, -2.91045]]], [[[-80.09051, -2.90139], [-80.10374, -2.89496], [-80.08679, -2.91462], [-80.07715, -2.91697], [-80.07778, -2.93164], [-80.06563, -2.92768], [-80.0631, -2.91084], [-80.09051, -2.90139]]], [[[-80.14568, -2.87196], [-80.15636, -2.87564], [-80.14806, -2.88206], [-80.14191, -2.87648], [-80.14568, -2.87196]]], [[[-80.14663, -2.86402], [-80.14689, -2.85857], [-80.14542, -2.8535], [-80.1522, -2.85993], [-80.14663, -2.86402]]], [[[-80.11431, -2.88323], [-80.11395, -2.87056], [-80.10133, -2.86075], [-80.10664, -2.85183], [-80.1303, -2.87853], [-80.11179, -2.88921], [-80.11431, -2.88323]]], [[[-80.14222, -2.84839], [-80.14247, -2.84401], [-80.14584, -2.85095], [-80.14221, -2.85034], [-80.14222, -2.84839]]], [[[-80.12522, -2.84507], [-80.1319, -2.85972], [-80.13597, -2.85322], [-80.1434, -2.86153], [-80.13274, -2.87614], [-80.12208, -2.86311], [-80.12864, -2.85609], [-80.12036, -2.85151], [-80.12522, -2.84507]]], [[[-80.13276, -2.84406], [-80.13328, -2.84182], [-80.14095, -2.84644], [-80.13593, -2.84695], [-80.13276, -2.84406]]], [[[-80.11205, -2.84158], [-80.11335, -2.8358], [-80.11705, -2.84866], [-80.10162, -2.85178], [-80.09592, -2.84635], [-80.10518, -2.83911], [-80.10562, -2.84384], [-80.11205, -2.84158]]], [[[-80.08607, -2.84041], [-80.09102, -2.83548], [-80.10051, -2.83921], [-80.09446, -2.84296], [-80.09572, -2.85521], [-80.08174, -2.85736], [-80.08722, -2.85885], [-80.09662, -2.85611], [-80.09182, -2.86468], [-80.10723, -2.87041], [-80.10867, -2.88164], [-80.09808, -2.89603], [-80.08474, -2.89879], [-80.0781, -2.88025], [-80.07651, -2.88334], [-80.07999, -2.89592], [-80.05642, -2.91119], [-80.03099, -2.8615], [-80.05527, -2.84241], [-80.07084, -2.85069], [-80.08, -2.83884], [-80.08607, -2.84041]]], [[[-80.12953, -2.83832], [-80.1289, -2.83613], [-80.13206, -2.83438], [-80.1309, -2.83776], [-80.12953, -2.83832]]], [[[-80.12783, -2.83493], [-80.12898, -2.83255], [-80.12983, -2.83238], [-80.12972, -2.83387], [-80.12783, -2.83493]]], [[[-80.1351, -2.70101], [-80.12404, -2.69428], [-80.13692, -2.69501], [-80.13968, -2.69971], [-80.1351, -2.70101]]], [[[-80.20307, -2.68824], [-80.19884, -2.68595], [-80.19967, -2.68223], [-80.20609, -2.6858], [-80.20307, -2.68824]]], [[[-80.0022, -2.68476], [-80.03606, -2.67472], [-80.09146, -2.68543], [-80.11071, -2.69293], [-80.1229, -2.70589], [-80.21956, -2.73774], [-80.21394, -2.75636], [-80.21724, -2.7704], [-80.22886, -2.78519], [-80.24208, -2.82328], [-80.23143, -2.78563], [-80.22297, -2.77524], [-80.21765, -2.76454], [-80.21662, -2.74933], [-80.22193, -2.77175], [-80.2337, -2.78649], [-80.25694, -2.83525], [-80.25052, -2.84811], [-80.25783, -2.83812], [-80.26123, -2.85459], [-80.26188, -2.94812], [-80.2545, -2.94907], [-80.26218, -2.95385], [-80.26394, -2.99181], [-80.25448, -3.03445], [-80.24703, -3.03051], [-80.20239, -3.03913], [-80.17831, -3.03181], [-80.1706, -3.02173], [-80.1778, -3.0236], [-80.17207, -3.01639], [-80.17357, -3.00302], [-80.17237, -3.01106], [-80.16581, -3.00671], [-80.15754, -3.0116], [-80.14903, -3.0086], [-80.15096, -3.003], [-80.14807, -3.00838], [-80.15259, -3.01369], [-80.1451, -3.01824], [-80.15575, -3.01936], [-80.1636, -3.0119], [-80.16265, -3.01845], [-80.15509, -3.02231], [-80.12096, -3.02069], [-80.12194, -3.00918], [-80.09683, -2.97087], [-80.09269, -2.94933], [-80.11539, -2.93173], [-80.11626, -2.90665], [-80.13339, -2.89502], [-80.13776, -2.88041], [-80.15041, -2.89115], [-80.15561, -2.88914], [-80.14841, -2.8869], [-80.15753, -2.87553], [-80.15072, -2.86963], [-80.1672, -2.85856], [-80.14752, -2.86841], [-80.15854, -2.84934], [-80.15066, -2.85307], [-80.14428, -2.83846], [-80.13593, -2.8419], [-80.13207, -2.82754], [-80.11939, -2.8398], [-80.1158, -2.82946], [-80.10532, -2.83669], [-80.08605, -2.8308], [-80.07005, -2.84886], [-80.05487, -2.83805], [-80.05047, -2.84867], [-80.02742, -2.85916], [-79.99471, -2.80637], [-79.97238, -2.79367], [-79.93263, -2.79194], [-79.91032, -2.77242], [-79.90328, -2.73732], [-79.9614, -2.71256], [-79.97932, -2.6945], [-80.0022, -2.68476]]], [[[-79.91056, -2.67828], [-79.90822, -2.67158], [-79.91332, -2.66393], [-79.91627, -2.6756], [-79.91056, -2.67828]]], [[[-80.18646, -2.66629], [-80.17614, -2.66103], [-80.17232, -2.65207], [-80.18289, -2.65618], [-80.18646, -2.66629]]], [[[-80.18217, -2.64237], [-80.19096, -2.64386], [-80.20017, -2.6541], [-80.18498, -2.65253], [-80.18217, -2.64237]]], [[[-80.04009, -2.61618], [-80.03801, -2.61212], [-80.04538, -2.61488], [-80.04426, -2.61655], [-80.04009, -2.61618]]], [[[-79.9372, -2.64998], [-79.94161, -2.62], [-79.9526, -2.61065], [-80.00198, -2.64479], [-79.98646, -2.65279], [-79.94865, -2.65682], [-79.9397, -2.6563], [-79.9372, -2.64998]]], [[[-80.03568, -2.6159], [-80.02962, -2.61259], [-80.0294, -2.61005], [-80.03531, -2.61255], [-80.03568, -2.6159]]], [[[-80.00394, -2.60385], [-80.01583, -2.6111], [-80.01748, -2.63003], [-79.97379, -2.61938], [-79.96249, -2.61081], [-79.98881, -2.60375], [-80.00394, -2.60385]]], [[[-79.79005, -2.63057], [-79.77868, -2.61883], [-79.79656, -2.59565], [-79.80366, -2.61884], [-79.7978, -2.62995], [-79.79005, -2.63057]]], [[[-80.02168, -2.59453], [-80.05894, -2.59694], [-80.06181, -2.60835], [-80.05273, -2.61438], [-80.03532, -2.61053], [-80.02238, -2.6024], [-80.02168, -2.59453]]], [[[-80.01809, -2.60036], [-80.01283, -2.59737], [-80.01299, -2.59464], [-80.01932, -2.59445], [-80.01809, -2.60036]]], [[[-80.04153, -2.55453], [-80.05225, -2.55503], [-80.0699, -2.57541], [-80.04819, -2.56883], [-80.04153, -2.55453]]], [[[-79.73402, -2.5323], [-79.73645, -2.52287], [-79.75161, -2.53233], [-79.77658, -2.53559], [-79.79284, -2.57225], [-79.77931, -2.61149], [-79.751, -2.63699], [-79.72541, -2.60956], [-79.72667, -2.59357], [-79.73153, -2.58361], [-79.75562, -2.57744], [-79.75659, -2.57241], [-79.74921, -2.56381], [-79.75771, -2.56818], [-79.76449, -2.56442], [-79.75524, -2.56049], [-79.77187, -2.55941], [-79.75782, -2.55773], [-79.74983, -2.5617], [-79.75225, -2.55285], [-79.7443, -2.55486], [-79.74338, -2.54732], [-79.74253, -2.55471], [-79.74836, -2.56867], [-79.75485, -2.57358], [-79.73287, -2.57822], [-79.72366, -2.55902], [-79.73402, -2.5323]]], [[[-79.80475, -2.5427], [-79.79993, -2.5326], [-79.81685, -2.51469], [-79.81485, -2.52826], [-79.80475, -2.5427]]], [[[-80.18272, -2.49405], [-80.19442, -2.49683], [-80.19665, -2.51845], [-80.17759, -2.51228], [-80.18272, -2.49405]]], [[[-80.17457, -2.50268], [-80.17152, -2.49845], [-80.17949, -2.49349], [-80.17995, -2.49513], [-80.17457, -2.50268]]], [[[-79.96871, -2.5078], [-79.97514, -2.49291], [-79.99047, -2.48801], [-80.01126, -2.50229], [-80.02346, -2.54391], [-80.04605, -2.57415], [-80.06242, -2.57987], [-80.06655, -2.59353], [-79.99923, -2.59182], [-80.00569, -2.57661], [-80.00381, -2.57033], [-79.98787, -2.57246], [-79.98605, -2.56825], [-79.97068, -2.56426], [-79.96585, -2.56783], [-79.98487, -2.56999], [-79.98575, -2.57708], [-79.97586, -2.59331], [-79.95492, -2.59131], [-79.96166, -2.5957], [-79.97606, -2.5952], [-79.99035, -2.57502], [-80.00225, -2.57071], [-80.00414, -2.57728], [-79.99197, -2.59004], [-79.99067, -2.59769], [-79.95797, -2.6048], [-79.93046, -2.59959], [-79.94377, -2.57961], [-79.94959, -2.55105], [-79.96379, -2.54115], [-79.97508, -2.54432], [-79.98286, -2.53197], [-79.98634, -2.53836], [-79.99619, -2.54129], [-79.9988, -2.5502], [-80.00055, -2.54137], [-79.98475, -2.53462], [-79.98264, -2.51229], [-79.96871, -2.5078]]], [[[-79.91948, -2.49331], [-79.93277, -2.48759], [-79.93029, -2.50203], [-79.94134, -2.51592], [-79.97269, -2.51277], [-79.9844, -2.51773], [-79.97486, -2.54154], [-79.9638, -2.53769], [-79.93833, -2.55521], [-79.92619, -2.55031], [-79.93156, -2.55746], [-79.94269, -2.55667], [-79.94347, -2.56172], [-79.93695, -2.58397], [-79.92146, -2.59263], [-79.92007, -2.57868], [-79.90341, -2.55196], [-79.90391, -2.52824], [-79.89023, -2.5059], [-79.90642, -2.49019], [-79.91948, -2.49331]]], [[[-79.82358, -2.57911], [-79.8174, -2.54842], [-79.84717, -2.46743], [-79.85954, -2.49504], [-79.88275, -2.61907], [-79.86735, -2.60647], [-79.85919, -2.60711], [-79.8569, -2.58286], [-79.85629, -2.60241], [-79.85931, -2.60927], [-79.87119, -2.60996], [-79.87812, -2.62079], [-79.88404, -2.6203], [-79.88574, -2.61569], [-79.89011, -2.64749], [-79.88542, -2.6552], [-79.86514, -2.65575], [-79.8523, -2.66685], [-79.83681, -2.66009], [-79.83508, -2.61389], [-79.82358, -2.57911]]], [[[-79.87868, -2.47493], [-79.88193, -2.46315], [-79.88535, -2.47955], [-79.88584, -2.47139], [-79.89179, -2.46961], [-79.89372, -2.47577], [-79.9, -2.46913], [-79.90611, -2.47197], [-79.89815, -2.4748], [-79.90232, -2.47949], [-79.91753, -2.47399], [-79.92953, -2.47664], [-79.93205, -2.48335], [-79.91573, -2.49195], [-79.89864, -2.48424], [-79.88591, -2.48572], [-79.87868, -2.47493]]], [[[-79.88638, -2.45293], [-79.89466, -2.45182], [-79.89415, -2.46767], [-79.88648, -2.46904], [-79.88062, -2.45957], [-79.88183, -2.45187], [-79.88638, -2.45293]]], [[[-79.88189, -2.44786], [-79.88658, -2.43767], [-79.89181, -2.43981], [-79.89334, -2.44872], [-79.88189, -2.44786]]], [[[-79.94566, -2.44378], [-79.95898, -2.43561], [-79.96819, -2.44505], [-79.96564, -2.45972], [-79.97057, -2.4676], [-79.98482, -2.45679], [-79.99725, -2.46859], [-79.96795, -2.482], [-79.94836, -2.50954], [-79.94183, -2.50451], [-79.94311, -2.48227], [-79.95462, -2.47223], [-79.95171, -2.46647], [-79.95048, -2.47313], [-79.9426, -2.47391], [-79.93005, -2.46216], [-79.93658, -2.44797], [-79.94566, -2.44378]]], [[[-79.9124, -2.4412], [-79.9096, -2.43385], [-79.92353, -2.42657], [-79.92591, -2.45174], [-79.91477, -2.46353], [-79.90366, -2.46567], [-79.886, -2.43491], [-79.89392, -2.42819], [-79.90461, -2.43279], [-79.90176, -2.43935], [-79.90681, -2.43307], [-79.9124, -2.4412]]], [[[-80.00248, -2.43499], [-80.0191, -2.42632], [-80.0249, -2.43014], [-80.02274, -2.44833], [-80.03545, -2.49834], [-80.02978, -2.50467], [-80.0134, -2.48624], [-80.01039, -2.47267], [-80.01688, -2.46909], [-80.01104, -2.46615], [-80.01013, -2.45425], [-80.00264, -2.46408], [-80.00697, -2.46909], [-80.00295, -2.47749], [-79.98657, -2.45576], [-79.97888, -2.46285], [-79.96705, -2.45974], [-79.9707, -2.44822], [-79.96249, -2.43446], [-80.00248, -2.43499]]], [[[-79.89717, -2.42852], [-79.89797, -2.42217], [-79.90552, -2.42381], [-79.90521, -2.42954], [-79.89717, -2.42852]]], [[[-80.08837, -2.4192], [-80.08596, -2.41388], [-80.09364, -2.41235], [-80.09321, -2.41782], [-80.08837, -2.4192]]], [[[-79.80178, -2.47585], [-79.80399, -2.44943], [-79.81921, -2.41612], [-79.83783, -2.41054], [-79.84354, -2.44966], [-79.81782, -2.50464], [-79.79336, -2.53301], [-79.78214, -2.51834], [-79.80147, -2.48265], [-79.80904, -2.47916], [-79.80178, -2.47585]]], [[[-79.90692, -2.41786], [-79.92485, -2.41001], [-79.93204, -2.42686], [-79.92074, -2.41821], [-79.92725, -2.42588], [-79.90965, -2.43063], [-79.90692, -2.41786]]], [[[-79.98942, -2.40942], [-80.00668, -2.40704], [-79.99704, -2.41943], [-80.00074, -2.43423], [-79.97019, -2.42891], [-79.94864, -2.44173], [-79.94845, -2.43019], [-79.94384, -2.44257], [-79.93571, -2.443], [-79.9317, -2.43395], [-79.94156, -2.41713], [-79.93456, -2.41761], [-79.93286, -2.41088], [-79.9584, -2.41108], [-79.96635, -2.42004], [-79.97091, -2.42097], [-79.98049, -2.41845], [-79.96653, -2.41806], [-79.97365, -2.40751], [-79.98942, -2.40942]]], [[[-80.07219, -2.40751], [-80.08266, -2.40135], [-80.09863, -2.41004], [-80.08651, -2.41131], [-80.07921, -2.42318], [-80.07219, -2.40751]]], [[[-79.96539, -2.41503], [-79.95659, -2.40738], [-79.96543, -2.39861], [-79.97304, -2.40399], [-79.96539, -2.41503]]], [[[-79.92093, -2.39942], [-79.9242, -2.39559], [-79.93889, -2.39952], [-79.92684, -2.40788], [-79.92093, -2.39942]]], [[[-80.07472, -2.47235], [-80.06559, -2.46208], [-80.04891, -2.4089], [-80.06385, -2.39267], [-80.07146, -2.40438], [-80.06923, -2.4165], [-80.08682, -2.44323], [-80.07499, -2.45743], [-80.08565, -2.47233], [-80.07472, -2.47235]]], [[[-79.89188, -2.39769], [-79.89993, -2.39137], [-79.90581, -2.39994], [-79.91308, -2.39568], [-79.92168, -2.40847], [-79.90903, -2.41331], [-79.9031, -2.4053], [-79.9032, -2.42211], [-79.89551, -2.40921], [-79.89397, -2.41688], [-79.87833, -2.41684], [-79.88957, -2.40937], [-79.89188, -2.39769]]], [[[-79.91698, -2.39774], [-79.91371, -2.39465], [-79.91362, -2.38885], [-79.92097, -2.39439], [-79.91698, -2.39774]]], [[[-79.9109, -2.39289], [-79.90938, -2.39006], [-79.91162, -2.38883], [-79.91171, -2.39084], [-79.9109, -2.39289]]], [[[-79.9215, -2.3928], [-79.9196, -2.38618], [-79.92948, -2.38614], [-79.92464, -2.39393], [-79.9215, -2.3928]]], [[[-79.94176, -2.39795], [-79.95041, -2.38469], [-79.96465, -2.39538], [-79.95734, -2.40338], [-79.94793, -2.39797], [-79.9552, -2.40874], [-79.93895, -2.41029], [-79.94176, -2.39795]]], [[[-80.00219, -2.40066], [-80.0093, -2.38412], [-80.01523, -2.41503], [-80.00593, -2.42539], [-80.00219, -2.41787], [-80.01053, -2.40672], [-80.00219, -2.40066]]], [[[-79.90836, -2.38534], [-79.91031, -2.38207], [-79.91701, -2.38625], [-79.91033, -2.38703], [-79.90836, -2.38534]]], [[[-79.93679, -2.38286], [-79.94191, -2.37712], [-79.9616, -2.37559], [-79.94468, -2.39626], [-79.92968, -2.39787], [-79.93679, -2.38286]]], [[[-79.92382, -2.37302], [-79.93349, -2.37741], [-79.93152, -2.38341], [-79.92349, -2.37751], [-79.91971, -2.38268], [-79.91788, -2.37474], [-79.92382, -2.37302]]], [[[-79.93607, -2.36861], [-79.95093, -2.37207], [-79.93701, -2.3747], [-79.93158, -2.3709], [-79.93607, -2.36861]]], [[[-79.99461, -2.36598], [-79.99497, -2.36099], [-80.00496, -2.36343], [-80.00444, -2.38259], [-79.98656, -2.40626], [-79.97158, -2.39304], [-79.97691, -2.3758], [-79.98408, -2.37584], [-79.98078, -2.3679], [-79.99461, -2.36598]]], [[[-79.93185, -2.36766], [-79.93149, -2.3655], [-79.93594, -2.36088], [-79.93685, -2.36621], [-79.93185, -2.36766]]], [[[-79.94305, -2.35614], [-79.94822, -2.36194], [-79.94021, -2.36683], [-79.93745, -2.357], [-79.94305, -2.35614]]], [[[-79.9384, -2.34791], [-79.95194, -2.33341], [-79.98155, -2.36516], [-79.96989, -2.38816], [-79.95874, -2.38928], [-79.95909, -2.36455], [-79.95141, -2.37076], [-79.94836, -2.36412], [-79.95394, -2.36138], [-79.9384, -2.34791]]], [[[-79.92035, -2.31595], [-79.93823, -2.31389], [-79.94149, -2.32111], [-79.93349, -2.32559], [-79.9431, -2.32476], [-79.94787, -2.33841], [-79.93631, -2.34835], [-79.9433, -2.35464], [-79.92119, -2.37084], [-79.92239, -2.35884], [-79.9116, -2.35066], [-79.913, -2.3311], [-79.92436, -2.32088], [-79.91669, -2.32344], [-79.92035, -2.31595]]], [[[-79.91371, -2.29175], [-79.90796, -2.28588], [-79.91566, -2.28025], [-79.91711, -2.28383], [-79.91371, -2.29175]]], [[[-79.97191, -2.27333], [-79.9887, -2.27536], [-79.99649, -2.29406], [-79.97858, -2.30782], [-79.9756, -2.33298], [-79.95819, -2.32362], [-79.97582, -2.30555], [-79.96382, -2.29001], [-79.97191, -2.27333]]], [[[-79.93231, -2.26412], [-79.94237, -2.26599], [-79.9365, -2.26727], [-79.93238, -2.28516], [-79.93827, -2.28698], [-79.91658, -2.30586], [-79.91781, -2.28016], [-79.93014, -2.27275], [-79.93231, -2.26412]]], [[[-79.85138, -2.29228], [-79.85564, -2.27217], [-79.86539, -2.26139], [-79.8733, -2.26917], [-79.86747, -2.29456], [-79.87139, -2.29304], [-79.87188, -2.30247], [-79.87334, -2.28779], [-79.88093, -2.2918], [-79.88151, -2.28596], [-79.90454, -2.28512], [-79.91413, -2.29778], [-79.9056, -2.2949], [-79.90154, -2.29723], [-79.91103, -2.30369], [-79.90105, -2.30147], [-79.9136, -2.31207], [-79.90831, -2.31558], [-79.91593, -2.31734], [-79.91492, -2.32699], [-79.89975, -2.32349], [-79.91153, -2.33156], [-79.91048, -2.35173], [-79.9219, -2.36139], [-79.91342, -2.37497], [-79.89988, -2.37629], [-79.90254, -2.38881], [-79.89654, -2.39351], [-79.88915, -2.38009], [-79.89245, -2.37028], [-79.8852, -2.36088], [-79.88811, -2.35037], [-79.87872, -2.33685], [-79.88299, -2.34343], [-79.87631, -2.35345], [-79.88285, -2.34588], [-79.88394, -2.36292], [-79.89012, -2.3727], [-79.88836, -2.38076], [-79.89413, -2.39353], [-79.87501, -2.42328], [-79.87891, -2.42399], [-79.87928, -2.41808], [-79.89787, -2.42041], [-79.88478, -2.43943], [-79.87292, -2.43101], [-79.87643, -2.43739], [-79.88306, -2.44172], [-79.87815, -2.44665], [-79.87794, -2.47932], [-79.88555, -2.49009], [-79.89854, -2.48614], [-79.90191, -2.49114], [-79.88923, -2.50908], [-79.90041, -2.52463], [-79.90204, -2.55166], [-79.91727, -2.57654], [-79.91668, -2.58781], [-79.8993, -2.579], [-79.90542, -2.57459], [-79.89745, -2.56304], [-79.90062, -2.57352], [-79.89624, -2.5761], [-79.88214, -2.50464], [-79.87798, -2.51365], [-79.87057, -2.49071], [-79.85789, -2.43276], [-79.86024, -2.38441], [-79.84672, -2.3148], [-79.85138, -2.29228]]], [[[-79.95241, -2.23642], [-79.95984, -2.23389], [-79.96518, -2.24985], [-79.97665, -2.25489], [-79.97344, -2.26445], [-79.9668, -2.2613], [-79.97015, -2.26867], [-79.95583, -2.28933], [-79.95277, -2.28372], [-79.94858, -2.28646], [-79.95089, -2.29099], [-79.9718, -2.30474], [-79.95384, -2.31641], [-79.93901, -2.30323], [-79.92635, -2.3018], [-79.93941, -2.29084], [-79.93868, -2.2782], [-79.94664, -2.2771], [-79.94221, -2.27172], [-79.95087, -2.26845], [-79.94221, -2.26121], [-79.95315, -2.25787], [-79.95501, -2.25297], [-79.95231, -2.2489], [-79.95152, -2.25675], [-79.93672, -2.26063], [-79.93137, -2.2484], [-79.93928, -2.23702], [-79.95241, -2.23642]]], [[[-79.91602, -2.22941], [-79.93685, -2.2348], [-79.92237, -2.2567], [-79.92951, -2.26879], [-79.91566, -2.27843], [-79.9127, -2.2613], [-79.91666, -2.26313], [-79.91034, -2.25533], [-79.92144, -2.25003], [-79.92188, -2.24269], [-79.91263, -2.24268], [-79.91602, -2.22941]]], [[[-79.98544, -2.2186], [-79.98223, -2.21359], [-79.99011, -2.21117], [-79.99037, -2.21795], [-79.98544, -2.2186]]], [[[-79.98716, -2.20973], [-79.98784, -2.20297], [-79.99314, -2.204], [-79.99185, -2.20782], [-79.98716, -2.20973]]], [[[-79.88315, -2.0606], [-79.88543, -2.05528], [-79.90953, -2.05285], [-79.9369, -2.06466], [-79.93913, -2.04851], [-79.93001, -2.0414], [-79.93835, -2.02974], [-79.93762, -2.01744], [-79.95277, -2.01812], [-79.96981, -1.98361], [-79.98431, -1.98143], [-79.98047, -1.97238], [-79.98845, -1.96258], [-80.00165, -1.97718], [-80.00662, -1.98925], [-80.03852, -1.99817], [-80.03169, -2.01415], [-80.04164, -2.03512], [-80.07194, -2.0373], [-80.07835, -2.04913], [-80.09966, -2.05074], [-80.11883, -2.06551], [-80.12549, -2.09079], [-80.14014, -2.11139], [-80.15092, -2.10471], [-80.20512, -2.10012], [-80.23526, -2.10514], [-80.25731, -2.09635], [-80.25585, -2.10839], [-80.24476, -2.11539], [-80.24561, -2.14308], [-80.25169, -2.14924], [-80.24084, -2.16463], [-80.23872, -2.19171], [-80.22247, -2.19282], [-80.19829, -2.20855], [-80.20305, -2.21813], [-80.21772, -2.23254], [-80.23337, -2.23339], [-80.23534, -2.25249], [-80.2554, -2.23833], [-80.26484, -2.26479], [-80.28464, -2.27444], [-80.27968, -2.29438], [-80.28885, -2.30444], [-80.27897, -2.32068], [-80.28444, -2.33688], [-80.30031, -2.34276], [-80.32158, -2.34008], [-80.32212, -2.35038], [-80.36819, -2.34288], [-80.37416, -2.34664], [-80.37221, -2.35835], [-80.38193, -2.36658], [-80.38164, -2.37954], [-80.40348, -2.37469], [-80.41725, -2.38248], [-80.44766, -2.37567], [-80.44572, -2.39672], [-80.46098, -2.41395], [-80.45225, -2.45507], [-80.45802, -2.47063], [-80.4676, -2.47717], [-80.44873, -2.46693], [-80.42199, -2.47094], [-80.39679, -2.46566], [-80.38869, -2.47487], [-80.39039, -2.52087], [-80.37723, -2.5235], [-80.3758, -2.58908], [-80.36844, -2.60044], [-80.37275, -2.60653], [-80.35477, -2.64174], [-80.35873, -2.67072], [-80.31646, -2.69371], [-80.31974, -2.69761], [-80.31037, -2.70222], [-80.30981, -2.71497], [-80.25462, -2.74109], [-80.24434, -2.73725], [-80.23793, -2.71864], [-80.23829, -2.70458], [-80.2517, -2.68222], [-80.25785, -2.64299], [-80.27369, -2.63784], [-80.27257, -2.64638], [-80.28282, -2.6564], [-80.27704, -2.64717], [-80.27353, -2.64532], [-80.27433, -2.63697], [-80.26469, -2.63642], [-80.2585, -2.63979], [-80.2525, -2.62881], [-80.27998, -2.61619], [-80.28864, -2.60432], [-80.29728, -2.60703], [-80.29629, -2.59977], [-80.28785, -2.60366], [-80.28469, -2.60736], [-80.28477, -2.60173], [-80.27918, -2.59849], [-80.29143, -2.57386], [-80.28405, -2.5819], [-80.2782, -2.59202], [-80.2784, -2.60076], [-80.28467, -2.60426], [-80.27984, -2.61149], [-80.26238, -2.61199], [-80.24309, -2.62803], [-80.24151, -2.63286], [-80.25489, -2.64104], [-80.24876, -2.64639], [-80.22996, -2.63655], [-80.21507, -2.6188], [-80.21906, -2.61374], [-80.21583, -2.60374], [-80.2217, -2.60062], [-80.21987, -2.59197], [-80.2257, -2.58753], [-80.22412, -2.57978], [-80.23055, -2.58353], [-80.23111, -2.5758], [-80.22802, -2.5791], [-80.23006, -2.58309], [-80.22565, -2.57856], [-80.22345, -2.57921], [-80.22327, -2.58917], [-80.21811, -2.58555], [-80.20179, -2.59381], [-80.19447, -2.58395], [-80.19942, -2.59246], [-80.20186, -2.59468], [-80.21897, -2.58738], [-80.22053, -2.59808], [-80.21409, -2.60424], [-80.2164, -2.61098], [-80.19816, -2.60023], [-80.173, -2.59656], [-80.16015, -2.56986], [-80.16055, -2.56216], [-80.17408, -2.55344], [-80.18961, -2.55366], [-80.20937, -2.52867], [-80.22151, -2.54074], [-80.2363, -2.54234], [-80.23519, -2.53965], [-80.22852, -2.53773], [-80.22136, -2.53986], [-80.21848, -2.53175], [-80.21061, -2.5268], [-80.19934, -2.53574], [-80.18868, -2.55261], [-80.18121, -2.54873], [-80.17223, -2.5351], [-80.20174, -2.51626], [-80.19456, -2.49405], [-80.17958, -2.49261], [-80.17152, -2.5037], [-80.16347, -2.50273], [-80.15939, -2.52565], [-80.14385, -2.51245], [-80.14604, -2.50035], [-80.13993, -2.4901], [-80.14329, -2.5129], [-80.14887, -2.51975], [-80.15772, -2.52519], [-80.15081, -2.54146], [-80.1544, -2.56542], [-80.15003, -2.57164], [-80.10081, -2.51965], [-80.10084, -2.50175], [-80.10955, -2.49331], [-80.10265, -2.48402], [-80.10551, -2.46493], [-80.12346, -2.45779], [-80.13237, -2.442], [-80.16034, -2.44041], [-80.16978, -2.42754], [-80.17525, -2.4125], [-80.17017, -2.39895], [-80.16991, -2.39969], [-80.17176, -2.4044], [-80.17149, -2.408], [-80.17473, -2.41266], [-80.17253, -2.41605], [-80.16984, -2.42639], [-80.16184, -2.43361], [-80.15985, -2.4401], [-80.13925, -2.43918], [-80.13154, -2.44183], [-80.1253, -2.44707], [-80.12399, -2.45028], [-80.12366, -2.45659], [-80.11121, -2.45806], [-80.10573, -2.46317], [-80.10318, -2.47005], [-80.10173, -2.48306], [-80.1086, -2.4938], [-80.10093, -2.49872], [-80.09579, -2.50706], [-80.08204, -2.48879], [-80.0898, -2.47225], [-80.07774, -2.45839], [-80.09074, -2.4432], [-80.08185, -2.42394], [-80.10092, -2.41221], [-80.09394, -2.40298], [-80.1201, -2.41126], [-80.12869, -2.42324], [-80.12649, -2.41745], [-80.12044, -2.41098], [-80.10157, -2.40378], [-80.09342, -2.40196], [-80.08963, -2.40656], [-80.08044, -2.4001], [-80.08653, -2.39286], [-80.08502, -2.3866], [-80.08965, -2.38716], [-80.09085, -2.38573], [-80.08793, -2.38039], [-80.08648, -2.38405], [-80.09054, -2.38531], [-80.08917, -2.38684], [-80.08582, -2.38531], [-80.08443, -2.38672], [-80.08434, -2.38828], [-80.08589, -2.39282], [-80.08243, -2.39305], [-80.07961, -2.39501], [-80.07917, -2.40045], [-80.07275, -2.4013], [-80.06502, -2.38993], [-80.06313, -2.38911], [-80.05902, -2.39018], [-80.05562, -2.37253], [-80.05871, -2.39054], [-80.05952, -2.39134], [-80.06099, -2.39119], [-80.06309, -2.38971], [-80.06444, -2.39077], [-80.04778, -2.40481], [-80.03368, -2.39227], [-80.02914, -2.36345], [-80.01941, -2.35244], [-80.0303, -2.3384], [-80.02759, -2.33094], [-80.01572, -2.3343], [-80.01022, -2.3279], [-80.00328, -2.32871], [-79.99784, -2.32137], [-79.99206, -2.3207], [-79.99094, -2.31705], [-79.99109, -2.3212], [-80.00108, -2.32647], [-79.99318, -2.33216], [-80.01057, -2.32973], [-80.00723, -2.34314], [-79.98173, -2.34533], [-79.96611, -2.33437], [-79.97925, -2.33379], [-79.98169, -2.30864], [-80.01184, -2.29169], [-80.00911, -2.29111], [-80.0033, -2.29564], [-79.99762, -2.29081], [-80.01011, -2.28408], [-80.00788, -2.27559], [-80.0181, -2.2793], [-80.02263, -2.27365], [-80.02208, -2.27334], [-80.02137, -2.27417], [-80.0203, -2.27341], [-80.01949, -2.27334], [-80.01643, -2.27587], [-80.01058, -2.27495], [-80.01104, -2.27299], [-80.00824, -2.26922], [-80.0088, -2.26726], [-80.01101, -2.26711], [-80.01212, -2.27057], [-80.01464, -2.27137], [-80.01616, -2.26411], [-80.02426, -2.26677], [-80.02263, -2.26335], [-80.03552, -2.25868], [-80.03737, -2.24828], [-80.0457, -2.24782], [-80.04662, -2.24689], [-80.04535, -2.24745], [-80.04416, -2.24694], [-80.04216, -2.24741], [-80.0397, -2.24689], [-80.04053, -2.24575], [-80.04285, -2.24714], [-80.04351, -2.24695], [-80.04692, -2.2431], [-80.04542, -2.24301], [-80.04343, -2.24357], [-80.04307, -2.24683], [-80.04117, -2.24548], [-80.03956, -2.24542], [-80.0325, -2.25454], [-80.03363, -2.25683], [-80.03523, -2.25844], [-80.03009, -2.25649], [-80.02228, -2.26323], [-80.02411, -2.26644], [-80.0176, -2.26351], [-80.01543, -2.26398], [-80.01316, -2.26828], [-80.01458, -2.27094], [-80.01227, -2.26999], [-80.01168, -2.26702], [-80.00842, -2.2649], [-80.01288, -2.26007], [-80.00714, -2.25746], [-80.00515, -2.26495], [-80.01045, -2.27395], [-80.00219, -2.27018], [-80.00536, -2.28411], [-80.00219, -2.27953], [-79.99657, -2.2885], [-79.99273, -2.28162], [-79.99976, -2.27266], [-79.99227, -2.28121], [-79.99572, -2.27375], [-79.99095, -2.27519], [-79.9904, -2.26876], [-79.98578, -2.27438], [-79.98032, -2.2706], [-79.98702, -2.26794], [-79.9775, -2.26936], [-79.97324, -2.27143], [-79.98031, -2.26169], [-79.98474, -2.26504], [-79.9831, -2.25186], [-79.98796, -2.26022], [-79.98986, -2.25637], [-79.98459, -2.24956], [-79.97962, -2.24979], [-79.98049, -2.24037], [-79.97495, -2.24202], [-79.97551, -2.24349], [-79.97816, -2.24616], [-79.97868, -2.24864], [-79.97031, -2.24792], [-79.96245, -2.23504], [-79.98329, -2.23323], [-79.98591, -2.22786], [-79.99314, -2.237], [-79.99816, -2.23844], [-79.9974, -2.23515], [-79.99116, -2.23332], [-80.00135, -2.22899], [-79.99787, -2.22861], [-79.9971, -2.2288], [-79.99166, -2.23291], [-79.98797, -2.22483], [-79.98508, -2.22672], [-79.97805, -2.23361], [-79.97019, -2.23053], [-79.98006, -2.22705], [-79.98301, -2.21913], [-79.99282, -2.22423], [-80.00868, -2.22017], [-80.00233, -2.21704], [-80.00587, -2.20986], [-80.00317, -2.21392], [-80.00197, -2.21646], [-80.00171, -2.21922], [-79.99655, -2.21734], [-79.98925, -2.22147], [-80.00108, -2.20041], [-80.01532, -2.20013], [-80.02441, -2.21278], [-80.01652, -2.1957], [-80.03235, -2.19733], [-80.02355, -2.19247], [-80.00768, -2.19859], [-80.00972, -2.19346], [-80.00672, -2.19548], [-80.00537, -2.19793], [-80.0033, -2.19341], [-79.99603, -2.2028], [-79.98701, -2.20159], [-79.98714, -2.19916], [-79.9912, -2.19802], [-79.99694, -2.19075], [-79.99557, -2.18948], [-79.99386, -2.19437], [-79.99213, -2.19008], [-79.99091, -2.19151], [-79.99336, -2.19469], [-79.98917, -2.1984], [-79.98969, -2.19214], [-79.98769, -2.19181], [-79.99187, -2.18841], [-79.98711, -2.18878], [-79.98758, -2.19393], [-79.9887, -2.19583], [-79.98367, -2.19006], [-79.98225, -2.19541], [-79.98925, -2.19693], [-79.98242, -2.19827], [-79.98401, -2.20822], [-79.97671, -2.21151], [-79.98003, -2.22344], [-79.96741, -2.22953], [-79.96259, -2.22644], [-79.96693, -2.22242], [-79.96248, -2.22325], [-79.9688, -2.21618], [-79.96367, -2.21758], [-79.97965, -2.19591], [-79.97864, -2.19542], [-79.97464, -2.19622], [-79.97197, -2.19505], [-79.9748, -2.19067], [-79.96652, -2.19787], [-79.95927, -2.19209], [-79.96001, -2.19404], [-79.9657, -2.19805], [-79.97172, -2.19958], [-79.96624, -2.21025], [-79.96129, -2.2059], [-79.96587, -2.21191], [-79.95976, -2.21444], [-79.95846, -2.23112], [-79.94971, -2.23426], [-79.95342, -2.22048], [-79.94649, -2.20988], [-79.95322, -2.19438], [-79.94462, -2.19906], [-79.94821, -2.19164], [-79.94579, -2.193], [-79.94333, -2.19977], [-79.92773, -2.1889], [-79.90134, -2.18873], [-79.91491, -2.16998], [-79.91257, -2.17105], [-79.91014, -2.17645], [-79.90401, -2.17813], [-79.90436, -2.15073], [-79.90371, -2.15052], [-79.9019, -2.15126], [-79.90155, -2.1517], [-79.90156, -2.15206], [-79.90179, -2.15248], [-79.90381, -2.1532], [-79.90329, -2.15405], [-79.90246, -2.15906], [-79.90252, -2.16161], [-79.89755, -2.16614], [-79.90326, -2.17769], [-79.89562, -2.18454], [-79.90254, -2.19022], [-79.92939, -2.19071], [-79.93792, -2.20054], [-79.94638, -2.20204], [-79.94581, -2.23466], [-79.93198, -2.22859], [-79.93146, -2.21753], [-79.93081, -2.22806], [-79.93274, -2.23077], [-79.92224, -2.22725], [-79.92434, -2.22237], [-79.9148, -2.22472], [-79.92256, -2.20954], [-79.92251, -2.20771], [-79.92104, -2.2067], [-79.9185, -2.20728], [-79.92226, -2.20842], [-79.91809, -2.21109], [-79.9152, -2.2166], [-79.91395, -2.2254], [-79.90899, -2.22294], [-79.91043, -2.22554], [-79.91438, -2.22647], [-79.91478, -2.22845], [-79.90871, -2.2555], [-79.91243, -2.2783], [-79.89528, -2.28644], [-79.87116, -2.28296], [-79.87668, -2.27268], [-79.87532, -2.26196], [-79.8747, -2.26261], [-79.87534, -2.26654], [-79.87341, -2.26849], [-79.86604, -2.25975], [-79.88634, -2.22913], [-79.87361, -2.18103], [-79.8782, -2.11638], [-79.89481, -2.08402], [-79.89149, -2.06847], [-79.88315, -2.0606]]]]}}, {"type": "Feature", "properties": {"admin2_pcode": "EC1407", "admin2_name": "Huamboya", "admin1_name": "Morona Santiago"}, "geometry": {"type": "Polygon", "coordinates": [[[-77.83276, -1.86215], [-77.87316, -1.84981], [-77.9234, -1.87635], [-77.94447, -1.88654], [-77.95105, -1.88235], [-77.98116, -1.88757], [-78.00047, -1.91426], [-77.99915, -1.93338], [-78.00904, -1.94849], [-78.05746, -1.93628], [-78.0687, -1.94663], [-78.08956, -1.94516], [-78.09759, -1.93599], [-78.11519, -1.94239], [-78.14231, -1.96973], [-78.16913, -1.97628], [-78.15083, -2.0144], [-78.14213, -2.02027], [-78.11591, -2.01926], [-78.06248, -2.04968], [-78.0463, -2.04995], [-78.0531, -2.05698], [-78.04771, -2.06341], [-78.04007, -2.06049], [-78.02316, -2.08315], [-78.02591, -2.10168], [-78.03469, -2.10318], [-78.03463, -2.11482], [-77.98288, -2.11971], [-77.96424, -2.11423], [-77.92552, -2.07583], [-77.89777, -2.07161], [-77.8806, -2.08112], [-77.88075, -2.06567], [-77.86133, -2.04371], [-77.85853, -2.03172], [-77.86469, -2.01705], [-77.85998, -2.01063], [-77.83979, -2.02393], [-77.8223, -2.00961], [-77.82748, -2.00167], [-77.82408, -1.99476], [-77.81653, -1.99058], [-77.79387, -1.99597], [-77.7752, -1.97321], [-77.79463, -1.95251], [-77.79516, -1.93342], [-77.82304, -1.92235], [-77.82649, -1.87114], [-77.83276, -1.86215]]]}}, {"type": "Feature", "properties": {"admin2_pcode": "EC0707", "admin2_name": "Huaquillas", "admin1_name": "El Oro"}, "geometry": {"type": "MultiPolygon", "coordinates": [[[[-80.20645, -3.43884], [-80.20605, -3.43505], [-80.20903, -3.43512], [-80.20929, -3.43788], [-80.20645, -3.43884]]], [[[-80.18306, -3.435], [-80.1912, -3.43281], [-80.19336, -3.43567], [-80.18481, -3.43705], [-80.18306, -3.435]]], [[[-80.12848, -3.44692], [-80.13465, -3.44094], [-80.12887, -3.43666], [-80.1327, -3.43274], [-80.12042, -3.4213], [-80.15542, -3.43415], [-80.1562, -3.44224], [-80.15848, -3.43839], [-80.15598, -3.43394], [-80.16422, -3.43181], [-80.16407, -3.44146], [-80.16785, -3.43583], [-80.19748, -3.44577], [-80.22138, -3.43995], [-80.24114, -3.46135], [-80.23951, -3.47701], [-80.24576, -3.48582], [-80.2331, -3.48916], [-80.22934, -3.50185], [-80.21609, -3.50031], [-80.1514, -3.46827], [-80.12942, -3.46925], [-80.12485, -3.46105], [-80.12848, -3.44692]]], [[[-80.1375, -3.42398], [-80.12914, -3.41862], [-80.16042, -3.42736], [-80.15086, -3.43048], [-80.1375, -3.42398]]]]}}, {"type": "Feature", "properties": {"admin2_pcode": "EC1001", "admin2_name": "Ibarra", "admin1_name": "Imbabura"}, "geometry": {"type": "Polygon", "coordinates": [[[-78.0736, 0.47529], [-78.09408, 0.48211], [-78.11177, 0.52059], [-78.12786, 0.52697], [-78.13067, 0.55088], [-78.12533, 0.57081], [-78.14177, 0.58991], [-78.13314, 0.61503], [-78.144, 0.62749], [-78.15213, 0.62569], [-78.16746, 0.65899], [-78.18737, 0.66925], [-78.20012, 0.69144], [-78.20434, 0.71801], [-78.2341, 0.74472], [-78.25174, 0.7516], [-78.26764, 0.76786], [-78.27155, 0.78454], [-78.28783, 0.79291], [-78.30255, 0.79233], [-78.32727, 0.82028], [-78.34209, 0.82352], [-78.35327, 0.81527], [-78.36589, 0.82606], [-78.38697, 0.82527], [-78.41812, 0.84744], [-78.43564, 0.87327], [-78.4536, 0.87593], [-78.45435, 0.84204], [-78.44641, 0.83269], [-78.45255, 0.82367], [-78.44171, 0.81403], [-78.45111, 0.78949], [-78.45918, 0.78393], [-78.45091, 0.77857], [-78.45411, 0.7692], [-78.44319, 0.7646], [-78.43866, 0.75023], [-78.37898, 0.71135], [-78.36759, 0.71327], [-78.34984, 0.69586], [-78.32845, 0.69743], [-78.29207, 0.68659], [-78.28481, 0.66503], [-78.28423, 0.62583], [-78.27226, 0.61301], [-78.24496, 0.60178], [-78.24556, 0.59355], [-78.26347, 0.57807], [-78.26768, 0.55584], [-78.25814, 0.56068], [-78.24118, 0.55687], [-78.22638, 0.56589], [-78.20958, 0.5567], [-78.19623, 0.53504], [-78.16825, 0.53111], [-78.17247, 0.52633], [-78.15452, 0.52152], [-78.15165, 0.51318], [-78.1632, 0.49987], [-78.162, 0.4907], [-78.16966, 0.49213], [-78.17159, 0.48548], [-78.15776, 0.47048], [-78.15124, 0.44631], [-78.13617, 0.45929], [-78.13458, 0.45415], [-78.12902, 0.46298], [-78.11807, 0.46378], [-78.13407, 0.40192], [-78.14732, 0.37963], [-78.14725, 0.3602], [-78.16818, 0.35701], [-78.16676, 0.36449], [-78.188, 0.34552], [-78.18089, 0.34205], [-78.1817, 0.32784], [-78.18792, 0.32723], [-78.19109, 0.31604], [-78.17671, 0.27622], [-78.18053, 0.25426], [-78.16587, 0.25317], [-78.14419, 0.23224], [-78.12378, 0.23131], [-78.12023, 0.22478], [-78.12702, 0.21924], [-78.14827, 0.15895], [-78.10694, 0.1629], [-78.09261, 0.18729], [-78.08752, 0.17968], [-78.06934, 0.1775], [-78.0564, 0.18306], [-78.0347, 0.17599], [-78.03143, 0.18826], [-78.03393, 0.23176], [-78.02831, 0.26729], [-78.04086, 0.27709], [-78.02876, 0.29224], [-78.01629, 0.29222], [-78.01201, 0.3245], [-77.98871, 0.33944], [-77.96261, 0.43334], [-77.98852, 0.44498], [-78.00208, 0.46792], [-78.01333, 0.47331], [-78.0736, 0.47529]]]}}, {"type": "Feature", "properties": {"admin2_pcode": "EC2002", "admin2_name": "Isabela", "admin1_name": "Galapagos"}, "geometry": {"type": "MultiPolygon", "coordinates": [[[[-90.95567, -0.97683], [-90.95652, -0.97706], [-90.95591, -0.97775], [-90.95574, -0.97778], [-90.95567, -0.97683]]], [[[-90.95927, -0.97522], [-90.95931, -0.97498], [-90.95955, -0.97479], [-90.95953, -0.97518], [-90.95927, -0.97522]]], [[[-90.95573, -0.97534], [-90.95695, -0.97373], [-90.95612, -0.97647], [-90.95293, -0.97569], [-90.95373, -0.97495], [-90.95573, -0.97534]]], [[[-90.95888, -0.97132], [-90.95876, -0.97113], [-90.95929, -0.97116], [-90.95915, -0.97126], [-90.95888, -0.97132]]], [[[-90.9637, -0.96876], [-90.96493, -0.97013], [-90.9646, -0.97137], [-90.96343, -0.97029], [-90.9637, -0.96876]]], [[[-90.96165, -0.9672], [-90.96223, -0.97429], [-90.96015, -0.97616], [-90.95913, -0.97247], [-90.96165, -0.9672]]], [[[-90.96309, -0.96745], [-90.96209, -0.96653], [-90.96351, -0.96604], [-90.96413, -0.96778], [-90.96309, -0.96745]]], [[[-90.96443, -0.96661], [-90.9643, -0.96586], [-90.96455, -0.96581], [-90.96488, -0.96632], [-90.96443, -0.96661]]], [[[-90.95626, -0.96251], [-90.95787, -0.96265], [-90.95895, -0.97032], [-90.95752, -0.96913], [-90.9584, -0.96784], [-90.95616, -0.96439], [-90.95626, -0.96251]]], [[[-91.45818, -0.26128], [-91.48708, -0.26464], [-91.50887, -0.28199], [-91.53312, -0.28393], [-91.55931, -0.29664], [-91.61862, -0.296], [-91.65858, -0.30692], [-91.66193, -0.32211], [-91.65337, -0.33985], [-91.64775, -0.40838], [-91.6108, -0.46849], [-91.60956, -0.48103], [-91.49476, -0.50639], [-91.42456, -0.49276], [-91.38695, -0.45554], [-91.38911, -0.43604], [-91.39453, -0.43329], [-91.37681, -0.39426], [-91.38256, -0.37905], [-91.38051, -0.34907], [-91.38848, -0.3433], [-91.38553, -0.33418], [-91.3948, -0.32889], [-91.40992, -0.28929], [-91.43217, -0.27353], [-91.44218, -0.27612], [-91.448, -0.26916], [-91.44361, -0.26269], [-91.45818, -0.26128]]], [[[-91.34296, 0.16413], [-91.35211, 0.15788], [-91.36266, 0.16203], [-91.3669, 0.14926], [-91.39112, 0.12442], [-91.39951, 0.12634], [-91.44249, 0.10727], [-91.4732, 0.10819], [-91.49046, 0.09888], [-91.49507, 0.08565], [-91.49129, 0.07899], [-91.52188, 0.03639], [-91.58689, 0.00704], [-91.5944, -0.01146], [-91.57936, -0.02287], [-91.56115, -0.05389], [-91.47047, -0.01462], [-91.43888, -0.01727], [-91.41884, -0.03058], [-91.405, -0.0618], [-91.4047, -0.16313], [-91.38257, -0.19794], [-91.38267, -0.2078], [-91.39225, -0.20758], [-91.396, -0.22347], [-91.38682, -0.24496], [-91.38782, -0.26027], [-91.38081, -0.26788], [-91.36964, -0.25958], [-91.35855, -0.30119], [-91.33477, -0.33327], [-91.28467, -0.35231], [-91.27207, -0.37403], [-91.26104, -0.3837], [-91.25063, -0.38166], [-91.23898, -0.38833], [-91.23881, -0.39597], [-91.22551, -0.39264], [-91.22803, -0.45336], [-91.22054, -0.47738], [-91.17274, -0.51369], [-91.13018, -0.55736], [-91.10135, -0.57097], [-91.09605, -0.58835], [-91.08901, -0.58448], [-91.08193, -0.58778], [-91.08252, -0.59489], [-91.07185, -0.59677], [-91.08109, -0.60445], [-91.07291, -0.61564], [-91.08945, -0.62889], [-91.09241, -0.6435], [-91.10656, -0.6355], [-91.11663, -0.63858], [-91.12376, -0.6528], [-91.14249, -0.65438], [-91.14633, -0.66111], [-91.14129, -0.66659], [-91.1594, -0.681], [-91.16463, -0.67832], [-91.16961, -0.68791], [-91.18424, -0.69105], [-91.18894, -0.67973], [-91.21341, -0.67403], [-91.21027, -0.66828], [-91.21755, -0.66632], [-91.24479, -0.67443], [-91.25502, -0.69031], [-91.30082, -0.69453], [-91.32013, -0.69061], [-91.32961, -0.70068], [-91.33074, -0.71624], [-91.33508, -0.71348], [-91.34145, -0.72459], [-91.34692, -0.72324], [-91.36719, -0.74129], [-91.37028, -0.75334], [-91.40384, -0.76666], [-91.41659, -0.78251], [-91.43277, -0.78693], [-91.43327, -0.79528], [-91.45419, -0.82035], [-91.48773, -0.84747], [-91.50939, -0.88154], [-91.51174, -0.90624], [-91.48533, -0.93984], [-91.44689, -0.95668], [-91.44487, -0.99247], [-91.41969, -1.0121], [-91.40769, -1.01086], [-91.37983, -1.02239], [-91.34843, -1.01461], [-91.31808, -1.01526], [-91.24218, -1.02737], [-91.23634, -1.03305], [-91.22856, -1.02901], [-91.21561, -1.04488], [-91.18267, -1.04438], [-91.17058, -1.05456], [-91.16117, -1.04792], [-91.16445, -1.03545], [-91.15789, -1.03889], [-91.13925, -1.03211], [-91.13698, -1.02148], [-91.1295, -1.02493], [-91.12238, -1.01786], [-91.07766, -1.0052], [-91.06144, -1.01249], [-91.05975, -1.00035], [-91.04932, -1.00169], [-91.03222, -0.98931], [-91.01784, -0.99012], [-90.9974, -0.97103], [-90.99486, -0.95938], [-90.97209, -0.95642], [-90.95543, -0.96497], [-90.94967, -0.95961], [-90.92962, -0.96371], [-90.90484, -0.95303], [-90.88312, -0.91494], [-90.84923, -0.91441], [-90.85178, -0.88318], [-90.84447, -0.87873], [-90.8465, -0.86612], [-90.83847, -0.85837], [-90.84, -0.83515], [-90.82948, -0.82926], [-90.82468, -0.79078], [-90.79833, -0.78562], [-90.79451, -0.77285], [-90.78061, -0.76629], [-90.78061, -0.75796], [-90.78958, -0.74974], [-90.7877, -0.74048], [-90.79787, -0.74379], [-90.81406, -0.73801], [-90.80491, -0.73269], [-90.80311, -0.72334], [-90.82858, -0.7271], [-90.83066, -0.71833], [-90.82216, -0.71464], [-90.8287, -0.70411], [-90.84652, -0.70855], [-90.85484, -0.70356], [-90.83989, -0.68388], [-90.84915, -0.68442], [-90.85047, -0.67686], [-90.85962, -0.67356], [-90.85475, -0.66048], [-90.86878, -0.65356], [-90.86533, -0.64703], [-90.87373, -0.65052], [-90.88261, -0.64305], [-90.88107, -0.62842], [-90.89274, -0.62348], [-90.89331, -0.60737], [-90.90528, -0.61875], [-90.90465, -0.61008], [-90.92111, -0.62704], [-90.93497, -0.62735], [-90.94241, -0.61474], [-90.9495, -0.61977], [-90.95748, -0.61298], [-90.95447, -0.60602], [-90.96036, -0.60244], [-90.9525, -0.58045], [-90.95932, -0.57333], [-90.98137, -0.57643], [-90.9709, -0.57092], [-90.97047, -0.56432], [-90.95592, -0.56112], [-90.94799, -0.54784], [-90.94855, -0.51674], [-90.95343, -0.51434], [-90.94219, -0.50351], [-90.94684, -0.49223], [-90.94187, -0.4746], [-90.94527, -0.45997], [-90.95606, -0.45111], [-90.9481, -0.42412], [-90.95599, -0.42231], [-90.96402, -0.42907], [-91.01853, -0.3647], [-91.04249, -0.34474], [-91.10987, -0.3069], [-91.09758, -0.30245], [-91.11112, -0.2939], [-91.11573, -0.2746], [-91.14936, -0.25025], [-91.17645, -0.22049], [-91.19352, -0.15019], [-91.18499, -0.09275], [-91.1983, -0.02162], [-91.2127, -0.01894], [-91.22028, -0.00027], [-91.23725, 0.0064], [-91.24662, 0.02339], [-91.25605, 0.02571], [-91.28889, 0.06167], [-91.28613, 0.06635], [-91.29825, 0.08647], [-91.311, 0.13378], [-91.32522, 0.13754], [-91.33723, 0.15613], [-91.33453, 0.16095], [-91.34296, 0.16413]]], [[[-91.81809, 1.39472], [-91.82584, 1.39087], [-91.81724, 1.38467], [-91.8243, 1.37461], [-91.81154, 1.38104], [-91.81809, 1.39472]]], [[[-92.00212, 1.68107], [-92.00748, 1.68111], [-92.00781, 1.67477], [-91.99872, 1.67522], [-92.00212, 1.68107]]]]}}, {"type": "Feature", "properties": {"admin2_pcode": "EC0928", "admin2_name": "Isidro Ayora", "admin1_name": "Guayas"}, "geometry": {"type": "Polygon", "coordinates": [[[-80.07167, -1.75944], [-80.08821, -1.75233], [-80.10099, -1.73492], [-80.13861, -1.74583], [-80.15254, -1.75757], [-80.13141, -1.77311], [-80.12949, -1.79158], [-80.11999, -1.79259], [-80.12082, -1.80009], [-80.13332, -1.82399], [-80.15125, -1.8338], [-80.14323, -1.84048], [-80.15211, -1.85011], [-80.1498, -1.86779], [-80.16476, -1.86534], [-80.1867, -1.87535], [-80.23488, -1.94499], [-80.26023, -1.94935], [-80.25585, -1.95904], [-80.26294, -1.9624], [-80.25339, -1.98784], [-80.25862, -1.99208], [-80.25956, -2.0189], [-80.25366, -2.02887], [-80.26397, -2.08097], [-80.25731, -2.09635], [-80.23526, -2.10514], [-80.20512, -2.10012], [-80.15092, -2.10471], [-80.14014, -2.11139], [-80.12549, -2.09079], [-80.11883, -2.06551], [-80.09966, -2.05074], [-80.09566, -2.0408], [-80.10046, -2.02126], [-80.11474, -2.01817], [-80.11097, -1.99641], [-80.09288, -1.98836], [-80.06025, -1.90707], [-80.07723, -1.90964], [-80.09642, -1.89681], [-80.11152, -1.896], [-80.12335, -1.86845], [-80.08919, -1.83329], [-80.09236, -1.82531], [-80.08346, -1.81765], [-80.09232, -1.80292], [-80.08802, -1.7924], [-80.07688, -1.78712], [-80.07167, -1.75944]]]}}, {"type": "Feature", "properties": {"admin2_pcode": "EC1320", "admin2_name": "Jama", "admin1_name": "Manabi"}, "geometry": {"type": "Polygon", "coordinates": [[[-80.08288, -0.23638], [-80.10062, -0.23143], [-80.1103, -0.21004], [-80.10514, -0.18799], [-80.11046, -0.17746], [-80.10089, -0.16086], [-80.12489, -0.14593], [-80.13135, -0.13252], [-80.10988, -0.11753], [-80.1034, -0.09947], [-80.10954, -0.0827], [-80.12614, -0.06304], [-80.14385, -0.07246], [-80.15999, -0.06733], [-80.17732, -0.07586], [-80.1794, -0.08506], [-80.23435, -0.13884], [-80.29045, -0.18498], [-80.30987, -0.18868], [-80.32597, -0.17207], [-80.33981, -0.2034], [-80.37943, -0.23347], [-80.39207, -0.2732], [-80.37112, -0.28904], [-80.36393, -0.32272], [-80.35164, -0.33391], [-80.32456, -0.33452], [-80.30958, -0.36719], [-80.29171, -0.35626], [-80.27465, -0.33522], [-80.25263, -0.33435], [-80.24451, -0.31799], [-80.22447, -0.32452], [-80.21678, -0.31216], [-80.18963, -0.30094], [-80.19983, -0.28361], [-80.18077, -0.27831], [-80.16796, -0.29131], [-80.16533, -0.28074], [-80.16073, -0.28439], [-80.14767, -0.27808], [-80.13173, -0.25908], [-80.08042, -0.24783], [-80.08288, -0.23638]]]}}, {"type": "Feature", "properties": {"admin2_pcode": "EC1321", "admin2_name": "Jaramijo", "admin1_name": "Manabi"}, "geometry": {"type": "Polygon", "coordinates": [[[-80.58522, -0.92789], [-80.63077, -0.94688], [-80.65074, -0.94075], [-80.65763, -0.92646], [-80.66841, -0.93245], [-80.65812, -0.93544], [-80.66915, -0.96494], [-80.6753, -0.99147], [-80.6543, -0.99484], [-80.64979, -0.98845], [-80.63996, -0.99976], [-80.62985, -1.00084], [-80.62103, -0.99457], [-80.57985, -1.0204], [-80.54313, -1.01452], [-80.53954, -1.01982], [-80.53267, -1.0085], [-80.54225, -1.0052], [-80.54285, -0.9911], [-80.55254, -0.98051], [-80.55738, -0.96684], [-80.55193, -0.95746], [-80.5644, -0.95261], [-80.58522, -0.92789]]]}}, {"type": "Feature", "properties": {"admin2_pcode": "EC1306", "admin2_name": "Jipijapa", "admin1_name": "Manabi"}, "geometry": {"type": "MultiPolygon", "coordinates": [[[[-80.75897, -1.37811], [-80.76, -1.37643], [-80.76235, -1.37735], [-80.75971, -1.37894], [-80.75897, -1.37811]]], [[[-80.53949, -1.18812], [-80.56885, -1.1756], [-80.58628, -1.18815], [-80.62325, -1.18856], [-80.63413, -1.20406], [-80.65701, -1.20813], [-80.6788, -1.20108], [-80.70946, -1.21502], [-80.72241, -1.20828], [-80.72522, -1.23379], [-80.70821, -1.243], [-80.70923, -1.25203], [-80.72148, -1.25469], [-80.72076, -1.26169], [-80.72923, -1.26226], [-80.72785, -1.26946], [-80.74972, -1.27382], [-80.77693, -1.2935], [-80.74002, -1.35266], [-80.73374, -1.35261], [-80.73946, -1.35342], [-80.74188, -1.37096], [-80.76219, -1.38912], [-80.75775, -1.39322], [-80.74754, -1.38467], [-80.71789, -1.37937], [-80.71106, -1.38425], [-80.71001, -1.40034], [-80.68107, -1.41729], [-80.69693, -1.46455], [-80.70528, -1.46655], [-80.70818, -1.49552], [-80.70254, -1.50819], [-80.70672, -1.51567], [-80.69694, -1.5224], [-80.70126, -1.52727], [-80.684, -1.53679], [-80.67789, -1.55213], [-80.68191, -1.58391], [-80.66844, -1.63506], [-80.67799, -1.67475], [-80.6644, -1.67847], [-80.65285, -1.66879], [-80.646, -1.67122], [-80.63502, -1.69634], [-80.61627, -1.71034], [-80.62066, -1.72645], [-80.61086, -1.73415], [-80.6102, -1.7561], [-80.58707, -1.78431], [-80.54904, -1.78065], [-80.55771, -1.80989], [-80.57045, -1.82309], [-80.56118, -1.82631], [-80.56715, -1.83475], [-80.54899, -1.86006], [-80.527, -1.84829], [-80.54212, -1.83472], [-80.51525, -1.83164], [-80.52219, -1.8122], [-80.53461, -1.80445], [-80.52472, -1.78679], [-80.52565, -1.77407], [-80.53148, -1.75381], [-80.53894, -1.75206], [-80.5266, -1.73572], [-80.53403, -1.727], [-80.53488, -1.70849], [-80.5276, -1.69907], [-80.516, -1.69925], [-80.51576, -1.69406], [-80.525, -1.69485], [-80.52549, -1.68466], [-80.50734, -1.67576], [-80.50619, -1.66882], [-80.52358, -1.63111], [-80.51694, -1.62675], [-80.52101, -1.60924], [-80.52828, -1.6093], [-80.52494, -1.59572], [-80.55204, -1.58424], [-80.55364, -1.57252], [-80.56707, -1.5788], [-80.57086, -1.55728], [-80.5437, -1.55436], [-80.53072, -1.56772], [-80.50139, -1.53673], [-80.52157, -1.52007], [-80.52039, -1.51338], [-80.47317, -1.51062], [-80.46699, -1.50069], [-80.45548, -1.50118], [-80.44938, -1.49315], [-80.40343, -1.49305], [-80.40287, -1.4792], [-80.41469, -1.4723], [-80.41479, -1.45458], [-80.42348, -1.45614], [-80.43771, -1.44713], [-80.44173, -1.43408], [-80.45134, -1.42915], [-80.45687, -1.40158], [-80.42089, -1.38904], [-80.42053, -1.37931], [-80.43287, -1.36896], [-80.44937, -1.37036], [-80.47491, -1.3384], [-80.4621, -1.29609], [-80.47157, -1.28295], [-80.49638, -1.2746], [-80.49494, -1.26357], [-80.4794, -1.25527], [-80.49047, -1.24677], [-80.49216, -1.2255], [-80.5007, -1.21801], [-80.53764, -1.21861], [-80.54182, -1.20828], [-80.53618, -1.20072], [-80.53949, -1.18812]]]]}}, {"type": "Feature", "properties": {"admin2_pcode": "EC1307", "admin2_name": "Junin", "admin1_name": "Manabi"}, "geometry": {"type": "Polygon", "coordinates": [[[-80.23423, -0.86044], [-80.25355, -0.85739], [-80.26738, -0.87276], [-80.266, -0.88798], [-80.29203, -0.90598], [-80.28339, -0.93385], [-80.29223, -0.9364], [-80.29701, -0.94722], [-80.26028, -0.97952], [-80.25107, -1.00214], [-80.20509, -1.00272], [-80.19876, -0.98917], [-80.15926, -0.97371], [-80.13473, -0.98794], [-80.13941, -1.00668], [-80.13077, -1.00591], [-80.11084, -1.01994], [-80.09234, -1.02026], [-80.09473, -1.00489], [-80.08127, -0.98528], [-80.06552, -0.97506], [-80.06521, -0.96679], [-80.11399, -0.95697], [-80.12265, -0.93414], [-80.12113, -0.91676], [-80.16442, -0.89461], [-80.17893, -0.87553], [-80.19141, -0.87567], [-80.19429, -0.8881], [-80.20064, -0.8872], [-80.20199, -0.87963], [-80.22494, -0.86643], [-80.22676, -0.85945], [-80.23423, -0.86044]]]}}, {"type": "Feature", "properties": {"admin2_pcode": "EC0808", "admin2_name": "La Concordia", "admin1_name": "Esmeraldas"}, "geometry": {"type": "Polygon", "coordinates": [[[-79.36659, 0.0214], [-79.40695, 0.02614], [-79.40318, 0.01431], [-79.42734, 0.02414], [-79.42424, 0.00501], [-79.44624, 0.0046], [-79.45579, -0.00186], [-79.4634, 0.00437], [-79.44685, -0.03007], [-79.43223, -0.02784], [-79.44237, -0.03675], [-79.44307, -0.04797], [-79.45076, -0.03804], [-79.46187, -0.0384], [-79.47503, -0.02943], [-79.51264, -0.02718], [-79.51457, -0.0327], [-79.51618, -0.02619], [-79.57555, -0.02332], [-79.58001, -0.01792], [-79.599, -0.02081], [-79.60061, -0.03032], [-79.60585, -0.02118], [-79.61628, -0.03844], [-79.60256, -0.05923], [-79.54821, -0.10034], [-79.52836, -0.10241], [-79.52579, -0.09127], [-79.50879, -0.09792], [-79.48679, -0.09706], [-79.48616, -0.10549], [-79.47585, -0.10725], [-79.47786, -0.11216], [-79.4712, -0.10714], [-79.46265, -0.11401], [-79.43262, -0.11327], [-79.43345, -0.10111], [-79.41661, -0.10788], [-79.41402, -0.10274], [-79.40022, -0.10671], [-79.39838, -0.10148], [-79.3839, -0.10896], [-79.34893, -0.1114], [-79.34912, -0.09721], [-79.36299, -0.08851], [-79.34874, -0.0912], [-79.31999, -0.055], [-79.31543, -0.04525], [-79.33097, -0.03759], [-79.33095, -0.02174], [-79.31824, -0.02167], [-79.30494, -0.01215], [-79.31079, 0.00125], [-79.30304, -0.00168], [-79.29432, 0.01715], [-79.3084, 0.01938], [-79.31242, 0.01067], [-79.32419, 0.02351], [-79.34025, 0.01926], [-79.34626, 0.02439], [-79.34879, 0.01777], [-79.36659, 0.0214]]]}}, {"type": "Feature", "properties": {"admin2_pcode": "EC2203", "admin2_name": "La Joya de los Sachas", "admin1_name": "Orellana"}, "geometry": {"type": "Polygon", "coordinates": [[[-76.90461, -0.08438], [-76.9252, -0.08136], [-76.9339, -0.08596], [-76.93339, -0.05949], [-76.93478, -0.05902], [-76.97929, -0.07165], [-77.01628, -0.09917], [-77.05406, -0.11343], [-77.09422, -0.11111], [-77.11704, -0.09647], [-77.15986, -0.08148], [-77.15725, -0.09989], [-77.11074, -0.12377], [-77.09762, -0.15608], [-77.08344, -0.16164], [-77.06963, -0.18945], [-77.05496, -0.19936], [-77.05772, -0.2273], [-77.05125, -0.27513], [-77.02263, -0.30841], [-77.02367, -0.32281], [-77.01541, -0.33782], [-76.98585, -0.35402], [-76.98411, -0.37151], [-76.99275, -0.38861], [-76.94896, -0.38849], [-76.93807, -0.40733], [-76.93593, -0.43499], [-76.92244, -0.44234], [-76.90289, -0.4389], [-76.89556, -0.45521], [-76.90095, -0.46003], [-76.88359, -0.46198], [-76.7741, -0.43673], [-76.69621, -0.45602], [-76.63396, -0.4534], [-76.61738, -0.44743], [-76.60119, -0.43026], [-76.63201, -0.42791], [-76.64044, -0.41823], [-76.63609, -0.39804], [-76.65905, -0.39029], [-76.67365, -0.37342], [-76.68746, -0.37109], [-76.70175, -0.3519], [-76.72719, -0.34624], [-76.71996, -0.33539], [-76.75015, -0.30369], [-76.75305, -0.28706], [-76.76557, -0.28012], [-76.76016, -0.26791], [-76.76572, -0.25552], [-76.77242, -0.25646], [-76.80103, -0.23449], [-76.83007, -0.19059], [-76.84676, -0.17961], [-76.87521, -0.12778], [-76.90174, -0.10828], [-76.90461, -0.08438]]]}}, {"type": "Feature", "properties": {"admin2_pcode": "EC2402", "admin2_name": "La Libertad", "admin1_name": "Santa Elena"}, "geometry": {"type": "Polygon", "coordinates": [[[-80.87062, -2.27018], [-80.86869, -2.24432], [-80.88613, -2.2085], [-80.90622, -2.21886], [-80.922, -2.21943], [-80.92059, -2.24794], [-80.9049, -2.26], [-80.89226, -2.25332], [-80.88496, -2.27014], [-80.87062, -2.27018]]]}}, {"type": "Feature", "properties": {"admin2_pcode": "EC0502", "admin2_name": "La Mana", "admin1_name": "Cotopaxi"}, "geometry": {"type": "Polygon", "coordinates": [[[-79.1173, -0.86216], [-79.10625, -0.85805], [-79.09535, -0.83468], [-79.08865, -0.83357], [-79.07152, -0.80707], [-79.05197, -0.80994], [-79.04393, -0.81919], [-79.02072, -0.81996], [-79.02311, -0.7583], [-79.00803, -0.7593], [-78.99336, -0.7461], [-79.01126, -0.7339], [-79.01693, -0.71808], [-79.01211, -0.65474], [-79.02025, -0.63711], [-79.01619, -0.62715], [-79.04344, -0.58853], [-79.05802, -0.58534], [-79.07262, -0.57655], [-79.07412, -0.56775], [-79.08325, -0.56673], [-79.09725, -0.60414], [-79.12859, -0.64901], [-79.1412, -0.71208], [-79.17412, -0.75887], [-79.18696, -0.76424], [-79.18247, -0.77859], [-79.18593, -0.79821], [-79.19529, -0.80626], [-79.2191, -0.81001], [-79.2243, -0.83496], [-79.23593, -0.83724], [-79.24352, -0.87861], [-79.28691, -0.89063], [-79.28716, -0.91182], [-79.2991, -0.92856], [-79.30529, -0.92837], [-79.30682, -0.94891], [-79.315, -0.95792], [-79.32043, -0.9981], [-79.29242, -0.98748], [-79.29179, -1.00455], [-79.1952, -0.98176], [-79.15403, -0.9954], [-79.13857, -0.98558], [-79.12727, -0.98856], [-79.1227, -0.97649], [-79.1292, -0.96459], [-79.13704, -0.96559], [-79.1371, -0.9595], [-79.14523, -0.95747], [-79.14678, -0.94866], [-79.16416, -0.95758], [-79.18127, -0.94439], [-79.2134, -0.94219], [-79.19512, -0.93813], [-79.16543, -0.91217], [-79.16292, -0.87673], [-79.15493, -0.86044], [-79.1173, -0.86216]]]}}, {"type": "Feature", "properties": {"admin2_pcode": "EC0304", "admin2_name": "La Troncal", "admin1_name": "Ca\u00f1ar"}, "geometry": {"type": "Polygon", "coordinates": [[[-79.35856, -2.36315], [-79.39362, -2.35829], [-79.40141, -2.34274], [-79.41501, -2.3358], [-79.41996, -2.35919], [-79.43055, -2.35886], [-79.43368, -2.37348], [-79.43054, -2.37996], [-79.41861, -2.37812], [-79.47608, -2.46348], [-79.53187, -2.49975], [-79.51581, -2.51953], [-79.52043, -2.52231], [-79.51687, -2.52682], [-79.50211, -2.52537], [-79.4988, -2.53295], [-79.46265, -2.50099], [-79.45457, -2.49819], [-79.44705, -2.50441], [-79.42668, -2.49885], [-79.39303, -2.49798], [-79.34733, -2.51359], [-79.30389, -2.51403], [-79.27546, -2.49728], [-79.25141, -2.50216], [-79.24727, -2.49262], [-79.24783, -2.48533], [-79.25518, -2.48414], [-79.25125, -2.46146], [-79.26164, -2.45868], [-79.29237, -2.46644], [-79.28842, -2.45384], [-79.30215, -2.40283], [-79.3227, -2.39317], [-79.33534, -2.37283], [-79.35077, -2.36754], [-79.35341, -2.37153], [-79.35856, -2.36315]]]}}, {"type": "Feature", "properties": {"admin2_pcode": "EC2101", "admin2_name": "Lago Agrio", "admin1_name": "Sucumbios"}, "geometry": {"type": "Polygon", "coordinates": [[[-76.41206, 0.24161], [-76.4261, 0.23526], [-76.42435, 0.25186], [-76.43688, 0.25737], [-76.44542, 0.25472], [-76.44791, 0.23923], [-76.48811, 0.24175], [-76.50384, 0.23636], [-76.53515, 0.25932], [-76.56823, 0.24379], [-76.5874, 0.21872], [-76.60807, 0.23373], [-76.62706, 0.26229], [-76.65223, 0.25102], [-76.65622, 0.27078], [-76.67869, 0.26962], [-76.70101, 0.27826], [-76.71183, 0.26876], [-76.73332, 0.28867], [-76.76545, 0.26395], [-76.76457, 0.25856], [-76.75218, 0.25586], [-76.75823, 0.24742], [-76.76949, 0.24609], [-76.7855, 0.26238], [-76.79656, 0.26445], [-76.82149, 0.25563], [-76.82689, 0.26296], [-76.83807, 0.26151], [-76.8306, 0.25209], [-76.84546, 0.23907], [-76.87989, 0.25201], [-76.90574, 0.24582], [-76.93523, 0.26157], [-76.92889, 0.2705], [-76.93284, 0.27658], [-76.94902, 0.26858], [-76.96494, 0.27373], [-76.98537, 0.26827], [-76.99693, 0.28113], [-76.99638, 0.2936], [-77.0038, 0.29675], [-77.0274, 0.27705], [-77.0479, 0.29292], [-77.05543, 0.28404], [-77.07882, 0.28752], [-77.08504, 0.29979], [-77.08215, 0.31747], [-77.09594, 0.32674], [-77.11334, 0.37198], [-77.1268, 0.37928], [-77.14905, 0.37574], [-77.16648, 0.38955], [-77.1798, 0.39052], [-77.20142, 0.36866], [-77.2152, 0.36519], [-77.22312, 0.34479], [-77.2315, 0.34024], [-77.23208, 0.32287], [-77.2224, 0.31796], [-77.21087, 0.32322], [-77.21498, 0.30361], [-77.20186, 0.29959], [-77.19527, 0.28721], [-77.18184, 0.29047], [-77.16521, 0.28421], [-77.16235, 0.29396], [-77.15037, 0.28479], [-77.15365, 0.26528], [-77.16172, 0.26121], [-77.17183, 0.27141], [-77.17174, 0.25529], [-77.18308, 0.25663], [-77.17847, 0.25262], [-77.1863, 0.24991], [-77.18078, 0.23319], [-77.1875, 0.23152], [-77.18819, 0.2234], [-77.10999, 0.18706], [-77.09525, 0.08686], [-77.09526, 0.03758], [-77.07729, 0.04653], [-77.04096, 0.04192], [-77.04101, -0.0225], [-77.0497, -0.03689], [-77.04365, -0.05238], [-77.08742, -0.07878], [-77.117, -0.08404], [-77.11704, -0.09647], [-77.09422, -0.11111], [-77.05406, -0.11343], [-77.01628, -0.09917], [-76.97929, -0.07165], [-76.93478, -0.05902], [-76.93339, -0.05949], [-76.9339, -0.08596], [-76.9252, -0.08136], [-76.90461, -0.08438], [-76.87893, -0.09807], [-76.85876, -0.09792], [-76.83759, -0.11677], [-76.81861, -0.11503], [-76.81292, -0.12038], [-76.80627, -0.11556], [-76.79238, -0.13256], [-76.74761, -0.11101], [-76.73051, -0.12063], [-76.65806, -0.09103], [-76.65798, -0.00786], [-76.65159, -0.007], [-76.63478, -0.01317], [-76.62669, -0.03074], [-76.60709, -0.02825], [-76.59445, -0.06451], [-76.57439, -0.05998], [-76.56376, -0.06764], [-76.55012, -0.06479], [-76.53607, -0.08708], [-76.51399, -0.09041], [-76.51474, -0.03405], [-76.49978, -0.03412], [-76.48198, -0.02444], [-76.46675, -0.03096], [-76.43911, -0.0119], [-76.39303, -0.02655], [-76.38023, -0.02179], [-76.3852, -0.00049], [-76.38099, 0.00596], [-76.39043, 0.00516], [-76.41101, 0.03703], [-76.4234, 0.03383], [-76.42921, 0.04183], [-76.43185, 0.05661], [-76.42409, 0.06846], [-76.43905, 0.08246], [-76.43092, 0.11718], [-76.41429, 0.12912], [-76.39007, 0.13576], [-76.38396, 0.13137], [-76.35038, 0.16523], [-76.3035, 0.16823], [-76.29317, 0.17424], [-76.2938, 0.18449], [-76.28211, 0.19199], [-76.2803, 0.20218], [-76.25711, 0.19987], [-76.24905, 0.2129], [-76.23642, 0.21091], [-76.23645, 0.21881], [-76.24327, 0.22182], [-76.24912, 0.21467], [-76.25774, 0.21552], [-76.2585, 0.22585], [-76.27087, 0.22348], [-76.27183, 0.23793], [-76.28748, 0.24577], [-76.2869, 0.23323], [-76.30668, 0.23493], [-76.32485, 0.21609], [-76.33724, 0.21402], [-76.33247, 0.23132], [-76.3599, 0.22386], [-76.36664, 0.23867], [-76.39159, 0.26249], [-76.38946, 0.24134], [-76.41206, 0.24161]]]}}, {"type": "Feature", "properties": {"admin2_pcode": "EC9001", "admin2_name": "Las Golondrinas", "admin1_name": "Zona No Delimitada"}, "geometry": {"type": "Polygon", "coordinates": [[[-78.92286, 0.35833], [-78.9235, 0.35947], [-78.95385, 0.35744], [-78.99557, 0.32337], [-79.0273, 0.3064], [-79.04725, 0.3107], [-79.07989, 0.33393], [-79.11615, 0.33485], [-79.16209, 0.34825], [-79.18079, 0.34738], [-79.19029, 0.33997], [-79.20519, 0.34635], [-79.24297, 0.33821], [-79.26371, 0.34059], [-79.27495, 0.33386], [-79.26854, 0.33024], [-79.27012, 0.3188], [-79.24137, 0.32008], [-79.23213, 0.32694], [-79.17868, 0.31274], [-79.15208, 0.32188], [-79.14757, 0.31644], [-79.12975, 0.32032], [-79.11159, 0.29852], [-79.1117, 0.30769], [-79.08695, 0.29945], [-79.07205, 0.30857], [-79.05969, 0.30763], [-79.05608, 0.29343], [-79.03078, 0.29256], [-79.03134, 0.28326], [-79.01671, 0.27237], [-79.01049, 0.27308], [-78.9981, 0.25925], [-78.98771, 0.2637], [-78.9818, 0.2826], [-78.977, 0.28142], [-78.96712, 0.2951], [-78.95678, 0.29338], [-78.96013, 0.30784], [-78.92527, 0.34308], [-78.92784, 0.35442], [-78.92286, 0.35833]]]}}, {"type": "Feature", "properties": {"admin2_pcode": "EC0714", "admin2_name": "Las Lajas", "admin1_name": "El Oro"}, "geometry": {"type": "Polygon", "coordinates": [[[-79.96459, -3.72304], [-79.97593, -3.7122], [-80.00141, -3.70962], [-80.01534, -3.71723], [-80.01651, -3.70975], [-80.02371, -3.70899], [-80.02696, -3.71834], [-80.05709, -3.71991], [-80.05859, -3.73283], [-80.08013, -3.73661], [-80.10413, -3.75353], [-80.11541, -3.75437], [-80.12347, -3.78184], [-80.13969, -3.78195], [-80.15253, -3.7674], [-80.19287, -3.77409], [-80.1857, -3.77497], [-80.17628, -3.79286], [-80.16061, -3.80245], [-80.1631, -3.82785], [-80.15138, -3.85522], [-80.15976, -3.86073], [-80.15884, -3.87011], [-80.13538, -3.88879], [-80.12749, -3.88854], [-80.05483, -3.88067], [-80.04773, -3.87436], [-80.01168, -3.86783], [-80.00793, -3.85902], [-79.99827, -3.85646], [-79.98603, -3.84223], [-79.99229, -3.83864], [-79.99535, -3.81945], [-79.98389, -3.81246], [-79.99415, -3.80842], [-80.0012, -3.7896], [-79.98544, -3.77604], [-79.96459, -3.72304]]]}}, {"type": "Feature", "properties": {"admin2_pcode": "EC0207", "admin2_name": "Las Naves", "admin1_name": "Bolivar"}, "geometry": {"type": "Polygon", "coordinates": [[[-79.28985, -1.20531], [-79.30671, -1.20687], [-79.33261, -1.22423], [-79.34882, -1.27199], [-79.37144, -1.29642], [-79.37433, -1.30779], [-79.3847, -1.30575], [-79.39481, -1.32317], [-79.37709, -1.32252], [-79.37048, -1.32839], [-79.36282, -1.32445], [-79.35328, -1.29839], [-79.33627, -1.29413], [-79.3227, -1.30828], [-79.3223, -1.32219], [-79.29315, -1.3333], [-79.28066, -1.32732], [-79.26643, -1.33126], [-79.27836, -1.35472], [-79.26977, -1.35781], [-79.26334, -1.35209], [-79.19852, -1.3275], [-79.2006, -1.31453], [-79.22326, -1.31656], [-79.2366, -1.28249], [-79.26988, -1.24881], [-79.27829, -1.25157], [-79.28641, -1.24386], [-79.29114, -1.2344], [-79.2801, -1.22492], [-79.28025, -1.20625], [-79.28985, -1.20531]]]}}, {"type": "Feature", "properties": {"admin2_pcode": "EC0501", "admin2_name": "Latacunga", "admin1_name": "Cotopaxi"}, "geometry": {"type": "Polygon", "coordinates": [[[-78.42185, -0.71691], [-78.43549, -0.68394], [-78.46254, -0.65921], [-78.49485, -0.64427], [-78.50744, -0.613], [-78.52304, -0.60292], [-78.54883, -0.60269], [-78.58136, -0.6153], [-78.61112, -0.59715], [-78.64163, -0.62182], [-78.64272, -0.63665], [-78.65475, -0.63978], [-78.66974, -0.65609], [-78.71519, -0.66305], [-78.7205, -0.64917], [-78.76763, -0.63554], [-78.78832, -0.66835], [-78.80547, -0.67864], [-78.81776, -0.67861], [-78.82268, -0.69063], [-78.81892, -0.69693], [-78.82956, -0.7027], [-78.83619, -0.7373], [-78.82898, -0.74616], [-78.83087, -0.76256], [-78.81411, -0.77622], [-78.79537, -0.77641], [-78.79592, -0.78046], [-78.79079, -0.77157], [-78.77807, -0.78086], [-78.76995, -0.75594], [-78.72073, -0.74789], [-78.70421, -0.75076], [-78.69339, -0.76153], [-78.69114, -0.77678], [-78.67133, -0.8085], [-78.65875, -0.81478], [-78.66426, -0.82261], [-78.6609, -0.83399], [-78.6406, -0.8436], [-78.64346, -0.85345], [-78.63547, -0.86845], [-78.63528, -0.87295], [-78.65179, -0.85657], [-78.6569, -0.86141], [-78.66256, -0.85262], [-78.68421, -0.85431], [-78.7023, -0.86628], [-78.72149, -0.85984], [-78.73717, -0.88152], [-78.75086, -0.88744], [-78.75862, -0.87654], [-78.77248, -0.87486], [-78.78637, -0.90341], [-78.78671, -0.92057], [-78.79529, -0.92438], [-78.7777, -0.92416], [-78.75467, -0.90732], [-78.74722, -0.90921], [-78.69863, -0.88954], [-78.67867, -0.9006], [-78.68007, -0.93142], [-78.66692, -0.93584], [-78.65488, -0.98097], [-78.64545, -0.97758], [-78.61284, -1.00524], [-78.58636, -1.0056], [-78.57333, -1.0128], [-78.56262, -0.99716], [-78.47586, -0.96898], [-78.47575, -0.95946], [-78.40153, -0.95941], [-78.4273, -0.88838], [-78.41962, -0.87793], [-78.38271, -0.85993], [-78.39886, -0.84225], [-78.38317, -0.83787], [-78.38911, -0.8245], [-78.38091, -0.81643], [-78.38861, -0.804], [-78.39501, -0.78527], [-78.38888, -0.77968], [-78.39793, -0.76986], [-78.39257, -0.74583], [-78.40086, -0.7319], [-78.42185, -0.71691]]]}}, {"type": "Feature", "properties": {"admin2_pcode": "EC1403", "admin2_name": "Limon Indanza", "admin1_name": "Morona Santiago"}, "geometry": {"type": "Polygon", "coordinates": [[[-78.22838, -2.98188], [-78.25485, -2.93148], [-78.25752, -2.91458], [-78.24539, -2.8804], [-78.24668, -2.82143], [-78.28251, -2.81452], [-78.28386, -2.80734], [-78.29401, -2.80477], [-78.33224, -2.82942], [-78.34656, -2.81108], [-78.38056, -2.81495], [-78.40174, -2.79356], [-78.43415, -2.81174], [-78.45853, -2.88166], [-78.50833, -2.88014], [-78.55363, -2.90431], [-78.57064, -2.90293], [-78.58359, -2.91118], [-78.59517, -2.90369], [-78.60261, -2.91367], [-78.6148, -2.90841], [-78.61556, -2.8989], [-78.63233, -2.91472], [-78.63193, -2.93822], [-78.63687, -2.95181], [-78.63173, -2.97001], [-78.63958, -2.98187], [-78.65754, -2.99079], [-78.65706, -3.00523], [-78.67529, -3.02948], [-78.67344, -3.06057], [-78.67933, -3.0678], [-78.66345, -3.07313], [-78.65811, -3.06624], [-78.62349, -3.06933], [-78.58123, -3.05203], [-78.55037, -3.02423], [-78.5219, -3.01802], [-78.50586, -3.02614], [-78.50099, -3.01257], [-78.48906, -3.01065], [-78.50569, -3.05534], [-78.48737, -3.13567], [-78.47856, -3.14655], [-78.45602, -3.16116], [-78.44697, -3.15914], [-78.43551, -3.17015], [-78.42682, -3.16665], [-78.41809, -3.15007], [-78.37506, -3.16578], [-78.35501, -3.20566], [-78.22231, -3.20551], [-78.21481, -3.22956], [-78.23105, -3.25832], [-78.22822, -3.27342], [-78.23663, -3.28821], [-78.23141, -3.30899], [-78.20192, -3.3108], [-78.18036, -3.29217], [-78.15192, -3.28383], [-78.1418, -3.26851], [-78.09447, -3.2474], [-78.08672, -3.23033], [-78.09117, -3.21632], [-78.07694, -3.22715], [-78.06187, -3.22722], [-78.05441, -3.20739], [-78.04184, -3.20791], [-78.03264, -3.18842], [-78.03343, -3.1784], [-78.04302, -3.17448], [-78.04265, -3.16448], [-78.06152, -3.16867], [-78.06258, -3.14858], [-78.0737, -3.15286], [-78.10096, -3.14073], [-78.11736, -3.14518], [-78.14292, -3.13393], [-78.15072, -3.08934], [-78.12925, -3.08248], [-78.12188, -3.05783], [-78.14883, -3.03942], [-78.16559, -3.03911], [-78.18239, -3.02959], [-78.21496, -3.03311], [-78.21947, -2.99869], [-78.22838, -2.98188]]]}}, {"type": "Feature", "properties": {"admin2_pcode": "EC1410", "admin2_name": "Logro\u00f0o", "admin1_name": "Morona Santiago"}, "geometry": {"type": "Polygon", "coordinates": [[[-78.02013, -2.62114], [-78.03579, -2.6291], [-78.0429, -2.61877], [-78.03854, -2.61494], [-78.04344, -2.59809], [-78.05816, -2.59289], [-78.07863, -2.57394], [-78.09971, -2.5739], [-78.10789, -2.61743], [-78.11419, -2.62274], [-78.12777, -2.61025], [-78.13732, -2.61608], [-78.14714, -2.6116], [-78.15275, -2.5918], [-78.16542, -2.59078], [-78.18527, -2.60385], [-78.18489, -2.59705], [-78.20022, -2.58785], [-78.20616, -2.57248], [-78.22093, -2.56494], [-78.23082, -2.54758], [-78.24811, -2.5587], [-78.2435, -2.5687], [-78.25417, -2.57451], [-78.23976, -2.60264], [-78.24856, -2.63885], [-78.23347, -2.63918], [-78.20018, -2.66753], [-78.20006, -2.6761], [-78.20838, -2.68325], [-78.20112, -2.68527], [-78.19269, -2.70828], [-78.18691, -2.70895], [-78.18206, -2.73854], [-78.14186, -2.73201], [-78.09706, -2.75141], [-78.11066, -2.77386], [-78.10761, -2.78814], [-78.11939, -2.80008], [-78.12346, -2.82282], [-78.15917, -2.84401], [-78.16043, -2.854], [-78.15108, -2.86901], [-78.15392, -2.8917], [-78.14517, -2.9137], [-78.12685, -2.96574], [-78.11337, -2.97984], [-78.08882, -2.9794], [-78.04058, -2.95802], [-78.00247, -2.97065], [-77.99509, -2.96662], [-77.99495, -2.95541], [-77.97556, -2.96225], [-77.96489, -2.94362], [-77.94595, -2.94926], [-77.93721, -2.92702], [-77.91857, -2.94122], [-77.90077, -2.9085], [-77.9071, -2.89367], [-77.89783, -2.88754], [-77.89405, -2.85288], [-77.90155, -2.83868], [-77.88921, -2.82299], [-77.89515, -2.8148], [-77.88865, -2.78056], [-77.89466, -2.7629], [-77.88405, -2.67343], [-77.89862, -2.63768], [-77.90737, -2.63005], [-77.94269, -2.63274], [-77.97724, -2.61096], [-77.99979, -2.62149], [-78.02013, -2.62114]]]}}, {"type": "Feature", "properties": {"admin2_pcode": "EC1101", "admin2_name": "Loja", "admin1_name": "Loja"}, "geometry": {"type": "Polygon", "coordinates": [[[-79.19529, -3.72502], [-79.2036, -3.70889], [-79.21906, -3.70748], [-79.21788, -3.6975], [-79.23222, -3.67959], [-79.24706, -3.68394], [-79.25521, -3.67277], [-79.2705, -3.67815], [-79.27921, -3.69026], [-79.2888, -3.68559], [-79.30617, -3.69809], [-79.31841, -3.72123], [-79.32642, -3.71783], [-79.33001, -3.69647], [-79.34975, -3.69548], [-79.35812, -3.68077], [-79.37336, -3.68006], [-79.37383, -3.68041], [-79.38281, -3.70014], [-79.4152, -3.72425], [-79.40387, -3.75215], [-79.40974, -3.79089], [-79.42651, -3.79218], [-79.44407, -3.81253], [-79.47234, -3.80217], [-79.48855, -3.80335], [-79.50014, -3.78965], [-79.50938, -3.79411], [-79.51674, -3.78836], [-79.54626, -3.79839], [-79.51563, -3.83379], [-79.4668, -3.85176], [-79.45473, -3.86838], [-79.45395, -3.88409], [-79.46022, -3.89264], [-79.44935, -3.89267], [-79.43869, -3.88409], [-79.39655, -3.92116], [-79.40171, -3.88692], [-79.36799, -3.88221], [-79.35922, -3.89185], [-79.34815, -3.8877], [-79.34652, -3.90839], [-79.32814, -3.90849], [-79.31727, -3.93776], [-79.32184, -3.95276], [-79.33583, -3.96521], [-79.3223, -3.97086], [-79.30904, -3.98698], [-79.28131, -3.99293], [-79.26721, -3.9887], [-79.25871, -3.99576], [-79.25184, -4.02257], [-79.23779, -4.03485], [-79.22532, -4.06253], [-79.22873, -4.0904], [-79.224, -4.12065], [-79.23561, -4.1338], [-79.2468, -4.13525], [-79.25401, -4.1469], [-79.27041, -4.14588], [-79.28272, -4.1599], [-79.29896, -4.16261], [-79.30702, -4.17815], [-79.32427, -4.18681], [-79.32782, -4.22511], [-79.34114, -4.24114], [-79.32838, -4.27124], [-79.33146, -4.2774], [-79.32432, -4.29388], [-79.33063, -4.31175], [-79.32065, -4.3226], [-79.3318, -4.34482], [-79.31593, -4.35409], [-79.31746, -4.36617], [-79.31114, -4.37287], [-79.31815, -4.40085], [-79.30777, -4.44863], [-79.31576, -4.45697], [-79.30338, -4.46515], [-79.31043, -4.47316], [-79.31092, -4.49784], [-79.32466, -4.50526], [-79.31686, -4.50761], [-79.3029, -4.49907], [-79.29077, -4.47667], [-79.27151, -4.47358], [-79.2633, -4.48749], [-79.24967, -4.48272], [-79.2253, -4.49247], [-79.22044, -4.5042], [-79.20883, -4.51084], [-79.19127, -4.47526], [-79.18255, -4.48365], [-79.17523, -4.4747], [-79.16828, -4.4754], [-79.14211, -4.43352], [-79.1189, -4.42459], [-79.11056, -4.40371], [-79.11408, -4.38765], [-79.10743, -4.36478], [-79.11445, -4.34216], [-79.10881, -4.33265], [-79.12072, -4.30863], [-79.10721, -4.28824], [-79.11438, -4.26728], [-79.10605, -4.25993], [-79.10691, -4.22912], [-79.10027, -4.21013], [-79.10575, -4.20635], [-79.10744, -4.18489], [-79.13465, -4.16137], [-79.14499, -4.16265], [-79.15869, -4.15404], [-79.1623, -4.115], [-79.15277, -4.06662], [-79.13953, -4.05654], [-79.1364, -4.03508], [-79.14578, -4.01799], [-79.14323, -3.9739], [-79.15128, -3.96429], [-79.13955, -3.94984], [-79.14256, -3.93593], [-79.15222, -3.93102], [-79.14336, -3.91613], [-79.14337, -3.90274], [-79.12889, -3.88895], [-79.12955, -3.87762], [-79.14546, -3.85584], [-79.14016, -3.84697], [-79.14342, -3.82211], [-79.15909, -3.82023], [-79.16047, -3.80465], [-79.1736, -3.7972], [-79.17935, -3.764], [-79.19024, -3.75325], [-79.19529, -3.72502]]]}}, {"type": "Feature", "properties": {"admin2_pcode": "EC0924", "admin2_name": "Lomas de Sargentillo", "admin1_name": "Guayas"}, "geometry": {"type": "Polygon", "coordinates": [[[-80.05046, -1.78749], [-80.06368, -1.78054], [-80.06499, -1.76314], [-80.07167, -1.75944], [-80.07688, -1.78712], [-80.08802, -1.7924], [-80.09232, -1.80292], [-80.08346, -1.81765], [-80.09236, -1.82531], [-80.08919, -1.83329], [-80.12335, -1.86845], [-80.11152, -1.896], [-80.09642, -1.89681], [-80.07723, -1.90964], [-80.06025, -1.90707], [-80.05476, -1.88321], [-80.0491, -1.88099], [-80.06355, -1.87333], [-80.05761, -1.853], [-80.04688, -1.85681], [-80.05085, -1.84188], [-80.06316, -1.83809], [-80.06793, -1.82117], [-80.05046, -1.78749]]]}}, {"type": "Feature", "properties": {"admin2_pcode": "EC2204", "admin2_name": "Loreto", "admin1_name": "Orellana"}, "geometry": {"type": "Polygon", "coordinates": [[[-77.1245, -0.69513], [-77.13136, -0.68126], [-77.10998, -0.61196], [-77.09791, -0.5966], [-77.10049, -0.5797], [-77.08467, -0.56728], [-77.07533, -0.54741], [-77.09531, -0.53678], [-77.13861, -0.49185], [-77.1311, -0.48472], [-77.14224, -0.44127], [-77.14489, -0.45869], [-77.15546, -0.46087], [-77.17886, -0.44036], [-77.18264, -0.44921], [-77.1841, -0.44102], [-77.21055, -0.43313], [-77.23684, -0.41397], [-77.25137, -0.39456], [-77.2343, -0.39088], [-77.24086, -0.3763], [-77.26156, -0.36954], [-77.26971, -0.37533], [-77.28884, -0.371], [-77.2824, -0.3646], [-77.29749, -0.36238], [-77.29281, -0.35498], [-77.30152, -0.34604], [-77.31768, -0.35746], [-77.32315, -0.36986], [-77.33439, -0.3692], [-77.32657, -0.37873], [-77.3251, -0.42201], [-77.35305, -0.41909], [-77.36509, -0.42876], [-77.36233, -0.44192], [-77.3702, -0.44413], [-77.37086, -0.45738], [-77.38198, -0.46223], [-77.39063, -0.49427], [-77.41748, -0.50431], [-77.42831, -0.5218], [-77.44029, -0.51221], [-77.45543, -0.51156], [-77.51072, -0.48646], [-77.5181, -0.47729], [-77.52835, -0.47607], [-77.54697, -0.45257], [-77.57112, -0.46261], [-77.56712, -0.48543], [-77.55953, -0.49449], [-77.60908, -0.5202], [-77.62755, -0.54144], [-77.61934, -0.56277], [-77.60503, -0.56011], [-77.5945, -0.56799], [-77.58007, -0.6102], [-77.53494, -0.62124], [-77.53348, -0.63922], [-77.52198, -0.64993], [-77.52509, -0.66938], [-77.49658, -0.702], [-77.52843, -0.74177], [-77.52436, -0.7459], [-77.53582, -0.76288], [-77.54271, -0.79299], [-77.53429, -0.80019], [-77.525, -0.81983], [-77.52857, -0.83953], [-77.53658, -0.84606], [-77.53441, -0.87429], [-77.54966, -0.88015], [-77.55348, -0.90294], [-77.58784, -0.91062], [-77.59127, -0.92384], [-77.58265, -0.93373], [-77.56871, -0.93207], [-77.56646, -0.94318], [-77.54392, -0.94098], [-77.5286, -0.95051], [-77.51566, -0.9507], [-77.47214, -0.92755], [-77.46422, -0.91299], [-77.45286, -0.91655], [-77.45679, -0.90538], [-77.44909, -0.89816], [-77.43407, -0.89611], [-77.42551, -0.90219], [-77.41788, -0.88983], [-77.40253, -0.89635], [-77.38973, -0.89384], [-77.38969, -0.88865], [-77.37874, -0.88772], [-77.37924, -0.88202], [-77.36538, -0.87956], [-77.37001, -0.87052], [-77.35603, -0.87362], [-77.35007, -0.86077], [-77.33149, -0.85893], [-77.33319, -0.85387], [-77.32397, -0.84691], [-77.30509, -0.83958], [-77.29951, -0.84619], [-77.29568, -0.83677], [-77.27781, -0.83783], [-77.2605, -0.82296], [-77.26391, -0.82018], [-77.25785, -0.81624], [-77.26393, -0.81387], [-77.25605, -0.81182], [-77.2523, -0.79219], [-77.23904, -0.79001], [-77.23527, -0.77987], [-77.22177, -0.77165], [-77.21118, -0.77357], [-77.20379, -0.76427], [-77.19927, -0.7669], [-77.20063, -0.76024], [-77.1922, -0.7587], [-77.18631, -0.73861], [-77.17333, -0.72994], [-77.16369, -0.70726], [-77.15525, -0.7075], [-77.14102, -0.69441], [-77.1245, -0.69513]]]}}, {"type": "Feature", "properties": {"admin2_pcode": "EC1108", "admin2_name": "Macara", "admin1_name": "Loja"}, "geometry": {"type": "Polygon", "coordinates": [[[-79.75089, -4.48374], [-79.75385, -4.46031], [-79.7655, -4.44132], [-79.76067, -4.43181], [-79.7863, -4.40811], [-79.78942, -4.38621], [-79.80108, -4.38415], [-79.79047, -4.37572], [-79.80617, -4.35882], [-79.80164, -4.34888], [-79.8353, -4.34501], [-79.84554, -4.30669], [-79.8391, -4.29945], [-79.85242, -4.2871], [-79.8482, -4.27344], [-79.85704, -4.25187], [-79.8546, -4.23216], [-79.8721, -4.20799], [-79.88377, -4.20459], [-79.92942, -4.21545], [-79.95389, -4.2109], [-79.95921, -4.22848], [-79.97128, -4.23449], [-79.99111, -4.227], [-80.02011, -4.23387], [-80.03709, -4.23018], [-80.05815, -4.2432], [-80.06586, -4.2419], [-80.06901, -4.25405], [-80.1022, -4.26605], [-80.10997, -4.2749], [-80.1198, -4.27713], [-80.13017, -4.26715], [-80.14105, -4.26734], [-80.14156, -4.28589], [-80.13474, -4.28626], [-80.13587, -4.29647], [-80.10843, -4.29862], [-80.1042, -4.29136], [-80.06155, -4.31048], [-80.05449, -4.32795], [-80.04045, -4.3358], [-80.03481, -4.34896], [-80.01421, -4.35726], [-80.00887, -4.36888], [-79.99194, -4.38068], [-79.97746, -4.37933], [-79.96218, -4.39551], [-79.95226, -4.39144], [-79.93529, -4.39586], [-79.91939, -4.38586], [-79.8703, -4.41413], [-79.85368, -4.43508], [-79.85305, -4.45193], [-79.81417, -4.49062], [-79.79916, -4.48871], [-79.79234, -4.49383], [-79.75089, -4.48374]]]}}, {"type": "Feature", "properties": {"admin2_pcode": "EC0701", "admin2_name": "Machala", "admin1_name": "El Oro"}, "geometry": {"type": "Polygon", "coordinates": [[[-79.9457, -3.22408], [-79.95142, -3.21594], [-79.94247, -3.1975], [-79.95244, -3.19205], [-79.97684, -3.21041], [-79.98195, -3.23515], [-79.97213, -3.24397], [-79.9629, -3.24274], [-79.94804, -3.24609], [-79.95621, -3.24619], [-79.96292, -3.24292], [-79.96727, -3.24478], [-79.97182, -3.24438], [-79.98459, -3.2372], [-79.98157, -3.25052], [-79.98384, -3.2495], [-79.98381, -3.24871], [-79.98228, -3.24745], [-79.98531, -3.24362], [-79.98477, -3.23943], [-79.99959, -3.23818], [-80.00222, -3.2725], [-79.99541, -3.27176], [-79.99382, -3.26356], [-79.98823, -3.25844], [-79.98103, -3.26108], [-79.99268, -3.26361], [-79.9943, -3.27159], [-80.00455, -3.27432], [-80.00938, -3.28422], [-79.99873, -3.27942], [-79.9886, -3.28515], [-79.985, -3.2736], [-79.9812, -3.27234], [-79.9805, -3.27723], [-79.97654, -3.27174], [-79.97913, -3.2676], [-79.98296, -3.26793], [-79.98397, -3.26608], [-79.98302, -3.26744], [-79.97919, -3.26732], [-79.97612, -3.26935], [-79.97398, -3.27296], [-79.9805, -3.27781], [-79.98218, -3.27646], [-79.98128, -3.27298], [-79.98399, -3.27396], [-79.98611, -3.28291], [-79.993, -3.28917], [-79.99189, -3.29248], [-79.98654, -3.29025], [-79.98301, -3.2914], [-79.98169, -3.28864], [-79.98034, -3.28975], [-79.97953, -3.28868], [-79.9784, -3.28961], [-79.98114, -3.2855], [-79.97837, -3.28389], [-79.98072, -3.28533], [-79.97693, -3.28759], [-79.97859, -3.29023], [-79.97936, -3.28911], [-79.98051, -3.29025], [-79.98165, -3.28904], [-79.98221, -3.29104], [-79.98309, -3.29169], [-79.98601, -3.29065], [-79.98829, -3.29201], [-79.99161, -3.2931], [-79.99589, -3.29255], [-79.99876, -3.28026], [-80.00186, -3.28458], [-80.00915, -3.28647], [-80.00561, -3.2919], [-80.01384, -3.29462], [-80.00914, -3.30393], [-79.9991, -3.30544], [-80.00167, -3.30871], [-80.01023, -3.30635], [-80.01455, -3.29581], [-80.01776, -3.30096], [-80.01689, -3.29451], [-80.02347, -3.30225], [-80.01643, -3.31421], [-80.00356, -3.31371], [-79.99834, -3.31661], [-80.0022, -3.31959], [-80.00152, -3.31487], [-80.0086, -3.31759], [-80.01163, -3.31647], [-80.00683, -3.32158], [-80.00699, -3.33218], [-80.0022, -3.33421], [-80.00297, -3.3346], [-80.00625, -3.3331], [-80.00292, -3.33605], [-80.0022, -3.34587], [-80.00601, -3.34112], [-80.00387, -3.33602], [-80.01389, -3.32822], [-80.00796, -3.33225], [-80.00855, -3.32133], [-80.02143, -3.31291], [-80.03035, -3.31532], [-80.02641, -3.32494], [-80.03071, -3.32422], [-80.03118, -3.33283], [-80.02653, -3.33371], [-80.0189, -3.33961], [-80.02128, -3.33948], [-80.02671, -3.33409], [-80.03086, -3.33351], [-80.03352, -3.34498], [-80.02127, -3.34352], [-80.01573, -3.34989], [-80.01139, -3.3509], [-80.00223, -3.36042], [-80.00986, -3.35518], [-80.01139, -3.3517], [-80.01566, -3.35068], [-80.02135, -3.34421], [-80.03392, -3.34768], [-80.00537, -3.36967], [-79.99138, -3.36592], [-79.98187, -3.37101], [-79.9813, -3.37883], [-79.98557, -3.38307], [-79.97011, -3.39433], [-79.96913, -3.40067], [-79.98588, -3.38365], [-79.98551, -3.37785], [-79.98252, -3.37787], [-79.98924, -3.36859], [-80.00457, -3.37138], [-80.02, -3.36158], [-79.9947, -3.38829], [-80.0077, -3.40357], [-79.99073, -3.41206], [-79.98667, -3.4065], [-79.98984, -3.41358], [-79.98524, -3.42744], [-79.97568, -3.43344], [-79.91821, -3.43103], [-79.89936, -3.40215], [-79.8978, -3.38715], [-79.88393, -3.3823], [-79.89712, -3.36938], [-79.8882, -3.35827], [-79.89024, -3.35195], [-79.8625, -3.33675], [-79.8622, -3.32255], [-79.87192, -3.3227], [-79.87338, -3.30705], [-79.85455, -3.2997], [-79.85623, -3.29321], [-79.84229, -3.27846], [-79.85251, -3.26953], [-79.86738, -3.26854], [-79.87264, -3.2572], [-79.90808, -3.23199], [-79.94245, -3.23411], [-79.9457, -3.22408]]]}}, {"type": "Feature", "properties": {"admin2_pcode": "EC9003", "admin2_name": "Manga del Cura", "admin1_name": "Zona No Delimitada"}, "geometry": {"type": "Polygon", "coordinates": [[[-79.45992, -0.50373], [-79.50489, -0.50371], [-79.50518, -0.49299], [-79.53695, -0.48579], [-79.57253, -0.52559], [-79.57185, -0.53612], [-79.5853, -0.53648], [-79.5901, -0.5431], [-79.6046, -0.54122], [-79.62215, -0.56353], [-79.61354, -0.58279], [-79.62634, -0.59399], [-79.63106, -0.60805], [-79.62558, -0.62908], [-79.63433, -0.64566], [-79.63352, -0.67057], [-79.64547, -0.67303], [-79.65919, -0.69621], [-79.64995, -0.71248], [-79.65955, -0.71441], [-79.669, -0.73757], [-79.66143, -0.74565], [-79.67212, -0.76024], [-79.68562, -0.78544], [-79.67938, -0.82147], [-79.69361, -0.83436], [-79.70437, -0.83369], [-79.71005, -0.84944], [-79.70719, -0.86298], [-79.69649, -0.87212], [-79.7051, -0.88321], [-79.69873, -0.89052], [-79.70401, -0.90439], [-79.68907, -0.89542], [-79.68999, -0.90227], [-79.68462, -0.90321], [-79.67662, -0.89922], [-79.67926, -0.893], [-79.67087, -0.89131], [-79.66198, -0.90331], [-79.64408, -0.88127], [-79.6235, -0.87578], [-79.62637, -0.85794], [-79.61534, -0.86038], [-79.60738, -0.8533], [-79.60891, -0.84062], [-79.5993, -0.82177], [-79.60571, -0.79855], [-79.5968, -0.77737], [-79.59768, -0.75452], [-79.60375, -0.75249], [-79.57764, -0.72235], [-79.58276, -0.71262], [-79.57621, -0.70033], [-79.57282, -0.71136], [-79.56538, -0.71001], [-79.56313, -0.7212], [-79.55573, -0.71706], [-79.55405, -0.72416], [-79.53621, -0.71629], [-79.5354, -0.69454], [-79.5419, -0.68728], [-79.53572, -0.68077], [-79.54316, -0.66533], [-79.5319, -0.65379], [-79.52524, -0.65699], [-79.52558, -0.64648], [-79.5085, -0.6363], [-79.50059, -0.60791], [-79.48526, -0.60937], [-79.48598, -0.5877], [-79.49317, -0.58329], [-79.48993, -0.57868], [-79.49718, -0.56815], [-79.48337, -0.54306], [-79.46632, -0.52979], [-79.45992, -0.50373]]]}}, {"type": "Feature", "properties": {"admin2_pcode": "EC1308", "admin2_name": "Manta", "admin1_name": "Manabi"}, "geometry": {"type": "Polygon", "coordinates": [[[-80.66915, -0.96494], [-80.65812, -0.93544], [-80.66841, -0.93245], [-80.68751, -0.94524], [-80.7172, -0.95175], [-80.72478, -0.93734], [-80.76394, -0.94355], [-80.79572, -0.95983], [-80.82929, -0.95574], [-80.88332, -1.03071], [-80.90143, -1.03815], [-80.90403, -1.05195], [-80.91253, -1.05827], [-80.88401, -1.13422], [-80.86789, -1.13418], [-80.8593, -1.12597], [-80.83195, -1.12654], [-80.82255, -1.11581], [-80.82307, -1.0983], [-80.78371, -1.09798], [-80.78332, -1.07917], [-80.76547, -1.06812], [-80.76618, -1.04698], [-80.7465, -1.03687], [-80.74045, -1.0256], [-80.74478, -1.01967], [-80.73322, -1.0123], [-80.72628, -1.01679], [-80.71726, -1.00911], [-80.71379, -0.99069], [-80.70688, -0.99833], [-80.70386, -0.99016], [-80.68914, -0.98552], [-80.66915, -0.96494]]]}}, {"type": "Feature", "properties": {"admin2_pcode": "EC0708", "admin2_name": "Marcabeli", "admin1_name": "El Oro"}, "geometry": {"type": "Polygon", "coordinates": [[[-79.88111, -3.74696], [-79.91583, -3.73927], [-79.93626, -3.70393], [-79.95348, -3.70634], [-79.96459, -3.72304], [-79.98544, -3.77604], [-80.0012, -3.7896], [-79.99415, -3.80842], [-79.98389, -3.81246], [-79.99535, -3.81945], [-79.99229, -3.83864], [-79.98603, -3.84223], [-79.95441, -3.82821], [-79.93564, -3.832], [-79.93069, -3.82545], [-79.91701, -3.82784], [-79.91381, -3.82304], [-79.89329, -3.82923], [-79.87255, -3.82092], [-79.8772, -3.8105], [-79.86897, -3.78424], [-79.84953, -3.75853], [-79.86095, -3.74999], [-79.87509, -3.75694], [-79.88111, -3.74696]]]}}, {"type": "Feature", "properties": {"admin2_pcode": "EC1703", "admin2_name": "Mejia", "admin1_name": "Pichincha"}, "geometry": {"type": "Polygon", "coordinates": [[[-78.47992, -0.45723], [-78.5211, -0.39777], [-78.51157, -0.37423], [-78.50406, -0.37169], [-78.50898, -0.36481], [-78.59152, -0.35244], [-78.62233, -0.36008], [-78.66155, -0.3601], [-78.68101, -0.32154], [-78.71405, -0.31794], [-78.72065, -0.32549], [-78.7316, -0.31983], [-78.73674, -0.2989], [-78.7445, -0.29517], [-78.74647, -0.27723], [-78.75938, -0.28243], [-78.77353, -0.27869], [-78.77417, -0.29795], [-78.81712, -0.33454], [-78.82052, -0.34576], [-78.85634, -0.34902], [-78.86393, -0.34525], [-78.86748, -0.3315], [-78.8987, -0.33553], [-78.92885, -0.31358], [-78.95024, -0.31248], [-78.95474, -0.31625], [-78.95097, -0.32399], [-78.94061, -0.33136], [-78.91842, -0.34005], [-78.90668, -0.3593], [-78.91608, -0.37154], [-78.89921, -0.38637], [-78.8891, -0.40924], [-78.89303, -0.41254], [-78.8706, -0.41779], [-78.85661, -0.46489], [-78.83917, -0.47683], [-78.83187, -0.52432], [-78.79564, -0.54331], [-78.7781, -0.53823], [-78.73302, -0.5594], [-78.72814, -0.58733], [-78.73897, -0.62148], [-78.7205, -0.64917], [-78.71519, -0.66305], [-78.66974, -0.65609], [-78.65475, -0.63978], [-78.64272, -0.63665], [-78.64163, -0.62182], [-78.61112, -0.59715], [-78.58136, -0.6153], [-78.54883, -0.60269], [-78.52304, -0.60292], [-78.50744, -0.613], [-78.49485, -0.64427], [-78.46254, -0.65921], [-78.43549, -0.68394], [-78.42185, -0.71691], [-78.40277, -0.70482], [-78.39139, -0.67748], [-78.35516, -0.6698], [-78.33062, -0.65711], [-78.32133, -0.62563], [-78.32703, -0.61357], [-78.31225, -0.5884], [-78.3333, -0.58629], [-78.37142, -0.53796], [-78.37694, -0.54941], [-78.42674, -0.5712], [-78.43186, -0.54744], [-78.42575, -0.52325], [-78.43604, -0.49592], [-78.43255, -0.4859], [-78.46596, -0.50678], [-78.46608, -0.48151], [-78.4846, -0.46994], [-78.47992, -0.45723]]]}}, {"type": "Feature", "properties": {"admin2_pcode": "EC1602", "admin2_name": "Mera", "admin1_name": "Pastaza"}, "geometry": {"type": "Polygon", "coordinates": [[[-77.96647, -1.22423], [-78.0119, -1.22309], [-78.0247, -1.23699], [-78.05143, -1.2483], [-78.08265, -1.22965], [-78.09189, -1.23255], [-78.09734, -1.22555], [-78.11107, -1.23318], [-78.12297, -1.22239], [-78.11643, -1.25098], [-78.11818, -1.35974], [-78.12748, -1.36769], [-78.12857, -1.3846], [-78.14723, -1.39709], [-78.1493, -1.40688], [-78.14313, -1.41332], [-78.15158, -1.43043], [-78.16943, -1.43591], [-78.17805, -1.44805], [-78.12536, -1.45409], [-78.08034, -1.49823], [-78.06343, -1.52755], [-78.05836, -1.56682], [-78.02053, -1.6765], [-77.96961, -1.66731], [-77.94979, -1.65296], [-77.92346, -1.65667], [-77.92189, -1.64113], [-77.94814, -1.63078], [-77.94686, -1.62216], [-77.96404, -1.61005], [-77.97228, -1.57935], [-77.98917, -1.58119], [-78.01183, -1.56745], [-78.0216, -1.50428], [-78.03037, -1.51012], [-78.03458, -1.50187], [-78.03005, -1.48541], [-78.05685, -1.44412], [-78.05014, -1.40734], [-78.03059, -1.39015], [-78.01841, -1.39177], [-78.01806, -1.37647], [-78.00929, -1.37536], [-78.00147, -1.3648], [-78.00566, -1.34343], [-77.99722, -1.33587], [-77.99924, -1.32673], [-77.97384, -1.30959], [-77.97005, -1.29308], [-77.97003, -1.28408], [-77.96016, -1.27426], [-77.96647, -1.22423]]]}}, {"type": "Feature", "properties": {"admin2_pcode": "EC0910", "admin2_name": "Milagro", "admin1_name": "Guayas"}, "geometry": {"type": "Polygon", "coordinates": [[[-79.44976, -2.09937], [-79.46916, -2.11102], [-79.47431, -2.0625], [-79.52324, -2.03713], [-79.52056, -2.0131], [-79.52548, -2.00622], [-79.51977, -1.96722], [-79.55888, -2.02892], [-79.60444, -1.98822], [-79.64521, -2.06701], [-79.629, -2.09346], [-79.64913, -2.11131], [-79.66016, -2.13884], [-79.68634, -2.14329], [-79.68595, -2.14903], [-79.66662, -2.16004], [-79.65625, -2.157], [-79.65246, -2.16697], [-79.6245, -2.17842], [-79.60484, -2.20533], [-79.59169, -2.20647], [-79.59111, -2.22096], [-79.54421, -2.23284], [-79.53563, -2.24445], [-79.51394, -2.23946], [-79.49763, -2.22949], [-79.49884, -2.15354], [-79.47535, -2.14921], [-79.45821, -2.15603], [-79.46112, -2.10881], [-79.44822, -2.1037], [-79.44976, -2.09937]]]}}, {"type": "Feature", "properties": {"admin2_pcode": "EC0404", "admin2_name": "Mira", "admin1_name": "Carchi"}, "geometry": {"type": "Polygon", "coordinates": [[[-78.17856, 0.83336], [-78.18676, 0.84252], [-78.20157, 0.83797], [-78.21142, 0.84535], [-78.22642, 0.83624], [-78.24815, 0.86501], [-78.28505, 0.86292], [-78.2947, 0.86788], [-78.29981, 0.88263], [-78.32416, 0.89107], [-78.33138, 0.88792], [-78.32845, 0.8979], [-78.33331, 0.90253], [-78.35027, 0.90133], [-78.36213, 0.94868], [-78.37977, 0.95796], [-78.40401, 0.94177], [-78.41473, 0.92653], [-78.43488, 0.91972], [-78.42758, 0.91246], [-78.43469, 0.8933], [-78.45995, 0.88359], [-78.4536, 0.87593], [-78.43564, 0.87327], [-78.41812, 0.84744], [-78.38697, 0.82527], [-78.36589, 0.82606], [-78.35327, 0.81527], [-78.34209, 0.82352], [-78.32727, 0.82028], [-78.30255, 0.79233], [-78.28783, 0.79291], [-78.27155, 0.78454], [-78.26764, 0.76786], [-78.25174, 0.7516], [-78.2341, 0.74472], [-78.20434, 0.71801], [-78.20012, 0.69144], [-78.18737, 0.66925], [-78.16746, 0.65899], [-78.15213, 0.62569], [-78.144, 0.62749], [-78.13314, 0.61503], [-78.14177, 0.58991], [-78.12533, 0.57081], [-78.13067, 0.55088], [-78.12786, 0.52697], [-78.11177, 0.52059], [-78.09408, 0.48211], [-78.0736, 0.47529], [-78.05244, 0.49576], [-78.04674, 0.51505], [-78.0361, 0.52492], [-78.02624, 0.52498], [-78.01016, 0.55065], [-77.98636, 0.56581], [-78.0174, 0.56563], [-78.0321, 0.55694], [-78.0222, 0.60154], [-78.00578, 0.6245], [-78.03648, 0.64363], [-78.05485, 0.63336], [-78.03774, 0.67349], [-78.05591, 0.73793], [-78.06981, 0.70905], [-78.06057, 0.69228], [-78.07073, 0.68463], [-78.08762, 0.68948], [-78.10419, 0.68303], [-78.11958, 0.68702], [-78.13575, 0.7009], [-78.17147, 0.70829], [-78.22385, 0.77257], [-78.21822, 0.7778], [-78.21502, 0.80829], [-78.19566, 0.81363], [-78.17856, 0.83336]]]}}, {"type": "Feature", "properties": {"admin2_pcode": "EC1212", "admin2_name": "Mocache", "admin1_name": "Los Rios"}, "geometry": {"type": "Polygon", "coordinates": [[[-79.42735, -1.19336], [-79.43178, -1.17833], [-79.46045, -1.15053], [-79.45787, -1.14035], [-79.46559, -1.13876], [-79.46801, -1.12139], [-79.45173, -1.12482], [-79.45355, -1.11079], [-79.44722, -1.10109], [-79.469, -1.08071], [-79.47946, -1.08374], [-79.47918, -1.07671], [-79.49375, -1.06689], [-79.50208, -1.07838], [-79.55217, -1.08711], [-79.60164, -1.07714], [-79.6166, -1.06391], [-79.62402, -1.0808], [-79.64055, -1.09278], [-79.64123, -1.10814], [-79.65094, -1.11448], [-79.66195, -1.12174], [-79.6707, -1.11344], [-79.67543, -1.12252], [-79.68377, -1.12281], [-79.68149, -1.13306], [-79.68914, -1.15243], [-79.69423, -1.14711], [-79.70012, -1.15589], [-79.7155, -1.1531], [-79.71888, -1.16583], [-79.71338, -1.17373], [-79.71803, -1.17925], [-79.70606, -1.1773], [-79.70645, -1.19317], [-79.69029, -1.18539], [-79.68453, -1.18998], [-79.66211, -1.18615], [-79.67058, -1.19393], [-79.66755, -1.19947], [-79.6355, -1.20416], [-79.66685, -1.22883], [-79.62165, -1.22365], [-79.60089, -1.25365], [-79.60453, -1.26208], [-79.58024, -1.26356], [-79.5665, -1.28324], [-79.57575, -1.30185], [-79.57813, -1.32872], [-79.55484, -1.32907], [-79.55292, -1.32146], [-79.53579, -1.31972], [-79.52283, -1.30763], [-79.50693, -1.30875], [-79.51698, -1.32841], [-79.49006, -1.3282], [-79.47671, -1.31803], [-79.47327, -1.32638], [-79.44564, -1.32915], [-79.45461, -1.29996], [-79.44488, -1.28967], [-79.4541, -1.27843], [-79.45282, -1.26543], [-79.43924, -1.22758], [-79.44214, -1.21132], [-79.42735, -1.19336]]]}}, {"type": "Feature", "properties": {"admin2_pcode": "EC1804", "admin2_name": "Mocha", "admin1_name": "Tungurahua"}, "geometry": {"type": "Polygon", "coordinates": [[[-78.61209, -1.37488], [-78.64301, -1.35825], [-78.64905, -1.39388], [-78.67709, -1.39922], [-78.71644, -1.3943], [-78.74015, -1.40139], [-78.75881, -1.4102], [-78.76873, -1.43399], [-78.72651, -1.46971], [-78.7156, -1.46998], [-78.69728, -1.44815], [-78.68316, -1.44604], [-78.66505, -1.42622], [-78.65397, -1.42609], [-78.64806, -1.41612], [-78.61816, -1.39854], [-78.61049, -1.39008], [-78.61209, -1.37488]]]}}, {"type": "Feature", "properties": {"admin2_pcode": "EC1203", "admin2_name": "Montalvo", "admin1_name": "Los Rios"}, "geometry": {"type": "Polygon", "coordinates": [[[-79.2086, -1.74615], [-79.21119, -1.73993], [-79.23307, -1.73706], [-79.26944, -1.69828], [-79.25306, -1.69093], [-79.25178, -1.67761], [-79.27764, -1.66645], [-79.29123, -1.6693], [-79.30918, -1.69698], [-79.30513, -1.73934], [-79.32138, -1.74003], [-79.32529, -1.74617], [-79.33156, -1.74187], [-79.33031, -1.74787], [-79.34068, -1.75655], [-79.3501, -1.75465], [-79.35647, -1.74336], [-79.37422, -1.74506], [-79.38522, -1.75531], [-79.39401, -1.78565], [-79.41842, -1.79484], [-79.43627, -1.79126], [-79.45349, -1.80366], [-79.46166, -1.80094], [-79.4595, -1.80958], [-79.46377, -1.80974], [-79.41959, -1.85979], [-79.41426, -1.8592], [-79.41452, -1.85263], [-79.40653, -1.85705], [-79.40533, -1.85128], [-79.40463, -1.8573], [-79.39442, -1.85765], [-79.39477, -1.86753], [-79.38894, -1.86386], [-79.38363, -1.86858], [-79.38172, -1.86283], [-79.37806, -1.86841], [-79.37269, -1.86355], [-79.36027, -1.87024], [-79.35354, -1.86727], [-79.35206, -1.87454], [-79.34413, -1.86985], [-79.34576, -1.87687], [-79.33378, -1.87984], [-79.32962, -1.89225], [-79.3099, -1.88728], [-79.30334, -1.89481], [-79.29145, -1.89057], [-79.28989, -1.89989], [-79.25894, -1.93698], [-79.24341, -1.89489], [-79.2496, -1.88361], [-79.2431, -1.87273], [-79.2463, -1.85833], [-79.2304, -1.84941], [-79.23578, -1.82829], [-79.25192, -1.81463], [-79.23883, -1.80407], [-79.24717, -1.79404], [-79.24713, -1.77202], [-79.2086, -1.74615]]]}}, {"type": "Feature", "properties": {"admin2_pcode": "EC1309", "admin2_name": "Montecristi", "admin1_name": "Manabi"}, "geometry": {"type": "MultiPolygon", "coordinates": [[[[-81.07363, -1.26258], [-81.07997, -1.26633], [-81.08224, -1.28414], [-81.07134, -1.28142], [-81.05568, -1.29067], [-81.04632, -1.28666], [-81.05565, -1.27446], [-81.07363, -1.26258]]], [[[-80.53954, -1.01982], [-80.54313, -1.01452], [-80.57985, -1.0204], [-80.62103, -0.99457], [-80.62985, -1.00084], [-80.63996, -0.99976], [-80.64979, -0.98845], [-80.6543, -0.99484], [-80.6753, -0.99147], [-80.66915, -0.96494], [-80.68914, -0.98552], [-80.70386, -0.99016], [-80.70688, -0.99833], [-80.71379, -0.99069], [-80.71726, -1.00911], [-80.72628, -1.01679], [-80.73322, -1.0123], [-80.74478, -1.01967], [-80.74045, -1.0256], [-80.7465, -1.03687], [-80.76618, -1.04698], [-80.76547, -1.06812], [-80.78332, -1.07917], [-80.78371, -1.09798], [-80.82307, -1.0983], [-80.82255, -1.11581], [-80.83195, -1.12654], [-80.8593, -1.12597], [-80.86789, -1.13418], [-80.88401, -1.13422], [-80.85084, -1.20583], [-80.77693, -1.2935], [-80.74972, -1.27382], [-80.72785, -1.26946], [-80.72923, -1.26226], [-80.72076, -1.26169], [-80.72148, -1.25469], [-80.70923, -1.25203], [-80.70821, -1.243], [-80.72522, -1.23379], [-80.72241, -1.20828], [-80.70946, -1.21502], [-80.6788, -1.20108], [-80.65701, -1.20813], [-80.63413, -1.20406], [-80.62325, -1.18856], [-80.58628, -1.18815], [-80.56885, -1.1756], [-80.53949, -1.18812], [-80.53262, -1.16622], [-80.55139, -1.14404], [-80.54729, -1.13467], [-80.55406, -1.115], [-80.54769, -1.10599], [-80.51865, -1.09912], [-80.51573, -1.08044], [-80.53084, -1.08219], [-80.54633, -1.06277], [-80.54837, -1.03842], [-80.53954, -1.01982]]]]}}, {"type": "Feature", "properties": {"admin2_pcode": "EC0405", "admin2_name": "Montufar", "admin1_name": "Carchi"}, "geometry": {"type": "Polygon", "coordinates": [[[-77.76598, 0.60397], [-77.77497, 0.61853], [-77.79239, 0.62992], [-77.78789, 0.64736], [-77.80052, 0.66221], [-77.79947, 0.68013], [-77.82083, 0.70961], [-77.83155, 0.70045], [-77.8427, 0.70144], [-77.85093, 0.68524], [-77.8646, 0.68744], [-77.87833, 0.67724], [-77.88548, 0.64234], [-77.89344, 0.63366], [-77.89125, 0.62444], [-77.91206, 0.60918], [-77.91827, 0.58854], [-77.8852, 0.56294], [-77.8702, 0.48275], [-77.85636, 0.49217], [-77.86054, 0.47063], [-77.85327, 0.47177], [-77.81748, 0.43143], [-77.807, 0.42695], [-77.77175, 0.46491], [-77.77364, 0.47047], [-77.76036, 0.48033], [-77.75164, 0.50505], [-77.72771, 0.53425], [-77.7198, 0.53269], [-77.71009, 0.54789], [-77.6786, 0.56163], [-77.66351, 0.59445], [-77.70125, 0.56676], [-77.71619, 0.57174], [-77.7261, 0.56751], [-77.74681, 0.58659], [-77.73708, 0.594], [-77.73986, 0.60437], [-77.75844, 0.60469], [-77.76521, 0.59845], [-77.76598, 0.60397]]]}}, {"type": "Feature", "properties": {"admin2_pcode": "EC1401", "admin2_name": "Morona", "admin1_name": "Morona Santiago"}, "geometry": {"type": "Polygon", "coordinates": [[[-78.15083, -2.0144], [-78.19741, -2.02678], [-78.21111, -2.01811], [-78.22413, -2.02267], [-78.25316, -2.01175], [-78.27942, -2.02556], [-78.2847, -2.01663], [-78.31817, -2.00462], [-78.34199, -2.00475], [-78.36197, -2.03258], [-78.36396, -2.04472], [-78.37771, -2.04893], [-78.39429, -2.03801], [-78.405, -2.04109], [-78.41708, -2.0313], [-78.44777, -2.02704], [-78.45381, -2.06549], [-78.44277, -2.0716], [-78.44124, -2.08395], [-78.43134, -2.09228], [-78.44401, -2.09859], [-78.45052, -2.11722], [-78.48305, -2.12913], [-78.49387, -2.12117], [-78.51474, -2.13638], [-78.51672, -2.15453], [-78.50391, -2.15707], [-78.50139, -2.20489], [-78.48768, -2.2175], [-78.50571, -2.24591], [-78.51441, -2.24026], [-78.53166, -2.24245], [-78.54369, -2.25146], [-78.53613, -2.27867], [-78.54715, -2.29204], [-78.54587, -2.30012], [-78.5569, -2.30681], [-78.57666, -2.30537], [-78.5868, -2.31857], [-78.57747, -2.33065], [-78.56133, -2.32593], [-78.52458, -2.35464], [-78.48515, -2.36572], [-78.48942, -2.40418], [-78.47824, -2.41715], [-78.45849, -2.41807], [-78.48448, -2.43681], [-78.48802, -2.44822], [-78.4816, -2.45505], [-78.49767, -2.50332], [-78.47407, -2.50374], [-78.46664, -2.49508], [-78.45052, -2.49342], [-78.44048, -2.50334], [-78.39641, -2.50362], [-78.40094, -2.47646], [-78.38501, -2.47542], [-78.37278, -2.4619], [-78.36989, -2.43889], [-78.36254, -2.43932], [-78.35372, -2.42312], [-78.31982, -2.39381], [-78.29418, -2.34963], [-78.25383, -2.34809], [-78.23581, -2.34144], [-78.21323, -2.37021], [-78.19611, -2.37054], [-78.18374, -2.38917], [-78.15346, -2.40227], [-78.10223, -2.39761], [-78.09144, -2.40289], [-78.07956, -2.39168], [-78.06666, -2.40616], [-78.02543, -2.39632], [-78.00885, -2.40038], [-78.00793, -2.4067], [-78.03628, -2.4288], [-78.0395, -2.45479], [-78.0381, -2.47138], [-78.0203, -2.49659], [-78.02242, -2.51646], [-78.0305, -2.51836], [-78.03933, -2.54066], [-78.03733, -2.56807], [-78.029, -2.57291], [-78.01846, -2.60717], [-78.02013, -2.62114], [-77.99979, -2.62149], [-77.97724, -2.61096], [-77.94269, -2.63274], [-77.90737, -2.63005], [-77.89862, -2.63768], [-77.88405, -2.67343], [-77.89466, -2.7629], [-77.88865, -2.78056], [-77.89515, -2.8148], [-77.88921, -2.82299], [-77.90155, -2.83868], [-77.89405, -2.85288], [-77.88361, -2.85117], [-77.88087, -2.85291], [-77.8786, -2.85245], [-77.88059, -2.83309], [-77.86215, -2.81762], [-77.85009, -2.81884], [-77.84271, -2.83411], [-77.82024, -2.84207], [-77.79555, -2.83012], [-77.79651, -2.81119], [-77.76116, -2.81404], [-77.74235, -2.80589], [-77.72995, -2.81247], [-77.72395, -2.83037], [-77.71097, -2.8358], [-77.69628, -2.85384], [-77.69413, -2.84869], [-77.68331, -2.85065], [-77.67992, -2.83546], [-77.67362, -2.83729], [-77.67008, -2.82619], [-77.6747, -2.81707], [-77.66681, -2.82049], [-77.65998, -2.8096], [-77.64855, -2.81237], [-77.64387, -2.80555], [-77.6555, -2.80298], [-77.65607, -2.79454], [-77.66121, -2.80535], [-77.67539, -2.77859], [-77.66008, -2.76423], [-77.66692, -2.76079], [-77.6614, -2.75461], [-77.67579, -2.74182], [-77.67327, -2.73288], [-77.68248, -2.73173], [-77.67888, -2.71505], [-77.68525, -2.71539], [-77.68683, -2.70415], [-77.67762, -2.70437], [-77.68088, -2.69565], [-77.68557, -2.69905], [-77.68833, -2.69404], [-77.68732, -2.66828], [-77.70875, -2.66715], [-77.70769, -2.65889], [-77.71651, -2.65917], [-77.7112, -2.65468], [-77.71453, -2.64884], [-77.70343, -2.64674], [-77.70245, -2.63551], [-77.69496, -2.63355], [-77.7013, -2.63254], [-77.70014, -2.62779], [-77.69087, -2.63068], [-77.67354, -2.62408], [-77.68355, -2.61354], [-77.68458, -2.60111], [-77.68932, -2.60366], [-77.70169, -2.5879], [-77.6949, -2.57892], [-77.70624, -2.57702], [-77.6963, -2.56806], [-77.70798, -2.57032], [-77.70879, -2.55591], [-77.71695, -2.55631], [-77.71091, -2.55391], [-77.71884, -2.54002], [-77.7145, -2.53688], [-77.72691, -2.53603], [-77.72097, -2.52409], [-77.72986, -2.52406], [-77.73422, -2.51621], [-77.72941, -2.49015], [-77.73843, -2.48436], [-77.7294, -2.47028], [-77.7202, -2.4701], [-77.72971, -2.46318], [-77.72615, -2.45639], [-77.73164, -2.45757], [-77.72478, -2.44918], [-77.7293, -2.43992], [-77.72255, -2.43353], [-77.73226, -2.42126], [-77.72542, -2.40928], [-77.74733, -2.40412], [-77.7436, -2.36617], [-77.74946, -2.31255], [-77.74633, -2.26852], [-77.72807, -2.2557], [-77.7277, -2.23184], [-77.7378, -2.21831], [-77.76824, -2.23078], [-77.81422, -2.21715], [-77.81037, -2.18826], [-77.81853, -2.16752], [-77.80732, -2.14246], [-77.80862, -2.0834], [-77.79998, -2.06663], [-77.80627, -2.04317], [-77.80368, -2.021], [-77.8223, -2.00961], [-77.83979, -2.02393], [-77.85998, -2.01063], [-77.86469, -2.01705], [-77.85853, -2.03172], [-77.86133, -2.04371], [-77.88075, -2.06567], [-77.8806, -2.08112], [-77.89777, -2.07161], [-77.92552, -2.07583], [-77.96424, -2.11423], [-77.98288, -2.11971], [-78.03463, -2.11482], [-78.03469, -2.10318], [-78.02591, -2.10168], [-78.02316, -2.08315], [-78.04007, -2.06049], [-78.04771, -2.06341], [-78.0531, -2.05698], [-78.0463, -2.04995], [-78.06248, -2.04968], [-78.11591, -2.01926], [-78.14213, -2.02027], [-78.15083, -2.0144]]]}}, {"type": "Feature", "properties": {"admin2_pcode": "EC0803", "admin2_name": "Muisne", "admin1_name": "Esmeraldas"}, "geometry": {"type": "MultiPolygon", "coordinates": [[[[-79.9799, 0.29094], [-79.98398, 0.29076], [-79.97482, 0.28494], [-79.97478, 0.28547], [-79.9799, 0.29094]]], [[[-80.03168, 0.40015], [-80.03686, 0.40243], [-80.03834, 0.39706], [-80.02655, 0.37487], [-80.00057, 0.3634], [-79.99379, 0.37458], [-79.99685, 0.38964], [-80.00666, 0.39362], [-80.02254, 0.38843], [-80.02383, 0.39227], [-80.00769, 0.39428], [-80.03168, 0.40015]]], [[[-79.99291, 0.53941], [-79.99052, 0.543], [-79.99648, 0.54612], [-79.99833, 0.54375], [-79.99291, 0.53941]]], [[[-79.99747, 0.56692], [-80.00458, 0.564], [-80.00264, 0.55256], [-79.98782, 0.54157], [-79.98158, 0.55653], [-79.99747, 0.56692]]], [[[-80.02093, 0.61552], [-80.03487, 0.62103], [-80.00591, 0.55684], [-80.00596, 0.56372], [-79.994, 0.57181], [-80.02093, 0.61552]]], [[[-79.98575, 0.81772], [-80.04526, 0.81765], [-80.0508, 0.82585], [-80.08047, 0.79267], [-80.09943, 0.75177], [-80.09466, 0.71931], [-80.10025, 0.67997], [-80.08783, 0.64836], [-80.0689, 0.65438], [-80.05305, 0.63646], [-80.04986, 0.64171], [-80.01644, 0.6204], [-79.99312, 0.57192], [-79.99663, 0.56517], [-79.98146, 0.55677], [-79.98701, 0.5369], [-80.00888, 0.5506], [-80.01871, 0.51153], [-80.02588, 0.50581], [-80.03192, 0.5092], [-80.04767, 0.49415], [-80.04445, 0.48598], [-80.06184, 0.45686], [-80.01666, 0.40755], [-80.01036, 0.40493], [-80.00506, 0.41152], [-80.00428, 0.40724], [-80.00781, 0.40588], [-79.98807, 0.39188], [-79.98001, 0.36499], [-79.98654, 0.33009], [-79.98486, 0.29327], [-79.96891, 0.28316], [-79.97267, 0.29366], [-79.96661, 0.28615], [-79.97246, 0.27642], [-79.95473, 0.26603], [-79.94668, 0.26895], [-79.93258, 0.25484], [-79.92243, 0.2568], [-79.92759, 0.26591], [-79.91992, 0.27638], [-79.91102, 0.27177], [-79.9044, 0.27622], [-79.90975, 0.2898], [-79.9078, 0.295], [-79.90687, 0.2885], [-79.90143, 0.29243], [-79.90407, 0.29728], [-79.89477, 0.30202], [-79.89488, 0.31212], [-79.90468, 0.315], [-79.88092, 0.3227], [-79.86427, 0.3147], [-79.83199, 0.3245], [-79.81587, 0.37746], [-79.79487, 0.39168], [-79.78213, 0.41702], [-79.78908, 0.45497], [-79.80324, 0.46133], [-79.80569, 0.50037], [-79.81516, 0.50848], [-79.80504, 0.51999], [-79.7898, 0.51613], [-79.74883, 0.5267], [-79.75611, 0.55315], [-79.76235, 0.55656], [-79.7398, 0.57858], [-79.73983, 0.58791], [-79.74704, 0.60138], [-79.76057, 0.60718], [-79.76747, 0.59819], [-79.76433, 0.59221], [-79.78337, 0.59314], [-79.79603, 0.57568], [-79.81531, 0.58074], [-79.81331, 0.60228], [-79.82449, 0.60656], [-79.83543, 0.63239], [-79.84074, 0.64811], [-79.85975, 0.66167], [-79.86446, 0.6754], [-79.88099, 0.66293], [-79.89355, 0.66216], [-79.90993, 0.68046], [-79.92108, 0.68405], [-79.92125, 0.6988], [-79.93566, 0.71696], [-79.93124, 0.734], [-79.9453, 0.74343], [-79.96938, 0.73398], [-79.98344, 0.74132], [-80.00727, 0.72648], [-80.01434, 0.73227], [-80.00811, 0.77223], [-79.99753, 0.79784], [-79.98273, 0.81396], [-79.98575, 0.81772]]]]}}, {"type": "Feature", "properties": {"admin2_pcode": "EC0104", "admin2_name": "Nabon", "admin1_name": "Azuay"}, "geometry": {"type": "Polygon", "coordinates": [[[-78.93581, -3.28822], [-78.96776, -3.26667], [-78.96895, -3.26035], [-78.98552, -3.25834], [-78.99127, -3.22856], [-79.02211, -3.18853], [-79.03768, -3.20425], [-79.03807, -3.2237], [-79.05821, -3.24363], [-79.085, -3.23521], [-79.09495, -3.24003], [-79.12679, -3.22352], [-79.15426, -3.23639], [-79.16712, -3.23181], [-79.17584, -3.24692], [-79.2199, -3.28726], [-79.27437, -3.31726], [-79.25244, -3.33497], [-79.27194, -3.3511], [-79.28109, -3.34858], [-79.28791, -3.36647], [-79.30206, -3.36815], [-79.30897, -3.39432], [-79.29987, -3.40761], [-79.30404, -3.42805], [-79.28947, -3.46663], [-79.27654, -3.47678], [-79.24866, -3.43725], [-79.22664, -3.41829], [-79.20381, -3.3666], [-79.19517, -3.36433], [-79.16357, -3.37607], [-79.15199, -3.36956], [-79.15491, -3.40966], [-79.13683, -3.39996], [-79.13275, -3.41302], [-79.11988, -3.41402], [-79.11387, -3.4337], [-79.09391, -3.43112], [-79.07592, -3.44277], [-79.06351, -3.4619], [-79.052, -3.4612], [-79.05811, -3.44151], [-79.06865, -3.43848], [-79.04338, -3.39732], [-79.02795, -3.38342], [-79.0287, -3.37254], [-79.01264, -3.36672], [-79.01144, -3.35488], [-79.00216, -3.36244], [-78.94307, -3.3414], [-78.95364, -3.29962], [-78.94268, -3.29969], [-78.93412, -3.29338], [-78.93581, -3.28822]]]}}, {"type": "Feature", "properties": {"admin2_pcode": "EC1903", "admin2_name": "Nangaritza", "admin1_name": "Zamora Chinchipe"}, "geometry": {"type": "Polygon", "coordinates": [[[-78.54087, -4.06884], [-78.56231, -4.07816], [-78.58861, -4.06209], [-78.61732, -4.05939], [-78.63265, -4.04081], [-78.64958, -4.03748], [-78.64885, -4.01014], [-78.6568, -4.00682], [-78.65682, -3.99801], [-78.66313, -3.99839], [-78.65782, -3.98557], [-78.66505, -3.98926], [-78.66656, -3.99563], [-78.68599, -3.99998], [-78.71621, -4.01933], [-78.73047, -4.0457], [-78.75302, -4.04802], [-78.77111, -4.06362], [-78.77045, -4.10069], [-78.77911, -4.11015], [-78.78027, -4.14101], [-78.78837, -4.13569], [-78.8376, -4.13995], [-78.87208, -4.18657], [-78.8754, -4.2127], [-78.89983, -4.23252], [-78.89453, -4.25688], [-78.94346, -4.28841], [-78.95392, -4.30507], [-78.93996, -4.31696], [-78.95004, -4.35052], [-78.93991, -4.3878], [-78.95327, -4.43262], [-78.946, -4.44727], [-78.94962, -4.46385], [-78.93918, -4.47565], [-78.93751, -4.49753], [-78.92463, -4.51092], [-78.9267, -4.54678], [-78.91379, -4.59692], [-78.89714, -4.61405], [-78.89989, -4.62299], [-78.89335, -4.63529], [-78.87799, -4.64646], [-78.82163, -4.64717], [-78.80395, -4.63685], [-78.77136, -4.64131], [-78.76254, -4.62892], [-78.71434, -4.62829], [-78.67783, -4.59296], [-78.65306, -4.58517], [-78.66287, -4.57078], [-78.65616, -4.56342], [-78.66152, -4.53007], [-78.63548, -4.5011], [-78.63542, -4.46519], [-78.6242, -4.44276], [-78.60365, -4.43193], [-78.59885, -4.42311], [-78.60222, -4.41015], [-78.63174, -4.41581], [-78.64085, -4.40149], [-78.63667, -4.39037], [-78.64076, -4.37389], [-78.65121, -4.36194], [-78.645, -4.34966], [-78.64889, -4.33955], [-78.64166, -4.33296], [-78.64644, -4.32157], [-78.6395, -4.30502], [-78.6139, -4.28997], [-78.6109, -4.2648], [-78.60122, -4.25273], [-78.60856, -4.23583], [-78.60662, -4.21981], [-78.57774, -4.1966], [-78.57578, -4.16263], [-78.58265, -4.13598], [-78.5688, -4.10314], [-78.562, -4.10123], [-78.54087, -4.06884]]]}}, {"type": "Feature", "properties": {"admin2_pcode": "EC0911", "admin2_name": "Naranjal", "admin1_name": "Guayas"}, "geometry": {"type": "MultiPolygon", "coordinates": [[[[-79.75396, -2.52714], [-79.74182, -2.52081], [-79.73836, -2.51373], [-79.75585, -2.52357], [-79.75396, -2.52714]]], [[[-79.69736, -2.55705], [-79.69539, -2.54794], [-79.70436, -2.5325], [-79.69411, -2.52355], [-79.72751, -2.50402], [-79.72777, -2.53741], [-79.71832, -2.55891], [-79.69736, -2.55705]]], [[[-79.77229, -2.33276], [-79.78231, -2.32121], [-79.78188, -2.32611], [-79.82451, -2.3391], [-79.83299, -2.39577], [-79.81528, -2.4077], [-79.79889, -2.44075], [-79.7955, -2.48464], [-79.77246, -2.52016], [-79.76272, -2.5217], [-79.74516, -2.50333], [-79.7542, -2.48257], [-79.74924, -2.46632], [-79.76961, -2.45982], [-79.77388, -2.45094], [-79.78419, -2.46086], [-79.78352, -2.45525], [-79.77999, -2.45167], [-79.77397, -2.45022], [-79.77932, -2.43869], [-79.78374, -2.44028], [-79.7774, -2.43246], [-79.79635, -2.43018], [-79.79508, -2.42898], [-79.79049, -2.42734], [-79.78675, -2.42691], [-79.79285, -2.41937], [-79.79162, -2.4195], [-79.79015, -2.42102], [-79.78778, -2.42116], [-79.78501, -2.42261], [-79.78941, -2.41385], [-79.78598, -2.41525], [-79.78547, -2.41603], [-79.78401, -2.42117], [-79.78631, -2.42675], [-79.78379, -2.43132], [-79.76939, -2.42765], [-79.78041, -2.41045], [-79.77219, -2.40527], [-79.78122, -2.38452], [-79.77751, -2.37947], [-79.78362, -2.37625], [-79.77659, -2.35703], [-79.78505, -2.35182], [-79.77229, -2.33276]]], [[[-79.62109, -2.30554], [-79.63802, -2.29827], [-79.68475, -2.30214], [-79.70174, -2.29705], [-79.73212, -2.30903], [-79.74516, -2.31508], [-79.77053, -2.3302], [-79.78458, -2.3516], [-79.77611, -2.35688], [-79.78163, -2.36296], [-79.77568, -2.37267], [-79.78293, -2.37539], [-79.77693, -2.37892], [-79.78069, -2.38434], [-79.77892, -2.38277], [-79.77417, -2.38124], [-79.77363, -2.38025], [-79.76783, -2.3803], [-79.77897, -2.38316], [-79.77104, -2.42238], [-79.75825, -2.40918], [-79.75028, -2.40772], [-79.74833, -2.40552], [-79.74657, -2.40567], [-79.744, -2.39591], [-79.7383, -2.38541], [-79.74053, -2.39314], [-79.74382, -2.396], [-79.74385, -2.40051], [-79.7455, -2.40491], [-79.74664, -2.406], [-79.7485, -2.40604], [-79.75003, -2.40802], [-79.75858, -2.41], [-79.76308, -2.41724], [-79.77015, -2.42231], [-79.76893, -2.42951], [-79.7779, -2.43596], [-79.77046, -2.45165], [-79.74778, -2.46419], [-79.74676, -2.44801], [-79.74515, -2.44889], [-79.74437, -2.45061], [-79.74572, -2.4552], [-79.73451, -2.44742], [-79.73998, -2.4406], [-79.73481, -2.43897], [-79.73845, -2.43147], [-79.73706, -2.4321], [-79.73439, -2.43732], [-79.73175, -2.43796], [-79.73655, -2.44387], [-79.73014, -2.45008], [-79.74514, -2.45586], [-79.74479, -2.47083], [-79.75068, -2.48393], [-79.74259, -2.50384], [-79.75198, -2.51832], [-79.7342, -2.50988], [-79.73447, -2.4888], [-79.71706, -2.4882], [-79.72041, -2.47415], [-79.73357, -2.47215], [-79.73245, -2.47119], [-79.72823, -2.47039], [-79.72937, -2.46362], [-79.72502, -2.46605], [-79.72752, -2.47033], [-79.72005, -2.47334], [-79.70647, -2.46281], [-79.70459, -2.45792], [-79.70872, -2.45731], [-79.70962, -2.45675], [-79.71476, -2.44098], [-79.70871, -2.45701], [-79.69767, -2.44683], [-79.70223, -2.44015], [-79.69198, -2.44676], [-79.68644, -2.4304], [-79.69375, -2.42731], [-79.69203, -2.42651], [-79.68844, -2.42784], [-79.69239, -2.42059], [-79.68824, -2.4244], [-79.68574, -2.43039], [-79.67763, -2.42139], [-79.67536, -2.42206], [-79.68292, -2.42992], [-79.66164, -2.4273], [-79.65495, -2.43601], [-79.65918, -2.43184], [-79.66163, -2.42762], [-79.66495, -2.437], [-79.66655, -2.43432], [-79.66674, -2.43029], [-79.67207, -2.43171], [-79.68493, -2.43103], [-79.68988, -2.44182], [-79.67926, -2.43984], [-79.68075, -2.44266], [-79.68966, -2.44249], [-79.69229, -2.45256], [-79.68332, -2.45578], [-79.6822, -2.45424], [-79.68411, -2.45387], [-79.68519, -2.45169], [-79.68508, -2.45072], [-79.68017, -2.4478], [-79.67833, -2.45141], [-79.67762, -2.45103], [-79.67819, -2.44941], [-79.67727, -2.44745], [-79.67541, -2.44921], [-79.6729, -2.44704], [-79.66997, -2.44869], [-79.66766, -2.44461], [-79.66634, -2.44437], [-79.64685, -2.4496], [-79.65021, -2.45494], [-79.66598, -2.44455], [-79.66752, -2.44506], [-79.66781, -2.44743], [-79.67107, -2.45026], [-79.67187, -2.44992], [-79.67299, -2.44734], [-79.67372, -2.44878], [-79.67495, -2.44952], [-79.67646, -2.44911], [-79.67737, -2.44775], [-79.67764, -2.45168], [-79.67951, -2.45112], [-79.6803, -2.44834], [-79.68198, -2.45184], [-79.68499, -2.45106], [-79.68178, -2.45434], [-79.68189, -2.45541], [-79.68352, -2.45614], [-79.69271, -2.45298], [-79.69359, -2.44908], [-79.69941, -2.44948], [-79.70407, -2.46236], [-79.69952, -2.4642], [-79.71771, -2.47398], [-79.71525, -2.49122], [-79.73209, -2.49122], [-79.72881, -2.50048], [-79.70072, -2.4866], [-79.6985, -2.47897], [-79.69831, -2.48298], [-79.69941, -2.48599], [-79.69176, -2.48572], [-79.68618, -2.47237], [-79.68544, -2.47342], [-79.68756, -2.48288], [-79.67851, -2.47376], [-79.67645, -2.4752], [-79.68698, -2.48341], [-79.67704, -2.4841], [-79.6844, -2.48698], [-79.68796, -2.4841], [-79.69049, -2.49044], [-79.69981, -2.48769], [-79.72332, -2.50145], [-79.70455, -2.51156], [-79.68585, -2.50687], [-79.68358, -2.49724], [-79.68503, -2.50666], [-79.67662, -2.4993], [-79.66673, -2.50065], [-79.67167, -2.49145], [-79.6703, -2.49035], [-79.66612, -2.49681], [-79.66369, -2.48693], [-79.66648, -2.48288], [-79.6654, -2.48035], [-79.66013, -2.48242], [-79.66568, -2.48245], [-79.66248, -2.48604], [-79.66477, -2.50013], [-79.6542, -2.4965], [-79.65055, -2.49929], [-79.65014, -2.50066], [-79.65089, -2.50158], [-79.6485, -2.50293], [-79.64369, -2.49795], [-79.6485, -2.50672], [-79.64874, -2.50639], [-79.64879, -2.50608], [-79.64857, -2.50379], [-79.65127, -2.50156], [-79.65058, -2.49975], [-79.65466, -2.49676], [-79.65899, -2.50155], [-79.66233, -2.50038], [-79.65995, -2.50299], [-79.65575, -2.50325], [-79.68506, -2.50804], [-79.67397, -2.51745], [-79.66521, -2.50781], [-79.67304, -2.51734], [-79.66813, -2.51939], [-79.67378, -2.51813], [-79.66783, -2.52425], [-79.65651, -2.51468], [-79.65449, -2.52111], [-79.667, -2.52457], [-79.65593, -2.53259], [-79.65896, -2.53162], [-79.66403, -2.52815], [-79.66686, -2.525], [-79.6712, -2.52385], [-79.67654, -2.51793], [-79.68346, -2.51578], [-79.68709, -2.50891], [-79.70207, -2.51279], [-79.70137, -2.52015], [-79.69286, -2.52413], [-79.70321, -2.53239], [-79.69458, -2.5469], [-79.69587, -2.55671], [-79.71846, -2.56115], [-79.71906, -2.56771], [-79.69995, -2.57259], [-79.68757, -2.56469], [-79.68062, -2.55477], [-79.68236, -2.53512], [-79.67669, -2.54547], [-79.67882, -2.55734], [-79.67487, -2.55919], [-79.67178, -2.5575], [-79.66872, -2.55827], [-79.66912, -2.55852], [-79.67033, -2.55834], [-79.67206, -2.55771], [-79.67459, -2.5603], [-79.67921, -2.55789], [-79.69433, -2.5751], [-79.72253, -2.57171], [-79.71693, -2.60575], [-79.72956, -2.64262], [-79.74788, -2.65234], [-79.76674, -2.65333], [-79.76343, -2.65727], [-79.77692, -2.66231], [-79.77986, -2.70683], [-79.77553, -2.70775], [-79.77237, -2.69628], [-79.76108, -2.69769], [-79.75726, -2.70483], [-79.75272, -2.70018], [-79.74974, -2.7009], [-79.7525, -2.70062], [-79.75553, -2.70483], [-79.75783, -2.7053], [-79.76144, -2.70425], [-79.76094, -2.69846], [-79.76705, -2.69843], [-79.77254, -2.69724], [-79.77641, -2.71821], [-79.7907, -2.71777], [-79.78832, -2.73976], [-79.79405, -2.74068], [-79.79625, -2.76968], [-79.80352, -2.77798], [-79.80208, -2.7871], [-79.7946, -2.78905], [-79.79362, -2.7903], [-79.79319, -2.79029], [-79.75092, -2.81545], [-79.71355, -2.81755], [-79.70786, -2.81005], [-79.70137, -2.81315], [-79.69655, -2.80789], [-79.69256, -2.81324], [-79.68284, -2.80608], [-79.67261, -2.81052], [-79.666, -2.82958], [-79.63316, -2.84908], [-79.6593, -2.81892], [-79.63706, -2.81547], [-79.62255, -2.79696], [-79.60953, -2.79162], [-79.62483, -2.76351], [-79.62017, -2.75237], [-79.60203, -2.75054], [-79.59862, -2.74455], [-79.56914, -2.74627], [-79.55987, -2.74035], [-79.56086, -2.73139], [-79.55825, -2.73961], [-79.54138, -2.74027], [-79.51764, -2.71891], [-79.52524, -2.70252], [-79.48829, -2.70198], [-79.48306, -2.68927], [-79.50192, -2.66308], [-79.50316, -2.64932], [-79.48044, -2.65361], [-79.48028, -2.63662], [-79.46701, -2.64185], [-79.46989, -2.59584], [-79.41176, -2.60874], [-79.43083, -2.58193], [-79.42903, -2.56275], [-79.41582, -2.5568], [-79.42617, -2.54964], [-79.42091, -2.53035], [-79.4276, -2.5263], [-79.42668, -2.49885], [-79.44705, -2.50441], [-79.45457, -2.49819], [-79.46265, -2.50099], [-79.4988, -2.53295], [-79.50211, -2.52537], [-79.51687, -2.52682], [-79.52043, -2.52231], [-79.51581, -2.51953], [-79.53187, -2.49975], [-79.47608, -2.46348], [-79.41861, -2.37812], [-79.43054, -2.37996], [-79.43368, -2.37348], [-79.45663, -2.3619], [-79.49018, -2.35884], [-79.49391, -2.34563], [-79.5089, -2.34995], [-79.5148, -2.34092], [-79.54011, -2.32895], [-79.5765, -2.33769], [-79.58699, -2.32538], [-79.61998, -2.31438], [-79.62109, -2.30554]]]]}}, {"type": "Feature", "properties": {"admin2_pcode": "EC0912", "admin2_name": "Naranjito", "admin1_name": "Guayas"}, "geometry": {"type": "Polygon", "coordinates": [[[-79.28052, -2.14545], [-79.29558, -2.12678], [-79.33161, -2.12205], [-79.33793, -2.11272], [-79.33589, -2.10291], [-79.33956, -2.10581], [-79.33827, -2.10044], [-79.35665, -2.08586], [-79.37211, -2.09053], [-79.38479, -2.08508], [-79.39884, -2.09187], [-79.41151, -2.08474], [-79.41603, -2.09109], [-79.41055, -2.10656], [-79.41582, -2.11249], [-79.43466, -2.10265], [-79.43322, -2.09456], [-79.44976, -2.09937], [-79.44822, -2.1037], [-79.46112, -2.10881], [-79.45821, -2.15603], [-79.47535, -2.14921], [-79.49884, -2.15354], [-79.49763, -2.22949], [-79.48846, -2.22438], [-79.45966, -2.22773], [-79.44768, -2.21139], [-79.42021, -2.20466], [-79.39864, -2.18856], [-79.3952, -2.19287], [-79.35434, -2.18323], [-79.31741, -2.18569], [-79.30981, -2.17909], [-79.28693, -2.18665], [-79.28052, -2.14545]]]}}, {"type": "Feature", "properties": {"admin2_pcode": "EC0925", "admin2_name": "Nobol", "admin1_name": "Guayas"}, "geometry": {"type": "Polygon", "coordinates": [[[-80.00165, -1.97718], [-80.00796, -1.96927], [-79.99751, -1.96034], [-80.00229, -1.94216], [-80.00931, -1.94009], [-79.9983, -1.92815], [-80.00936, -1.91967], [-79.9886, -1.90744], [-80.00542, -1.90489], [-79.99454, -1.89094], [-80.01026, -1.88491], [-80.0164, -1.89303], [-80.02672, -1.88792], [-80.02901, -1.89553], [-80.02958, -1.88282], [-80.03366, -1.88788], [-80.0336, -1.8808], [-80.03759, -1.88547], [-80.0491, -1.88099], [-80.05476, -1.88321], [-80.06025, -1.90707], [-80.09288, -1.98836], [-80.11097, -1.99641], [-80.11474, -2.01817], [-80.10046, -2.02126], [-80.09566, -2.0408], [-80.09966, -2.05074], [-80.07835, -2.04913], [-80.07194, -2.0373], [-80.04164, -2.03512], [-80.03169, -2.01415], [-80.03852, -1.99817], [-80.00662, -1.98925], [-80.00165, -1.97718]]]}}, {"type": "Feature", "properties": {"admin2_pcode": "EC1116", "admin2_name": "Olmedo", "admin1_name": "Loja"}, "geometry": {"type": "Polygon", "coordinates": [[[-79.5225, -3.9967], [-79.53924, -3.96257], [-79.5333, -3.92798], [-79.54782, -3.91197], [-79.54312, -3.89888], [-79.55692, -3.88281], [-79.58065, -3.89239], [-79.5981, -3.91376], [-79.62282, -3.90082], [-79.63515, -3.90794], [-79.65504, -3.90618], [-79.6657, -3.89589], [-79.66654, -3.91606], [-79.67869, -3.93209], [-79.64299, -3.97537], [-79.61696, -3.96128], [-79.57492, -3.97705], [-79.55829, -3.9695], [-79.5225, -3.9967]]]}}, {"type": "Feature", "properties": {"admin2_pcode": "EC1318", "admin2_name": "Olmedo", "admin1_name": "Manabi"}, "geometry": {"type": "Polygon", "coordinates": [[[-80.09851, -1.32639], [-80.10318, -1.31113], [-80.11369, -1.30138], [-80.12349, -1.30185], [-80.1278, -1.29068], [-80.15108, -1.3058], [-80.16792, -1.30629], [-80.20327, -1.29194], [-80.21415, -1.29662], [-80.22466, -1.27211], [-80.23057, -1.27952], [-80.24117, -1.27663], [-80.25232, -1.28783], [-80.27517, -1.29164], [-80.30045, -1.30952], [-80.29831, -1.32259], [-80.27976, -1.34318], [-80.2812, -1.36701], [-80.26408, -1.38224], [-80.26933, -1.39377], [-80.26609, -1.41306], [-80.27708, -1.41434], [-80.28366, -1.42657], [-80.25264, -1.45219], [-80.22381, -1.4556], [-80.21891, -1.46984], [-80.19588, -1.45914], [-80.19631, -1.42289], [-80.18171, -1.4164], [-80.17025, -1.42122], [-80.16764, -1.40612], [-80.14541, -1.40613], [-80.14209, -1.3803], [-80.15268, -1.36495], [-80.14468, -1.33336], [-80.13747, -1.32411], [-80.09851, -1.32639]]]}}, {"type": "Feature", "properties": {"admin2_pcode": "EC0110", "admin2_name": "O\u00f1a", "admin1_name": "Azuay"}, "geometry": {"type": "Polygon", "coordinates": [[[-79.052, -3.4612], [-79.06351, -3.4619], [-79.07592, -3.44277], [-79.09391, -3.43112], [-79.11387, -3.4337], [-79.11988, -3.41402], [-79.13275, -3.41302], [-79.13683, -3.39996], [-79.15491, -3.40966], [-79.15199, -3.36956], [-79.16357, -3.37607], [-79.19517, -3.36433], [-79.20381, -3.3666], [-79.22664, -3.41829], [-79.24866, -3.43725], [-79.27654, -3.47678], [-79.22799, -3.46493], [-79.20863, -3.44896], [-79.18145, -3.44055], [-79.17589, -3.4673], [-79.15723, -3.47566], [-79.15854, -3.50455], [-79.13631, -3.52802], [-79.13326, -3.54067], [-79.13984, -3.56811], [-79.13355, -3.59835], [-79.11823, -3.60153], [-79.11535, -3.61168], [-79.10574, -3.6173], [-79.10542, -3.62998], [-79.09526, -3.6254], [-79.08043, -3.62376], [-79.05653, -3.60548], [-79.05654, -3.59033], [-79.04129, -3.57488], [-79.05573, -3.57418], [-79.04455, -3.54711], [-79.05554, -3.53978], [-79.06679, -3.51319], [-79.06486, -3.50021], [-79.04407, -3.48116], [-79.04447, -3.46853], [-79.052, -3.4612]]]}}, {"type": "Feature", "properties": {"admin2_pcode": "EC2201", "admin2_name": "Orellana", "admin1_name": "Orellana"}, "geometry": {"type": "Polygon", "coordinates": [[[-77.15725, -0.09989], [-77.20419, -0.09864], [-77.21023, -0.0841], [-77.27783, -0.04914], [-77.29085, -0.04763], [-77.30554, -0.05989], [-77.2973, -0.06489], [-77.30172, -0.07119], [-77.29477, -0.07789], [-77.27817, -0.13626], [-77.29672, -0.14513], [-77.29331, -0.17213], [-77.29992, -0.18254], [-77.29908, -0.20222], [-77.27999, -0.20916], [-77.26975, -0.23833], [-77.2612, -0.23797], [-77.26538, -0.25518], [-77.27284, -0.25074], [-77.27525, -0.26033], [-77.25749, -0.27137], [-77.26222, -0.28563], [-77.25702, -0.30609], [-77.26969, -0.31369], [-77.27488, -0.33771], [-77.28761, -0.34337], [-77.29308, -0.33906], [-77.30152, -0.34604], [-77.29281, -0.35498], [-77.29749, -0.36238], [-77.2824, -0.3646], [-77.28884, -0.371], [-77.26971, -0.37533], [-77.26156, -0.36954], [-77.24086, -0.3763], [-77.2343, -0.39088], [-77.25137, -0.39456], [-77.23684, -0.41397], [-77.21055, -0.43313], [-77.1841, -0.44102], [-77.18264, -0.44921], [-77.17886, -0.44036], [-77.15546, -0.46087], [-77.14489, -0.45869], [-77.14224, -0.44127], [-77.1311, -0.48472], [-77.13861, -0.49185], [-77.09531, -0.53678], [-77.07533, -0.54741], [-77.08467, -0.56728], [-77.10049, -0.5797], [-77.09791, -0.5966], [-77.10998, -0.61196], [-77.13136, -0.68126], [-77.1245, -0.69513], [-77.11547, -0.69956], [-77.12133, -0.72865], [-77.14393, -0.73851], [-77.14858, -0.75593], [-77.17661, -0.76276], [-77.19178, -0.78142], [-77.19506, -0.79572], [-77.20568, -0.80314], [-77.19157, -0.8384], [-77.19726, -0.8531], [-77.17876, -0.85636], [-77.16392, -0.87326], [-77.15109, -0.86748], [-77.14326, -0.87449], [-77.14256, -0.89562], [-77.13736, -0.89883], [-77.11812, -0.90003], [-77.09364, -0.91207], [-77.05697, -0.90837], [-77.03059, -0.92038], [-77.05295, -0.93535], [-77.05635, -0.94694], [-77.07225, -0.95206], [-77.06945, -0.97423], [-77.05608, -0.98425], [-77.03238, -0.98832], [-77.05236, -0.99523], [-77.05063, -1.0071], [-77.06133, -1.00823], [-77.0693, -1.01904], [-77.09129, -1.02374], [-77.09178, -1.03609], [-77.07454, -1.0552], [-77.06851, -1.08472], [-77.03386, -1.10167], [-77.03144, -1.09682], [-76.99185, -1.096], [-76.98187, -1.10559], [-76.96987, -1.10624], [-76.95537, -1.12151], [-76.92459, -1.12378], [-76.92081, -1.11889], [-76.9134, -1.12669], [-76.89705, -1.12669], [-76.88592, -1.14249], [-76.87586, -1.14597], [-76.87826, -1.15109], [-76.86107, -1.15495], [-76.85518, -1.16252], [-76.83139, -1.15852], [-76.82999, -1.11023], [-76.8032, -1.11082], [-76.78167, -1.09166], [-76.77549, -1.09612], [-76.76958, -1.08969], [-76.76233, -1.0988], [-76.75201, -1.09404], [-76.749, -1.10045], [-76.73313, -1.0991], [-76.72718, -1.10558], [-76.72023, -1.08286], [-76.68745, -1.07771], [-76.65275, -1.05667], [-76.60317, -1.07264], [-76.58531, -1.06727], [-76.58319, -0.80956], [-76.56465, -0.80638], [-76.55459, -0.81148], [-76.54683, -0.80022], [-76.54168, -0.80625], [-76.529, -0.7975], [-76.51939, -0.79983], [-76.51833, -0.79172], [-76.49189, -0.80044], [-76.484, -0.7919], [-76.47935, -0.79689], [-76.47782, -0.79066], [-76.46929, -0.7967], [-76.45921, -0.78485], [-76.43478, -0.78034], [-76.43358, -0.768], [-76.42606, -0.7664], [-76.41221, -0.74087], [-76.39411, -0.73993], [-76.39252, -0.73139], [-76.3855, -0.73221], [-76.38076, -0.72123], [-76.36901, -0.71746], [-76.37011, -0.71184], [-76.35317, -0.70518], [-76.34807, -0.71484], [-76.34256, -0.70963], [-76.33769, -0.71973], [-76.33458, -0.70732], [-76.32477, -0.70335], [-76.31881, -0.71686], [-76.30944, -0.71126], [-76.31247, -0.70275], [-76.29919, -0.70223], [-76.30129, -0.69279], [-76.29298, -0.70481], [-76.28267, -0.69243], [-76.27368, -0.70184], [-76.25848, -0.6773], [-76.24942, -0.67769], [-76.2549, -0.66986], [-76.25, -0.65357], [-76.24125, -0.6613], [-76.23649, -0.65223], [-76.21675, -0.66702], [-76.21679, -0.65743], [-76.20628, -0.65331], [-76.21091, -0.64983], [-76.20615, -0.6431], [-76.20679, -0.65015], [-76.18334, -0.64406], [-76.17875, -0.62983], [-76.16454, -0.64009], [-76.14944, -0.63831], [-76.14165, -0.65149], [-76.13052, -0.64464], [-76.14124, -0.63673], [-76.12531, -0.63431], [-76.11969, -0.6397], [-76.10926, -0.62288], [-76.10475, -0.63542], [-76.08646, -0.63418], [-76.08973, -0.62502], [-76.07728, -0.63204], [-76.08274, -0.63788], [-76.07743, -0.65327], [-76.06861, -0.63013], [-76.06077, -0.64215], [-76.06449, -0.64697], [-76.04948, -0.63697], [-76.04939, -0.65376], [-76.03789, -0.64691], [-76.03917, -0.65561], [-76.03006, -0.65502], [-76.02983, -0.66403], [-76.02248, -0.66824], [-76.02122, -0.67449], [-76.02681, -0.67521], [-76.02261, -0.67899], [-76.03257, -0.6829], [-76.02519, -0.68597], [-76.02448, -0.69549], [-76.01703, -0.69292], [-76.02607, -0.69759], [-76.02442, -0.71581], [-76.0125, -0.71139], [-76.01649, -0.70528], [-76.00831, -0.70443], [-76.00992, -0.69925], [-76.00647, -0.70315], [-76.00466, -0.71172], [-76.00205, -0.54666], [-76.05928, -0.50514], [-76.07275, -0.47962], [-76.07838, -0.44559], [-76.08686, -0.44009], [-76.12904, -0.45202], [-76.19672, -0.43817], [-76.23307, -0.44891], [-76.26176, -0.44726], [-76.29168, -0.47718], [-76.33318, -0.48601], [-76.36612, -0.51695], [-76.38572, -0.52099], [-76.42181, -0.48608], [-76.4726, -0.48655], [-76.49115, -0.46897], [-76.50451, -0.44397], [-76.52732, -0.44031], [-76.55203, -0.41369], [-76.56848, -0.41065], [-76.60119, -0.43026], [-76.61738, -0.44743], [-76.63396, -0.4534], [-76.69621, -0.45602], [-76.7741, -0.43673], [-76.88359, -0.46198], [-76.90095, -0.46003], [-76.89556, -0.45521], [-76.90289, -0.4389], [-76.92244, -0.44234], [-76.93593, -0.43499], [-76.93807, -0.40733], [-76.94896, -0.38849], [-76.99275, -0.38861], [-76.98411, -0.37151], [-76.98585, -0.35402], [-77.01541, -0.33782], [-77.02367, -0.32281], [-77.02263, -0.30841], [-77.05125, -0.27513], [-77.05772, -0.2273], [-77.05496, -0.19936], [-77.06963, -0.18945], [-77.08344, -0.16164], [-77.09762, -0.15608], [-77.11074, -0.12377], [-77.15725, -0.09989]]]}}, {"type": "Feature", "properties": {"admin2_pcode": "EC1004", "admin2_name": "Otavalo", "admin1_name": "Imbabura"}, "geometry": {"type": "Polygon", "coordinates": [[[-78.24439, 0.30528], [-78.25811, 0.29162], [-78.25455, 0.28468], [-78.27251, 0.25976], [-78.29879, 0.26916], [-78.31427, 0.25927], [-78.37017, 0.28219], [-78.38588, 0.30971], [-78.39678, 0.29394], [-78.41896, 0.28857], [-78.42143, 0.30963], [-78.42738, 0.30534], [-78.4429, 0.31047], [-78.46603, 0.28928], [-78.47821, 0.28817], [-78.48305, 0.29799], [-78.49417, 0.30082], [-78.4888, 0.31334], [-78.48991, 0.3226], [-78.49577, 0.32176], [-78.51441, 0.31356], [-78.54433, 0.28416], [-78.55678, 0.28447], [-78.57998, 0.27099], [-78.5942, 0.2557], [-78.59511, 0.23401], [-78.60707, 0.23664], [-78.62507, 0.2181], [-78.55498, 0.22433], [-78.54113, 0.23797], [-78.51201, 0.22618], [-78.48883, 0.25382], [-78.47546, 0.24682], [-78.46685, 0.25554], [-78.4562, 0.24055], [-78.44412, 0.23792], [-78.41975, 0.25163], [-78.40233, 0.24055], [-78.39867, 0.24992], [-78.39079, 0.24464], [-78.38321, 0.25096], [-78.37248, 0.22288], [-78.35668, 0.21719], [-78.36381, 0.20862], [-78.35818, 0.20278], [-78.36014, 0.194], [-78.3761, 0.16807], [-78.3736, 0.15956], [-78.35759, 0.17133], [-78.3379, 0.20327], [-78.33248, 0.20204], [-78.33206, 0.19139], [-78.31071, 0.18497], [-78.3011, 0.17357], [-78.29853, 0.15793], [-78.28595, 0.14885], [-78.29337, 0.13363], [-78.27979, 0.13944], [-78.258, 0.13613], [-78.2452, 0.12287], [-78.2011, 0.12816], [-78.19503, 0.14022], [-78.1876, 0.13966], [-78.17986, 0.13504], [-78.15464, 0.14143], [-78.14602, 0.15118], [-78.14827, 0.15895], [-78.12702, 0.21924], [-78.12023, 0.22478], [-78.12378, 0.23131], [-78.14419, 0.23224], [-78.16587, 0.25317], [-78.18053, 0.25426], [-78.19702, 0.27518], [-78.24125, 0.29092], [-78.24439, 0.30528]]]}}, {"type": "Feature", "properties": {"admin2_pcode": "EC1411", "admin2_name": "Pablo Sexto", "admin1_name": "Morona Santiago"}, "geometry": {"type": "Polygon", "coordinates": [[[-77.9234, -1.87635], [-78.00315, -1.8516], [-78.02589, -1.85083], [-78.08003, -1.85606], [-78.13086, -1.88065], [-78.15813, -1.87116], [-78.16158, -1.85564], [-78.17012, -1.84855], [-78.17123, -1.80287], [-78.16697, -1.77338], [-78.15867, -1.76912], [-78.16915, -1.76164], [-78.17741, -1.72351], [-78.18894, -1.71977], [-78.18369, -1.70217], [-78.19826, -1.69486], [-78.22122, -1.70528], [-78.24792, -1.6964], [-78.26524, -1.68018], [-78.27671, -1.68139], [-78.27129, -1.66431], [-78.29715, -1.63224], [-78.33349, -1.6519], [-78.36371, -1.64435], [-78.37242, -1.65709], [-78.38267, -1.65478], [-78.41079, -1.66527], [-78.4089, -1.67472], [-78.41741, -1.68497], [-78.43343, -1.68707], [-78.45156, -1.73223], [-78.46698, -1.75178], [-78.45717, -1.76286], [-78.44487, -1.76586], [-78.43824, -1.79065], [-78.42014, -1.80459], [-78.42076, -1.82871], [-78.39693, -1.85318], [-78.4036, -1.87702], [-78.41979, -1.88414], [-78.41968, -1.89411], [-78.42927, -1.89749], [-78.43403, -1.90934], [-78.45548, -1.91953], [-78.46125, -1.93686], [-78.46343, -1.9495], [-78.48905, -1.95832], [-78.48744, -1.98118], [-78.47802, -2.00087], [-78.45962, -1.9929], [-78.44353, -2.00718], [-78.44777, -2.02704], [-78.41708, -2.0313], [-78.405, -2.04109], [-78.39429, -2.03801], [-78.37771, -2.04893], [-78.36396, -2.04472], [-78.36197, -2.03258], [-78.34199, -2.00475], [-78.31817, -2.00462], [-78.2847, -2.01663], [-78.27942, -2.02556], [-78.25316, -2.01175], [-78.22413, -2.02267], [-78.21111, -2.01811], [-78.19741, -2.02678], [-78.15083, -2.0144], [-78.16913, -1.97628], [-78.14231, -1.96973], [-78.11519, -1.94239], [-78.09759, -1.93599], [-78.08956, -1.94516], [-78.0687, -1.94663], [-78.05746, -1.93628], [-78.00904, -1.94849], [-77.99915, -1.93338], [-78.00047, -1.91426], [-77.98116, -1.88757], [-77.95105, -1.88235], [-77.94447, -1.88654], [-77.9234, -1.87635]]]}}, {"type": "Feature", "properties": {"admin2_pcode": "EC1310", "admin2_name": "Pajan", "admin1_name": "Manabi"}, "geometry": {"type": "Polygon", "coordinates": [[[-80.25264, -1.45219], [-80.27342, -1.47604], [-80.27163, -1.48469], [-80.28908, -1.48233], [-80.29048, -1.48989], [-80.29505, -1.48512], [-80.29333, -1.49991], [-80.32718, -1.51433], [-80.32809, -1.54734], [-80.35116, -1.5543], [-80.36221, -1.54697], [-80.36331, -1.53871], [-80.37174, -1.54156], [-80.38012, -1.53474], [-80.38163, -1.5405], [-80.39649, -1.53221], [-80.39527, -1.49759], [-80.40343, -1.49305], [-80.44938, -1.49315], [-80.45548, -1.50118], [-80.46699, -1.50069], [-80.47317, -1.51062], [-80.52039, -1.51338], [-80.52157, -1.52007], [-80.50139, -1.53673], [-80.53072, -1.56772], [-80.5437, -1.55436], [-80.57086, -1.55728], [-80.56707, -1.5788], [-80.55364, -1.57252], [-80.55204, -1.58424], [-80.52494, -1.59572], [-80.52828, -1.6093], [-80.52101, -1.60924], [-80.51694, -1.62675], [-80.52358, -1.63111], [-80.50619, -1.66882], [-80.50734, -1.67576], [-80.52549, -1.68466], [-80.525, -1.69485], [-80.51576, -1.69406], [-80.516, -1.69925], [-80.5276, -1.69907], [-80.53488, -1.70849], [-80.53403, -1.727], [-80.5266, -1.73572], [-80.53894, -1.75206], [-80.53148, -1.75381], [-80.52565, -1.77407], [-80.52472, -1.78679], [-80.53461, -1.80445], [-80.52219, -1.8122], [-80.51525, -1.83164], [-80.54212, -1.83472], [-80.527, -1.84829], [-80.54899, -1.86006], [-80.51666, -1.90284], [-80.51852, -1.92159], [-80.47352, -1.92576], [-80.46517, -1.94714], [-80.45528, -1.94062], [-80.44037, -1.94301], [-80.4287, -1.9251], [-80.43175, -1.89887], [-80.417, -1.88158], [-80.44378, -1.88538], [-80.44674, -1.88172], [-80.4348, -1.88205], [-80.43477, -1.86399], [-80.44102, -1.85931], [-80.42535, -1.85436], [-80.43189, -1.85127], [-80.42908, -1.83433], [-80.4097, -1.83765], [-80.40748, -1.83133], [-80.41263, -1.81861], [-80.42611, -1.80893], [-80.41895, -1.78563], [-80.39989, -1.77195], [-80.39223, -1.77606], [-80.38648, -1.75685], [-80.36361, -1.73953], [-80.35379, -1.72296], [-80.333, -1.72401], [-80.33637, -1.71], [-80.32438, -1.69349], [-80.32408, -1.68275], [-80.29022, -1.70998], [-80.28014, -1.70312], [-80.29505, -1.69314], [-80.24733, -1.68648], [-80.23993, -1.69363], [-80.23428, -1.68772], [-80.21139, -1.69348], [-80.20816, -1.67343], [-80.21982, -1.66195], [-80.22509, -1.64858], [-80.2191, -1.63739], [-80.23071, -1.62504], [-80.22332, -1.61691], [-80.25414, -1.61683], [-80.28417, -1.56935], [-80.25211, -1.56547], [-80.23574, -1.57446], [-80.22173, -1.57427], [-80.18719, -1.54767], [-80.1748, -1.52964], [-80.19401, -1.51915], [-80.20713, -1.49332], [-80.19628, -1.47645], [-80.19588, -1.45914], [-80.21891, -1.46984], [-80.22381, -1.4556], [-80.25264, -1.45219]]]}}, {"type": "Feature", "properties": {"admin2_pcode": "EC1908", "admin2_name": "Palanda", "admin1_name": "Zamora Chinchipe"}, "geometry": {"type": "Polygon", "coordinates": [[[-78.95392, -4.30507], [-78.97566, -4.28879], [-78.99456, -4.29753], [-79.00974, -4.28745], [-79.01057, -4.25619], [-79.0205, -4.25846], [-79.034, -4.23628], [-79.04794, -4.23438], [-79.05558, -4.24555], [-79.06359, -4.24098], [-79.06611, -4.24515], [-79.08977, -4.22978], [-79.10691, -4.22912], [-79.10605, -4.25993], [-79.11438, -4.26728], [-79.10721, -4.28824], [-79.12072, -4.30863], [-79.10881, -4.33265], [-79.11445, -4.34216], [-79.10743, -4.36478], [-79.11408, -4.38765], [-79.11056, -4.40371], [-79.1189, -4.42459], [-79.14211, -4.43352], [-79.16828, -4.4754], [-79.17523, -4.4747], [-79.18255, -4.48365], [-79.19127, -4.47526], [-79.20883, -4.51084], [-79.22044, -4.5042], [-79.2253, -4.49247], [-79.24967, -4.48272], [-79.2633, -4.48749], [-79.27151, -4.47358], [-79.29077, -4.47667], [-79.3029, -4.49907], [-79.31686, -4.50761], [-79.32466, -4.50526], [-79.32717, -4.5315], [-79.33655, -4.54658], [-79.3273, -4.57748], [-79.33334, -4.60582], [-79.35297, -4.62533], [-79.35932, -4.64886], [-79.37731, -4.65531], [-79.39307, -4.67718], [-79.39398, -4.69289], [-79.34783, -4.71793], [-79.32688, -4.71626], [-79.31489, -4.72751], [-79.29196, -4.73512], [-79.29164, -4.72404], [-79.27865, -4.72616], [-79.18091, -4.76092], [-79.15294, -4.74905], [-79.1473, -4.73601], [-79.13262, -4.72974], [-79.12612, -4.71823], [-79.11426, -4.72705], [-79.11101, -4.74103], [-79.0938, -4.75381], [-79.09152, -4.76696], [-79.10445, -4.78938], [-79.0831, -4.79976], [-79.08276, -4.80548], [-79.06619, -4.80002], [-79.01799, -4.76483], [-78.9812, -4.74679], [-78.96413, -4.74674], [-78.98162, -4.80752], [-78.89219, -4.80933], [-78.91504, -4.7818], [-78.88928, -4.76343], [-78.89073, -4.71966], [-78.86342, -4.69095], [-78.85531, -4.66668], [-78.84093, -4.65363], [-78.82163, -4.64717], [-78.87799, -4.64646], [-78.89335, -4.63529], [-78.89989, -4.62299], [-78.89714, -4.61405], [-78.91379, -4.59692], [-78.9267, -4.54678], [-78.92463, -4.51092], [-78.93751, -4.49753], [-78.93918, -4.47565], [-78.94962, -4.46385], [-78.946, -4.44727], [-78.95327, -4.43262], [-78.93991, -4.3878], [-78.95004, -4.35052], [-78.93996, -4.31696], [-78.95392, -4.30507]]]}}, {"type": "Feature", "properties": {"admin2_pcode": "EC1209", "admin2_name": "Palenque", "admin1_name": "Los Rios"}, "geometry": {"type": "Polygon", "coordinates": [[[-79.57813, -1.32872], [-79.57575, -1.30185], [-79.5665, -1.28324], [-79.58024, -1.26356], [-79.60453, -1.26208], [-79.60089, -1.25365], [-79.62165, -1.22365], [-79.66685, -1.22883], [-79.6355, -1.20416], [-79.66755, -1.19947], [-79.67058, -1.19393], [-79.66211, -1.18615], [-79.68453, -1.18998], [-79.69029, -1.18539], [-79.70645, -1.19317], [-79.70606, -1.1773], [-79.71803, -1.17925], [-79.72549, -1.18263], [-79.73229, -1.17748], [-79.74375, -1.19313], [-79.74849, -1.19185], [-79.74557, -1.21916], [-79.75277, -1.22428], [-79.7524, -1.23718], [-79.75903, -1.23474], [-79.75237, -1.2443], [-79.77111, -1.25759], [-79.76414, -1.25978], [-79.76398, -1.26862], [-79.78035, -1.27653], [-79.77437, -1.28832], [-79.79019, -1.29455], [-79.78511, -1.29738], [-79.79339, -1.30407], [-79.7893, -1.30624], [-79.80379, -1.33252], [-79.80303, -1.34478], [-79.84635, -1.3832], [-79.84537, -1.39608], [-79.85451, -1.4058], [-79.84749, -1.40953], [-79.86092, -1.42128], [-79.83473, -1.42146], [-79.85083, -1.46692], [-79.84017, -1.46035], [-79.82837, -1.46768], [-79.80722, -1.44793], [-79.7931, -1.44962], [-79.79125, -1.4554], [-79.77267, -1.44991], [-79.76363, -1.46021], [-79.76507, -1.46825], [-79.74749, -1.47011], [-79.73499, -1.48734], [-79.72418, -1.48893], [-79.7051, -1.4789], [-79.70179, -1.45812], [-79.68814, -1.4394], [-79.67787, -1.43759], [-79.67695, -1.41754], [-79.6698, -1.40567], [-79.66241, -1.40746], [-79.64378, -1.38415], [-79.62952, -1.37706], [-79.63499, -1.34933], [-79.63054, -1.33148], [-79.60152, -1.31575], [-79.57813, -1.32872]]]}}, {"type": "Feature", "properties": {"admin2_pcode": "EC0913", "admin2_name": "Palestina", "admin1_name": "Guayas"}, "geometry": {"type": "Polygon", "coordinates": [[[-79.87479, -1.54186], [-79.88661, -1.54142], [-79.89083, -1.55188], [-79.91042, -1.55388], [-79.91944, -1.5832], [-79.91666, -1.59357], [-79.96437, -1.59113], [-79.98307, -1.62759], [-79.99585, -1.61627], [-79.99704, -1.6306], [-80.011, -1.62842], [-80.01171, -1.64073], [-79.99299, -1.65197], [-79.98818, -1.67233], [-79.96131, -1.69256], [-79.96941, -1.70354], [-79.95077, -1.70068], [-79.93488, -1.70778], [-79.92333, -1.69541], [-79.92085, -1.70148], [-79.90994, -1.69624], [-79.89956, -1.7007], [-79.90001, -1.71391], [-79.88893, -1.71032], [-79.88769, -1.71728], [-79.87965, -1.71245], [-79.87074, -1.71941], [-79.86063, -1.69949], [-79.86463, -1.68565], [-79.8731, -1.68526], [-79.879, -1.67557], [-79.8781, -1.66341], [-79.86904, -1.65923], [-79.86341, -1.64377], [-79.85631, -1.62946], [-79.86168, -1.61025], [-79.87117, -1.60116], [-79.86465, -1.58377], [-79.85333, -1.57865], [-79.85375, -1.56702], [-79.87032, -1.55775], [-79.86797, -1.5433], [-79.87479, -1.54186]]]}}, {"type": "Feature", "properties": {"admin2_pcode": "EC0608", "admin2_name": "Pallatanga", "admin1_name": "Chimborazo"}, "geometry": {"type": "Polygon", "coordinates": [[[-78.81467, -1.94761], [-78.83852, -1.93417], [-78.85236, -1.93999], [-78.86277, -1.93098], [-78.87946, -1.94228], [-78.90236, -1.94058], [-78.91386, -1.95014], [-78.9313, -1.93309], [-78.96228, -1.93791], [-78.96805, -1.91893], [-78.9744, -1.91603], [-78.99455, -1.91881], [-78.99892, -1.93061], [-79.00793, -1.93517], [-79.01638, -1.96021], [-79.01646, -1.99514], [-79.0261, -2.0095], [-79.03698, -2.0599], [-79.02366, -2.07269], [-79.02376, -2.08606], [-79.00333, -2.08282], [-78.99312, -2.09249], [-78.97952, -2.09056], [-78.97294, -2.11627], [-78.96556, -2.10856], [-78.94852, -2.11802], [-78.91941, -2.11639], [-78.90715, -2.11266], [-78.90635, -2.10461], [-78.89515, -2.10487], [-78.87151, -2.09373], [-78.86279, -2.07468], [-78.85164, -2.07467], [-78.8348, -2.05561], [-78.83896, -2.03658], [-78.83149, -2.01453], [-78.84971, -1.99436], [-78.82814, -1.98691], [-78.81467, -1.94761]]]}}, {"type": "Feature", "properties": {"admin2_pcode": "EC1404", "admin2_name": "Palora", "admin1_name": "Morona Santiago"}, "geometry": {"type": "Polygon", "coordinates": [[[-77.92346, -1.65667], [-77.94979, -1.65296], [-77.96961, -1.66731], [-78.02053, -1.6765], [-78.05836, -1.56682], [-78.06343, -1.52755], [-78.08034, -1.49823], [-78.12536, -1.45409], [-78.17805, -1.44805], [-78.19238, -1.45568], [-78.19678, -1.4744], [-78.21736, -1.47365], [-78.22148, -1.48598], [-78.23359, -1.49318], [-78.2657, -1.50229], [-78.27764, -1.49585], [-78.27925, -1.48219], [-78.29846, -1.48044], [-78.31617, -1.49605], [-78.34533, -1.50407], [-78.34956, -1.52313], [-78.358, -1.52162], [-78.36471, -1.5331], [-78.37672, -1.53674], [-78.3705, -1.5758], [-78.37726, -1.58518], [-78.37296, -1.59986], [-78.36404, -1.60658], [-78.36371, -1.64435], [-78.33349, -1.6519], [-78.29715, -1.63224], [-78.27129, -1.66431], [-78.27671, -1.68139], [-78.26524, -1.68018], [-78.24792, -1.6964], [-78.22122, -1.70528], [-78.19826, -1.69486], [-78.18369, -1.70217], [-78.18894, -1.71977], [-78.17741, -1.72351], [-78.16915, -1.76164], [-78.15867, -1.76912], [-78.16697, -1.77338], [-78.17123, -1.80287], [-78.17012, -1.84855], [-78.16158, -1.85564], [-78.15813, -1.87116], [-78.13086, -1.88065], [-78.08003, -1.85606], [-78.02589, -1.85083], [-78.00315, -1.8516], [-77.9234, -1.87635], [-77.87316, -1.84981], [-77.83276, -1.86215], [-77.84225, -1.84921], [-77.856, -1.84666], [-77.84669, -1.83716], [-77.86153, -1.81397], [-77.85671, -1.80106], [-77.86954, -1.78692], [-77.86507, -1.77314], [-77.87217, -1.76916], [-77.86919, -1.75615], [-77.88488, -1.76306], [-77.88245, -1.70941], [-77.88924, -1.69025], [-77.90547, -1.6864], [-77.92346, -1.65667]]]}}, {"type": "Feature", "properties": {"admin2_pcode": "EC1109", "admin2_name": "Paltas", "admin1_name": "Loja"}, "geometry": {"type": "Polygon", "coordinates": [[[-79.85325, -3.82457], [-79.87255, -3.82092], [-79.89329, -3.82923], [-79.91381, -3.82304], [-79.91701, -3.82784], [-79.93069, -3.82545], [-79.93564, -3.832], [-79.95441, -3.82821], [-79.98603, -3.84223], [-79.99827, -3.85646], [-79.99666, -3.86374], [-79.9861, -3.86413], [-79.98521, -3.87703], [-79.94411, -3.89552], [-79.94359, -3.90942], [-79.92615, -3.92246], [-79.90902, -3.91904], [-79.91131, -3.94596], [-79.90342, -3.98336], [-79.89431, -3.9977], [-79.87965, -4.00173], [-79.87164, -4.03002], [-79.91681, -4.04056], [-79.94641, -4.02114], [-79.96137, -4.02305], [-79.97251, -4.03145], [-79.9707, -4.05745], [-79.96123, -4.0569], [-79.94848, -4.07543], [-79.91892, -4.07382], [-79.8957, -4.12138], [-79.88013, -4.13649], [-79.84474, -4.1488], [-79.83772, -4.13167], [-79.82298, -4.13478], [-79.80933, -4.11603], [-79.76052, -4.14307], [-79.72367, -4.1506], [-79.68474, -4.17518], [-79.66448, -4.17057], [-79.63657, -4.18361], [-79.63239, -4.17796], [-79.62734, -4.18429], [-79.62618, -4.17904], [-79.60689, -4.1747], [-79.59319, -4.13836], [-79.5793, -4.12407], [-79.58339, -4.11887], [-79.57266, -4.11336], [-79.57393, -4.10292], [-79.56037, -4.10244], [-79.54705, -4.07919], [-79.53152, -4.07326], [-79.52385, -4.04593], [-79.51197, -4.02988], [-79.5199, -4.02436], [-79.51452, -4.00539], [-79.5225, -3.9967], [-79.55829, -3.9695], [-79.57492, -3.97705], [-79.61696, -3.96128], [-79.64299, -3.97537], [-79.67869, -3.93209], [-79.68901, -3.93202], [-79.70904, -3.94998], [-79.71292, -3.91849], [-79.72203, -3.91655], [-79.72106, -3.9055], [-79.73165, -3.901], [-79.73326, -3.89352], [-79.73894, -3.91464], [-79.77769, -3.92031], [-79.79411, -3.86731], [-79.81127, -3.85026], [-79.80197, -3.84223], [-79.80861, -3.83527], [-79.83041, -3.83753], [-79.85325, -3.82457]]]}}, {"type": "Feature", "properties": {"admin2_pcode": "EC0503", "admin2_name": "Pangua", "admin1_name": "Cotopaxi"}, "geometry": {"type": "Polygon", "coordinates": [[[-79.15403, -0.9954], [-79.1952, -0.98176], [-79.29179, -1.00455], [-79.31194, -1.03467], [-79.30842, -1.06004], [-79.3204, -1.07989], [-79.32651, -1.11535], [-79.33257, -1.11318], [-79.33242, -1.12315], [-79.33986, -1.1257], [-79.32784, -1.15922], [-79.29966, -1.17727], [-79.28985, -1.20531], [-79.28025, -1.20625], [-79.26011, -1.2075], [-79.23852, -1.19524], [-79.22049, -1.17459], [-79.17929, -1.16869], [-79.17432, -1.16232], [-79.14448, -1.15511], [-79.13324, -1.1628], [-79.12282, -1.15234], [-79.11272, -1.15556], [-79.10661, -1.1498], [-79.08855, -1.15573], [-79.06903, -1.17827], [-79.04786, -1.18848], [-79.04545, -1.19683], [-78.98779, -1.21957], [-78.97327, -1.21162], [-78.95871, -1.21607], [-78.94686, -1.21093], [-78.93464, -1.1882], [-78.95005, -1.16868], [-78.96561, -1.16374], [-78.96943, -1.12777], [-79.00815, -1.13264], [-79.02632, -1.12749], [-79.00424, -1.10538], [-78.98287, -1.07089], [-78.96197, -1.05989], [-78.9664, -1.04968], [-79.03337, -1.06908], [-79.05373, -1.04828], [-79.04672, -1.01953], [-79.05215, -1.01112], [-79.06562, -1.01019], [-79.07427, -1.01727], [-79.10667, -1.00255], [-79.11859, -1.0132], [-79.15403, -0.9954]]]}}, {"type": "Feature", "properties": {"admin2_pcode": "EC1909", "admin2_name": "Paquisha", "admin1_name": "Zamora Chinchipe"}, "geometry": {"type": "Polygon", "coordinates": [[[-78.47881, -3.86779], [-78.52968, -3.86979], [-78.5334, -3.88402], [-78.54193, -3.88672], [-78.5504, -3.86784], [-78.56828, -3.85369], [-78.58849, -3.86637], [-78.59199, -3.85537], [-78.61676, -3.88424], [-78.6516, -3.84465], [-78.68638, -3.86335], [-78.67891, -3.8813], [-78.68779, -3.88796], [-78.67576, -3.89849], [-78.68247, -3.89896], [-78.68334, -3.91549], [-78.69335, -3.92152], [-78.6747, -3.93866], [-78.67869, -3.94454], [-78.68365, -3.93778], [-78.68375, -3.94755], [-78.67403, -3.95544], [-78.67621, -3.98146], [-78.67037, -3.98616], [-78.66344, -3.97774], [-78.66505, -3.98926], [-78.65782, -3.98557], [-78.66313, -3.99839], [-78.65682, -3.99801], [-78.6568, -4.00682], [-78.64885, -4.01014], [-78.64958, -4.03748], [-78.63265, -4.04081], [-78.61732, -4.05939], [-78.58861, -4.06209], [-78.56231, -4.07816], [-78.54087, -4.06884], [-78.55364, -4.05282], [-78.56833, -4.04658], [-78.5621, -4.00261], [-78.56664, -3.99329], [-78.54274, -3.97482], [-78.54269, -3.96511], [-78.52399, -3.93732], [-78.49022, -3.93617], [-78.47693, -3.90777], [-78.48581, -3.89225], [-78.47707, -3.8817], [-78.47881, -3.86779]]]}}, {"type": "Feature", "properties": {"admin2_pcode": "EC0709", "admin2_name": "Pasaje", "admin1_name": "El Oro"}, "geometry": {"type": "Polygon", "coordinates": [[[-79.59773, -3.18067], [-79.65719, -3.18978], [-79.68235, -3.2196], [-79.67803, -3.24552], [-79.6989, -3.26754], [-79.73915, -3.26888], [-79.76463, -3.27835], [-79.7762, -3.2722], [-79.79097, -3.25034], [-79.81678, -3.25986], [-79.84229, -3.27846], [-79.85623, -3.29321], [-79.85455, -3.2997], [-79.87338, -3.30705], [-79.87192, -3.3227], [-79.8622, -3.32255], [-79.8625, -3.33675], [-79.89024, -3.35195], [-79.8882, -3.35827], [-79.89712, -3.36938], [-79.88393, -3.3823], [-79.87734, -3.37597], [-79.86321, -3.38006], [-79.85573, -3.36477], [-79.84355, -3.36867], [-79.82761, -3.36108], [-79.82776, -3.36556], [-79.81677, -3.36553], [-79.80613, -3.41204], [-79.76499, -3.46221], [-79.73993, -3.46423], [-79.73573, -3.45729], [-79.71899, -3.45501], [-79.70969, -3.43121], [-79.70055, -3.43082], [-79.71105, -3.40389], [-79.69584, -3.36543], [-79.68136, -3.37384], [-79.665, -3.36982], [-79.67039, -3.34547], [-79.66475, -3.33111], [-79.65882, -3.33929], [-79.63827, -3.33915], [-79.62407, -3.34687], [-79.61125, -3.34312], [-79.60687, -3.33068], [-79.59268, -3.32964], [-79.57959, -3.36604], [-79.58932, -3.37621], [-79.58539, -3.3869], [-79.56578, -3.3927], [-79.55575, -3.38744], [-79.54912, -3.36442], [-79.57739, -3.34706], [-79.5845, -3.33582], [-79.58051, -3.32453], [-79.59588, -3.32186], [-79.61064, -3.32865], [-79.62462, -3.32627], [-79.63029, -3.31815], [-79.64905, -3.3259], [-79.66946, -3.3201], [-79.64423, -3.30137], [-79.63308, -3.26724], [-79.63649, -3.24772], [-79.62681, -3.23141], [-79.60217, -3.21608], [-79.59773, -3.18067]]]}}, {"type": "Feature", "properties": {"admin2_pcode": "EC1601", "admin2_name": "Pastaza", "admin1_name": "Pastaza"}, "geometry": {"type": "Polygon", "coordinates": [[[-77.8054, -1.32229], [-77.81339, -1.34757], [-77.82163, -1.3539], [-77.8572, -1.3546], [-77.87672, -1.36425], [-77.89352, -1.36498], [-77.89719, -1.35936], [-77.90738, -1.36293], [-77.93706, -1.34862], [-77.94206, -1.33038], [-77.96193, -1.32484], [-77.9522, -1.31457], [-77.97005, -1.29308], [-77.97384, -1.30959], [-77.99924, -1.32673], [-77.99722, -1.33587], [-78.00566, -1.34343], [-78.00147, -1.3648], [-78.00929, -1.37536], [-78.01806, -1.37647], [-78.01841, -1.39177], [-78.03059, -1.39015], [-78.05014, -1.40734], [-78.05685, -1.44412], [-78.03005, -1.48541], [-78.03458, -1.50187], [-78.03037, -1.51012], [-78.0216, -1.50428], [-78.01183, -1.56745], [-77.98917, -1.58119], [-77.97228, -1.57935], [-77.96404, -1.61005], [-77.94686, -1.62216], [-77.94814, -1.63078], [-77.92189, -1.64113], [-77.92346, -1.65667], [-77.90547, -1.6864], [-77.88924, -1.69025], [-77.88245, -1.70941], [-77.88488, -1.76306], [-77.86919, -1.75615], [-77.87217, -1.76916], [-77.86507, -1.77314], [-77.86954, -1.78692], [-77.85671, -1.80106], [-77.86153, -1.81397], [-77.84669, -1.83716], [-77.856, -1.84666], [-77.84225, -1.84921], [-77.83276, -1.86215], [-77.82649, -1.87114], [-77.82304, -1.92235], [-77.79516, -1.93342], [-77.79463, -1.95251], [-77.7752, -1.97321], [-77.73646, -1.98255], [-77.71612, -2.02445], [-77.69428, -2.02654], [-77.66668, -2.05092], [-77.61695, -2.04132], [-77.60363, -2.05323], [-77.59248, -2.05344], [-77.57745, -2.07556], [-77.56054, -2.0722], [-77.50602, -2.08407], [-77.50219, -2.09492], [-77.48817, -2.10459], [-77.43839, -2.11971], [-77.3856, -2.15072], [-77.35083, -2.16006], [-77.29076, -2.19569], [-77.27779, -2.19623], [-77.26767, -2.22097], [-77.23016, -2.26105], [-77.19287, -2.27159], [-77.16604, -2.30104], [-77.12609, -2.31547], [-77.08878, -2.34542], [-77.08532, -2.37054], [-77.05426, -2.39894], [-77.03068, -2.45113], [-76.99997, -2.46282], [-76.99775, -2.51428], [-76.96697, -2.51024], [-76.94489, -2.5545], [-76.92698, -2.54479], [-76.91685, -2.56445], [-76.89519, -2.55398], [-76.88272, -2.56737], [-76.84222, -2.55717], [-76.8357, -2.54719], [-76.82172, -2.54232], [-76.81175, -2.56307], [-76.79657, -2.57007], [-76.77649, -2.55206], [-76.75125, -2.56326], [-76.73874, -2.55518], [-76.72192, -2.58799], [-76.693, -2.61027], [-76.63357, -2.59019], [-76.04325, -2.12462], [-75.61663, -1.58891], [-75.63032, -1.58609], [-75.63029, -1.59785], [-75.63574, -1.59931], [-75.63941, -1.58742], [-75.66266, -1.58618], [-75.66406, -1.59807], [-75.67565, -1.58386], [-75.69383, -1.58495], [-75.68822, -1.59513], [-75.69483, -1.59907], [-75.69298, -1.60965], [-75.71466, -1.61624], [-75.71736, -1.62579], [-75.72478, -1.62006], [-75.73501, -1.6291], [-75.73472, -1.64034], [-75.75306, -1.63268], [-75.74185, -1.64559], [-75.75459, -1.64262], [-75.76443, -1.65558], [-75.77253, -1.63783], [-75.77927, -1.64177], [-75.77172, -1.64959], [-75.7765, -1.6564], [-75.79248, -1.65775], [-75.80926, -1.64851], [-75.81358, -1.63584], [-75.80267, -1.63582], [-75.80959, -1.62015], [-75.79608, -1.62116], [-75.80851, -1.60967], [-75.81722, -1.62777], [-75.82327, -1.62732], [-75.81999, -1.61447], [-75.82722, -1.6231], [-75.83374, -1.6218], [-75.83673, -1.62848], [-75.83007, -1.63987], [-75.8373, -1.64629], [-75.8439, -1.6441], [-75.83899, -1.63276], [-75.84773, -1.63949], [-75.85607, -1.63579], [-75.87295, -1.66649], [-75.90835, -1.673], [-75.91981, -1.66303], [-75.91845, -1.68207], [-75.92343, -1.67968], [-75.92474, -1.6593], [-75.93208, -1.66698], [-75.95149, -1.65028], [-75.96396, -1.65182], [-75.9685, -1.63674], [-75.96067, -1.63129], [-75.96981, -1.61797], [-75.98165, -1.61711], [-75.97993, -1.60722], [-76.00699, -1.6056], [-76.01293, -1.61692], [-76.03656, -1.62178], [-76.04974, -1.64466], [-76.05761, -1.64344], [-76.05979, -1.65006], [-76.06584, -1.6426], [-76.08628, -1.64242], [-76.08821, -1.64918], [-76.10036, -1.65074], [-76.10608, -1.63832], [-76.11069, -1.64576], [-76.14235, -1.65418], [-76.14563, -1.65848], [-76.13401, -1.6625], [-76.1126, -1.69361], [-76.12231, -1.70391], [-76.13355, -1.69765], [-76.13151, -1.68555], [-76.15995, -1.68005], [-76.15285, -1.64972], [-76.16325, -1.64727], [-76.1639, -1.65953], [-76.19378, -1.64652], [-76.19324, -1.63935], [-76.17339, -1.636], [-76.18321, -1.63042], [-76.17927, -1.62411], [-76.18803, -1.61222], [-76.19074, -1.62033], [-76.20846, -1.61949], [-76.20083, -1.63754], [-76.20976, -1.64116], [-76.21946, -1.63962], [-76.2234, -1.63173], [-76.23646, -1.63489], [-76.23072, -1.62417], [-76.23449, -1.61732], [-76.24483, -1.62929], [-76.2527, -1.62196], [-76.2801, -1.62987], [-76.28567, -1.62161], [-76.29517, -1.62226], [-76.28442, -1.60886], [-76.29479, -1.60316], [-76.29061, -1.58938], [-76.30534, -1.58962], [-76.30999, -1.59704], [-76.31755, -1.58735], [-76.31253, -1.57111], [-76.31822, -1.58081], [-76.33119, -1.58482], [-76.34354, -1.5806], [-76.34809, -1.56478], [-76.35395, -1.57577], [-76.363, -1.57025], [-76.39231, -1.58367], [-76.3911, -1.5739], [-76.40114, -1.56825], [-76.40458, -1.55527], [-76.42011, -1.57086], [-76.43147, -1.55779], [-76.44885, -1.5701], [-76.44666, -1.55613], [-76.46927, -1.5565], [-76.4823, -1.54927], [-76.48731, -1.5381], [-76.49509, -1.55121], [-76.49887, -1.53709], [-76.50862, -1.54759], [-76.53817, -1.52633], [-76.54484, -1.50833], [-76.56673, -1.5115], [-76.56675, -1.49908], [-76.57478, -1.50328], [-76.57899, -1.49465], [-76.59568, -1.49429], [-76.59219, -1.51292], [-76.59634, -1.51633], [-76.60179, -1.5029], [-76.61448, -1.49507], [-76.62537, -1.49941], [-76.62678, -1.48403], [-76.63477, -1.48989], [-76.65412, -1.48164], [-76.65034, -1.46874], [-76.65723, -1.4746], [-76.67871, -1.47325], [-76.68098, -1.45442], [-76.69344, -1.4635], [-76.6906, -1.45453], [-76.70152, -1.44991], [-76.70263, -1.43783], [-76.7083, -1.43904], [-76.70841, -1.45366], [-76.7135, -1.4565], [-76.71363, -1.44241], [-76.72376, -1.44703], [-76.72945, -1.43261], [-76.73581, -1.44863], [-76.74396, -1.44486], [-76.74527, -1.42981], [-76.75168, -1.44312], [-76.76271, -1.42977], [-76.76868, -1.4429], [-76.77496, -1.43513], [-76.79697, -1.43204], [-76.79745, -1.4175], [-76.80187, -1.43634], [-76.80922, -1.44001], [-76.81226, -1.43508], [-76.80475, -1.43164], [-76.80584, -1.42595], [-76.82544, -1.42044], [-76.83006, -1.42676], [-76.85, -1.42678], [-76.85883, -1.4134], [-76.86865, -1.42085], [-76.86956, -1.40574], [-76.89173, -1.41067], [-76.9033, -1.39265], [-76.92346, -1.38985], [-76.9397, -1.37179], [-76.94419, -1.3754], [-76.93958, -1.38344], [-76.95174, -1.38293], [-76.94933, -1.38686], [-76.95545, -1.38889], [-76.9491, -1.39373], [-76.95457, -1.39636], [-76.99888, -1.40143], [-77.03914, -1.42387], [-77.03819, -1.41423], [-77.04652, -1.42191], [-77.05329, -1.41254], [-77.05747, -1.42032], [-77.06383, -1.41737], [-77.07619, -1.4393], [-77.10146, -1.43609], [-77.11651, -1.43976], [-77.11928, -1.44871], [-77.12315, -1.44164], [-77.14475, -1.44928], [-77.14315, -1.45493], [-77.15424, -1.45825], [-77.16402, -1.47896], [-77.16975, -1.47217], [-77.18415, -1.48288], [-77.19383, -1.47364], [-77.19892, -1.4845], [-77.23596, -1.47392], [-77.24351, -1.48215], [-77.244, -1.47308], [-77.25625, -1.49219], [-77.27353, -1.49622], [-77.26939, -1.50395], [-77.28008, -1.50258], [-77.29113, -1.51492], [-77.29645, -1.51011], [-77.30219, -1.51671], [-77.33406, -1.49554], [-77.33065, -1.50167], [-77.33762, -1.50059], [-77.35058, -1.51761], [-77.3735, -1.50489], [-77.38179, -1.51087], [-77.38308, -1.50087], [-77.38821, -1.50377], [-77.39278, -1.49608], [-77.39506, -1.50248], [-77.40622, -1.50358], [-77.41367, -1.49291], [-77.4298, -1.49441], [-77.43726, -1.48709], [-77.45665, -1.49595], [-77.46265, -1.48205], [-77.48535, -1.50628], [-77.507, -1.5085], [-77.52899, -1.49149], [-77.53938, -1.49608], [-77.54514, -1.48776], [-77.55119, -1.49214], [-77.55488, -1.48706], [-77.57457, -1.49375], [-77.57531, -1.48864], [-77.6015, -1.47879], [-77.63809, -1.47762], [-77.64742, -1.46882], [-77.65386, -1.47676], [-77.68324, -1.46303], [-77.70357, -1.4785], [-77.71853, -1.46681], [-77.71997, -1.4488], [-77.70568, -1.4237], [-77.70705, -1.41465], [-77.7236, -1.39917], [-77.72284, -1.38291], [-77.73364, -1.36964], [-77.73267, -1.34285], [-77.75486, -1.3435], [-77.76581, -1.36295], [-77.77586, -1.36374], [-77.8054, -1.32229]]]}}, {"type": "Feature", "properties": {"admin2_pcode": "EC1805", "admin2_name": "Patate", "admin1_name": "Tungurahua"}, "geometry": {"type": "Polygon", "coordinates": [[[-78.35374, -1.16285], [-78.38261, -1.16284], [-78.40059, -1.18432], [-78.41274, -1.17887], [-78.42075, -1.18827], [-78.4303, -1.18734], [-78.43858, -1.22024], [-78.45613, -1.2329], [-78.48519, -1.22785], [-78.52089, -1.24397], [-78.50775, -1.27655], [-78.51836, -1.31591], [-78.49147, -1.35992], [-78.49548, -1.38317], [-78.47902, -1.38671], [-78.47199, -1.40412], [-78.4587, -1.40163], [-78.46006, -1.36533], [-78.40664, -1.34536], [-78.40345, -1.32245], [-78.36597, -1.32443], [-78.36292, -1.30159], [-78.34296, -1.27682], [-78.34394, -1.26219], [-78.32469, -1.21593], [-78.33156, -1.20755], [-78.32661, -1.19589], [-78.34288, -1.17441], [-78.3504, -1.17373], [-78.35374, -1.16285]]]}}, {"type": "Feature", "properties": {"admin2_pcode": "EC0105", "admin2_name": "Paute", "admin1_name": "Azuay"}, "geometry": {"type": "Polygon", "coordinates": [[[-78.6419, -2.72233], [-78.6265, -2.69853], [-78.61715, -2.66716], [-78.61704, -2.62897], [-78.63639, -2.648], [-78.6586, -2.65402], [-78.66625, -2.67604], [-78.68521, -2.66788], [-78.70591, -2.68687], [-78.73168, -2.69074], [-78.74859, -2.67508], [-78.76977, -2.67309], [-78.80028, -2.71451], [-78.79222, -2.74381], [-78.7999, -2.77261], [-78.82262, -2.79905], [-78.81667, -2.82308], [-78.87484, -2.81921], [-78.88083, -2.82897], [-78.84819, -2.85247], [-78.82652, -2.85889], [-78.80253, -2.85612], [-78.80003, -2.86246], [-78.77996, -2.86425], [-78.77197, -2.86017], [-78.77405, -2.84904], [-78.75954, -2.85182], [-78.74712, -2.84272], [-78.74379, -2.83285], [-78.72726, -2.82253], [-78.72689, -2.81149], [-78.73387, -2.78116], [-78.75118, -2.77746], [-78.74707, -2.76617], [-78.72872, -2.75598], [-78.69679, -2.76454], [-78.65351, -2.72342], [-78.6419, -2.72233]]]}}, {"type": "Feature", "properties": {"admin2_pcode": "EC1317", "admin2_name": "Pedernales", "admin1_name": "Manabi"}, "geometry": {"type": "MultiPolygon", "coordinates": [[[[-79.98028, 0.23534], [-79.97658, 0.23688], [-79.97427, 0.23997], [-79.98211, 0.23563], [-79.98028, 0.23534]]], [[[-79.96568, 0.23586], [-79.96973, 0.24207], [-79.98307, 0.23416], [-79.97807, 0.21836], [-79.96829, 0.21344], [-79.97107, 0.22557], [-79.96568, 0.23586]]], [[[-79.96433, 0.21206], [-79.95288, 0.22708], [-79.96368, 0.25058], [-79.9706, 0.22515], [-79.96433, 0.21206]]], [[[-79.98365, 0.25877], [-79.98136, 0.26338], [-79.98694, 0.27079], [-79.99028, 0.26389], [-79.98365, 0.25877]]], [[[-79.91476, 0.26289], [-79.90753, 0.26597], [-79.90638, 0.26934], [-79.91495, 0.26787], [-79.91476, 0.26289]]], [[[-79.60291, 0.08236], [-79.59187, 0.08582], [-79.57015, 0.11645], [-79.59736, 0.12116], [-79.59945, 0.13102], [-79.60903, 0.12928], [-79.6109, 0.13604], [-79.61659, 0.13256], [-79.61361, 0.1399], [-79.62587, 0.15801], [-79.64764, 0.15313], [-79.65142, 0.14337], [-79.65751, 0.15374], [-79.65166, 0.16029], [-79.65802, 0.16106], [-79.65531, 0.17228], [-79.6654, 0.17828], [-79.67599, 0.16399], [-79.68274, 0.16416], [-79.70192, 0.17628], [-79.69884, 0.18092], [-79.7115, 0.18235], [-79.70478, 0.21182], [-79.69614, 0.21978], [-79.68475, 0.21646], [-79.68749, 0.22609], [-79.66539, 0.26241], [-79.6752, 0.27641], [-79.68695, 0.27408], [-79.69753, 0.28887], [-79.71943, 0.2932], [-79.72209, 0.32245], [-79.70587, 0.34198], [-79.71847, 0.36445], [-79.73449, 0.37312], [-79.76195, 0.37248], [-79.77974, 0.3366], [-79.79626, 0.33392], [-79.82271, 0.31783], [-79.83199, 0.3245], [-79.86427, 0.3147], [-79.88092, 0.3227], [-79.90468, 0.315], [-79.89488, 0.31212], [-79.89477, 0.30202], [-79.90407, 0.29728], [-79.90143, 0.29243], [-79.90907, 0.28948], [-79.90998, 0.28168], [-79.90309, 0.27681], [-79.90883, 0.27539], [-79.90694, 0.26603], [-79.91599, 0.26269], [-79.91109, 0.27095], [-79.91987, 0.27518], [-79.92693, 0.26546], [-79.92297, 0.25539], [-79.94577, 0.25919], [-79.95282, 0.25076], [-79.95026, 0.24031], [-79.93705, 0.23301], [-79.93852, 0.22376], [-79.94465, 0.2069], [-79.96767, 0.18171], [-79.97685, 0.17698], [-79.96984, 0.19178], [-79.9831, 0.1893], [-79.992, 0.16275], [-79.98587, 0.13906], [-79.99109, 0.1356], [-80.01015, 0.1422], [-80.01727, 0.13546], [-80.0174, 0.12313], [-80.02547, 0.12132], [-80.02702, 0.12608], [-80.03394, 0.11875], [-80.02866, 0.11688], [-80.02623, 0.11378], [-80.02755, 0.11319], [-80.02835, 0.11615], [-80.03403, 0.11752], [-80.03457, 0.11892], [-80.02888, 0.12755], [-80.01874, 0.12312], [-80.01831, 0.13576], [-80.01326, 0.14156], [-80.00503, 0.14379], [-79.99167, 0.13704], [-79.98736, 0.13989], [-79.99339, 0.163], [-79.98489, 0.19069], [-79.96307, 0.20364], [-79.97972, 0.2157], [-79.98634, 0.23169], [-79.99107, 0.2082], [-79.98698, 0.20275], [-79.99225, 0.20757], [-79.99446, 0.23733], [-80.00165, 0.24254], [-79.99068, 0.28349], [-79.99646, 0.31637], [-80.00413, 0.34112], [-80.03802, 0.37174], [-80.03045, 0.20562], [-80.04121, 0.12374], [-80.06661, 0.05264], [-80.07387, 0.04588], [-80.08842, 0.04914], [-80.0966, 0.01171], [-80.15999, -0.06733], [-80.14385, -0.07246], [-80.12614, -0.06304], [-80.10954, -0.0827], [-80.1034, -0.09947], [-80.10988, -0.11753], [-80.13135, -0.13252], [-80.12489, -0.14593], [-80.10089, -0.16086], [-80.11046, -0.17746], [-80.10514, -0.18799], [-80.1103, -0.21004], [-80.10062, -0.23143], [-80.08288, -0.23638], [-80.06886, -0.22747], [-80.0637, -0.21565], [-80.05418, -0.21629], [-80.04704, -0.20308], [-80.03503, -0.20128], [-79.96587, -0.14632], [-79.96615, -0.1112], [-79.95353, -0.09656], [-79.93149, -0.0898], [-79.93154, -0.07523], [-79.90931, -0.05729], [-79.88556, -0.0561], [-79.85886, -0.03104], [-79.84798, -0.0283], [-79.83925, -0.01107], [-79.842, 0.00044], [-79.82238, 4e-05], [-79.75787, 0.01998], [-79.73819, 0.01798], [-79.74021, 0.02702], [-79.72599, 0.03408], [-79.70442, 0.03437], [-79.70378, 0.05747], [-79.65099, 0.05915], [-79.64416, 0.06786], [-79.63128, 0.06761], [-79.62415, 0.08788], [-79.60291, 0.08236]]]]}}, {"type": "Feature", "properties": {"admin2_pcode": "EC0914", "admin2_name": "Pedro Carbo", "admin1_name": "Guayas"}, "geometry": {"type": "Polygon", "coordinates": [[[-80.1458, -1.64602], [-80.18186, -1.65699], [-80.18662, -1.65267], [-80.19084, -1.66369], [-80.20475, -1.66934], [-80.19895, -1.68543], [-80.21139, -1.69348], [-80.23428, -1.68772], [-80.23993, -1.69363], [-80.24733, -1.68648], [-80.29505, -1.69314], [-80.28014, -1.70312], [-80.29022, -1.70998], [-80.32408, -1.68275], [-80.32438, -1.69349], [-80.33637, -1.71], [-80.333, -1.72401], [-80.35379, -1.72296], [-80.36361, -1.73953], [-80.38648, -1.75685], [-80.39223, -1.77606], [-80.39989, -1.77195], [-80.41895, -1.78563], [-80.42611, -1.80893], [-80.41263, -1.81861], [-80.40748, -1.83133], [-80.4097, -1.83765], [-80.42908, -1.83433], [-80.43189, -1.85127], [-80.42535, -1.85436], [-80.44102, -1.85931], [-80.43477, -1.86399], [-80.4348, -1.88205], [-80.44674, -1.88172], [-80.44378, -1.88538], [-80.417, -1.88158], [-80.43175, -1.89887], [-80.4287, -1.9251], [-80.44037, -1.94301], [-80.44182, -1.95656], [-80.4179, -1.96972], [-80.41543, -1.98148], [-80.39228, -1.98127], [-80.37597, -1.9858], [-80.36825, -1.99536], [-80.34547, -1.9976], [-80.34285, -2.02548], [-80.30275, -2.06246], [-80.3111, -2.06995], [-80.29942, -2.08483], [-80.28509, -2.09226], [-80.27647, -2.08237], [-80.26397, -2.08097], [-80.25366, -2.02887], [-80.25956, -2.0189], [-80.25862, -1.99208], [-80.25339, -1.98784], [-80.26294, -1.9624], [-80.25585, -1.95904], [-80.26023, -1.94935], [-80.23488, -1.94499], [-80.1867, -1.87535], [-80.16476, -1.86534], [-80.1498, -1.86779], [-80.15211, -1.85011], [-80.14323, -1.84048], [-80.15125, -1.8338], [-80.13332, -1.82399], [-80.12082, -1.80009], [-80.11999, -1.79259], [-80.12949, -1.79158], [-80.13141, -1.77311], [-80.15254, -1.75757], [-80.1594, -1.75452], [-80.15948, -1.73616], [-80.17195, -1.73184], [-80.16615, -1.71884], [-80.17008, -1.70865], [-80.15856, -1.70883], [-80.16435, -1.70157], [-80.16278, -1.68302], [-80.1458, -1.64602]]]}}, {"type": "Feature", "properties": {"admin2_pcode": "EC1704", "admin2_name": "Pedro Moncayo", "admin1_name": "Pichincha"}, "geometry": {"type": "Polygon", "coordinates": [[[-78.1876, 0.13966], [-78.19503, 0.14022], [-78.2011, 0.12816], [-78.2452, 0.12287], [-78.258, 0.13613], [-78.27979, 0.13944], [-78.29337, 0.13363], [-78.28595, 0.14885], [-78.29853, 0.15793], [-78.29579, 0.1482], [-78.30442, 0.1459], [-78.30898, 0.13072], [-78.30086, 0.1144], [-78.31392, 0.11708], [-78.31355, 0.11226], [-78.32966, 0.10575], [-78.32183, 0.09715], [-78.32753, 0.0881], [-78.37336, 0.05749], [-78.38038, 0.03926], [-78.40507, 0.01866], [-78.40874, 0.00131], [-78.39072, -0.03835], [-78.35749, -0.02272], [-78.35286, -0.03168], [-78.33941, -0.03716], [-78.33356, -0.02404], [-78.31876, -0.01993], [-78.30083, -0.00449], [-78.28674, -0.00291], [-78.28168, -0.00848], [-78.27916, -0.0018], [-78.26427, 0.00175], [-78.25407, -0.00863], [-78.24186, -0.00454], [-78.23971, 0.00177], [-78.21658, 0.01063], [-78.21396, 0.02053], [-78.20217, 0.01762], [-78.19045, -0.00205], [-78.18111, -0.00295], [-78.16626, 0.02724], [-78.17013, 0.04325], [-78.15868, 0.06563], [-78.16627, 0.07638], [-78.16242, 0.08622], [-78.1876, 0.13966]]]}}, {"type": "Feature", "properties": {"admin2_pcode": "EC1708", "admin2_name": "Pedro Vicente Maldonado", "admin1_name": "Pichincha"}, "geometry": {"type": "Polygon", "coordinates": [[[-79.01671, 0.27237], [-79.03134, 0.28326], [-79.03078, 0.29256], [-79.05608, 0.29343], [-79.05969, 0.30763], [-79.07205, 0.30857], [-79.08695, 0.29945], [-79.1117, 0.30769], [-79.11159, 0.29852], [-79.12975, 0.32032], [-79.14757, 0.31644], [-79.13107, 0.30628], [-79.13278, 0.29629], [-79.12225, 0.29675], [-79.1222, 0.2737], [-79.1447, 0.27297], [-79.1477, 0.1943], [-79.15425, 0.18052], [-79.14354, 0.17279], [-79.14003, 0.14191], [-79.16415, 0.14176], [-79.16699, 0.07095], [-79.17894, 0.06995], [-79.17453, 0.06077], [-79.16155, 0.06152], [-79.13914, 0.04063], [-79.13214, 0.03196], [-79.09332, 0.0243], [-79.0789, 0.01416], [-79.05582, 0.01814], [-79.02966, 0.00078], [-78.99516, 0.00326], [-78.99519, 0.04359], [-78.97977, 0.04365], [-78.97964, 0.063], [-78.96978, 0.06097], [-78.96104, 0.07108], [-78.95862, 0.09548], [-78.93263, 0.09573], [-78.93919, 0.11796], [-78.93237, 0.14505], [-78.93818, 0.19174], [-78.94801, 0.20341], [-78.96429, 0.21464], [-78.96634, 0.22294], [-78.98122, 0.21045], [-79.00933, 0.22572], [-79.01649, 0.23896], [-79.01671, 0.27237]]]}}, {"type": "Feature", "properties": {"admin2_pcode": "EC0609", "admin2_name": "Penipe", "admin1_name": "Chimborazo"}, "geometry": {"type": "Polygon", "coordinates": [[[-78.4483, -1.46782], [-78.4818, -1.45294], [-78.49941, -1.43393], [-78.51288, -1.47199], [-78.5139, -1.49635], [-78.52242, -1.5115], [-78.51787, -1.52335], [-78.54063, -1.54471], [-78.53355, -1.55571], [-78.53501, -1.5894], [-78.54836, -1.59167], [-78.53588, -1.60479], [-78.51141, -1.61055], [-78.5165, -1.634], [-78.50784, -1.65587], [-78.4801, -1.6585], [-78.45878, -1.67236], [-78.43011, -1.67465], [-78.41981, -1.6683], [-78.4089, -1.67472], [-78.41079, -1.66527], [-78.38267, -1.65478], [-78.37242, -1.65709], [-78.36371, -1.64435], [-78.36404, -1.60658], [-78.37296, -1.59986], [-78.37726, -1.58518], [-78.3705, -1.5758], [-78.37672, -1.53674], [-78.36471, -1.5331], [-78.358, -1.52162], [-78.36486, -1.51307], [-78.36429, -1.49713], [-78.38961, -1.49337], [-78.39598, -1.48491], [-78.42329, -1.48601], [-78.4483, -1.46782]]]}}, {"type": "Feature", "properties": {"admin2_pcode": "EC1311", "admin2_name": "Pichincha", "admin1_name": "Manabi"}, "geometry": {"type": "Polygon", "coordinates": [[[-79.67212, -0.76024], [-79.67849, -0.74501], [-79.67544, -0.72911], [-79.69287, -0.71591], [-79.70293, -0.71549], [-79.70056, -0.70666], [-79.74541, -0.69514], [-79.76201, -0.65845], [-79.7894, -0.66053], [-79.80288, -0.65203], [-79.80543, -0.6419], [-79.81481, -0.64526], [-79.82968, -0.63584], [-79.84866, -0.64232], [-79.85891, -0.63759], [-79.88439, -0.64865], [-79.89507, -0.63913], [-79.90427, -0.6852], [-79.88798, -0.69491], [-79.87753, -0.71485], [-79.87957, -0.76267], [-79.88393, -0.77455], [-79.89753, -0.77684], [-79.90551, -0.7925], [-79.93844, -0.79459], [-79.93503, -0.81062], [-79.9297, -0.81665], [-79.90808, -0.81955], [-79.89831, -0.84059], [-79.90871, -0.86257], [-79.90185, -0.8824], [-79.89128, -0.88506], [-79.88498, -0.89467], [-79.87386, -0.89265], [-79.87302, -0.90006], [-79.9175, -0.93332], [-79.90319, -0.96022], [-79.9338, -0.99686], [-79.95367, -0.98232], [-79.98121, -0.97809], [-79.99116, -0.9825], [-79.98472, -0.9899], [-79.98378, -1.02362], [-79.99294, -1.03781], [-80.0063, -1.04343], [-80.00562, -1.04902], [-80.01537, -1.04924], [-80.02647, -1.07419], [-80.03515, -1.07535], [-80.04327, -1.09329], [-80.03667, -1.0963], [-80.03805, -1.1221], [-80.03096, -1.12837], [-79.98444, -1.13061], [-79.98011, -1.14062], [-79.94699, -1.14288], [-79.94776, -1.15029], [-79.94031, -1.15559], [-79.90867, -1.1392], [-79.9031, -1.12611], [-79.86142, -1.09984], [-79.84055, -1.07325], [-79.83336, -1.05008], [-79.81656, -1.05061], [-79.81209, -1.03258], [-79.80364, -1.03079], [-79.7969, -0.98291], [-79.78937, -0.97739], [-79.78152, -0.98206], [-79.77334, -0.97864], [-79.77125, -0.94743], [-79.75329, -0.92346], [-79.74399, -0.9212], [-79.74701, -0.91501], [-79.7371, -0.89166], [-79.72466, -0.88192], [-79.71606, -0.88632], [-79.71462, -0.87878], [-79.7051, -0.88321], [-79.69649, -0.87212], [-79.70719, -0.86298], [-79.71005, -0.84944], [-79.70437, -0.83369], [-79.69361, -0.83436], [-79.67938, -0.82147], [-79.68562, -0.78544], [-79.67212, -0.76024]]]}}, {"type": "Feature", "properties": {"admin2_pcode": "EC1005", "admin2_name": "Pimampiro", "admin1_name": "Imbabura"}, "geometry": {"type": "Polygon", "coordinates": [[[-77.81272, 0.35677], [-77.81734, 0.36409], [-77.8378, 0.35662], [-77.85984, 0.371], [-77.86458, 0.38089], [-77.9237, 0.40128], [-77.94568, 0.4312], [-77.96261, 0.43334], [-77.98871, 0.33944], [-78.01201, 0.3245], [-78.01629, 0.29222], [-78.02876, 0.29224], [-78.04086, 0.27709], [-78.02831, 0.26729], [-78.03393, 0.23176], [-78.03143, 0.18826], [-78.00222, 0.17248], [-77.96693, 0.16862], [-77.96518, 0.15803], [-77.95651, 0.15703], [-77.94139, 0.17997], [-77.92835, 0.1777], [-77.92474, 0.19771], [-77.91183, 0.20492], [-77.88501, 0.19991], [-77.87192, 0.20681], [-77.86536, 0.23122], [-77.84879, 0.24183], [-77.84758, 0.25925], [-77.82874, 0.27288], [-77.8466, 0.27556], [-77.84486, 0.29525], [-77.85131, 0.30316], [-77.83969, 0.30696], [-77.82577, 0.32258], [-77.81272, 0.35677]]]}}, {"type": "Feature", "properties": {"admin2_pcode": "EC0710", "admin2_name": "Pi\u00f1as", "admin1_name": "El Oro"}, "geometry": {"type": "Polygon", "coordinates": [[[-79.65277, -3.64163], [-79.6694, -3.64326], [-79.68078, -3.65235], [-79.69195, -3.6419], [-79.7131, -3.58012], [-79.72246, -3.57585], [-79.74084, -3.57474], [-79.75368, -3.58509], [-79.76271, -3.60555], [-79.78289, -3.61904], [-79.7946, -3.63632], [-79.80738, -3.64064], [-79.81252, -3.62626], [-79.83143, -3.61982], [-79.851, -3.60814], [-79.8616, -3.60924], [-79.86881, -3.59969], [-79.88676, -3.60746], [-79.90206, -3.59775], [-79.92424, -3.59552], [-79.93779, -3.60792], [-79.93578, -3.61497], [-79.94471, -3.6156], [-79.95102, -3.62006], [-79.93982, -3.627], [-79.9381, -3.6511], [-79.93058, -3.66499], [-79.93362, -3.67707], [-79.94358, -3.68154], [-79.95325, -3.69762], [-79.95348, -3.70634], [-79.93626, -3.70393], [-79.91583, -3.73927], [-79.88111, -3.74696], [-79.86148, -3.72392], [-79.79702, -3.73211], [-79.79962, -3.74547], [-79.79099, -3.76601], [-79.81198, -3.77991], [-79.81486, -3.79976], [-79.80991, -3.80482], [-79.84408, -3.81029], [-79.85325, -3.82457], [-79.83041, -3.83753], [-79.80861, -3.83527], [-79.80197, -3.84223], [-79.79174, -3.84573], [-79.77669, -3.83727], [-79.71415, -3.82841], [-79.68566, -3.79678], [-79.68012, -3.77875], [-79.66257, -3.76938], [-79.65705, -3.77418], [-79.64618, -3.76895], [-79.63297, -3.71796], [-79.63521, -3.70241], [-79.64652, -3.68577], [-79.63754, -3.66702], [-79.65277, -3.64163]]]}}, {"type": "Feature", "properties": {"admin2_pcode": "EC1114", "admin2_name": "Pindal", "admin1_name": "Loja"}, "geometry": {"type": "Polygon", "coordinates": [[[-80.01069, -4.05238], [-80.01864, -4.03951], [-80.05987, -4.04401], [-80.08189, -4.05996], [-80.08723, -4.05675], [-80.09939, -4.07107], [-80.10525, -4.06681], [-80.09116, -4.0536], [-80.09561, -4.04305], [-80.11024, -4.04135], [-80.13447, -4.02654], [-80.17212, -4.04819], [-80.19117, -4.04314], [-80.23274, -4.06407], [-80.2166, -4.06711], [-80.21029, -4.08222], [-80.20261, -4.08486], [-80.20524, -4.09451], [-80.19871, -4.1053], [-80.20643, -4.11004], [-80.19922, -4.11327], [-80.1967, -4.13449], [-80.18685, -4.14696], [-80.1874, -4.16491], [-80.17743, -4.16897], [-80.1619, -4.16454], [-80.1668, -4.15127], [-80.16116, -4.15385], [-80.14614, -4.1447], [-80.12315, -4.17279], [-80.11439, -4.17399], [-80.09118, -4.14712], [-80.09188, -4.13596], [-80.06971, -4.11906], [-80.0813, -4.10506], [-80.07423, -4.10197], [-80.07847, -4.08309], [-80.05894, -4.0818], [-80.05315, -4.06652], [-80.04291, -4.07274], [-80.02032, -4.07236], [-80.01069, -4.05238]]]}}, {"type": "Feature", "properties": {"admin2_pcode": "EC0921", "admin2_name": "Playas", "admin1_name": "Guayas"}, "geometry": {"type": "Polygon", "coordinates": [[[-80.30981, -2.71497], [-80.31037, -2.70222], [-80.31974, -2.69761], [-80.31646, -2.69371], [-80.35873, -2.67072], [-80.35477, -2.64174], [-80.37275, -2.60653], [-80.36844, -2.60044], [-80.3758, -2.58908], [-80.37723, -2.5235], [-80.39039, -2.52087], [-80.38869, -2.47487], [-80.39679, -2.46566], [-80.42199, -2.47094], [-80.44873, -2.46693], [-80.4676, -2.47717], [-80.45968, -2.49151], [-80.47477, -2.49104], [-80.4952, -2.50022], [-80.52203, -2.48892], [-80.54277, -2.48872], [-80.56194, -2.50567], [-80.49652, -2.57057], [-80.45, -2.62912], [-80.43584, -2.64026], [-80.41856, -2.64351], [-80.39175, -2.637], [-80.35981, -2.67696], [-80.30981, -2.71497]]]}}, {"type": "Feature", "properties": {"admin2_pcode": "EC0711", "admin2_name": "Portovelo", "admin1_name": "El Oro"}, "geometry": {"type": "Polygon", "coordinates": [[[-79.37383, -3.68041], [-79.40655, -3.66729], [-79.42093, -3.67639], [-79.45919, -3.67875], [-79.46468, -3.68577], [-79.51583, -3.69603], [-79.55952, -3.71516], [-79.56198, -3.70347], [-79.5742, -3.70993], [-79.57882, -3.6974], [-79.58984, -3.6979], [-79.59064, -3.70351], [-79.60523, -3.69628], [-79.63521, -3.70241], [-79.63297, -3.71796], [-79.64618, -3.76895], [-79.61939, -3.75013], [-79.606, -3.75113], [-79.5964, -3.77388], [-79.57625, -3.79534], [-79.55925, -3.80292], [-79.54626, -3.79839], [-79.51674, -3.78836], [-79.50938, -3.79411], [-79.50014, -3.78965], [-79.48855, -3.80335], [-79.47234, -3.80217], [-79.44407, -3.81253], [-79.42651, -3.79218], [-79.40974, -3.79089], [-79.40387, -3.75215], [-79.4152, -3.72425], [-79.38281, -3.70014], [-79.37383, -3.68041]]]}}, {"type": "Feature", "properties": {"admin2_pcode": "EC1301", "admin2_name": "Portoviejo", "admin1_name": "Manabi"}, "geometry": {"type": "Polygon", "coordinates": [[[-80.49285, -0.86898], [-80.49221, -0.85514], [-80.51443, -0.82282], [-80.51077, -0.81778], [-80.5181, -0.80935], [-80.51701, -0.79762], [-80.54227, -0.8742], [-80.58522, -0.92789], [-80.5644, -0.95261], [-80.55193, -0.95746], [-80.55738, -0.96684], [-80.55254, -0.98051], [-80.54285, -0.9911], [-80.54225, -1.0052], [-80.53267, -1.0085], [-80.53954, -1.01982], [-80.54837, -1.03842], [-80.54633, -1.06277], [-80.53084, -1.08219], [-80.51573, -1.08044], [-80.51865, -1.09912], [-80.54769, -1.10599], [-80.55406, -1.115], [-80.54729, -1.13467], [-80.55139, -1.14404], [-80.53262, -1.16622], [-80.53949, -1.18812], [-80.53618, -1.20072], [-80.48603, -1.16781], [-80.44561, -1.16301], [-80.42498, -1.17427], [-80.3868, -1.16268], [-80.38172, -1.15479], [-80.36641, -1.15778], [-80.34146, -1.1517], [-80.32322, -1.11621], [-80.30826, -1.10644], [-80.29414, -1.11019], [-80.2864, -1.09698], [-80.25787, -1.08739], [-80.23377, -1.09057], [-80.22427, -1.08038], [-80.17521, -1.08768], [-80.15679, -1.0808], [-80.14625, -1.08837], [-80.13833, -1.07997], [-80.1315, -1.09813], [-80.10422, -1.07136], [-80.093, -1.07291], [-80.07772, -1.0622], [-80.05258, -1.06349], [-80.03515, -1.07535], [-80.02647, -1.07419], [-80.01537, -1.04924], [-80.01083, -1.03437], [-80.01472, -1.02348], [-80.07351, -1.02121], [-80.08556, -1.0403], [-80.09469, -1.03372], [-80.10641, -1.03801], [-80.11634, -1.03288], [-80.11084, -1.01994], [-80.13077, -1.00591], [-80.13941, -1.00668], [-80.13473, -0.98794], [-80.15926, -0.97371], [-80.19876, -0.98917], [-80.20509, -1.00272], [-80.25107, -1.00214], [-80.26028, -0.97952], [-80.29701, -0.94722], [-80.30452, -0.94279], [-80.32229, -0.95477], [-80.33827, -0.9478], [-80.34368, -0.95528], [-80.36033, -0.95426], [-80.37101, -0.94463], [-80.38483, -0.95526], [-80.40555, -0.95042], [-80.42438, -0.9558], [-80.43113, -0.97382], [-80.44776, -0.97158], [-80.45036, -0.96335], [-80.48416, -0.96178], [-80.48732, -0.95608], [-80.50645, -0.96236], [-80.52749, -0.93199], [-80.54182, -0.92867], [-80.51334, -0.9065], [-80.50286, -0.87057], [-80.49285, -0.86898]]]}}, {"type": "Feature", "properties": {"admin2_pcode": "EC0106", "admin2_name": "Pucara", "admin1_name": "Azuay"}, "geometry": {"type": "Polygon", "coordinates": [[[-79.47671, -3.04682], [-79.49531, -3.05049], [-79.50726, -3.04386], [-79.51329, -3.03159], [-79.54111, -3.02081], [-79.54806, -3.05136], [-79.56526, -3.051], [-79.56084, -3.06658], [-79.58175, -3.09455], [-79.57725, -3.0996], [-79.5952, -3.09947], [-79.61323, -3.10886], [-79.62236, -3.10387], [-79.62763, -3.11052], [-79.60807, -3.13728], [-79.63408, -3.13688], [-79.61126, -3.1577], [-79.59773, -3.18067], [-79.60217, -3.21608], [-79.62681, -3.23141], [-79.63649, -3.24772], [-79.63308, -3.26724], [-79.64423, -3.30137], [-79.66946, -3.3201], [-79.64905, -3.3259], [-79.63029, -3.31815], [-79.62462, -3.32627], [-79.61064, -3.32865], [-79.59588, -3.32186], [-79.58051, -3.32453], [-79.56947, -3.3141], [-79.51563, -3.30739], [-79.47946, -3.31757], [-79.46678, -3.30393], [-79.44007, -3.29821], [-79.43289, -3.24582], [-79.42674, -3.22723], [-79.41148, -3.21194], [-79.41024, -3.18918], [-79.42895, -3.17347], [-79.43787, -3.15309], [-79.45105, -3.1482], [-79.45407, -3.14059], [-79.4419, -3.11874], [-79.44533, -3.10583], [-79.43431, -3.09221], [-79.45821, -3.06913], [-79.46256, -3.0517], [-79.47671, -3.04682]]]}}, {"type": "Feature", "properties": {"admin2_pcode": "EC1204", "admin2_name": "Puebloviejo", "admin1_name": "Los Rios"}, "geometry": {"type": "Polygon", "coordinates": [[[-79.5022, -1.52039], [-79.51109, -1.51829], [-79.50453, -1.50561], [-79.51325, -1.50319], [-79.50484, -1.47389], [-79.51032, -1.47369], [-79.51092, -1.44302], [-79.48944, -1.40147], [-79.52104, -1.3839], [-79.53041, -1.39033], [-79.5342, -1.37216], [-79.55195, -1.37271], [-79.56142, -1.39136], [-79.56136, -1.41209], [-79.5731, -1.41727], [-79.58154, -1.43429], [-79.59081, -1.43422], [-79.59968, -1.44958], [-79.59596, -1.46101], [-79.58655, -1.46006], [-79.57678, -1.47325], [-79.58898, -1.48564], [-79.58365, -1.51359], [-79.60083, -1.54816], [-79.59624, -1.56945], [-79.57886, -1.57374], [-79.57821, -1.58382], [-79.58734, -1.59508], [-79.57997, -1.60131], [-79.60388, -1.59367], [-79.61354, -1.60316], [-79.62288, -1.59753], [-79.62731, -1.61258], [-79.63642, -1.61922], [-79.62958, -1.62379], [-79.61338, -1.6209], [-79.6097, -1.61423], [-79.60854, -1.61972], [-79.58928, -1.6176], [-79.57705, -1.62955], [-79.5977, -1.65655], [-79.59357, -1.67171], [-79.59785, -1.68236], [-79.58925, -1.69331], [-79.59453, -1.70006], [-79.57714, -1.69984], [-79.55785, -1.6762], [-79.52826, -1.69026], [-79.52598, -1.70081], [-79.51712, -1.69384], [-79.50157, -1.69766], [-79.49485, -1.69509], [-79.49657, -1.67583], [-79.48958, -1.66898], [-79.49112, -1.65908], [-79.48354, -1.65267], [-79.501, -1.63132], [-79.48667, -1.61302], [-79.50061, -1.57214], [-79.5022, -1.52039]]]}}, {"type": "Feature", "properties": {"admin2_pcode": "EC1319", "admin2_name": "Puerto Lopez", "admin1_name": "Manabi"}, "geometry": {"type": "MultiPolygon", "coordinates": [[[[-80.83117, -1.6833], [-80.83109, -1.68248], [-80.83186, -1.68239], [-80.8315, -1.68333], [-80.83117, -1.6833]]], [[[-80.83232, -1.68222], [-80.83286, -1.68039], [-80.83418, -1.68012], [-80.83417, -1.68115], [-80.83232, -1.68222]]], [[[-80.86757, -1.59181], [-80.87177, -1.59734], [-80.86574, -1.60223], [-80.85966, -1.59538], [-80.86757, -1.59181]]], [[[-80.67799, -1.67475], [-80.66844, -1.63506], [-80.68191, -1.58391], [-80.67789, -1.55213], [-80.684, -1.53679], [-80.70126, -1.52727], [-80.69694, -1.5224], [-80.70672, -1.51567], [-80.70254, -1.50819], [-80.70818, -1.49552], [-80.70528, -1.46655], [-80.69693, -1.46455], [-80.68107, -1.41729], [-80.71001, -1.40034], [-80.71106, -1.38425], [-80.71789, -1.37937], [-80.74754, -1.38467], [-80.75775, -1.39322], [-80.75165, -1.42015], [-80.75441, -1.43037], [-80.76722, -1.43754], [-80.76484, -1.47111], [-80.77704, -1.48433], [-80.7923, -1.47883], [-80.79444, -1.4961], [-80.80339, -1.49548], [-80.80935, -1.51003], [-80.81591, -1.50955], [-80.81288, -1.55832], [-80.84184, -1.56663], [-80.84306, -1.59023], [-80.85458, -1.60013], [-80.8446, -1.61], [-80.84548, -1.62749], [-80.83701, -1.63094], [-80.82316, -1.6549], [-80.80276, -1.71148], [-80.75933, -1.67655], [-80.74979, -1.67509], [-80.74809, -1.66845], [-80.73809, -1.68316], [-80.73615, -1.6773], [-80.72369, -1.68705], [-80.70842, -1.67381], [-80.67799, -1.67475]]]]}}, {"type": "Feature", "properties": {"admin2_pcode": "EC1709", "admin2_name": "Puerto Quito", "admin1_name": "Pichincha"}, "geometry": {"type": "Polygon", "coordinates": [[[-79.14757, 0.31644], [-79.15208, 0.32188], [-79.17868, 0.31274], [-79.23213, 0.32694], [-79.24137, 0.32008], [-79.27012, 0.3188], [-79.27223, 0.28946], [-79.27942, 0.2922], [-79.29179, 0.2816], [-79.30106, 0.2659], [-79.29781, 0.25955], [-79.3122, 0.26263], [-79.31431, 0.25485], [-79.35448, 0.24553], [-79.35596, 0.22939], [-79.34769, 0.21089], [-79.31448, 0.19394], [-79.30343, 0.17821], [-79.3137, 0.15829], [-79.32514, 0.1558], [-79.33175, 0.1145], [-79.34951, 0.09797], [-79.35447, 0.06728], [-79.36773, 0.05144], [-79.3712, 0.03278], [-79.36659, 0.0214], [-79.34879, 0.01777], [-79.34626, 0.02439], [-79.34025, 0.01926], [-79.32419, 0.02351], [-79.31242, 0.01067], [-79.3084, 0.01938], [-79.29432, 0.01715], [-79.24502, 0.00555], [-79.23762, 0.01205], [-79.23194, 0.00344], [-79.19826, 0.00047], [-79.19235, -0.01091], [-79.16894, -0.01525], [-79.16736, 0.00637], [-79.14912, 0.00067], [-79.13093, 0.00317], [-79.14038, 0.01998], [-79.16174, 0.03404], [-79.13908, 0.03259], [-79.13914, 0.04063], [-79.16155, 0.06152], [-79.17453, 0.06077], [-79.17894, 0.06995], [-79.16699, 0.07095], [-79.16415, 0.14176], [-79.14003, 0.14191], [-79.14354, 0.17279], [-79.15425, 0.18052], [-79.1477, 0.1943], [-79.1447, 0.27297], [-79.1222, 0.2737], [-79.12225, 0.29675], [-79.13278, 0.29629], [-79.13107, 0.30628], [-79.14757, 0.31644]]]}}, {"type": "Feature", "properties": {"admin2_pcode": "EC0504", "admin2_name": "Pujili", "admin1_name": "Cotopaxi"}, "geometry": {"type": "Polygon", "coordinates": [[[-78.79529, -0.92438], [-78.80851, -0.91969], [-78.81626, -0.89492], [-78.80541, -0.87215], [-78.81028, -0.86318], [-78.80343, -0.83106], [-78.80879, -0.81788], [-78.83467, -0.82254], [-78.85559, -0.84233], [-78.87168, -0.83197], [-78.92224, -0.87241], [-78.93638, -0.87355], [-78.95056, -0.86354], [-78.99008, -0.8882], [-79.00806, -0.88615], [-79.023, -0.89573], [-79.03409, -0.88839], [-79.05163, -0.89291], [-79.0599, -0.88219], [-79.0735, -0.88803], [-79.09056, -0.87137], [-79.1173, -0.86216], [-79.15493, -0.86044], [-79.16292, -0.87673], [-79.16543, -0.91217], [-79.19512, -0.93813], [-79.2134, -0.94219], [-79.18127, -0.94439], [-79.16416, -0.95758], [-79.14678, -0.94866], [-79.14523, -0.95747], [-79.1371, -0.9595], [-79.13704, -0.96559], [-79.1292, -0.96459], [-79.1227, -0.97649], [-79.12727, -0.98856], [-79.13857, -0.98558], [-79.15403, -0.9954], [-79.11859, -1.0132], [-79.10667, -1.00255], [-79.07427, -1.01727], [-79.06562, -1.01019], [-79.05215, -1.01112], [-79.04672, -1.01953], [-79.05373, -1.04828], [-79.03337, -1.06908], [-78.9664, -1.04968], [-78.96197, -1.05989], [-78.98287, -1.07089], [-79.00424, -1.10538], [-79.02632, -1.12749], [-79.00815, -1.13264], [-78.96943, -1.12777], [-78.96561, -1.16374], [-78.95005, -1.16868], [-78.93464, -1.1882], [-78.92379, -1.18278], [-78.87727, -1.19722], [-78.86936, -1.18673], [-78.86209, -1.1914], [-78.83148, -1.17161], [-78.82213, -1.14609], [-78.78951, -1.1433], [-78.79175, -1.1299], [-78.8054, -1.11622], [-78.83951, -1.10524], [-78.84258, -1.07085], [-78.82853, -1.03206], [-78.81238, -1.03003], [-78.78869, -1.04769], [-78.72594, -1.05015], [-78.70556, -1.06754], [-78.65075, -1.05676], [-78.63672, -1.06479], [-78.63567, -1.03563], [-78.61284, -1.00524], [-78.64545, -0.97758], [-78.65488, -0.98097], [-78.66692, -0.93584], [-78.68007, -0.93142], [-78.67867, -0.9006], [-78.69863, -0.88954], [-78.74722, -0.90921], [-78.75467, -0.90732], [-78.7777, -0.92416], [-78.79529, -0.92438]]]}}, {"type": "Feature", "properties": {"admin2_pcode": "EC2103", "admin2_name": "Putumayo", "admin1_name": "Sucumbios"}, "geometry": {"type": "Polygon", "coordinates": [[[-75.61048, -0.11357], [-75.60091, -0.10979], [-75.59593, -0.12094], [-75.5775, -0.12077], [-75.56881, -0.13184], [-75.55183, -0.13089], [-75.54247, -0.11697], [-75.53606, -0.12197], [-75.53527, -0.11568], [-75.52525, -0.12046], [-75.51596, -0.11498], [-75.50564, -0.11833], [-75.49674, -0.13208], [-75.47894, -0.13237], [-75.46023, -0.15247], [-75.43254, -0.15337], [-75.40372, -0.17072], [-75.39732, -0.16537], [-75.38332, -0.16941], [-75.37458, -0.16204], [-75.36817, -0.16404], [-75.36446, -0.14659], [-75.35318, -0.14832], [-75.36002, -0.15845], [-75.35284, -0.16452], [-75.33946, -0.15619], [-75.3126, -0.16102], [-75.29632, -0.14876], [-75.28923, -0.15484], [-75.28417, -0.14177], [-75.25602, -0.11989], [-75.25853, -0.11344], [-75.27609, -0.12351], [-75.29841, -0.10645], [-75.32681, -0.10532], [-75.36105, -0.09018], [-75.39593, -0.09771], [-75.43191, -0.08185], [-75.46799, -0.05066], [-75.50256, -0.04935], [-75.52324, -0.02647], [-75.57341, -0.02553], [-75.5833, -0.01403], [-75.58209, 0.01512], [-75.60241, 0.01486], [-75.62926, 0.02814], [-75.63775, 0.04702], [-75.64962, 0.02936], [-75.66469, 0.0408], [-75.748, 0.03623], [-75.77154, 0.04173], [-75.78756, 0.05604], [-75.80938, 0.05214], [-75.81412, 0.07727], [-75.8395, 0.10442], [-75.85195, 0.1313], [-75.8647, 0.13391], [-75.87532, 0.11819], [-75.88663, 0.14126], [-75.90551, 0.13733], [-75.89754, 0.1614], [-75.91453, 0.17111], [-75.93789, 0.20015], [-75.95814, 0.20726], [-75.94392, 0.22922], [-75.95309, 0.22101], [-75.96384, 0.23831], [-76.00377, 0.24839], [-76.00396, 0.25473], [-75.98662, 0.25417], [-75.98413, 0.26115], [-75.99591, 0.2653], [-75.99935, 0.28747], [-76.00945, 0.30013], [-76.04011, 0.30694], [-76.05368, 0.33333], [-76.06278, 0.33654], [-76.08302, 0.33678], [-76.09711, 0.31793], [-76.11136, 0.31443], [-76.12113, 0.32469], [-76.11821, 0.34392], [-76.13445, 0.37377], [-76.16026, 0.38944], [-76.17417, 0.37215], [-76.198, 0.37404], [-76.208, 0.38611], [-76.22593, 0.37429], [-76.2321, 0.40064], [-76.26034, 0.40401], [-76.25944, 0.42458], [-76.27547, 0.43612], [-76.29792, 0.42103], [-76.31432, 0.43429], [-76.33071, 0.41613], [-76.3342, 0.38854], [-76.34475, 0.38026], [-76.35511, 0.37953], [-76.37203, 0.39452], [-76.41204, 0.37993], [-76.41206, 0.24161], [-76.38946, 0.24134], [-76.39159, 0.26249], [-76.36664, 0.23867], [-76.3599, 0.22386], [-76.33247, 0.23132], [-76.33724, 0.21402], [-76.32485, 0.21609], [-76.30668, 0.23493], [-76.2869, 0.23323], [-76.28748, 0.24577], [-76.27183, 0.23793], [-76.27087, 0.22348], [-76.2585, 0.22585], [-76.25774, 0.21552], [-76.24912, 0.21467], [-76.24327, 0.22182], [-76.23645, 0.21881], [-76.23642, 0.21091], [-76.24905, 0.2129], [-76.25711, 0.19987], [-76.2803, 0.20218], [-76.28211, 0.19199], [-76.2938, 0.18449], [-76.29317, 0.17424], [-76.3035, 0.16823], [-76.35038, 0.16523], [-76.38396, 0.13137], [-76.39007, 0.13576], [-76.41429, 0.12912], [-76.43092, 0.11718], [-76.43905, 0.08246], [-76.42409, 0.06846], [-76.43185, 0.05661], [-76.42921, 0.04183], [-76.4234, 0.03383], [-76.41101, 0.03703], [-76.39043, 0.00516], [-76.38099, 0.00596], [-76.3852, -0.00049], [-76.38023, -0.02179], [-76.33552, -0.03453], [-76.3202, -0.02868], [-76.30591, -0.03121], [-76.30033, -0.02393], [-76.28242, -0.03702], [-76.25617, -0.03338], [-76.24756, -0.04098], [-76.24203, -0.03539], [-76.21581, -0.0401], [-76.20652, -0.02754], [-76.19828, -0.03397], [-76.19686, -0.02486], [-76.18594, -0.02377], [-76.17784, -0.03369], [-76.16804, -0.03065], [-76.15879, -0.03858], [-76.1694, -0.06736], [-76.16502, -0.06491], [-76.16439, -0.07573], [-76.15225, -0.08036], [-76.14624, -0.09398], [-76.14186, -0.0894], [-76.13098, -0.09771], [-76.12095, -0.08615], [-76.09123, -0.1074], [-76.06637, -0.11158], [-76.03619, -0.09871], [-76.04209, -0.09547], [-76.03317, -0.09467], [-76.03276, -0.09969], [-76.00979, -0.09462], [-76.00818, -0.10426], [-75.99059, -0.10661], [-75.98803, -0.1307], [-75.97577, -0.1315], [-75.96895, -0.12059], [-75.95777, -0.12427], [-75.95551, -0.13436], [-75.96342, -0.15211], [-75.95421, -0.16608], [-75.9433, -0.16255], [-75.94421, -0.15707], [-75.93742, -0.1572], [-75.9356, -0.16377], [-75.90174, -0.09444], [-75.87912, -0.10697], [-75.86874, -0.10523], [-75.8665, -0.11208], [-75.86148, -0.10824], [-75.86429, -0.12197], [-75.84673, -0.13304], [-75.80814, -0.13093], [-75.80404, -0.12588], [-75.75879, -0.14715], [-75.75483, -0.14386], [-75.72759, -0.16549], [-75.71793, -0.16159], [-75.70598, -0.16865], [-75.69449, -0.16492], [-75.6788, -0.17102], [-75.66581, -0.16216], [-75.65458, -0.16318], [-75.63983, -0.14931], [-75.64229, -0.1383], [-75.63314, -0.13509], [-75.61817, -0.11255], [-75.61048, -0.11357]]]}}, {"type": "Feature", "properties": {"admin2_pcode": "EC1110", "admin2_name": "Puyango", "admin1_name": "Loja"}, "geometry": {"type": "Polygon", "coordinates": [[[-79.9707, -4.05745], [-79.97251, -4.03145], [-79.96137, -4.02305], [-79.94641, -4.02114], [-79.91681, -4.04056], [-79.87164, -4.03002], [-79.87965, -4.00173], [-79.89431, -3.9977], [-79.90342, -3.98336], [-79.91131, -3.94596], [-79.90902, -3.91904], [-79.92615, -3.92246], [-79.94359, -3.90942], [-79.94411, -3.89552], [-79.98521, -3.87703], [-79.9861, -3.86413], [-79.99666, -3.86374], [-79.99827, -3.85646], [-80.00793, -3.85902], [-80.01168, -3.86783], [-80.04773, -3.87436], [-80.05483, -3.88067], [-80.12749, -3.88854], [-80.13988, -3.91254], [-80.15869, -3.91299], [-80.16445, -3.92178], [-80.18408, -3.927], [-80.18769, -3.9363], [-80.21656, -3.95662], [-80.23469, -3.9482], [-80.24099, -3.95819], [-80.23654, -3.96256], [-80.24774, -3.97016], [-80.26282, -3.99999], [-80.29577, -4.01608], [-80.29348, -4.03645], [-80.28817, -4.04169], [-80.28428, -4.03516], [-80.2691, -4.04656], [-80.27066, -4.05763], [-80.25932, -4.05052], [-80.25698, -4.05582], [-80.26464, -4.05958], [-80.25669, -4.06599], [-80.25553, -4.06116], [-80.25008, -4.06613], [-80.24934, -4.05757], [-80.24351, -4.06041], [-80.24443, -4.05489], [-80.23861, -4.06511], [-80.23274, -4.06407], [-80.19117, -4.04314], [-80.17212, -4.04819], [-80.13447, -4.02654], [-80.11024, -4.04135], [-80.09561, -4.04305], [-80.09116, -4.0536], [-80.10525, -4.06681], [-80.09939, -4.07107], [-80.08723, -4.05675], [-80.08189, -4.05996], [-80.05987, -4.04401], [-80.01864, -4.03951], [-80.01069, -4.05238], [-80.00012, -4.07275], [-79.9707, -4.05745]]]}}, {"type": "Feature", "properties": {"admin2_pcode": "EC1806", "admin2_name": "Quero", "admin1_name": "Tungurahua"}, "geometry": {"type": "Polygon", "coordinates": [[[-78.53988, -1.47979], [-78.54356, -1.43533], [-78.56366, -1.41782], [-78.57183, -1.39983], [-78.56532, -1.39687], [-78.56485, -1.37872], [-78.59022, -1.35225], [-78.59689, -1.36662], [-78.61209, -1.37488], [-78.61049, -1.39008], [-78.61816, -1.39854], [-78.64806, -1.41612], [-78.65397, -1.42609], [-78.66505, -1.42622], [-78.68316, -1.44604], [-78.69728, -1.44815], [-78.7156, -1.46998], [-78.72651, -1.46971], [-78.70226, -1.49674], [-78.65181, -1.49981], [-78.6365, -1.49306], [-78.62808, -1.50845], [-78.60295, -1.48944], [-78.5857, -1.49017], [-78.56274, -1.47546], [-78.53988, -1.47979]]]}}, {"type": "Feature", "properties": {"admin2_pcode": "EC1205", "admin2_name": "Quevedo", "admin1_name": "Los Rios"}, "geometry": {"type": "Polygon", "coordinates": [[[-79.36938, -0.9967], [-79.42809, -0.94476], [-79.43555, -0.94246], [-79.44517, -0.95021], [-79.45116, -0.94623], [-79.45553, -0.96126], [-79.49082, -0.94316], [-79.50722, -0.94483], [-79.50821, -0.96811], [-79.5214, -0.97392], [-79.52834, -0.98862], [-79.52534, -1.00782], [-79.53984, -1.01456], [-79.5324, -1.04207], [-79.54064, -1.05793], [-79.60002, -1.07274], [-79.6166, -1.06391], [-79.60164, -1.07714], [-79.55217, -1.08711], [-79.50208, -1.07838], [-79.49375, -1.06689], [-79.47918, -1.07671], [-79.47946, -1.08374], [-79.469, -1.08071], [-79.44722, -1.10109], [-79.45355, -1.11079], [-79.45173, -1.12482], [-79.46801, -1.12139], [-79.46559, -1.13876], [-79.45787, -1.14035], [-79.46045, -1.15053], [-79.43178, -1.17833], [-79.42735, -1.19336], [-79.41479, -1.18736], [-79.41064, -1.17492], [-79.41067, -1.1266], [-79.4042, -1.12085], [-79.37823, -1.12545], [-79.37532, -1.11173], [-79.38639, -1.10521], [-79.38245, -1.09621], [-79.39331, -1.08114], [-79.38888, -1.06357], [-79.39926, -1.05352], [-79.39825, -1.04129], [-79.38854, -1.03413], [-79.38979, -1.01461], [-79.36938, -0.9967]]]}}, {"type": "Feature", "properties": {"admin2_pcode": "EC1507", "admin2_name": "Quijos", "admin1_name": "Napo"}, "geometry": {"type": "Polygon", "coordinates": [[[-77.57112, -0.46261], [-77.58679, -0.46615], [-77.61795, -0.46199], [-77.62898, -0.45102], [-77.65144, -0.45268], [-77.66047, -0.43444], [-77.75383, -0.43353], [-77.77319, -0.44128], [-77.78699, -0.42133], [-77.81557, -0.42049], [-77.82484, -0.40524], [-77.86377, -0.38797], [-77.88461, -0.39981], [-77.90813, -0.40216], [-77.92281, -0.41518], [-77.93185, -0.40658], [-77.93623, -0.38565], [-77.9752, -0.38283], [-78.00416, -0.33893], [-78.02693, -0.33797], [-78.03407, -0.31013], [-78.04261, -0.30756], [-78.06866, -0.2771], [-78.07797, -0.28113], [-78.09165, -0.24089], [-78.12048, -0.25521], [-78.15842, -0.25502], [-78.18596, -0.26255], [-78.19566, -0.33354], [-78.2027, -0.33219], [-78.21562, -0.36116], [-78.24274, -0.38341], [-78.25562, -0.40729], [-78.24753, -0.42658], [-78.2357, -0.43671], [-78.23626, -0.4551], [-78.20477, -0.46622], [-78.19707, -0.45927], [-78.18337, -0.46048], [-78.14211, -0.48462], [-78.14603, -0.49772], [-78.16238, -0.50979], [-78.17395, -0.55361], [-78.18548, -0.563], [-78.14913, -0.59467], [-78.14014, -0.60006], [-78.11288, -0.58443], [-78.0861, -0.60695], [-78.03346, -0.59939], [-78.00202, -0.61388], [-77.97723, -0.63919], [-77.9504, -0.64448], [-77.93042, -0.66351], [-77.91338, -0.65916], [-77.90786, -0.6406], [-77.88629, -0.64351], [-77.87738, -0.66323], [-77.86434, -0.65538], [-77.85621, -0.63542], [-77.82207, -0.61274], [-77.80781, -0.5959], [-77.80952, -0.57903], [-77.79691, -0.54729], [-77.78083, -0.53882], [-77.77016, -0.5193], [-77.74464, -0.51386], [-77.73279, -0.48887], [-77.71746, -0.50125], [-77.69915, -0.50197], [-77.67555, -0.52003], [-77.64231, -0.52998], [-77.62755, -0.54144], [-77.60908, -0.5202], [-77.55953, -0.49449], [-77.56712, -0.48543], [-77.57112, -0.46261]]]}}, {"type": "Feature", "properties": {"admin2_pcode": "EC1115", "admin2_name": "Quilanga", "admin1_name": "Loja"}, "geometry": {"type": "Polygon", "coordinates": [[[-79.33146, -4.2774], [-79.34351, -4.28721], [-79.3739, -4.2846], [-79.37639, -4.26879], [-79.39554, -4.247], [-79.40303, -4.24739], [-79.41528, -4.26531], [-79.46191, -4.25948], [-79.47205, -4.30058], [-79.46094, -4.32252], [-79.43617, -4.32881], [-79.44065, -4.34954], [-79.43102, -4.3595], [-79.42479, -4.38173], [-79.43421, -4.39519], [-79.44082, -4.39553], [-79.44091, -4.40599], [-79.42153, -4.39798], [-79.40581, -4.40125], [-79.39532, -4.41461], [-79.37273, -4.40671], [-79.3682, -4.4165], [-79.35126, -4.42449], [-79.35205, -4.44924], [-79.32895, -4.44542], [-79.31576, -4.45697], [-79.30777, -4.44863], [-79.31815, -4.40085], [-79.31114, -4.37287], [-79.31746, -4.36617], [-79.31593, -4.35409], [-79.3318, -4.34482], [-79.32065, -4.3226], [-79.33063, -4.31175], [-79.32432, -4.29388], [-79.33146, -4.2774]]]}}, {"type": "Feature", "properties": {"admin2_pcode": "EC0804", "admin2_name": "Quininde", "admin1_name": "Esmeraldas"}, "geometry": {"type": "Polygon", "coordinates": [[[-79.41192, 0.57299], [-79.41415, 0.56645], [-79.43182, 0.57696], [-79.44063, 0.57168], [-79.44702, 0.57657], [-79.44593, 0.59921], [-79.46331, 0.61867], [-79.48237, 0.62249], [-79.50307, 0.63737], [-79.50795, 0.65001], [-79.56188, 0.67766], [-79.60524, 0.65569], [-79.61495, 0.63596], [-79.62858, 0.62723], [-79.6398, 0.63037], [-79.65259, 0.62094], [-79.67151, 0.62013], [-79.69573, 0.6094], [-79.69833, 0.6184], [-79.71389, 0.61812], [-79.73255, 0.60207], [-79.73145, 0.5874], [-79.73983, 0.58791], [-79.7398, 0.57858], [-79.76235, 0.55656], [-79.75611, 0.55315], [-79.74883, 0.5267], [-79.7898, 0.51613], [-79.80504, 0.51999], [-79.81516, 0.50848], [-79.80569, 0.50037], [-79.80324, 0.46133], [-79.78908, 0.45497], [-79.78213, 0.41702], [-79.79487, 0.39168], [-79.81587, 0.37746], [-79.83199, 0.3245], [-79.82271, 0.31783], [-79.79626, 0.33392], [-79.77974, 0.3366], [-79.76195, 0.37248], [-79.73449, 0.37312], [-79.71847, 0.36445], [-79.70587, 0.34198], [-79.72209, 0.32245], [-79.71943, 0.2932], [-79.69753, 0.28887], [-79.68695, 0.27408], [-79.6752, 0.27641], [-79.66539, 0.26241], [-79.68749, 0.22609], [-79.68475, 0.21646], [-79.69614, 0.21978], [-79.70478, 0.21182], [-79.7115, 0.18235], [-79.69884, 0.18092], [-79.70192, 0.17628], [-79.68274, 0.16416], [-79.67599, 0.16399], [-79.6654, 0.17828], [-79.65531, 0.17228], [-79.65802, 0.16106], [-79.65166, 0.16029], [-79.65751, 0.15374], [-79.65142, 0.14337], [-79.64764, 0.15313], [-79.62587, 0.15801], [-79.61361, 0.1399], [-79.61659, 0.13256], [-79.6109, 0.13604], [-79.60903, 0.12928], [-79.59945, 0.13102], [-79.59736, 0.12116], [-79.57015, 0.11645], [-79.59187, 0.08582], [-79.60291, 0.08236], [-79.59738, 0.06398], [-79.62048, 0.05766], [-79.61708, 0.05165], [-79.62562, 0.03646], [-79.61462, 0.03321], [-79.62495, 0.01884], [-79.61221, 0.01127], [-79.60585, -0.02118], [-79.60061, -0.03032], [-79.599, -0.02081], [-79.58001, -0.01792], [-79.57555, -0.02332], [-79.51618, -0.02619], [-79.51457, -0.0327], [-79.51264, -0.02718], [-79.47503, -0.02943], [-79.46187, -0.0384], [-79.45076, -0.03804], [-79.44307, -0.04797], [-79.44237, -0.03675], [-79.43223, -0.02784], [-79.44685, -0.03007], [-79.4634, 0.00437], [-79.45579, -0.00186], [-79.44624, 0.0046], [-79.42424, 0.00501], [-79.42734, 0.02414], [-79.40318, 0.01431], [-79.40695, 0.02614], [-79.36659, 0.0214], [-79.3712, 0.03278], [-79.36773, 0.05144], [-79.35447, 0.06728], [-79.34951, 0.09797], [-79.33175, 0.1145], [-79.32514, 0.1558], [-79.3137, 0.15829], [-79.30343, 0.17821], [-79.31448, 0.19394], [-79.34769, 0.21089], [-79.35596, 0.22939], [-79.35448, 0.24553], [-79.31431, 0.25485], [-79.3122, 0.26263], [-79.29781, 0.25955], [-79.30106, 0.2659], [-79.29179, 0.2816], [-79.27942, 0.2922], [-79.27223, 0.28946], [-79.27012, 0.3188], [-79.26854, 0.33024], [-79.27495, 0.33386], [-79.26371, 0.34059], [-79.24297, 0.33821], [-79.20519, 0.34635], [-79.19029, 0.33997], [-79.18079, 0.34738], [-79.16209, 0.34825], [-79.11615, 0.33485], [-79.07989, 0.33393], [-79.04725, 0.3107], [-79.0273, 0.3064], [-78.99557, 0.32337], [-78.95385, 0.35744], [-78.9235, 0.35947], [-78.93685, 0.38791], [-78.93622, 0.42655], [-78.97656, 0.48091], [-78.97821, 0.51409], [-79.00529, 0.54251], [-79.02142, 0.53952], [-79.02621, 0.52766], [-79.04104, 0.51802], [-79.06727, 0.51904], [-79.07827, 0.51063], [-79.12058, 0.50495], [-79.13965, 0.49282], [-79.15622, 0.50972], [-79.18432, 0.49953], [-79.19592, 0.50654], [-79.19489, 0.52127], [-79.22361, 0.52194], [-79.23151, 0.57537], [-79.25886, 0.59286], [-79.26568, 0.58135], [-79.28915, 0.58432], [-79.31092, 0.57261], [-79.33707, 0.59455], [-79.36343, 0.59168], [-79.36547, 0.59939], [-79.39664, 0.59236], [-79.41192, 0.57299]]]}}, {"type": "Feature", "properties": {"admin2_pcode": "EC1213", "admin2_name": "Quinsaloma", "admin1_name": "Los Rios"}, "geometry": {"type": "Polygon", "coordinates": [[[-79.315, -0.95792], [-79.34728, -0.98148], [-79.35603, -0.97998], [-79.36938, -0.9967], [-79.38979, -1.01461], [-79.38854, -1.03413], [-79.39825, -1.04129], [-79.39926, -1.05352], [-79.38888, -1.06357], [-79.39331, -1.08114], [-79.38245, -1.09621], [-79.38639, -1.10521], [-79.37532, -1.11173], [-79.37823, -1.12545], [-79.37004, -1.13661], [-79.38407, -1.15601], [-79.38071, -1.16258], [-79.37341, -1.16146], [-79.37741, -1.17397], [-79.38866, -1.18042], [-79.38382, -1.19486], [-79.3951, -1.1953], [-79.41007, -1.22512], [-79.39964, -1.22986], [-79.3986, -1.2388], [-79.41013, -1.24192], [-79.41152, -1.25332], [-79.42353, -1.25433], [-79.40973, -1.25879], [-79.42029, -1.26575], [-79.41323, -1.27405], [-79.41845, -1.28451], [-79.40283, -1.291], [-79.41264, -1.29015], [-79.41822, -1.30348], [-79.40698, -1.31383], [-79.41188, -1.32141], [-79.40851, -1.33379], [-79.39987, -1.33222], [-79.39481, -1.32317], [-79.3847, -1.30575], [-79.37433, -1.30779], [-79.37144, -1.29642], [-79.34882, -1.27199], [-79.33261, -1.22423], [-79.30671, -1.20687], [-79.28985, -1.20531], [-79.29966, -1.17727], [-79.32784, -1.15922], [-79.33986, -1.1257], [-79.33242, -1.12315], [-79.33257, -1.11318], [-79.32651, -1.11535], [-79.3204, -1.07989], [-79.30842, -1.06004], [-79.31194, -1.03467], [-79.29179, -1.00455], [-79.29242, -0.98748], [-79.32043, -0.9981], [-79.315, -0.95792]]]}}, {"type": "Feature", "properties": {"admin2_pcode": "EC1701", "admin2_name": "Quito", "admin1_name": "Pichincha"}, "geometry": {"type": "Polygon", "coordinates": [[[-78.29853, 0.15793], [-78.3011, 0.17357], [-78.31071, 0.18497], [-78.33206, 0.19139], [-78.33248, 0.20204], [-78.3379, 0.20327], [-78.35759, 0.17133], [-78.3736, 0.15956], [-78.3761, 0.16807], [-78.36014, 0.194], [-78.35818, 0.20278], [-78.36381, 0.20862], [-78.35668, 0.21719], [-78.37248, 0.22288], [-78.38321, 0.25096], [-78.39079, 0.24464], [-78.39867, 0.24992], [-78.40233, 0.24055], [-78.41975, 0.25163], [-78.44412, 0.23792], [-78.4562, 0.24055], [-78.46685, 0.25554], [-78.47546, 0.24682], [-78.48883, 0.25382], [-78.51201, 0.22618], [-78.54113, 0.23797], [-78.55498, 0.22433], [-78.62507, 0.2181], [-78.63736, 0.20676], [-78.65718, 0.21657], [-78.67481, 0.21074], [-78.68225, 0.21573], [-78.68178, 0.2235], [-78.70946, 0.21573], [-78.75486, 0.24052], [-78.7777, 0.24336], [-78.81112, 0.23044], [-78.8326, 0.2413], [-78.86974, 0.23333], [-78.88029, 0.222], [-78.91017, 0.21287], [-78.92483, 0.2212], [-78.94801, 0.20341], [-78.93818, 0.19174], [-78.93237, 0.14505], [-78.93919, 0.11796], [-78.93263, 0.09573], [-78.92188, 0.0795], [-78.90059, 0.07636], [-78.9002, 0.06935], [-78.88618, 0.06581], [-78.88646, 0.0612], [-78.86099, 0.05743], [-78.82074, 0.0349], [-78.79957, 0.03337], [-78.79321, 0.0241], [-78.7778, 0.03468], [-78.74471, 0.01784], [-78.72532, -0.00232], [-78.72449, -0.02119], [-78.70669, -0.03153], [-78.68734, -0.02651], [-78.6716, -0.00748], [-78.65833, -0.03761], [-78.638, -0.06243], [-78.65586, -0.06364], [-78.64749, -0.07576], [-78.64764, -0.10118], [-78.65929, -0.11955], [-78.66073, -0.13563], [-78.67795, -0.12834], [-78.68879, -0.13594], [-78.6932, -0.12833], [-78.73284, -0.13309], [-78.7657, -0.12434], [-78.7985, -0.10101], [-78.81692, -0.11342], [-78.83335, -0.09268], [-78.84023, -0.09928], [-78.82787, -0.11614], [-78.83958, -0.13381], [-78.83344, -0.14115], [-78.83327, -0.15945], [-78.84229, -0.16628], [-78.82929, -0.17835], [-78.83283, -0.18714], [-78.79479, -0.21352], [-78.78334, -0.21267], [-78.75973, -0.2397], [-78.74647, -0.27723], [-78.7445, -0.29517], [-78.73674, -0.2989], [-78.7316, -0.31983], [-78.72065, -0.32549], [-78.71405, -0.31794], [-78.68101, -0.32154], [-78.66155, -0.3601], [-78.62233, -0.36008], [-78.59152, -0.35244], [-78.50898, -0.36481], [-78.50406, -0.37169], [-78.51157, -0.37423], [-78.5211, -0.39777], [-78.47992, -0.45723], [-78.47104, -0.44056], [-78.47688, -0.42805], [-78.46452, -0.37963], [-78.4753, -0.36584], [-78.46346, -0.34511], [-78.47985, -0.33477], [-78.47619, -0.3263], [-78.46737, -0.32731], [-78.47211, -0.31554], [-78.46185, -0.30646], [-78.4629, -0.29056], [-78.42003, -0.32774], [-78.41591, -0.34748], [-78.39388, -0.38146], [-78.40592, -0.40186], [-78.41214, -0.44196], [-78.42326, -0.45587], [-78.43255, -0.4859], [-78.43604, -0.49592], [-78.42575, -0.52325], [-78.43186, -0.54744], [-78.42674, -0.5712], [-78.37694, -0.54941], [-78.37142, -0.53796], [-78.3333, -0.58629], [-78.31225, -0.5884], [-78.30109, -0.57716], [-78.28846, -0.57687], [-78.27732, -0.56812], [-78.26627, -0.53246], [-78.26796, -0.51223], [-78.25551, -0.50286], [-78.2472, -0.47025], [-78.23626, -0.4551], [-78.2357, -0.43671], [-78.24753, -0.42658], [-78.25562, -0.40729], [-78.24274, -0.38341], [-78.21562, -0.36116], [-78.2027, -0.33219], [-78.19566, -0.33354], [-78.18596, -0.26255], [-78.1907, -0.25617], [-78.1852, -0.2137], [-78.19286, -0.20261], [-78.17877, -0.18561], [-78.16685, -0.18668], [-78.1652, -0.17523], [-78.18375, -0.1538], [-78.25417, -0.12229], [-78.27648, -0.12227], [-78.23691, -0.11501], [-78.21926, -0.10257], [-78.2117, -0.08869], [-78.24236, -0.08824], [-78.25948, -0.09891], [-78.30135, -0.0896], [-78.30991, -0.06752], [-78.29792, -0.06104], [-78.29616, -0.05282], [-78.273, -0.05629], [-78.29493, -0.03934], [-78.29787, -0.02909], [-78.31851, -0.0252], [-78.31876, -0.01993], [-78.33356, -0.02404], [-78.33941, -0.03716], [-78.35286, -0.03168], [-78.35749, -0.02272], [-78.39072, -0.03835], [-78.40874, 0.00131], [-78.40507, 0.01866], [-78.38038, 0.03926], [-78.37336, 0.05749], [-78.32753, 0.0881], [-78.32183, 0.09715], [-78.32966, 0.10575], [-78.31355, 0.11226], [-78.31392, 0.11708], [-78.30086, 0.1144], [-78.30898, 0.13072], [-78.30442, 0.1459], [-78.29579, 0.1482], [-78.29853, 0.15793]]]}}, {"type": "Feature", "properties": {"admin2_pcode": "EC0601", "admin2_name": "Riobamba", "admin1_name": "Chimborazo"}, "geometry": {"type": "Polygon", "coordinates": [[[-78.85136, -1.47054], [-78.87889, -1.46248], [-78.88307, -1.47204], [-78.8683, -1.50753], [-78.88543, -1.53009], [-78.88414, -1.55224], [-78.89772, -1.58509], [-78.89702, -1.59975], [-78.8517, -1.61749], [-78.84534, -1.6649], [-78.8206, -1.64587], [-78.81234, -1.66177], [-78.79836, -1.66191], [-78.79337, -1.65576], [-78.77907, -1.67069], [-78.7522, -1.6591], [-78.75079, -1.6516], [-78.73053, -1.65926], [-78.71887, -1.65681], [-78.7209, -1.68255], [-78.73275, -1.68035], [-78.72877, -1.70987], [-78.73591, -1.71342], [-78.73128, -1.73595], [-78.70818, -1.74418], [-78.70477, -1.76827], [-78.69708, -1.77178], [-78.68917, -1.79011], [-78.69195, -1.83227], [-78.66989, -1.83389], [-78.66683, -1.84789], [-78.65633, -1.85515], [-78.6418, -1.84946], [-78.63004, -1.87781], [-78.60703, -1.86646], [-78.59411, -1.88309], [-78.57338, -1.88075], [-78.55135, -1.89211], [-78.53766, -1.91048], [-78.54017, -1.93355], [-78.53264, -1.94605], [-78.50707, -1.95159], [-78.46125, -1.93686], [-78.45548, -1.91953], [-78.43403, -1.90934], [-78.42927, -1.89749], [-78.41968, -1.89411], [-78.41979, -1.88414], [-78.4036, -1.87702], [-78.39693, -1.85318], [-78.42076, -1.82871], [-78.42014, -1.80459], [-78.43824, -1.79065], [-78.44487, -1.76586], [-78.46835, -1.79393], [-78.49141, -1.78875], [-78.50745, -1.80578], [-78.54926, -1.80694], [-78.58623, -1.79146], [-78.58543, -1.78176], [-78.59877, -1.76121], [-78.61839, -1.74013], [-78.62325, -1.74461], [-78.63344, -1.73861], [-78.62208, -1.71535], [-78.60696, -1.71218], [-78.608, -1.68262], [-78.60344, -1.68016], [-78.56993, -1.71449], [-78.54966, -1.70881], [-78.51528, -1.71544], [-78.49599, -1.68944], [-78.48881, -1.70746], [-78.47263, -1.72206], [-78.46698, -1.75178], [-78.45156, -1.73223], [-78.43343, -1.68707], [-78.41741, -1.68497], [-78.4089, -1.67472], [-78.41981, -1.6683], [-78.43011, -1.67465], [-78.45878, -1.67236], [-78.4801, -1.6585], [-78.50784, -1.65587], [-78.5165, -1.634], [-78.51141, -1.61055], [-78.53588, -1.60479], [-78.54836, -1.59167], [-78.54537, -1.60094], [-78.55746, -1.61521], [-78.56091, -1.63825], [-78.58053, -1.64929], [-78.59554, -1.63314], [-78.62373, -1.65084], [-78.63066, -1.63921], [-78.64046, -1.63818], [-78.65302, -1.64834], [-78.67423, -1.63817], [-78.68377, -1.62284], [-78.7116, -1.6258], [-78.72048, -1.61944], [-78.71429, -1.60592], [-78.72562, -1.59965], [-78.73083, -1.58597], [-78.78161, -1.55073], [-78.7806, -1.53434], [-78.80003, -1.49412], [-78.85136, -1.47054]]]}}, {"type": "Feature", "properties": {"admin2_pcode": "EC0807", "admin2_name": "Rioverde", "admin1_name": "Esmeraldas"}, "geometry": {"type": "Polygon", "coordinates": [[[-79.20951, 1.08192], [-79.24967, 1.07159], [-79.25924, 1.0872], [-79.28949, 1.07705], [-79.3038, 1.08178], [-79.33278, 1.07127], [-79.37551, 1.06856], [-79.39406, 1.08332], [-79.41413, 1.07516], [-79.40995, 1.06961], [-79.42651, 1.07119], [-79.46019, 1.0468], [-79.46645, 1.02164], [-79.45645, 0.99897], [-79.4536, 0.96453], [-79.46527, 0.95176], [-79.4664, 0.93861], [-79.48096, 0.91504], [-79.47398, 0.89948], [-79.48355, 0.87797], [-79.48024, 0.861], [-79.46466, 0.83766], [-79.48377, 0.81804], [-79.50826, 0.82667], [-79.51239, 0.80549], [-79.50451, 0.79819], [-79.50917, 0.78976], [-79.50041, 0.77404], [-79.48868, 0.68795], [-79.46023, 0.64328], [-79.42299, 0.63263], [-79.40842, 0.60254], [-79.41192, 0.57299], [-79.39664, 0.59236], [-79.36547, 0.59939], [-79.36343, 0.59168], [-79.33707, 0.59455], [-79.31092, 0.57261], [-79.28915, 0.58432], [-79.26568, 0.58135], [-79.25886, 0.59286], [-79.23151, 0.57537], [-79.22035, 0.57718], [-79.21284, 0.58873], [-79.23409, 0.60411], [-79.23431, 0.61657], [-79.25382, 0.63501], [-79.26716, 0.667], [-79.28414, 0.6678], [-79.28896, 0.68197], [-79.29842, 0.68474], [-79.29577, 0.7129], [-79.30098, 0.72252], [-79.29001, 0.72513], [-79.28643, 0.7417], [-79.26406, 0.76976], [-79.25131, 0.77451], [-79.24864, 0.78781], [-79.2335, 0.79032], [-79.2266, 0.80769], [-79.19817, 0.81183], [-79.19134, 0.82271], [-79.20054, 0.84405], [-79.22015, 0.856], [-79.20471, 0.89226], [-79.21497, 0.90461], [-79.22898, 0.9078], [-79.23107, 0.9179], [-79.20593, 0.92848], [-79.194, 0.94495], [-79.1741, 0.95704], [-79.15387, 0.95292], [-79.13137, 1.00114], [-79.11922, 1.00756], [-79.1529, 1.03999], [-79.1996, 1.05239], [-79.21568, 1.0628], [-79.2165, 1.07465], [-79.20951, 1.08192]]]}}, {"type": "Feature", "properties": {"admin2_pcode": "EC1312", "admin2_name": "Rocafuerte", "admin1_name": "Manabi"}, "geometry": {"type": "Polygon", "coordinates": [[[-80.26738, -0.87276], [-80.27608, -0.8722], [-80.29061, -0.88525], [-80.30394, -0.88177], [-80.3114, -0.89926], [-80.31819, -0.88932], [-80.33185, -0.88469], [-80.34818, -0.84174], [-80.36496, -0.83053], [-80.38002, -0.82909], [-80.38426, -0.82195], [-80.41213, -0.84293], [-80.4116, -0.84937], [-80.42791, -0.84646], [-80.47101, -0.86689], [-80.47994, -0.86507], [-80.47715, -0.8727], [-80.49285, -0.86898], [-80.50286, -0.87057], [-80.51334, -0.9065], [-80.54182, -0.92867], [-80.52749, -0.93199], [-80.50645, -0.96236], [-80.48732, -0.95608], [-80.48416, -0.96178], [-80.45036, -0.96335], [-80.44776, -0.97158], [-80.43113, -0.97382], [-80.42438, -0.9558], [-80.40555, -0.95042], [-80.38483, -0.95526], [-80.37101, -0.94463], [-80.36033, -0.95426], [-80.34368, -0.95528], [-80.33827, -0.9478], [-80.32229, -0.95477], [-80.30452, -0.94279], [-80.29701, -0.94722], [-80.29223, -0.9364], [-80.28339, -0.93385], [-80.29203, -0.90598], [-80.266, -0.88798], [-80.26738, -0.87276]]]}}, {"type": "Feature", "properties": {"admin2_pcode": "EC1705", "admin2_name": "Rumi\u00f0ahui", "admin1_name": "Pichincha"}, "geometry": {"type": "Polygon", "coordinates": [[[-78.43255, -0.4859], [-78.42326, -0.45587], [-78.41214, -0.44196], [-78.40592, -0.40186], [-78.39388, -0.38146], [-78.41591, -0.34748], [-78.42003, -0.32774], [-78.4629, -0.29056], [-78.46185, -0.30646], [-78.47211, -0.31554], [-78.46737, -0.32731], [-78.47619, -0.3263], [-78.47985, -0.33477], [-78.46346, -0.34511], [-78.4753, -0.36584], [-78.46452, -0.37963], [-78.47688, -0.42805], [-78.47104, -0.44056], [-78.47992, -0.45723], [-78.4846, -0.46994], [-78.46608, -0.48151], [-78.46596, -0.50678], [-78.43255, -0.4859]]]}}, {"type": "Feature", "properties": {"admin2_pcode": "EC0505", "admin2_name": "Salcedo", "admin1_name": "Cotopaxi"}, "geometry": {"type": "Polygon", "coordinates": [[[-78.40153, -0.95941], [-78.47575, -0.95946], [-78.47586, -0.96898], [-78.56262, -0.99716], [-78.57333, -1.0128], [-78.58636, -1.0056], [-78.61284, -1.00524], [-78.63567, -1.03563], [-78.63672, -1.06479], [-78.65075, -1.05676], [-78.70556, -1.06754], [-78.72594, -1.05015], [-78.78869, -1.04769], [-78.81238, -1.03003], [-78.82853, -1.03206], [-78.84258, -1.07085], [-78.83951, -1.10524], [-78.8054, -1.11622], [-78.79175, -1.1299], [-78.78951, -1.1433], [-78.78131, -1.14702], [-78.74586, -1.13236], [-78.72299, -1.14826], [-78.69011, -1.15133], [-78.67413, -1.14539], [-78.66742, -1.15486], [-78.65207, -1.13837], [-78.62043, -1.12179], [-78.6134, -1.10996], [-78.6078, -1.11532], [-78.59095, -1.11422], [-78.57058, -1.12894], [-78.57128, -1.11647], [-78.56578, -1.123], [-78.57044, -1.09716], [-78.56268, -1.08396], [-78.56767, -1.07416], [-78.57742, -1.07583], [-78.57184, -1.06525], [-78.55922, -1.05884], [-78.52598, -1.05825], [-78.50204, -1.09404], [-78.46571, -1.08791], [-78.44617, -1.061], [-78.44552, -1.04744], [-78.43465, -1.04637], [-78.42154, -1.02481], [-78.41001, -1.01931], [-78.40749, -1.00143], [-78.41368, -0.99177], [-78.4047, -0.98958], [-78.40153, -0.95941]]]}}, {"type": "Feature", "properties": {"admin2_pcode": "EC2403", "admin2_name": "Salinas", "admin1_name": "Santa Elena"}, "geometry": {"type": "Polygon", "coordinates": [[[-80.922, -2.21943], [-80.94017, -2.21827], [-80.95483, -2.20162], [-80.97233, -2.20364], [-80.99107, -2.1826], [-81.01115, -2.18897], [-80.92094, -2.27568], [-80.9125, -2.29686], [-80.89467, -2.31737], [-80.89729, -2.33291], [-80.89069, -2.33688], [-80.88377, -2.32449], [-80.86948, -2.32547], [-80.85854, -2.29414], [-80.87062, -2.27018], [-80.88496, -2.27014], [-80.89226, -2.25332], [-80.9049, -2.26], [-80.92059, -2.24794], [-80.922, -2.21943]]]}}, {"type": "Feature", "properties": {"admin2_pcode": "EC0919", "admin2_name": "Salitre", "admin1_name": "Guayas"}, "geometry": {"type": "Polygon", "coordinates": [[[-79.74824, -1.73846], [-79.77105, -1.72408], [-79.78571, -1.72774], [-79.80147, -1.71279], [-79.82572, -1.70769], [-79.83987, -1.6853], [-79.82258, -1.67357], [-79.82531, -1.66569], [-79.83435, -1.66617], [-79.84809, -1.6448], [-79.85967, -1.6488], [-79.86341, -1.64377], [-79.86904, -1.65923], [-79.8781, -1.66341], [-79.879, -1.67557], [-79.8731, -1.68526], [-79.86463, -1.68565], [-79.86063, -1.69949], [-79.87074, -1.71941], [-79.87965, -1.71245], [-79.88769, -1.71728], [-79.89759, -1.72883], [-79.90031, -1.77522], [-79.90834, -1.78303], [-79.89544, -1.81483], [-79.88522, -1.82642], [-79.86189, -1.82534], [-79.87101, -1.84192], [-79.86042, -1.85239], [-79.85735, -1.88995], [-79.84338, -1.90256], [-79.82159, -1.90927], [-79.82379, -1.89411], [-79.80366, -1.86359], [-79.76883, -1.89004], [-79.76106, -1.90808], [-79.73196, -1.91954], [-79.73211, -1.92795], [-79.72305, -1.9258], [-79.71486, -1.93468], [-79.71551, -1.94629], [-79.66884, -1.90517], [-79.66966, -1.90095], [-79.68573, -1.86802], [-79.69823, -1.86909], [-79.70979, -1.85406], [-79.73124, -1.84608], [-79.71918, -1.82766], [-79.72852, -1.82547], [-79.73012, -1.80893], [-79.74853, -1.7871], [-79.74425, -1.74706], [-79.74824, -1.73846]]]}}, {"type": "Feature", "properties": {"admin2_pcode": "EC0916", "admin2_name": "Samborondon", "admin1_name": "Guayas"}, "geometry": {"type": "Polygon", "coordinates": [[[-79.66884, -1.90517], [-79.71551, -1.94629], [-79.71486, -1.93468], [-79.72305, -1.9258], [-79.73211, -1.92795], [-79.73196, -1.91954], [-79.76106, -1.90808], [-79.76883, -1.89004], [-79.80366, -1.86359], [-79.82379, -1.89411], [-79.82159, -1.90927], [-79.84338, -1.90256], [-79.84494, -1.9175], [-79.87937, -1.96282], [-79.86503, -2.00099], [-79.86063, -2.0373], [-79.86545, -2.05857], [-79.87491, -2.06448], [-79.88315, -2.0606], [-79.89149, -2.06847], [-79.8902, -2.08584], [-79.87327, -2.11401], [-79.87406, -2.1353], [-79.8652, -2.15921], [-79.85522, -2.14382], [-79.87127, -2.10403], [-79.86794, -2.09244], [-79.83889, -2.07538], [-79.79629, -2.09057], [-79.80983, -2.05684], [-79.80227, -2.03564], [-79.7689, -2.02606], [-79.7408, -2.02944], [-79.66754, -2.02867], [-79.66145, -2.00773], [-79.67972, -1.99034], [-79.6661, -1.97266], [-79.67978, -1.95017], [-79.64782, -1.92791], [-79.64785, -1.92346], [-79.66098, -1.91974], [-79.66884, -1.90517]]]}}, {"type": "Feature", "properties": {"admin2_pcode": "EC2001", "admin2_name": "San Cristobal", "admin1_name": "Galapagos"}, "geometry": {"type": "MultiPolygon", "coordinates": [[[[-89.66637, -1.34547], [-89.68783, -1.35001], [-89.69981, -1.34467], [-89.70056, -1.35013], [-89.73332, -1.35974], [-89.73858, -1.36983], [-89.74599, -1.36915], [-89.74461, -1.37522], [-89.70424, -1.39549], [-89.68982, -1.39493], [-89.68558, -1.40404], [-89.62967, -1.40972], [-89.62595, -1.39421], [-89.61817, -1.39436], [-89.62726, -1.38472], [-89.62433, -1.37883], [-89.63287, -1.36644], [-89.64074, -1.36638], [-89.66637, -1.34547]]], [[[-90.42485, -1.22091], [-90.45449, -1.23993], [-90.46744, -1.23036], [-90.47844, -1.2333], [-90.48915, -1.26044], [-90.48454, -1.27727], [-90.49279, -1.28135], [-90.49409, -1.29576], [-90.51112, -1.31552], [-90.49827, -1.33135], [-90.49969, -1.33921], [-90.46752, -1.34905], [-90.45376, -1.36057], [-90.43317, -1.3598], [-90.39932, -1.34371], [-90.35285, -1.27681], [-90.35911, -1.26274], [-90.41903, -1.23462], [-90.42485, -1.22091]]], [[[-89.56319, -0.85548], [-89.56837, -0.85519], [-89.56901, -0.85667], [-89.5682, -0.85699], [-89.56319, -0.85548]]], [[[-89.54215, -0.8339], [-89.54215, -0.83368], [-89.54242, -0.83372], [-89.54242, -0.83382], [-89.54215, -0.8339]]], [[[-89.54381, -0.82594], [-89.5436, -0.82499], [-89.54452, -0.82686], [-89.54334, -0.82637], [-89.54381, -0.82594]]], [[[-89.47088, -0.80083], [-89.47116, -0.80028], [-89.47162, -0.80058], [-89.47129, -0.80084], [-89.47088, -0.80083]]], [[[-90.08677, -0.79879], [-90.08284, -0.81033], [-90.09136, -0.81927], [-90.08803, -0.82855], [-90.05592, -0.83838], [-90.03055, -0.8378], [-90.03048, -0.81423], [-90.04174, -0.80115], [-90.08677, -0.79879]]], [[[-89.51907, -0.77887], [-89.51832, -0.77862], [-89.51824, -0.77828], [-89.51952, -0.77852], [-89.51907, -0.77887]]], [[[-89.51949, -0.7762], [-89.52084, -0.77672], [-89.51802, -0.77792], [-89.51775, -0.77742], [-89.51949, -0.7762]]], [[[-89.24703, -0.70282], [-89.24792, -0.70283], [-89.24778, -0.70411], [-89.2475, -0.70405], [-89.2474, -0.70333], [-89.24693, -0.70333], [-89.24703, -0.70282]]], [[[-89.25163, -0.70134], [-89.25211, -0.70066], [-89.25256, -0.70135], [-89.25237, -0.7015], [-89.25163, -0.70134]]], [[[-89.35086, -0.68627], [-89.37512, -0.71181], [-89.3885, -0.71118], [-89.38781, -0.71724], [-89.39666, -0.72055], [-89.40352, -0.7157], [-89.40857, -0.72503], [-89.42169, -0.72682], [-89.42826, -0.7359], [-89.43849, -0.73443], [-89.43988, -0.74562], [-89.45537, -0.75645], [-89.46043, -0.75326], [-89.46465, -0.76041], [-89.45889, -0.77129], [-89.47194, -0.78638], [-89.4676, -0.80119], [-89.48425, -0.81762], [-89.52098, -0.82621], [-89.52309, -0.82029], [-89.5413, -0.81794], [-89.53747, -0.83118], [-89.54288, -0.84675], [-89.61337, -0.88937], [-89.60929, -0.89961], [-89.62128, -0.9011], [-89.6269, -0.91925], [-89.6054, -0.93497], [-89.56064, -0.95175], [-89.52406, -0.9556], [-89.49475, -0.94008], [-89.43338, -0.93352], [-89.4289, -0.92641], [-89.4002, -0.91548], [-89.37268, -0.85955], [-89.36221, -0.85318], [-89.36218, -0.82983], [-89.35086, -0.82703], [-89.34739, -0.8168], [-89.33637, -0.82111], [-89.31919, -0.81255], [-89.3089, -0.80241], [-89.30683, -0.79054], [-89.28349, -0.77828], [-89.27501, -0.75401], [-89.25632, -0.74463], [-89.25448, -0.73368], [-89.24128, -0.7201], [-89.24178, -0.71342], [-89.25366, -0.71181], [-89.25209, -0.69695], [-89.25974, -0.69247], [-89.28136, -0.70671], [-89.30535, -0.68901], [-89.31771, -0.69256], [-89.35086, -0.68627]]], [[[-89.95422, 0.34661], [-89.97176, 0.33838], [-89.97803, 0.31704], [-89.9633, 0.30735], [-89.96084, 0.31586], [-89.94865, 0.31846], [-89.94539, 0.30666], [-89.95482, 0.30325], [-89.94981, 0.29968], [-89.94469, 0.30118], [-89.93586, 0.32328], [-89.93909, 0.33562], [-89.95422, 0.34661]]]]}}, {"type": "Feature", "properties": {"admin2_pcode": "EC0107", "admin2_name": "San Fernando", "admin1_name": "Azuay"}, "geometry": {"type": "Polygon", "coordinates": [[[-79.30446, -3.18275], [-79.2897, -3.18269], [-79.27308, -3.16935], [-79.25822, -3.19294], [-79.2341, -3.21279], [-79.23115, -3.2271], [-79.21735, -3.23008], [-79.21503, -3.17413], [-79.22905, -3.15935], [-79.23146, -3.14508], [-79.23818, -3.14329], [-79.22853, -3.1207], [-79.23452, -3.10921], [-79.23552, -3.06262], [-79.2522, -3.05026], [-79.27725, -3.07214], [-79.30373, -3.0666], [-79.30437, -3.07411], [-79.31841, -3.08607], [-79.32532, -3.13393], [-79.31699, -3.16534], [-79.30446, -3.18275]]]}}, {"type": "Feature", "properties": {"admin2_pcode": "EC0920", "admin2_name": "San Jacinto de Yaguachi", "admin1_name": "Guayas"}, "geometry": {"type": "Polygon", "coordinates": [[[-79.60444, -1.98822], [-79.63905, -1.97459], [-79.64782, -1.92791], [-79.67978, -1.95017], [-79.6661, -1.97266], [-79.67972, -1.99034], [-79.66145, -2.00773], [-79.66754, -2.02867], [-79.7408, -2.02944], [-79.7972, -2.03678], [-79.80492, -2.05514], [-79.78569, -2.06974], [-79.78562, -2.08494], [-79.79573, -2.09666], [-79.81761, -2.09995], [-79.81764, -2.13131], [-79.80294, -2.13927], [-79.79345, -2.13696], [-79.78996, -2.15058], [-79.77999, -2.15603], [-79.76615, -2.14553], [-79.72341, -2.19808], [-79.7142, -2.19003], [-79.70067, -2.1897], [-79.70317, -2.23567], [-79.69042, -2.23875], [-79.69378, -2.27107], [-79.6794, -2.27131], [-79.67968, -2.27758], [-79.71037, -2.29192], [-79.71511, -2.28824], [-79.71739, -2.29645], [-79.73281, -2.30311], [-79.73212, -2.30903], [-79.70174, -2.29705], [-79.68475, -2.30214], [-79.63802, -2.29827], [-79.62109, -2.30554], [-79.60131, -2.30818], [-79.59501, -2.29325], [-79.55995, -2.29618], [-79.55772, -2.2889], [-79.5802, -2.27798], [-79.5799, -2.2676], [-79.56798, -2.26857], [-79.55655, -2.25427], [-79.54425, -2.25442], [-79.52205, -2.27182], [-79.51922, -2.25495], [-79.51105, -2.24926], [-79.51394, -2.23946], [-79.53563, -2.24445], [-79.54421, -2.23284], [-79.59111, -2.22096], [-79.59169, -2.20647], [-79.60484, -2.20533], [-79.6245, -2.17842], [-79.65246, -2.16697], [-79.65625, -2.157], [-79.66662, -2.16004], [-79.68595, -2.14903], [-79.68634, -2.14329], [-79.66016, -2.13884], [-79.64913, -2.11131], [-79.629, -2.09346], [-79.64521, -2.06701], [-79.60444, -1.98822]]]}}, {"type": "Feature", "properties": {"admin2_pcode": "EC1408", "admin2_name": "San Juan Bosco", "admin1_name": "Morona Santiago"}, "geometry": {"type": "Polygon", "coordinates": [[[-78.09447, -3.2474], [-78.1418, -3.26851], [-78.15192, -3.28383], [-78.18036, -3.29217], [-78.20192, -3.3108], [-78.23141, -3.30899], [-78.23663, -3.28821], [-78.22822, -3.27342], [-78.23105, -3.25832], [-78.21481, -3.22956], [-78.22231, -3.20551], [-78.35501, -3.20566], [-78.37506, -3.16578], [-78.41809, -3.15007], [-78.42682, -3.16665], [-78.43551, -3.17015], [-78.44697, -3.15914], [-78.45602, -3.16116], [-78.47856, -3.14655], [-78.48737, -3.13567], [-78.50569, -3.05534], [-78.48906, -3.01065], [-78.50099, -3.01257], [-78.50586, -3.02614], [-78.5219, -3.01802], [-78.55037, -3.02423], [-78.58123, -3.05203], [-78.62349, -3.06933], [-78.65811, -3.06624], [-78.66345, -3.07313], [-78.60919, -3.11436], [-78.60169, -3.14639], [-78.58239, -3.1491], [-78.57717, -3.15929], [-78.55809, -3.16885], [-78.56682, -3.19163], [-78.56171, -3.20287], [-78.56963, -3.20983], [-78.558, -3.22847], [-78.54583, -3.23176], [-78.54483, -3.25308], [-78.52764, -3.26694], [-78.52799, -3.27763], [-78.50777, -3.31456], [-78.4953, -3.31997], [-78.47461, -3.31563], [-78.46712, -3.33088], [-78.40412, -3.30803], [-78.38006, -3.33253], [-78.3469, -3.34627], [-78.35231, -3.38147], [-78.34437, -3.39147], [-78.34673, -3.38092], [-78.3017, -3.39992], [-78.29016, -3.39552], [-78.26733, -3.4053], [-78.24679, -3.40229], [-78.24137, -3.40916], [-78.24412, -3.43924], [-78.23688, -3.4453], [-78.22636, -3.49123], [-78.23267, -3.49677], [-78.21836, -3.50907], [-78.20612, -3.50558], [-78.2005, -3.49559], [-78.18458, -3.4996], [-78.1629, -3.48137], [-78.1491, -3.48082], [-78.14499, -3.46166], [-78.15468, -3.42166], [-78.16756, -3.40958], [-78.1807, -3.40857], [-78.19475, -3.37467], [-78.19279, -3.36169], [-78.14338, -3.32703], [-78.13264, -3.30557], [-78.11333, -3.28647], [-78.10767, -3.2631], [-78.09926, -3.26118], [-78.09447, -3.2474]]]}}, {"type": "Feature", "properties": {"admin2_pcode": "EC0805", "admin2_name": "San Lorenzo", "admin1_name": "Esmeraldas"}, "geometry": {"type": "MultiPolygon", "coordinates": [[[[-78.95206, 1.15641], [-78.95644, 1.16905], [-78.96988, 1.16105], [-78.95518, 1.15246], [-78.95206, 1.15641]]], [[[-78.87109, 1.27926], [-78.88082, 1.27357], [-78.87673, 1.27064], [-78.88686, 1.27393], [-78.89073, 1.26916], [-78.88804, 1.26468], [-78.88269, 1.26802], [-78.88594, 1.25317], [-78.87249, 1.25963], [-78.86853, 1.25068], [-78.86291, 1.25165], [-78.8611, 1.25945], [-78.87298, 1.27086], [-78.87109, 1.27926]]], [[[-78.84595, 1.36092], [-78.84025, 1.37398], [-78.85971, 1.3679], [-78.87144, 1.35615], [-78.87705, 1.32688], [-78.87451, 1.32596], [-78.87381, 1.33288], [-78.86937, 1.33481], [-78.86733, 1.33439], [-78.86625, 1.33298], [-78.86784, 1.32968], [-78.86423, 1.32866], [-78.86378, 1.33808], [-78.86183, 1.33302], [-78.86206, 1.33003], [-78.86377, 1.32797], [-78.86567, 1.32781], [-78.8685, 1.32964], [-78.86789, 1.33404], [-78.87243, 1.33333], [-78.87356, 1.33159], [-78.873, 1.32894], [-78.87353, 1.32609], [-78.87721, 1.32293], [-78.8786, 1.31445], [-78.85626, 1.30799], [-78.8622, 1.31241], [-78.86012, 1.32153], [-78.85538, 1.32356], [-78.84334, 1.32373], [-78.84792, 1.31856], [-78.85828, 1.32201], [-78.86173, 1.31303], [-78.84017, 1.30332], [-78.83937, 1.31901], [-78.83424, 1.32373], [-78.83737, 1.31186], [-78.83194, 1.317], [-78.82972, 1.3103], [-78.82675, 1.32086], [-78.83424, 1.33814], [-78.85174, 1.33496], [-78.86114, 1.34099], [-78.84873, 1.33742], [-78.84956, 1.35052], [-78.85814, 1.34667], [-78.86173, 1.35205], [-78.85943, 1.35228], [-78.85698, 1.34781], [-78.85071, 1.35326], [-78.85689, 1.3571], [-78.8511, 1.35487], [-78.84595, 1.36092]]], [[[-78.86313, 1.40648], [-78.8763, 1.40263], [-78.86848, 1.39029], [-78.86987, 1.37582], [-78.86047, 1.38603], [-78.8657, 1.3874], [-78.85978, 1.39779], [-78.86313, 1.40648]]], [[[-78.50858, 1.18865], [-78.51712, 1.18862], [-78.51149, 1.20403], [-78.52139, 1.2214], [-78.5403, 1.23], [-78.54747, 1.22749], [-78.54105, 1.235], [-78.54404, 1.24479], [-78.59344, 1.23861], [-78.62146, 1.25006], [-78.6271, 1.26166], [-78.63338, 1.26196], [-78.63017, 1.26547], [-78.64051, 1.26485], [-78.6493, 1.27707], [-78.64655, 1.28939], [-78.65994, 1.30499], [-78.66102, 1.3197], [-78.67484, 1.32221], [-78.68492, 1.3331], [-78.69473, 1.33018], [-78.70994, 1.35912], [-78.72081, 1.3693], [-78.73172, 1.36845], [-78.74606, 1.37752], [-78.75685, 1.39196], [-78.77269, 1.38963], [-78.76639, 1.38027], [-78.77383, 1.38939], [-78.78409, 1.38661], [-78.78393, 1.40316], [-78.80348, 1.41218], [-78.80441, 1.42758], [-78.81301, 1.40338], [-78.83347, 1.40231], [-78.83736, 1.40732], [-78.84041, 1.38683], [-78.83352, 1.37825], [-78.8322, 1.38677], [-78.81399, 1.38934], [-78.81678, 1.39419], [-78.81233, 1.39056], [-78.80882, 1.39898], [-78.81033, 1.39163], [-78.81289, 1.38872], [-78.80128, 1.37399], [-78.80963, 1.37865], [-78.81367, 1.38802], [-78.82641, 1.38369], [-78.8129, 1.36859], [-78.81959, 1.36317], [-78.81257, 1.3562], [-78.81959, 1.3473], [-78.81467, 1.3477], [-78.8113, 1.34284], [-78.80443, 1.3494], [-78.80045, 1.34906], [-78.80132, 1.34582], [-78.80188, 1.34574], [-78.80192, 1.34636], [-78.80065, 1.34889], [-78.80378, 1.34897], [-78.80522, 1.34495], [-78.8069, 1.34296], [-78.81146, 1.3422], [-78.81712, 1.34418], [-78.81485, 1.34714], [-78.81979, 1.34641], [-78.81971, 1.34961], [-78.81377, 1.35614], [-78.82483, 1.35914], [-78.81701, 1.367], [-78.82643, 1.37884], [-78.84858, 1.35382], [-78.84121, 1.34854], [-78.84007, 1.35334], [-78.83596, 1.35819], [-78.83948, 1.35302], [-78.83041, 1.35433], [-78.8347, 1.34543], [-78.82937, 1.34666], [-78.82806, 1.34057], [-78.82947, 1.34067], [-78.83034, 1.34165], [-78.82967, 1.34604], [-78.83368, 1.34402], [-78.83557, 1.34491], [-78.83741, 1.3524], [-78.842, 1.34686], [-78.84619, 1.3495], [-78.84681, 1.3391], [-78.83338, 1.33954], [-78.82732, 1.32524], [-78.81837, 1.32614], [-78.81878, 1.32476], [-78.82075, 1.3242], [-78.82094, 1.32252], [-78.82554, 1.32147], [-78.82776, 1.31477], [-78.81987, 1.31651], [-78.81076, 1.31398], [-78.81512, 1.31311], [-78.82025, 1.31551], [-78.82666, 1.31409], [-78.83019, 1.29664], [-78.80887, 1.30442], [-78.79753, 1.32484], [-78.80148, 1.30747], [-78.79422, 1.30892], [-78.79087, 1.301], [-78.79263, 1.3094], [-78.78403, 1.30256], [-78.7851, 1.31445], [-78.78129, 1.3011], [-78.78851, 1.30052], [-78.78243, 1.29949], [-78.78395, 1.2983], [-78.78729, 1.29819], [-78.77822, 1.2849], [-78.79892, 1.30236], [-78.81598, 1.29376], [-78.80925, 1.29666], [-78.80291, 1.28659], [-78.81983, 1.29267], [-78.81958, 1.28782], [-78.82827, 1.28639], [-78.85388, 1.29907], [-78.84723, 1.28571], [-78.85103, 1.2808], [-78.8474, 1.28313], [-78.8456, 1.27696], [-78.84727, 1.2791], [-78.84759, 1.28259], [-78.84858, 1.2793], [-78.85031, 1.27943], [-78.85158, 1.28105], [-78.85116, 1.28395], [-78.84814, 1.28684], [-78.85083, 1.28751], [-78.85419, 1.29492], [-78.8544, 1.29024], [-78.85987, 1.28757], [-78.85947, 1.28967], [-78.85764, 1.29178], [-78.85449, 1.29056], [-78.85485, 1.29834], [-78.85404, 1.29943], [-78.85083, 1.30058], [-78.88516, 1.29023], [-78.88309, 1.28416], [-78.86966, 1.2873], [-78.87038, 1.28537], [-78.87485, 1.28357], [-78.8687, 1.28038], [-78.86884, 1.26705], [-78.86034, 1.28006], [-78.85406, 1.27719], [-78.86548, 1.26687], [-78.86016, 1.26297], [-78.85602, 1.26947], [-78.86247, 1.23911], [-78.85854, 1.23444], [-78.85192, 1.24054], [-78.85388, 1.23627], [-78.85911, 1.2339], [-78.85163, 1.22424], [-78.85119, 1.22261], [-78.85253, 1.22093], [-78.85324, 1.2212], [-78.85337, 1.22203], [-78.85175, 1.22372], [-78.8524, 1.22331], [-78.85684, 1.22548], [-78.86492, 1.24027], [-78.86437, 1.24518], [-78.86825, 1.24214], [-78.8743, 1.25114], [-78.88053, 1.24343], [-78.88803, 1.25031], [-78.89756, 1.24494], [-78.90261, 1.22771], [-78.89628, 1.22466], [-78.88713, 1.23202], [-78.87394, 1.21504], [-78.88025, 1.21671], [-78.88094, 1.21149], [-78.88824, 1.23014], [-78.89425, 1.22163], [-78.90201, 1.22546], [-78.9058, 1.23894], [-78.91518, 1.2404], [-78.92366, 1.25895], [-78.92878, 1.25899], [-78.93221, 1.2324], [-78.92828, 1.23104], [-78.9223, 1.23531], [-78.91149, 1.23494], [-78.91489, 1.22553], [-78.90628, 1.22541], [-78.89414, 1.21212], [-78.89354, 1.20446], [-78.88876, 1.20682], [-78.89762, 1.20124], [-78.89488, 1.21171], [-78.89944, 1.21299], [-78.9059, 1.21934], [-78.90723, 1.22491], [-78.91419, 1.22415], [-78.92199, 1.22644], [-78.92192, 1.23408], [-78.93051, 1.22854], [-78.9256, 1.22241], [-78.93313, 1.21467], [-78.92423, 1.21401], [-78.93297, 1.21414], [-78.93514, 1.20787], [-78.91791, 1.20932], [-78.91602, 1.20456], [-78.92158, 1.19919], [-78.91915, 1.1939], [-78.92271, 1.20014], [-78.9175, 1.20755], [-78.93242, 1.20301], [-78.93611, 1.20641], [-78.93597, 1.21344], [-78.92794, 1.22473], [-78.94571, 1.2263], [-78.95975, 1.21784], [-78.93475, 1.19547], [-78.9562, 1.1878], [-78.94476, 1.17062], [-78.95402, 1.16471], [-78.95098, 1.15703], [-78.958, 1.13408], [-78.96665, 1.13016], [-78.9747, 1.13578], [-78.98203, 1.13035], [-78.97863, 1.11195], [-78.98698, 1.08575], [-78.97095, 1.08495], [-78.96185, 1.06822], [-78.92492, 1.07037], [-78.92466, 1.08181], [-78.91452, 1.08584], [-78.90787, 1.07158], [-78.83268, 1.04384], [-78.83545, 1.03185], [-78.82205, 1.01968], [-78.83586, 1.00767], [-78.83837, 0.98311], [-78.86476, 0.9804], [-78.86304, 0.95327], [-78.85049, 0.93289], [-78.8625, 0.92857], [-78.86882, 0.91248], [-78.84151, 0.90526], [-78.84023, 0.88658], [-78.83038, 0.89195], [-78.81184, 0.88191], [-78.80047, 0.88782], [-78.79583, 0.87723], [-78.77874, 0.88839], [-78.78202, 0.87076], [-78.77508, 0.85912], [-78.78093, 0.84912], [-78.77409, 0.84234], [-78.7649, 0.84924], [-78.74725, 0.84449], [-78.73455, 0.86258], [-78.72601, 0.84312], [-78.71563, 0.84295], [-78.718, 0.83562], [-78.72745, 0.83867], [-78.73051, 0.83364], [-78.72003, 0.82409], [-78.73064, 0.81351], [-78.72334, 0.80814], [-78.72614, 0.79732], [-78.73611, 0.79132], [-78.73875, 0.77811], [-78.73161, 0.76085], [-78.74067, 0.75262], [-78.73346, 0.74948], [-78.73038, 0.73831], [-78.71845, 0.73389], [-78.72121, 0.72068], [-78.71543, 0.71041], [-78.70315, 0.72147], [-78.68093, 0.69831], [-78.67218, 0.68295], [-78.68173, 0.68339], [-78.68254, 0.67847], [-78.67271, 0.66224], [-78.66324, 0.66615], [-78.66385, 0.6534], [-78.65547, 0.65427], [-78.65333, 0.64252], [-78.64447, 0.64982], [-78.63775, 0.60944], [-78.62485, 0.60474], [-78.622, 0.59743], [-78.60763, 0.59838], [-78.6122, 0.5805], [-78.59785, 0.58123], [-78.59586, 0.57218], [-78.58754, 0.57057], [-78.59429, 0.56405], [-78.58943, 0.54864], [-78.5772, 0.54655], [-78.57901, 0.50391], [-78.55815, 0.50471], [-78.55802, 0.49593], [-78.5456, 0.49721], [-78.5408, 0.51538], [-78.5091, 0.52672], [-78.48943, 0.54478], [-78.46908, 0.53388], [-78.46334, 0.54055], [-78.45398, 0.53997], [-78.42654, 0.58561], [-78.43428, 0.6109], [-78.46056, 0.62888], [-78.47766, 0.68273], [-78.50713, 0.7147], [-78.51977, 0.75723], [-78.53599, 0.77048], [-78.50914, 0.77636], [-78.48764, 0.76803], [-78.46719, 0.77343], [-78.45918, 0.78393], [-78.45111, 0.78949], [-78.44171, 0.81403], [-78.45255, 0.82367], [-78.44641, 0.83269], [-78.45435, 0.84204], [-78.4536, 0.87593], [-78.45995, 0.88359], [-78.49608, 0.8916], [-78.54689, 0.94185], [-78.53636, 0.98051], [-78.54946, 1.0195], [-78.54264, 1.02764], [-78.54758, 1.02993], [-78.54414, 1.0457], [-78.52386, 1.05817], [-78.52224, 1.06866], [-78.49978, 1.07542], [-78.50067, 1.09083], [-78.50799, 1.09668], [-78.50033, 1.13383], [-78.50933, 1.15069], [-78.50653, 1.15971], [-78.51352, 1.15904], [-78.51243, 1.17234], [-78.49925, 1.17664], [-78.49568, 1.18453], [-78.50681, 1.18289], [-78.50858, 1.18865]]], [[[-78.81421, 1.42145], [-78.81107, 1.42661], [-78.81604, 1.42935], [-78.82345, 1.41724], [-78.81852, 1.409], [-78.81613, 1.40975], [-78.81421, 1.42145]]], [[[-78.8497, 1.42827], [-78.85339, 1.43518], [-78.8508, 1.42892], [-78.85665, 1.43026], [-78.85341, 1.42379], [-78.86375, 1.41371], [-78.85628, 1.40008], [-78.85756, 1.39825], [-78.85925, 1.39829], [-78.85999, 1.3961], [-78.86376, 1.3955], [-78.86532, 1.38751], [-78.86009, 1.38533], [-78.86845, 1.3755], [-78.84605, 1.38074], [-78.83945, 1.40997], [-78.84383, 1.4184], [-78.8493, 1.41735], [-78.84615, 1.41353], [-78.85229, 1.41175], [-78.85208, 1.41308], [-78.85106, 1.41438], [-78.84646, 1.41383], [-78.84967, 1.41695], [-78.84937, 1.418], [-78.84425, 1.41931], [-78.8497, 1.42827]]], [[[-78.82438, 1.4339], [-78.84479, 1.42858], [-78.83123, 1.41042], [-78.82833, 1.41199], [-78.82438, 1.4339]]], [[[-78.87452, 1.45209], [-78.88077, 1.45314], [-78.88951, 1.39458], [-78.88425, 1.37858], [-78.8831, 1.38402], [-78.87221, 1.38275], [-78.87378, 1.38376], [-78.87886, 1.39223], [-78.87871, 1.39632], [-78.87359, 1.38451], [-78.8692, 1.38635], [-78.87731, 1.4012], [-78.86857, 1.4088], [-78.87146, 1.41006], [-78.8705, 1.41703], [-78.87327, 1.41485], [-78.87597, 1.41993], [-78.87572, 1.42257], [-78.87347, 1.42531], [-78.87365, 1.42289], [-78.87556, 1.42074], [-78.86971, 1.417], [-78.87082, 1.41015], [-78.86137, 1.41013], [-78.86417, 1.42263], [-78.86277, 1.41717], [-78.85563, 1.42616], [-78.86163, 1.42716], [-78.85669, 1.43148], [-78.85184, 1.4293], [-78.85589, 1.4344], [-78.84943, 1.43771], [-78.87452, 1.45209]]]]}}, {"type": "Feature", "properties": {"admin2_pcode": "EC0205", "admin2_name": "San Miguel", "admin1_name": "Bolivar"}, "geometry": {"type": "Polygon", "coordinates": [[[-78.86622, -1.71756], [-78.88844, -1.71383], [-78.91114, -1.72521], [-78.926, -1.72032], [-78.93424, -1.72751], [-78.95359, -1.70844], [-78.98986, -1.70253], [-79.01021, -1.68462], [-79.01872, -1.68767], [-79.02467, -1.70227], [-79.03852, -1.69734], [-79.03976, -1.70227], [-79.05572, -1.69257], [-79.09567, -1.70958], [-79.10607, -1.69927], [-79.12652, -1.71326], [-79.16499, -1.71306], [-79.1748, -1.73148], [-79.2086, -1.74615], [-79.24713, -1.77202], [-79.24717, -1.79404], [-79.23883, -1.80407], [-79.25192, -1.81463], [-79.23578, -1.82829], [-79.2304, -1.84941], [-79.2463, -1.85833], [-79.2431, -1.87273], [-79.2496, -1.88361], [-79.24341, -1.89489], [-79.25894, -1.93698], [-79.25862, -1.93726], [-79.24085, -1.93676], [-79.23007, -1.91706], [-79.20445, -1.89981], [-79.17521, -1.90591], [-79.16772, -1.91981], [-79.16056, -1.90428], [-79.15326, -1.90496], [-79.14828, -1.89539], [-79.12275, -1.8817], [-79.08812, -1.87105], [-79.04683, -1.88221], [-79.05017, -1.87524], [-79.01725, -1.86407], [-79.02209, -1.85678], [-79.0125, -1.84013], [-79.00728, -1.80372], [-79.01242, -1.77415], [-78.99831, -1.77064], [-78.97688, -1.75343], [-78.91189, -1.7625], [-78.89537, -1.74849], [-78.88503, -1.75211], [-78.87742, -1.72736], [-78.86622, -1.71756]]]}}, {"type": "Feature", "properties": {"admin2_pcode": "EC1707", "admin2_name": "San Miguel de Los Bancos", "admin1_name": "Pichincha"}, "geometry": {"type": "Polygon", "coordinates": [[[-78.83958, -0.13381], [-78.82787, -0.11614], [-78.84023, -0.09928], [-78.83335, -0.09268], [-78.81692, -0.11342], [-78.7985, -0.10101], [-78.7657, -0.12434], [-78.73284, -0.13309], [-78.6932, -0.12833], [-78.68879, -0.13594], [-78.67795, -0.12834], [-78.66073, -0.13563], [-78.65929, -0.11955], [-78.64764, -0.10118], [-78.64749, -0.07576], [-78.65586, -0.06364], [-78.638, -0.06243], [-78.65833, -0.03761], [-78.6716, -0.00748], [-78.68734, -0.02651], [-78.70669, -0.03153], [-78.72449, -0.02119], [-78.72532, -0.00232], [-78.74471, 0.01784], [-78.7778, 0.03468], [-78.79321, 0.0241], [-78.79957, 0.03337], [-78.82074, 0.0349], [-78.86099, 0.05743], [-78.88646, 0.0612], [-78.88618, 0.06581], [-78.9002, 0.06935], [-78.90059, 0.07636], [-78.92188, 0.0795], [-78.93263, 0.09573], [-78.95862, 0.09548], [-78.96104, 0.07108], [-78.96978, 0.06097], [-78.97964, 0.063], [-78.97977, 0.04365], [-78.99519, 0.04359], [-78.99516, 0.00326], [-79.02966, 0.00078], [-79.05582, 0.01814], [-79.0789, 0.01416], [-79.09332, 0.0243], [-79.13214, 0.03196], [-79.13914, 0.04063], [-79.13908, 0.03259], [-79.16174, 0.03404], [-79.14038, 0.01998], [-79.13093, 0.00317], [-79.14912, 0.00067], [-79.16736, 0.00637], [-79.16894, -0.01525], [-79.14225, -0.01365], [-79.09752, -0.02642], [-79.10182, -0.03611], [-79.12699, -0.049], [-79.14945, -0.0918], [-79.13622, -0.09398], [-79.11992, -0.08548], [-79.11647, -0.092], [-79.10178, -0.08293], [-79.09456, -0.09151], [-79.082, -0.08935], [-79.05999, -0.09561], [-79.0536, -0.10417], [-79.04535, -0.10173], [-79.02427, -0.11759], [-79.01429, -0.11654], [-79.01324, -0.10987], [-78.99083, -0.11113], [-78.98972, -0.10606], [-78.98273, -0.11145], [-78.96546, -0.1013], [-78.92841, -0.12079], [-78.91412, -0.11711], [-78.9093, -0.10792], [-78.89179, -0.10659], [-78.8683, -0.11838], [-78.85735, -0.13302], [-78.83958, -0.13381]]]}}, {"type": "Feature", "properties": {"admin2_pcode": "EC1006", "admin2_name": "San Miguel de Urcuqui", "admin1_name": "Imbabura"}, "geometry": {"type": "Polygon", "coordinates": [[[-78.13407, 0.40192], [-78.11807, 0.46378], [-78.12902, 0.46298], [-78.13458, 0.45415], [-78.13617, 0.45929], [-78.15124, 0.44631], [-78.15776, 0.47048], [-78.17159, 0.48548], [-78.16966, 0.49213], [-78.162, 0.4907], [-78.1632, 0.49987], [-78.15165, 0.51318], [-78.15452, 0.52152], [-78.17247, 0.52633], [-78.16825, 0.53111], [-78.19623, 0.53504], [-78.20958, 0.5567], [-78.22638, 0.56589], [-78.24118, 0.55687], [-78.25814, 0.56068], [-78.26768, 0.55584], [-78.26347, 0.57807], [-78.24556, 0.59355], [-78.24496, 0.60178], [-78.27226, 0.61301], [-78.28423, 0.62583], [-78.28481, 0.66503], [-78.29207, 0.68659], [-78.32845, 0.69743], [-78.34984, 0.69586], [-78.36759, 0.71327], [-78.37898, 0.71135], [-78.43866, 0.75023], [-78.44319, 0.7646], [-78.45411, 0.7692], [-78.45091, 0.77857], [-78.45918, 0.78393], [-78.46719, 0.77343], [-78.48764, 0.76803], [-78.50914, 0.77636], [-78.53599, 0.77048], [-78.51977, 0.75723], [-78.50713, 0.7147], [-78.47766, 0.68273], [-78.46056, 0.62888], [-78.43428, 0.6109], [-78.42654, 0.58561], [-78.41813, 0.58637], [-78.38219, 0.56103], [-78.36675, 0.51658], [-78.32214, 0.47596], [-78.32796, 0.46209], [-78.32213, 0.43596], [-78.30702, 0.41338], [-78.27952, 0.4065], [-78.21503, 0.37227], [-78.19154, 0.37826], [-78.1681, 0.39606], [-78.15284, 0.3918], [-78.13407, 0.40192]]]}}, {"type": "Feature", "properties": {"admin2_pcode": "EC0406", "admin2_name": "San Pedro de Huaca", "admin1_name": "Carchi"}, "geometry": {"type": "Polygon", "coordinates": [[[-77.68067, 0.6435], [-77.70922, 0.65203], [-77.73132, 0.64937], [-77.73727, 0.66637], [-77.74711, 0.66555], [-77.76115, 0.67821], [-77.75938, 0.66678], [-77.74842, 0.66272], [-77.74607, 0.63644], [-77.76598, 0.60397], [-77.76521, 0.59845], [-77.75844, 0.60469], [-77.73986, 0.60437], [-77.73708, 0.594], [-77.74681, 0.58659], [-77.7261, 0.56751], [-77.71619, 0.57174], [-77.70125, 0.56676], [-77.66351, 0.59445], [-77.65581, 0.60406], [-77.68973, 0.62107], [-77.68636, 0.64071], [-77.68067, 0.6435]]]}}, {"type": "Feature", "properties": {"admin2_pcode": "EC1807", "admin2_name": "San Pedro de Pelileo", "admin1_name": "Tungurahua"}, "geometry": {"type": "Polygon", "coordinates": [[[-78.53732, -1.23329], [-78.55092, -1.23658], [-78.55718, -1.25957], [-78.576, -1.28429], [-78.57251, -1.29239], [-78.58174, -1.30126], [-78.57629, -1.30903], [-78.59086, -1.30474], [-78.59631, -1.32433], [-78.59022, -1.35225], [-78.56485, -1.37872], [-78.56532, -1.39687], [-78.57183, -1.39983], [-78.56366, -1.41782], [-78.54356, -1.43533], [-78.53988, -1.47979], [-78.5321, -1.48274], [-78.52979, -1.46924], [-78.51288, -1.47199], [-78.49941, -1.43393], [-78.4818, -1.45294], [-78.4483, -1.46782], [-78.47832, -1.4136], [-78.47199, -1.40412], [-78.47902, -1.38671], [-78.49548, -1.38317], [-78.49147, -1.35992], [-78.51836, -1.31591], [-78.50775, -1.27655], [-78.52089, -1.24397], [-78.53732, -1.23329]]]}}, {"type": "Feature", "properties": {"admin2_pcode": "EC1322", "admin2_name": "San Vicente", "admin1_name": "Manabi"}, "geometry": {"type": "MultiPolygon", "coordinates": [[[[-80.28048, -0.65647], [-80.2894, -0.65296], [-80.28048, -0.65647], [-80.28048, -0.65647]]], [[[-80.30958, -0.36719], [-80.32456, -0.33452], [-80.35164, -0.33391], [-80.36393, -0.32272], [-80.37112, -0.28904], [-80.39207, -0.2732], [-80.40377, -0.30741], [-80.41638, -0.31459], [-80.43298, -0.33929], [-80.47077, -0.36701], [-80.48829, -0.36505], [-80.493, -0.3994], [-80.47804, -0.44141], [-80.45872, -0.4583], [-80.43919, -0.53378], [-80.43865, -0.55719], [-80.41319, -0.58322], [-80.40815, -0.60943], [-80.3914, -0.63912], [-80.37746, -0.64459], [-80.34799, -0.63814], [-80.30585, -0.65133], [-80.28064, -0.65247], [-80.27578, -0.60953], [-80.2422, -0.60738], [-80.26704, -0.59454], [-80.27122, -0.57849], [-80.25862, -0.56921], [-80.24503, -0.54314], [-80.24674, -0.51387], [-80.24186, -0.50361], [-80.22156, -0.4918], [-80.23436, -0.47563], [-80.22839, -0.45542], [-80.24092, -0.45038], [-80.24778, -0.45524], [-80.27364, -0.44442], [-80.28738, -0.40118], [-80.30247, -0.40255], [-80.30371, -0.38369], [-80.31345, -0.37552], [-80.30958, -0.36719]]]]}}, {"type": "Feature", "properties": {"admin2_pcode": "EC1313", "admin2_name": "Santa Ana", "admin1_name": "Manabi"}, "geometry": {"type": "Polygon", "coordinates": [[[-80.03515, -1.07535], [-80.05258, -1.06349], [-80.07772, -1.0622], [-80.093, -1.07291], [-80.10422, -1.07136], [-80.1315, -1.09813], [-80.13833, -1.07997], [-80.14625, -1.08837], [-80.15679, -1.0808], [-80.17521, -1.08768], [-80.22427, -1.08038], [-80.23377, -1.09057], [-80.25787, -1.08739], [-80.2864, -1.09698], [-80.29414, -1.11019], [-80.30826, -1.10644], [-80.32322, -1.11621], [-80.34146, -1.1517], [-80.36641, -1.15778], [-80.38172, -1.15479], [-80.3868, -1.16268], [-80.42498, -1.17427], [-80.44561, -1.16301], [-80.48603, -1.16781], [-80.53618, -1.20072], [-80.54182, -1.20828], [-80.53764, -1.21861], [-80.5007, -1.21801], [-80.45859, -1.21645], [-80.44111, -1.20542], [-80.42091, -1.21322], [-80.40533, -1.22364], [-80.41134, -1.23942], [-80.40867, -1.25146], [-80.39546, -1.27977], [-80.38659, -1.27756], [-80.3862, -1.2856], [-80.37889, -1.28652], [-80.3827, -1.29232], [-80.37281, -1.30177], [-80.37187, -1.31246], [-80.34133, -1.3146], [-80.31037, -1.30241], [-80.30045, -1.30952], [-80.27517, -1.29164], [-80.25232, -1.28783], [-80.24117, -1.27663], [-80.23057, -1.27952], [-80.22466, -1.27211], [-80.21415, -1.29662], [-80.20327, -1.29194], [-80.16792, -1.30629], [-80.15108, -1.3058], [-80.1278, -1.29068], [-80.12349, -1.30185], [-80.11369, -1.30138], [-80.10318, -1.31113], [-80.09851, -1.32639], [-80.08135, -1.31847], [-80.08059, -1.30612], [-80.04742, -1.28732], [-80.04041, -1.27499], [-80.02553, -1.27703], [-80.03548, -1.2705], [-80.03754, -1.25366], [-79.99884, -1.23301], [-80.0027, -1.19874], [-79.98228, -1.18578], [-79.9968, -1.15557], [-79.98444, -1.13061], [-80.03096, -1.12837], [-80.03805, -1.1221], [-80.03667, -1.0963], [-80.04327, -1.09329], [-80.03515, -1.07535]]]}}, {"type": "Feature", "properties": {"admin2_pcode": "EC1603", "admin2_name": "Santa Clara", "admin1_name": "Pastaza"}, "geometry": {"type": "Polygon", "coordinates": [[[-77.73056, -1.16287], [-77.73998, -1.16127], [-77.75412, -1.17825], [-77.78079, -1.18407], [-77.80586, -1.20273], [-77.82549, -1.20323], [-77.83104, -1.21653], [-77.84136, -1.21654], [-77.85211, -1.20656], [-77.87421, -1.20644], [-77.87876, -1.19905], [-77.88976, -1.22327], [-77.88225, -1.24436], [-77.89948, -1.2439], [-77.9231, -1.22503], [-77.94255, -1.22507], [-77.94625, -1.20563], [-77.9634, -1.21152], [-77.96647, -1.22423], [-77.96016, -1.27426], [-77.97003, -1.28408], [-77.97005, -1.29308], [-77.9522, -1.31457], [-77.96193, -1.32484], [-77.94206, -1.33038], [-77.93706, -1.34862], [-77.90738, -1.36293], [-77.89719, -1.35936], [-77.89352, -1.36498], [-77.87672, -1.36425], [-77.8572, -1.3546], [-77.82163, -1.3539], [-77.81339, -1.34757], [-77.8054, -1.32229], [-77.79016, -1.28158], [-77.78969, -1.25484], [-77.7534, -1.22188], [-77.75097, -1.2065], [-77.74195, -1.19872], [-77.74243, -1.18412], [-77.7352, -1.18347], [-77.73766, -1.16921], [-77.73179, -1.16586], [-77.73056, -1.16287]]]}}, {"type": "Feature", "properties": {"admin2_pcode": "EC2003", "admin2_name": "Santa Cruz", "admin1_name": "Galapagos"}, "geometry": {"type": "MultiPolygon", "coordinates": [[[[-90.27709, -0.75991], [-90.27694, -0.75979], [-90.27705, -0.75968], [-90.27721, -0.75982], [-90.27709, -0.75991]]], [[[-90.27764, -0.7584], [-90.27993, -0.75832], [-90.28026, -0.75961], [-90.27806, -0.76053], [-90.27764, -0.7584]]], [[[-90.30769, -0.75609], [-90.3075, -0.7553], [-90.30932, -0.75601], [-90.30833, -0.75655], [-90.30769, -0.75609]]], [[[-90.17943, -0.59978], [-90.1798, -0.59931], [-90.18003, -0.59957], [-90.1796, -0.59988], [-90.17943, -0.59978]]], [[[-90.67206, -0.58755], [-90.68812, -0.60082], [-90.68494, -0.62099], [-90.6575, -0.63459], [-90.64245, -0.6195], [-90.64452, -0.60723], [-90.65818, -0.59178], [-90.67206, -0.58755]]], [[[-90.16699, -0.58159], [-90.16893, -0.58151], [-90.15892, -0.58451], [-90.15912, -0.58363], [-90.16699, -0.58159]]], [[[-90.16245, -0.57929], [-90.16578, -0.58022], [-90.15942, -0.58115], [-90.15789, -0.57968], [-90.15966, -0.58002], [-90.16245, -0.57929]]], [[[-90.14336, -0.56837], [-90.14358, -0.5677], [-90.14395, -0.56777], [-90.14397, -0.56802], [-90.14336, -0.56837]]], [[[-90.14349, -0.56755], [-90.1435, -0.5672], [-90.1437, -0.56713], [-90.14366, -0.56754], [-90.14349, -0.56755]]], [[[-90.14116, -0.56619], [-90.14188, -0.56552], [-90.14264, -0.56632], [-90.14151, -0.5667], [-90.14116, -0.56619]]], [[[-90.25021, -0.48514], [-90.28009, -0.48697], [-90.29658, -0.49657], [-90.30312, -0.49099], [-90.31499, -0.49697], [-90.32518, -0.49407], [-90.32606, -0.50413], [-90.3305, -0.50306], [-90.32654, -0.49555], [-90.33594, -0.49593], [-90.33637, -0.49103], [-90.35981, -0.49422], [-90.36233, -0.50367], [-90.35878, -0.51259], [-90.36634, -0.51601], [-90.37263, -0.50889], [-90.38993, -0.51267], [-90.39323, -0.50695], [-90.41518, -0.50375], [-90.4281, -0.51219], [-90.45518, -0.51158], [-90.4709, -0.52206], [-90.47599, -0.51472], [-90.47582, -0.52235], [-90.48532, -0.52159], [-90.49096, -0.52963], [-90.51398, -0.53139], [-90.51732, -0.55584], [-90.53651, -0.56574], [-90.53137, -0.58488], [-90.54117, -0.59738], [-90.53832, -0.6059], [-90.55048, -0.62916], [-90.54385, -0.63607], [-90.54816, -0.64709], [-90.53603, -0.67222], [-90.54237, -0.67966], [-90.53488, -0.687], [-90.53607, -0.69566], [-90.51582, -0.70895], [-90.48396, -0.71593], [-90.48457, -0.72363], [-90.46661, -0.72168], [-90.44987, -0.74843], [-90.42145, -0.75464], [-90.40639, -0.77209], [-90.37447, -0.76376], [-90.35873, -0.77517], [-90.35213, -0.77055], [-90.35488, -0.76471], [-90.3444, -0.76166], [-90.34053, -0.76398], [-90.34583, -0.76898], [-90.33248, -0.7613], [-90.31354, -0.76762], [-90.30457, -0.76184], [-90.31293, -0.75895], [-90.3085, -0.75069], [-90.31552, -0.74816], [-90.30748, -0.74162], [-90.24839, -0.74853], [-90.23793, -0.74429], [-90.23207, -0.71576], [-90.22589, -0.70724], [-90.22162, -0.71], [-90.22291, -0.69589], [-90.20687, -0.70439], [-90.19301, -0.69295], [-90.19176, -0.6872], [-90.19615, -0.6812], [-90.1759, -0.66593], [-90.18783, -0.65338], [-90.17694, -0.63045], [-90.18405, -0.60798], [-90.16892, -0.57321], [-90.17788, -0.56209], [-90.22905, -0.53137], [-90.25021, -0.48514]]], [[[-90.27482, -0.41235], [-90.29461, -0.41476], [-90.28538, -0.42227], [-90.2905, -0.43619], [-90.28272, -0.43475], [-90.28124, -0.44036], [-90.29852, -0.46141], [-90.29411, -0.48454], [-90.271, -0.48148], [-90.2478, -0.46464], [-90.27482, -0.41235]]], [[[-90.70521, -0.39834], [-90.72103, -0.41213], [-90.71707, -0.42408], [-90.70613, -0.42751], [-90.69752, -0.41001], [-90.70521, -0.39834]]], [[[-90.28034, -0.38839], [-90.29104, -0.39029], [-90.29254, -0.40061], [-90.27659, -0.39635], [-90.28034, -0.38839]]], [[[-90.79007, -0.14617], [-90.81578, -0.15558], [-90.82357, -0.16609], [-90.82878, -0.16282], [-90.82692, -0.17099], [-90.83825, -0.17837], [-90.82852, -0.20002], [-90.83125, -0.20855], [-90.84536, -0.22163], [-90.85386, -0.24094], [-90.86882, -0.24491], [-90.87088, -0.2687], [-90.84826, -0.27489], [-90.84524, -0.29098], [-90.8302, -0.29847], [-90.8334, -0.33026], [-90.82215, -0.32632], [-90.80283, -0.33524], [-90.7899, -0.32751], [-90.78544, -0.33729], [-90.77203, -0.33444], [-90.74135, -0.36039], [-90.72483, -0.35494], [-90.71078, -0.35871], [-90.70287, -0.35239], [-90.69533, -0.3575], [-90.68448, -0.35161], [-90.67383, -0.35401], [-90.67136, -0.34669], [-90.65405, -0.36349], [-90.60488, -0.37511], [-90.57864, -0.36354], [-90.56739, -0.32846], [-90.54584, -0.31771], [-90.55006, -0.29984], [-90.57523, -0.28129], [-90.5723, -0.26589], [-90.58224, -0.2375], [-90.60501, -0.22406], [-90.60741, -0.21556], [-90.64547, -0.20303], [-90.64655, -0.19491], [-90.66863, -0.19733], [-90.67641, -0.18906], [-90.6972, -0.18874], [-90.70057, -0.17371], [-90.73916, -0.16398], [-90.74965, -0.15007], [-90.79007, -0.14617]]], [[[-90.5081, -0.14519], [-90.4992, -0.13425], [-90.49919, -0.11932], [-90.51897, -0.13125], [-90.51403, -0.14618], [-90.5081, -0.14519]]], [[[-90.47879, 0.38712], [-90.49707, 0.38564], [-90.52974, 0.36933], [-90.54253, 0.34573], [-90.53782, 0.31304], [-90.50883, 0.30156], [-90.50269, 0.28807], [-90.47165, 0.27737], [-90.42453, 0.29152], [-90.40596, 0.30713], [-90.39984, 0.32096], [-90.46097, 0.38517], [-90.47879, 0.38712]]], [[[-90.76993, 0.63992], [-90.77911, 0.64389], [-90.78928, 0.6265], [-90.77995, 0.55242], [-90.72184, 0.54116], [-90.71804, 0.56526], [-90.72966, 0.59903], [-90.75689, 0.62563], [-90.76126, 0.63826], [-90.76993, 0.63992]]]]}}, {"type": "Feature", "properties": {"admin2_pcode": "EC2401", "admin2_name": "Santa Elena", "admin1_name": "Santa Elena"}, "geometry": {"type": "MultiPolygon", "coordinates": [[[[-80.78429, -1.93628], [-80.78408, -1.93456], [-80.78574, -1.93401], [-80.78629, -1.93597], [-80.78429, -1.93628]]], [[[-80.78696, -1.93293], [-80.78686, -1.93144], [-80.78829, -1.93151], [-80.78856, -1.93278], [-80.78696, -1.93293]]], [[[-80.67799, -1.67475], [-80.70842, -1.67381], [-80.72369, -1.68705], [-80.73615, -1.6773], [-80.73809, -1.68316], [-80.74809, -1.66845], [-80.74979, -1.67509], [-80.75933, -1.67655], [-80.80276, -1.71148], [-80.7669, -1.75979], [-80.75679, -1.81255], [-80.76074, -1.81925], [-80.73622, -1.87856], [-80.7248, -1.92543], [-80.73119, -1.95848], [-80.74263, -1.96944], [-80.76314, -1.97616], [-80.75945, -1.98262], [-80.75151, -1.9813], [-80.75732, -1.98861], [-80.75099, -2.01174], [-80.73469, -2.02799], [-80.73796, -2.07347], [-80.75868, -2.11998], [-80.78641, -2.15029], [-80.80604, -2.15815], [-80.81696, -2.15523], [-80.84357, -2.1895], [-80.88613, -2.2085], [-80.86869, -2.24432], [-80.87062, -2.27018], [-80.85854, -2.29414], [-80.86948, -2.32547], [-80.78154, -2.38773], [-80.72164, -2.39123], [-80.69781, -2.40485], [-80.67556, -2.40785], [-80.56194, -2.50567], [-80.54277, -2.48872], [-80.52203, -2.48892], [-80.4952, -2.50022], [-80.47477, -2.49104], [-80.45968, -2.49151], [-80.4676, -2.47717], [-80.45802, -2.47063], [-80.45225, -2.45507], [-80.46098, -2.41395], [-80.44572, -2.39672], [-80.44766, -2.37567], [-80.41725, -2.38248], [-80.40348, -2.37469], [-80.38164, -2.37954], [-80.38193, -2.36658], [-80.37221, -2.35835], [-80.37416, -2.34664], [-80.36819, -2.34288], [-80.32212, -2.35038], [-80.32158, -2.34008], [-80.30031, -2.34276], [-80.28444, -2.33688], [-80.27897, -2.32068], [-80.28885, -2.30444], [-80.27968, -2.29438], [-80.28464, -2.27444], [-80.26484, -2.26479], [-80.2554, -2.23833], [-80.23534, -2.25249], [-80.23337, -2.23339], [-80.21772, -2.23254], [-80.20305, -2.21813], [-80.19829, -2.20855], [-80.22247, -2.19282], [-80.23872, -2.19171], [-80.24084, -2.16463], [-80.25169, -2.14924], [-80.24561, -2.14308], [-80.24476, -2.11539], [-80.25585, -2.10839], [-80.25731, -2.09635], [-80.26397, -2.08097], [-80.27647, -2.08237], [-80.28509, -2.09226], [-80.29942, -2.08483], [-80.3111, -2.06995], [-80.30275, -2.06246], [-80.34285, -2.02548], [-80.34547, -1.9976], [-80.36825, -1.99536], [-80.37597, -1.9858], [-80.39228, -1.98127], [-80.41543, -1.98148], [-80.4179, -1.96972], [-80.44182, -1.95656], [-80.44037, -1.94301], [-80.45528, -1.94062], [-80.46517, -1.94714], [-80.47352, -1.92576], [-80.51852, -1.92159], [-80.51666, -1.90284], [-80.54899, -1.86006], [-80.56715, -1.83475], [-80.56118, -1.82631], [-80.57045, -1.82309], [-80.55771, -1.80989], [-80.54904, -1.78065], [-80.58707, -1.78431], [-80.6102, -1.7561], [-80.61086, -1.73415], [-80.62066, -1.72645], [-80.61627, -1.71034], [-80.63502, -1.69634], [-80.646, -1.67122], [-80.65285, -1.66879], [-80.6644, -1.67847], [-80.67799, -1.67475]]]]}}, {"type": "Feature", "properties": {"admin2_pcode": "EC0108", "admin2_name": "Santa Isabel", "admin1_name": "Azuay"}, "geometry": {"type": "Polygon", "coordinates": [[[-79.30373, -3.0666], [-79.32082, -3.06173], [-79.34033, -3.03941], [-79.35319, -3.0445], [-79.35975, -3.03186], [-79.37695, -3.03834], [-79.40843, -3.02447], [-79.4273, -3.00261], [-79.45196, -2.99377], [-79.45094, -2.98408], [-79.45738, -2.98049], [-79.45805, -2.99382], [-79.44634, -3.00269], [-79.44975, -3.01972], [-79.47671, -3.04682], [-79.46256, -3.0517], [-79.45821, -3.06913], [-79.43431, -3.09221], [-79.44533, -3.10583], [-79.4419, -3.11874], [-79.45407, -3.14059], [-79.45105, -3.1482], [-79.43787, -3.15309], [-79.42895, -3.17347], [-79.41024, -3.18918], [-79.41148, -3.21194], [-79.42674, -3.22723], [-79.43289, -3.24582], [-79.44007, -3.29821], [-79.46678, -3.30393], [-79.47946, -3.31757], [-79.46142, -3.33036], [-79.42956, -3.34355], [-79.37746, -3.34925], [-79.33537, -3.3393], [-79.32888, -3.34918], [-79.30538, -3.35772], [-79.30206, -3.36815], [-79.28791, -3.36647], [-79.28109, -3.34858], [-79.27194, -3.3511], [-79.25244, -3.33497], [-79.27437, -3.31726], [-79.2199, -3.28726], [-79.24631, -3.27742], [-79.24096, -3.2485], [-79.25817, -3.23514], [-79.26971, -3.23526], [-79.26395, -3.21953], [-79.27507, -3.20581], [-79.29349, -3.20236], [-79.30743, -3.21019], [-79.30446, -3.18275], [-79.31699, -3.16534], [-79.32532, -3.13393], [-79.31841, -3.08607], [-79.30437, -3.07411], [-79.30373, -3.0666]]]}}, {"type": "Feature", "properties": {"admin2_pcode": "EC0918", "admin2_name": "Santa Lucia", "admin1_name": "Guayas"}, "geometry": {"type": "Polygon", "coordinates": [[[-80.01171, -1.64073], [-80.02549, -1.64083], [-80.03274, -1.63428], [-80.04488, -1.64299], [-80.06356, -1.64158], [-80.07151, -1.64769], [-80.10133, -1.62658], [-80.12841, -1.64901], [-80.14111, -1.64076], [-80.1458, -1.64602], [-80.16278, -1.68302], [-80.16435, -1.70157], [-80.15856, -1.70883], [-80.17008, -1.70865], [-80.16615, -1.71884], [-80.17195, -1.73184], [-80.15948, -1.73616], [-80.1594, -1.75452], [-80.15254, -1.75757], [-80.13861, -1.74583], [-80.10099, -1.73492], [-80.08821, -1.75233], [-80.07167, -1.75944], [-80.06499, -1.76314], [-80.06368, -1.78054], [-80.05046, -1.78749], [-80.04198, -1.78408], [-80.03058, -1.79876], [-80.02502, -1.7901], [-80.01778, -1.79415], [-80.01515, -1.78696], [-79.98128, -1.7814], [-79.95712, -1.78996], [-79.9379, -1.77788], [-79.92441, -1.78147], [-79.92414, -1.77458], [-79.90031, -1.77522], [-79.89759, -1.72883], [-79.88769, -1.71728], [-79.88893, -1.71032], [-79.90001, -1.71391], [-79.89956, -1.7007], [-79.90994, -1.69624], [-79.92085, -1.70148], [-79.92333, -1.69541], [-79.93488, -1.70778], [-79.95077, -1.70068], [-79.96941, -1.70354], [-79.96131, -1.69256], [-79.98818, -1.67233], [-79.99299, -1.65197], [-80.01171, -1.64073]]]}}, {"type": "Feature", "properties": {"admin2_pcode": "EC0712", "admin2_name": "Santa Rosa", "admin1_name": "El Oro"}, "geometry": {"type": "MultiPolygon", "coordinates": [[[[-80.20981, -3.43261], [-80.20691, -3.43101], [-80.22437, -3.42779], [-80.21929, -3.43257], [-80.20981, -3.43261]]], [[[-80.27369, -3.41238], [-80.28046, -3.41199], [-80.27975, -3.41291], [-80.27789, -3.41333], [-80.27369, -3.41238]]], [[[-80.27344, -3.41284], [-80.27088, -3.4113], [-80.26954, -3.40896], [-80.27314, -3.4103], [-80.27344, -3.41284]]], [[[-80.27784, -3.40736], [-80.28034, -3.40755], [-80.28216, -3.40887], [-80.27523, -3.40955], [-80.27784, -3.40736]]], [[[-80.25129, -3.4083], [-80.26397, -3.40888], [-80.23767, -3.42139], [-80.24697, -3.41026], [-80.25129, -3.4083]]], [[[-80.23235, -3.41176], [-80.23003, -3.39851], [-80.24682, -3.38875], [-80.24503, -3.39958], [-80.23235, -3.41176]]], [[[-80.25041, -3.39269], [-80.25182, -3.38661], [-80.25684, -3.38563], [-80.25751, -3.3924], [-80.25041, -3.39269]]], [[[-80.25971, -3.37811], [-80.26167, -3.37878], [-80.25903, -3.3812], [-80.25971, -3.37811]]], [[[-80.26442, -3.38005], [-80.26651, -3.37354], [-80.27027, -3.37234], [-80.26796, -3.37904], [-80.26442, -3.38005]]], [[[-80.25804, -3.3725], [-80.26236, -3.36279], [-80.26407, -3.37047], [-80.25592, -3.37656], [-80.25804, -3.3725]]], [[[-79.98984, -3.41358], [-80.00763, -3.40613], [-80.00885, -3.39968], [-79.99769, -3.38852], [-80.02821, -3.3574], [-80.03281, -3.3706], [-80.04327, -3.37682], [-80.0415, -3.38235], [-80.04257, -3.38235], [-80.04268, -3.38163], [-80.04303, -3.38286], [-80.04478, -3.38254], [-80.04471, -3.38087], [-80.04367, -3.37711], [-80.04697, -3.3788], [-80.04776, -3.38586], [-80.04827, -3.38638], [-80.04876, -3.38017], [-80.05845, -3.39198], [-80.04108, -3.39228], [-80.03137, -3.39793], [-80.03399, -3.40392], [-80.02766, -3.40603], [-80.02623, -3.41244], [-80.02139, -3.40731], [-80.0184, -3.40615], [-80.01049, -3.41412], [-80.01571, -3.41526], [-80.01962, -3.41198], [-80.02045, -3.40759], [-80.0259, -3.41335], [-80.0282, -3.40987], [-80.03295, -3.41562], [-80.02634, -3.41904], [-80.0113, -3.48099], [-80.01794, -3.49099], [-80.01787, -3.51969], [-80.03164, -3.5346], [-80.01912, -3.5558], [-80.02154, -3.56325], [-79.97996, -3.57194], [-79.98023, -3.58517], [-79.99085, -3.60198], [-79.95386, -3.59689], [-79.95118, -3.61187], [-79.94471, -3.6156], [-79.93578, -3.61497], [-79.93779, -3.60792], [-79.92424, -3.59552], [-79.90206, -3.59775], [-79.88676, -3.60746], [-79.86881, -3.59969], [-79.8616, -3.60924], [-79.851, -3.60814], [-79.83143, -3.61982], [-79.81619, -3.61526], [-79.80193, -3.58992], [-79.77454, -3.58763], [-79.77159, -3.58263], [-79.77685, -3.56303], [-79.78607, -3.56867], [-79.79691, -3.56641], [-79.83006, -3.54308], [-79.83711, -3.52392], [-79.83039, -3.5187], [-79.80015, -3.52382], [-79.79174, -3.49138], [-79.77747, -3.46985], [-79.76585, -3.47477], [-79.76499, -3.46221], [-79.80613, -3.41204], [-79.81677, -3.36553], [-79.82776, -3.36556], [-79.82761, -3.36108], [-79.84355, -3.36867], [-79.85573, -3.36477], [-79.86321, -3.38006], [-79.87734, -3.37597], [-79.88393, -3.3823], [-79.8978, -3.38715], [-79.89936, -3.40215], [-79.91821, -3.43103], [-79.97568, -3.43344], [-79.98524, -3.42744], [-79.98984, -3.41358]]], [[[-80.21963, -3.36576], [-80.23588, -3.33937], [-80.24188, -3.34535], [-80.23655, -3.3568], [-80.21636, -3.36937], [-80.21963, -3.36576]]], [[[-80.24517, -3.40165], [-80.27119, -3.38095], [-80.28051, -3.35208], [-80.27178, -3.34047], [-80.27457, -3.33606], [-80.29028, -3.36368], [-80.30332, -3.37202], [-80.30051, -3.39207], [-80.28946, -3.40337], [-80.25618, -3.4038], [-80.23202, -3.41849], [-80.24517, -3.40165]]], [[[-80.20995, -3.34404], [-80.21749, -3.33532], [-80.22112, -3.34953], [-80.20797, -3.36661], [-80.19708, -3.39802], [-80.18123, -3.39329], [-80.15523, -3.41559], [-80.10817, -3.40367], [-80.11274, -3.38647], [-80.13036, -3.38705], [-80.1341, -3.39241], [-80.13447, -3.38619], [-80.11794, -3.38169], [-80.10973, -3.38375], [-80.09864, -3.40896], [-80.08524, -3.41581], [-80.06629, -3.41042], [-80.06963, -3.39543], [-80.08701, -3.40307], [-80.09435, -3.39349], [-80.08391, -3.38278], [-80.10046, -3.37073], [-80.09872, -3.36558], [-80.08933, -3.36621], [-80.09486, -3.3639], [-80.09809, -3.33916], [-80.10836, -3.3499], [-80.11757, -3.34392], [-80.12557, -3.34746], [-80.12262, -3.36384], [-80.13341, -3.3653], [-80.12923, -3.37425], [-80.14146, -3.37844], [-80.15055, -3.36586], [-80.1785, -3.38562], [-80.16548, -3.37038], [-80.17514, -3.36588], [-80.18332, -3.37072], [-80.18355, -3.37888], [-80.18826, -3.37215], [-80.17333, -3.35935], [-80.16769, -3.33965], [-80.20106, -3.33818], [-80.20995, -3.34404]]], [[[-80.13343, -3.33492], [-80.15884, -3.33643], [-80.16837, -3.36413], [-80.15088, -3.36337], [-80.12217, -3.34006], [-80.14982, -3.36353], [-80.14053, -3.37599], [-80.13119, -3.37223], [-80.13484, -3.36251], [-80.12163, -3.34183], [-80.12123, -3.33531], [-80.13343, -3.33492]]], [[[-80.09851, -3.3354], [-80.10242, -3.33157], [-80.11911, -3.33866], [-80.10713, -3.34505], [-80.09851, -3.3354]]], [[[-80.24145, -3.33064], [-80.25233, -3.33164], [-80.26332, -3.35748], [-80.25412, -3.36244], [-80.24674, -3.38254], [-80.22703, -3.39694], [-80.22732, -3.41752], [-80.19075, -3.41167], [-80.18091, -3.41962], [-80.16507, -3.41546], [-80.18151, -3.39673], [-80.20046, -3.40235], [-80.21368, -3.37389], [-80.23907, -3.35723], [-80.22973, -3.37701], [-80.24451, -3.37843], [-80.23833, -3.37046], [-80.24415, -3.34428], [-80.23612, -3.33415], [-80.24145, -3.33064]]], [[[-80.0285, -3.28301], [-80.05928, -3.28065], [-80.08467, -3.30538], [-80.07648, -3.30528], [-80.087, -3.31197], [-80.08037, -3.31916], [-80.08827, -3.31745], [-80.0871, -3.3068], [-80.11109, -3.32414], [-80.09192, -3.33252], [-80.07791, -3.3291], [-80.06569, -3.33043], [-80.05054, -3.3393], [-80.07823, -3.33055], [-80.09205, -3.33511], [-80.09372, -3.34748], [-80.07524, -3.35182], [-80.06992, -3.36356], [-80.07414, -3.37289], [-80.07341, -3.35759], [-80.08812, -3.35175], [-80.08733, -3.36882], [-80.09991, -3.36957], [-80.0833, -3.37898], [-80.09157, -3.39224], [-80.08678, -3.39996], [-80.06411, -3.39449], [-80.05899, -3.38077], [-80.03397, -3.36364], [-80.03989, -3.34789], [-80.03463, -3.30037], [-80.04699, -3.29451], [-80.03378, -3.29679], [-80.0285, -3.28301]]], [[[-80.02852, -3.23445], [-80.02302, -3.22917], [-80.03052, -3.2081], [-80.04465, -3.22647], [-80.06903, -3.28848], [-80.06049, -3.27998], [-80.02165, -3.27611], [-80.01203, -3.26156], [-80.02852, -3.23445]]], [[[-80.43541, -3.17541], [-80.42953, -3.17285], [-80.42837, -3.16909], [-80.43757, -3.17095], [-80.43541, -3.17541]]], [[[-80.42002, -3.16721], [-80.41875, -3.16404], [-80.42304, -3.1651], [-80.42312, -3.16648], [-80.42002, -3.16721]]]]}}, {"type": "Feature", "properties": {"admin2_pcode": "EC1405", "admin2_name": "Santiago", "admin1_name": "Morona Santiago"}, "geometry": {"type": "Polygon", "coordinates": [[[-78.25417, -2.57451], [-78.26969, -2.57021], [-78.31137, -2.58085], [-78.31546, -2.56503], [-78.35091, -2.55891], [-78.38475, -2.56241], [-78.39038, -2.55266], [-78.44942, -2.51567], [-78.47865, -2.53018], [-78.50453, -2.52132], [-78.5288, -2.56304], [-78.5392, -2.56753], [-78.5476, -2.55944], [-78.55638, -2.56009], [-78.56745, -2.59066], [-78.56084, -2.61073], [-78.54581, -2.62213], [-78.53136, -2.62518], [-78.52271, -2.59539], [-78.50616, -2.5758], [-78.48073, -2.5728], [-78.46164, -2.59068], [-78.43634, -2.5997], [-78.42227, -2.63099], [-78.44519, -2.65176], [-78.47496, -2.66301], [-78.48831, -2.6618], [-78.52747, -2.69245], [-78.55682, -2.69652], [-78.5779, -2.70728], [-78.57767, -2.7183], [-78.59242, -2.74536], [-78.59197, -2.76111], [-78.60049, -2.76232], [-78.61681, -2.78592], [-78.59566, -2.81847], [-78.5882, -2.81722], [-78.57792, -2.82741], [-78.57451, -2.84921], [-78.58294, -2.8562], [-78.59997, -2.87176], [-78.61556, -2.8989], [-78.6148, -2.90841], [-78.60261, -2.91367], [-78.59517, -2.90369], [-78.58359, -2.91118], [-78.57064, -2.90293], [-78.55363, -2.90431], [-78.50833, -2.88014], [-78.45853, -2.88166], [-78.43415, -2.81174], [-78.40174, -2.79356], [-78.38056, -2.81495], [-78.34656, -2.81108], [-78.33224, -2.82942], [-78.29401, -2.80477], [-78.28386, -2.80734], [-78.28251, -2.81452], [-78.24668, -2.82143], [-78.24539, -2.8804], [-78.25752, -2.91458], [-78.25485, -2.93148], [-78.22838, -2.98188], [-78.21154, -2.97373], [-78.20908, -2.95616], [-78.17623, -2.91166], [-78.16051, -2.90758], [-78.14517, -2.9137], [-78.15392, -2.8917], [-78.15108, -2.86901], [-78.16043, -2.854], [-78.15917, -2.84401], [-78.12346, -2.82282], [-78.11939, -2.80008], [-78.10761, -2.78814], [-78.11066, -2.77386], [-78.09706, -2.75141], [-78.14186, -2.73201], [-78.18206, -2.73854], [-78.18691, -2.70895], [-78.19269, -2.70828], [-78.20112, -2.68527], [-78.20838, -2.68325], [-78.20006, -2.6761], [-78.20018, -2.66753], [-78.23347, -2.63918], [-78.24856, -2.63885], [-78.23976, -2.60264], [-78.25417, -2.57451]]]}}, {"type": "Feature", "properties": {"admin2_pcode": "EC1808", "admin2_name": "Santiago de Pillaro", "admin1_name": "Tungurahua"}, "geometry": {"type": "Polygon", "coordinates": [[[-78.35374, -1.16285], [-78.34653, -1.14074], [-78.33748, -1.13505], [-78.33416, -1.11073], [-78.34207, -1.09742], [-78.33267, -1.0832], [-78.33318, -1.06036], [-78.3214, -1.04042], [-78.34409, -1.02818], [-78.35937, -1.00267], [-78.38893, -1.00806], [-78.4047, -0.98958], [-78.41368, -0.99177], [-78.40749, -1.00143], [-78.41001, -1.01931], [-78.42154, -1.02481], [-78.43465, -1.04637], [-78.44552, -1.04744], [-78.44617, -1.061], [-78.46571, -1.08791], [-78.50204, -1.09404], [-78.52598, -1.05825], [-78.55922, -1.05884], [-78.57184, -1.06525], [-78.57742, -1.07583], [-78.56767, -1.07416], [-78.56268, -1.08396], [-78.57044, -1.09716], [-78.56578, -1.123], [-78.56417, -1.13077], [-78.57094, -1.1358], [-78.56587, -1.15633], [-78.57422, -1.16288], [-78.57015, -1.17532], [-78.57477, -1.18781], [-78.56318, -1.19257], [-78.56594, -1.20059], [-78.55334, -1.20711], [-78.5546, -1.21367], [-78.53771, -1.22248], [-78.53732, -1.23329], [-78.52089, -1.24397], [-78.48519, -1.22785], [-78.45613, -1.2329], [-78.43858, -1.22024], [-78.4303, -1.18734], [-78.42075, -1.18827], [-78.41274, -1.17887], [-78.40059, -1.18432], [-78.38261, -1.16284], [-78.35374, -1.16285]]]}}, {"type": "Feature", "properties": {"admin2_pcode": "EC2301", "admin2_name": "Santo Domingo", "admin1_name": "Santo Domingo de los Tsachilas"}, "geometry": {"type": "Polygon", "coordinates": [[[-79.16894, -0.01525], [-79.19235, -0.01091], [-79.19826, 0.00047], [-79.23194, 0.00344], [-79.23762, 0.01205], [-79.24502, 0.00555], [-79.29432, 0.01715], [-79.30304, -0.00168], [-79.31079, 0.00125], [-79.30494, -0.01215], [-79.31824, -0.02167], [-79.33095, -0.02174], [-79.33097, -0.03759], [-79.31543, -0.04525], [-79.31999, -0.055], [-79.34874, -0.0912], [-79.36299, -0.08851], [-79.34912, -0.09721], [-79.34893, -0.1114], [-79.3839, -0.10896], [-79.39838, -0.10148], [-79.40022, -0.10671], [-79.41402, -0.10274], [-79.41661, -0.10788], [-79.43345, -0.10111], [-79.43262, -0.11327], [-79.46265, -0.11401], [-79.4712, -0.10714], [-79.47786, -0.11216], [-79.47585, -0.10725], [-79.48616, -0.10549], [-79.48679, -0.09706], [-79.50879, -0.09792], [-79.52579, -0.09127], [-79.52836, -0.10241], [-79.54821, -0.10034], [-79.54109, -0.13346], [-79.52977, -0.13649], [-79.51955, -0.16371], [-79.47263, -0.17523], [-79.4625, -0.17142], [-79.44926, -0.17937], [-79.42932, -0.17544], [-79.41021, -0.20857], [-79.41051, -0.27614], [-79.40243, -0.28656], [-79.40753, -0.30356], [-79.39865, -0.31212], [-79.40576, -0.38171], [-79.40183, -0.40255], [-79.42229, -0.42184], [-79.42906, -0.4387], [-79.45745, -0.45678], [-79.45608, -0.46728], [-79.46416, -0.47217], [-79.44931, -0.47989], [-79.45723, -0.48743], [-79.45992, -0.50373], [-79.46632, -0.52979], [-79.48337, -0.54306], [-79.46111, -0.54834], [-79.45721, -0.56411], [-79.45014, -0.54828], [-79.41702, -0.53869], [-79.41637, -0.54667], [-79.37757, -0.54531], [-79.37263, -0.53983], [-79.34649, -0.54388], [-79.34515, -0.55566], [-79.3557, -0.55891], [-79.34967, -0.57138], [-79.36207, -0.57297], [-79.36654, -0.58094], [-79.35677, -0.58839], [-79.34552, -0.63051], [-79.36064, -0.64023], [-79.36288, -0.65542], [-79.36933, -0.6518], [-79.36901, -0.65796], [-79.35946, -0.66969], [-79.36214, -0.67679], [-79.34866, -0.69044], [-79.32315, -0.69866], [-79.31001, -0.6937], [-79.29823, -0.70001], [-79.28574, -0.6963], [-79.26472, -0.66264], [-79.23567, -0.64352], [-79.21543, -0.63939], [-79.20164, -0.62806], [-79.19479, -0.60663], [-79.15981, -0.58563], [-79.13685, -0.54947], [-79.11269, -0.54198], [-79.10105, -0.52472], [-79.08011, -0.52785], [-79.06668, -0.52035], [-79.04604, -0.48858], [-79.03287, -0.48441], [-79.01678, -0.45188], [-79.01022, -0.41688], [-78.99483, -0.41667], [-78.96447, -0.40091], [-78.96861, -0.38201], [-78.96212, -0.3696], [-78.95454, -0.36152], [-78.93304, -0.36078], [-78.94061, -0.33136], [-78.95097, -0.32399], [-78.95474, -0.31625], [-78.95024, -0.31248], [-78.92885, -0.31358], [-78.8987, -0.33553], [-78.86748, -0.3315], [-78.86393, -0.34525], [-78.85634, -0.34902], [-78.82052, -0.34576], [-78.81712, -0.33454], [-78.77417, -0.29795], [-78.77353, -0.27869], [-78.75938, -0.28243], [-78.74647, -0.27723], [-78.75973, -0.2397], [-78.78334, -0.21267], [-78.79479, -0.21352], [-78.83283, -0.18714], [-78.82929, -0.17835], [-78.84229, -0.16628], [-78.83327, -0.15945], [-78.83344, -0.14115], [-78.83958, -0.13381], [-78.85735, -0.13302], [-78.8683, -0.11838], [-78.89179, -0.10659], [-78.9093, -0.10792], [-78.91412, -0.11711], [-78.92841, -0.12079], [-78.96546, -0.1013], [-78.98273, -0.11145], [-78.98972, -0.10606], [-78.99083, -0.11113], [-79.01324, -0.10987], [-79.01429, -0.11654], [-79.02427, -0.11759], [-79.04535, -0.10173], [-79.0536, -0.10417], [-79.05999, -0.09561], [-79.082, -0.08935], [-79.09456, -0.09151], [-79.10178, -0.08293], [-79.11647, -0.092], [-79.11992, -0.08548], [-79.13622, -0.09398], [-79.14945, -0.0918], [-79.12699, -0.049], [-79.10182, -0.03611], [-79.09752, -0.02642], [-79.14225, -0.01365], [-79.16894, -0.01525]]]}}, {"type": "Feature", "properties": {"admin2_pcode": "EC0506", "admin2_name": "Saquisili", "admin1_name": "Cotopaxi"}, "geometry": {"type": "Polygon", "coordinates": [[[-78.79529, -0.92438], [-78.78671, -0.92057], [-78.78637, -0.90341], [-78.77248, -0.87486], [-78.75862, -0.87654], [-78.75086, -0.88744], [-78.73717, -0.88152], [-78.72149, -0.85984], [-78.7023, -0.86628], [-78.68421, -0.85431], [-78.66256, -0.85262], [-78.6569, -0.86141], [-78.65179, -0.85657], [-78.63528, -0.87295], [-78.63547, -0.86845], [-78.64346, -0.85345], [-78.6406, -0.8436], [-78.6609, -0.83399], [-78.66426, -0.82261], [-78.65875, -0.81478], [-78.67133, -0.8085], [-78.69114, -0.77678], [-78.69339, -0.76153], [-78.70421, -0.75076], [-78.72073, -0.74789], [-78.76995, -0.75594], [-78.77807, -0.78086], [-78.79079, -0.77157], [-78.79592, -0.78046], [-78.79537, -0.77641], [-78.81411, -0.77622], [-78.80879, -0.81788], [-78.80343, -0.83106], [-78.81028, -0.86318], [-78.80541, -0.87215], [-78.81626, -0.89492], [-78.80851, -0.91969], [-78.79529, -0.92438]]]}}, {"type": "Feature", "properties": {"admin2_pcode": "EC1111", "admin2_name": "Saraguro", "admin1_name": "Loja"}, "geometry": {"type": "Polygon", "coordinates": [[[-79.30206, -3.36815], [-79.30538, -3.35772], [-79.32888, -3.34918], [-79.33537, -3.3393], [-79.37746, -3.34925], [-79.42956, -3.34355], [-79.46142, -3.33036], [-79.47451, -3.39785], [-79.46091, -3.4315], [-79.43706, -3.42788], [-79.42195, -3.44344], [-79.42949, -3.46411], [-79.44219, -3.46995], [-79.4592, -3.49799], [-79.48149, -3.51454], [-79.47428, -3.52674], [-79.48252, -3.53989], [-79.47924, -3.58201], [-79.49873, -3.60946], [-79.48713, -3.63805], [-79.44932, -3.60624], [-79.43129, -3.57957], [-79.42322, -3.58117], [-79.41518, -3.6074], [-79.39264, -3.61207], [-79.3727, -3.63751], [-79.36647, -3.66047], [-79.37336, -3.68006], [-79.35812, -3.68077], [-79.34975, -3.69548], [-79.33001, -3.69647], [-79.32642, -3.71783], [-79.31841, -3.72123], [-79.30617, -3.69809], [-79.2888, -3.68559], [-79.27921, -3.69026], [-79.2705, -3.67815], [-79.25521, -3.67277], [-79.24706, -3.68394], [-79.23222, -3.67959], [-79.21788, -3.6975], [-79.21906, -3.70748], [-79.2036, -3.70889], [-79.19529, -3.72502], [-79.17892, -3.71174], [-79.16219, -3.71526], [-79.15747, -3.70233], [-79.15402, -3.66213], [-79.13961, -3.66347], [-79.10788, -3.64761], [-79.10696, -3.63599], [-79.09526, -3.6254], [-79.10542, -3.62998], [-79.10574, -3.6173], [-79.11535, -3.61168], [-79.11823, -3.60153], [-79.13355, -3.59835], [-79.13984, -3.56811], [-79.13326, -3.54067], [-79.13631, -3.52802], [-79.15854, -3.50455], [-79.15723, -3.47566], [-79.17589, -3.4673], [-79.18145, -3.44055], [-79.20863, -3.44896], [-79.22799, -3.46493], [-79.27654, -3.47678], [-79.28947, -3.46663], [-79.30404, -3.42805], [-79.29987, -3.40761], [-79.30897, -3.39432], [-79.30206, -3.36815]]]}}, {"type": "Feature", "properties": {"admin2_pcode": "EC0113", "admin2_name": "Sevilla de Oro", "admin1_name": "Azuay"}, "geometry": {"type": "Polygon", "coordinates": [[[-78.58294, -2.8562], [-78.57451, -2.84921], [-78.57792, -2.82741], [-78.5882, -2.81722], [-78.59566, -2.81847], [-78.61681, -2.78592], [-78.60049, -2.76232], [-78.59197, -2.76111], [-78.59242, -2.74536], [-78.57767, -2.7183], [-78.5779, -2.70728], [-78.55682, -2.69652], [-78.52747, -2.69245], [-78.48831, -2.6618], [-78.47496, -2.66301], [-78.44519, -2.65176], [-78.42227, -2.63099], [-78.43634, -2.5997], [-78.46164, -2.59068], [-78.48073, -2.5728], [-78.50616, -2.5758], [-78.52271, -2.59539], [-78.53136, -2.62518], [-78.54581, -2.62213], [-78.56084, -2.61073], [-78.56745, -2.59066], [-78.55638, -2.56009], [-78.56518, -2.55434], [-78.56954, -2.55865], [-78.58056, -2.5744], [-78.62245, -2.59407], [-78.62537, -2.60704], [-78.61704, -2.62897], [-78.61715, -2.66716], [-78.6265, -2.69853], [-78.6419, -2.72233], [-78.64596, -2.74063], [-78.66081, -2.76972], [-78.66163, -2.79809], [-78.65505, -2.81923], [-78.63707, -2.8244], [-78.62659, -2.83504], [-78.61083, -2.83653], [-78.58294, -2.8562]]]}}, {"type": "Feature", "properties": {"admin2_pcode": "EC2104", "admin2_name": "Shushufindi", "admin1_name": "Sucumbios"}, "geometry": {"type": "Polygon", "coordinates": [[[-76.51399, -0.09041], [-76.53607, -0.08708], [-76.55012, -0.06479], [-76.56376, -0.06764], [-76.57439, -0.05998], [-76.59445, -0.06451], [-76.60709, -0.02825], [-76.62669, -0.03074], [-76.63478, -0.01317], [-76.65159, -0.007], [-76.65798, -0.00786], [-76.65806, -0.09103], [-76.73051, -0.12063], [-76.74761, -0.11101], [-76.79238, -0.13256], [-76.80627, -0.11556], [-76.81292, -0.12038], [-76.81861, -0.11503], [-76.83759, -0.11677], [-76.85876, -0.09792], [-76.87893, -0.09807], [-76.90461, -0.08438], [-76.90174, -0.10828], [-76.87521, -0.12778], [-76.84676, -0.17961], [-76.83007, -0.19059], [-76.80103, -0.23449], [-76.77242, -0.25646], [-76.76572, -0.25552], [-76.76016, -0.26791], [-76.76557, -0.28012], [-76.75305, -0.28706], [-76.75015, -0.30369], [-76.71996, -0.33539], [-76.72719, -0.34624], [-76.70175, -0.3519], [-76.68746, -0.37109], [-76.67365, -0.37342], [-76.65905, -0.39029], [-76.63609, -0.39804], [-76.64044, -0.41823], [-76.63201, -0.42791], [-76.60119, -0.43026], [-76.56848, -0.41065], [-76.55203, -0.41369], [-76.52732, -0.44031], [-76.50451, -0.44397], [-76.49115, -0.46897], [-76.4726, -0.48655], [-76.42181, -0.48608], [-76.38572, -0.52099], [-76.36612, -0.51695], [-76.33318, -0.48601], [-76.29168, -0.47718], [-76.26176, -0.44726], [-76.23307, -0.44891], [-76.19672, -0.43817], [-76.12904, -0.45202], [-76.08686, -0.44009], [-76.07838, -0.44559], [-76.07275, -0.47962], [-76.05928, -0.50514], [-76.00205, -0.54666], [-75.97341, -0.56222], [-75.9302, -0.56848], [-75.93016, -0.55956], [-75.94726, -0.54904], [-75.94611, -0.53872], [-75.87533, -0.41787], [-75.92224, -0.40847], [-75.91283, -0.40362], [-75.91533, -0.38485], [-75.94448, -0.38633], [-75.97143, -0.36883], [-75.96838, -0.35703], [-75.98086, -0.35376], [-76.01028, -0.36011], [-76.02109, -0.3483], [-76.01678, -0.33747], [-76.02395, -0.31154], [-76.03463, -0.31001], [-76.0478, -0.2932], [-76.06621, -0.30355], [-76.08142, -0.28711], [-76.09284, -0.30227], [-76.11478, -0.292], [-76.15366, -0.29422], [-76.16189, -0.26582], [-76.16841, -0.26166], [-76.18713, -0.27774], [-76.20586, -0.27712], [-76.21807, -0.2898], [-76.23523, -0.28514], [-76.2542, -0.30167], [-76.26655, -0.28711], [-76.28296, -0.29172], [-76.29411, -0.288], [-76.31366, -0.29646], [-76.31672, -0.30473], [-76.33271, -0.28518], [-76.35438, -0.28696], [-76.37154, -0.29977], [-76.40939, -0.2984], [-76.41811, -0.28791], [-76.42883, -0.28854], [-76.42225, -0.27856], [-76.42571, -0.25268], [-76.44588, -0.2388], [-76.46492, -0.24593], [-76.46267, -0.23029], [-76.47596, -0.21976], [-76.48761, -0.22563], [-76.47928, -0.20721], [-76.48963, -0.18809], [-76.50263, -0.18704], [-76.4961, -0.1632], [-76.51008, -0.14852], [-76.50736, -0.13009], [-76.51629, -0.11844], [-76.51399, -0.09041]]]}}, {"type": "Feature", "properties": {"admin2_pcode": "EC0507", "admin2_name": "Sigchos", "admin1_name": "Cotopaxi"}, "geometry": {"type": "Polygon", "coordinates": [[[-78.7205, -0.64917], [-78.73897, -0.62148], [-78.72814, -0.58733], [-78.73302, -0.5594], [-78.7781, -0.53823], [-78.79564, -0.54331], [-78.83187, -0.52432], [-78.83917, -0.47683], [-78.85661, -0.46489], [-78.8706, -0.41779], [-78.89303, -0.41254], [-78.8891, -0.40924], [-78.89921, -0.38637], [-78.91608, -0.37154], [-78.90668, -0.3593], [-78.91842, -0.34005], [-78.94061, -0.33136], [-78.93304, -0.36078], [-78.95454, -0.36152], [-78.96212, -0.3696], [-78.96861, -0.38201], [-78.96447, -0.40091], [-78.99483, -0.41667], [-79.01022, -0.41688], [-79.01678, -0.45188], [-79.03287, -0.48441], [-79.04604, -0.48858], [-79.06668, -0.52035], [-79.08011, -0.52785], [-79.10105, -0.52472], [-79.11269, -0.54198], [-79.08817, -0.55691], [-79.08325, -0.56673], [-79.07412, -0.56775], [-79.07262, -0.57655], [-79.05802, -0.58534], [-79.04344, -0.58853], [-79.01619, -0.62715], [-79.02025, -0.63711], [-79.01211, -0.65474], [-79.01693, -0.71808], [-79.01126, -0.7339], [-78.99336, -0.7461], [-79.00803, -0.7593], [-79.02311, -0.7583], [-79.02072, -0.81996], [-79.04393, -0.81919], [-79.05197, -0.80994], [-79.07152, -0.80707], [-79.08865, -0.83357], [-79.09535, -0.83468], [-79.10625, -0.85805], [-79.1173, -0.86216], [-79.09056, -0.87137], [-79.0735, -0.88803], [-79.0599, -0.88219], [-79.05163, -0.89291], [-79.03409, -0.88839], [-79.023, -0.89573], [-79.00806, -0.88615], [-78.99008, -0.8882], [-78.95056, -0.86354], [-78.93638, -0.87355], [-78.92224, -0.87241], [-78.87168, -0.83197], [-78.85559, -0.84233], [-78.83467, -0.82254], [-78.80879, -0.81788], [-78.81411, -0.77622], [-78.83087, -0.76256], [-78.82898, -0.74616], [-78.83619, -0.7373], [-78.82956, -0.7027], [-78.81892, -0.69693], [-78.82268, -0.69063], [-78.81776, -0.67861], [-78.80547, -0.67864], [-78.78832, -0.66835], [-78.76763, -0.63554], [-78.7205, -0.64917]]]}}, {"type": "Feature", "properties": {"admin2_pcode": "EC0109", "admin2_name": "Sigsig", "admin1_name": "Azuay"}, "geometry": {"type": "Polygon", "coordinates": [[[-78.77366, -2.98373], [-78.77938, -2.98374], [-78.78007, -3.00601], [-78.79037, -2.98759], [-78.80113, -2.98201], [-78.80802, -2.99759], [-78.86519, -2.97852], [-78.86009, -2.99466], [-78.86777, -3.0026], [-78.88662, -3.00257], [-78.87617, -3.01328], [-78.88196, -3.02494], [-78.8764, -3.03562], [-78.8916, -3.04857], [-78.90206, -3.06999], [-78.92383, -3.08039], [-78.95709, -3.11776], [-78.99998, -3.13871], [-79.00133, -3.14675], [-79.00838, -3.14788], [-79.00631, -3.15768], [-79.02892, -3.17588], [-79.02211, -3.18853], [-78.99127, -3.22856], [-78.98552, -3.25834], [-78.96895, -3.26035], [-78.96776, -3.26667], [-78.93581, -3.28822], [-78.93618, -3.27567], [-78.91298, -3.27305], [-78.90042, -3.25552], [-78.87976, -3.2501], [-78.8567, -3.22961], [-78.83427, -3.2451], [-78.8116, -3.2089], [-78.77495, -3.17045], [-78.75514, -3.15925], [-78.75061, -3.14655], [-78.70338, -3.12742], [-78.68873, -3.10511], [-78.68491, -3.07044], [-78.67933, -3.0678], [-78.67344, -3.06057], [-78.68238, -3.04706], [-78.71842, -3.03353], [-78.72722, -3.03712], [-78.75219, -3.03178], [-78.76342, -3.02022], [-78.77366, -2.98373]]]}}, {"type": "Feature", "properties": {"admin2_pcode": "EC0922", "admin2_name": "Simon Bolivar", "admin1_name": "Guayas"}, "geometry": {"type": "Polygon", "coordinates": [[[-79.27112, -2.10384], [-79.31796, -2.08107], [-79.32128, -2.05079], [-79.3344, -2.04172], [-79.33808, -2.02131], [-79.35276, -2.00918], [-79.35875, -1.98681], [-79.3706, -1.97817], [-79.36856, -1.97112], [-79.40084, -1.96751], [-79.40068, -1.96012], [-79.41138, -1.95509], [-79.41063, -1.94512], [-79.4052, -1.94354], [-79.41945, -1.93504], [-79.43707, -1.94074], [-79.44512, -1.93466], [-79.47636, -1.98355], [-79.50438, -1.9979], [-79.5153, -1.996], [-79.52056, -2.0131], [-79.52324, -2.03713], [-79.47431, -2.0625], [-79.46916, -2.11102], [-79.44976, -2.09937], [-79.43322, -2.09456], [-79.43466, -2.10265], [-79.41582, -2.11249], [-79.41055, -2.10656], [-79.41603, -2.09109], [-79.41151, -2.08474], [-79.39884, -2.09187], [-79.38479, -2.08508], [-79.37211, -2.09053], [-79.35665, -2.08586], [-79.33827, -2.10044], [-79.33956, -2.10581], [-79.33589, -2.10291], [-79.33793, -2.11272], [-79.33161, -2.12205], [-79.29558, -2.12678], [-79.28052, -2.14545], [-79.26667, -2.14839], [-79.28015, -2.12511], [-79.26905, -2.12362], [-79.27607, -2.1178], [-79.27112, -2.10384]]]}}, {"type": "Feature", "properties": {"admin2_pcode": "EC1112", "admin2_name": "Sozoranga", "admin1_name": "Loja"}, "geometry": {"type": "Polygon", "coordinates": [[[-79.72367, -4.1506], [-79.76052, -4.14307], [-79.80933, -4.11603], [-79.82298, -4.13478], [-79.83772, -4.13167], [-79.84474, -4.1488], [-79.8483, -4.15844], [-79.85726, -4.15266], [-79.86247, -4.15658], [-79.86051, -4.17527], [-79.88377, -4.20459], [-79.8721, -4.20799], [-79.8546, -4.23216], [-79.85704, -4.25187], [-79.8482, -4.27344], [-79.85242, -4.2871], [-79.8391, -4.29945], [-79.84554, -4.30669], [-79.8353, -4.34501], [-79.80164, -4.34888], [-79.80617, -4.35882], [-79.79047, -4.37572], [-79.80108, -4.38415], [-79.78942, -4.38621], [-79.7863, -4.40811], [-79.76067, -4.43181], [-79.7655, -4.44132], [-79.75385, -4.46031], [-79.75089, -4.48374], [-79.7255, -4.46915], [-79.70656, -4.47159], [-79.6784, -4.44816], [-79.68447, -4.42006], [-79.71924, -4.39754], [-79.73736, -4.35433], [-79.73594, -4.33991], [-79.74648, -4.33263], [-79.73461, -4.32193], [-79.73278, -4.30807], [-79.77247, -4.2767], [-79.76045, -4.26704], [-79.75409, -4.26866], [-79.74354, -4.25578], [-79.7404, -4.24247], [-79.75434, -4.2307], [-79.74662, -4.21787], [-79.73314, -4.21414], [-79.72639, -4.20436], [-79.72367, -4.1506]]]}}, {"type": "Feature", "properties": {"admin2_pcode": "EC1314", "admin2_name": "Sucre", "admin1_name": "Manabi"}, "geometry": {"type": "MultiPolygon", "coordinates": [[[[-80.33454, -0.66054], [-80.3475, -0.65511], [-80.3446, -0.67318], [-80.32317, -0.67998], [-80.31361, -0.67189], [-80.31478, -0.65933], [-80.33454, -0.66054]]], [[[-80.34171, -0.6499], [-80.34817, -0.65256], [-80.32294, -0.65939], [-80.32401, -0.65767], [-80.34171, -0.6499]]], [[[-80.37175, -0.65488], [-80.3746, -0.64934], [-80.37841, -0.65129], [-80.37557, -0.65402], [-80.37175, -0.65488]]], [[[-80.3707, -0.65105], [-80.36833, -0.65008], [-80.36812, -0.64788], [-80.37383, -0.64907], [-80.3707, -0.65105]]], [[[-80.32332, -0.6811], [-80.34509, -0.67414], [-80.358, -0.65463], [-80.38096, -0.66291], [-80.39433, -0.6519], [-80.406, -0.65101], [-80.42367, -0.62992], [-80.42281, -0.5942], [-80.45259, -0.61105], [-80.47014, -0.63954], [-80.50777, -0.73903], [-80.52126, -0.79474], [-80.51701, -0.79762], [-80.5181, -0.80935], [-80.51077, -0.81778], [-80.51443, -0.82282], [-80.49221, -0.85514], [-80.49285, -0.86898], [-80.47715, -0.8727], [-80.47994, -0.86507], [-80.47101, -0.86689], [-80.42791, -0.84646], [-80.4116, -0.84937], [-80.41213, -0.84293], [-80.38426, -0.82195], [-80.38056, -0.80087], [-80.3659, -0.79298], [-80.36448, -0.77998], [-80.34967, -0.77093], [-80.33636, -0.7459], [-80.33446, -0.73021], [-80.32421, -0.71617], [-80.32332, -0.6811]]], [[[-80.22156, -0.4918], [-80.18956, -0.48237], [-80.18821, -0.43306], [-80.17225, -0.42615], [-80.17154, -0.36731], [-80.1268, -0.34852], [-80.12821, -0.33065], [-80.10062, -0.3026], [-80.09863, -0.27776], [-80.08042, -0.24783], [-80.13173, -0.25908], [-80.14767, -0.27808], [-80.16073, -0.28439], [-80.16533, -0.28074], [-80.16796, -0.29131], [-80.18077, -0.27831], [-80.19983, -0.28361], [-80.18963, -0.30094], [-80.21678, -0.31216], [-80.22447, -0.32452], [-80.24451, -0.31799], [-80.25263, -0.33435], [-80.27465, -0.33522], [-80.29171, -0.35626], [-80.30958, -0.36719], [-80.31345, -0.37552], [-80.30371, -0.38369], [-80.30247, -0.40255], [-80.28738, -0.40118], [-80.27364, -0.44442], [-80.24778, -0.45524], [-80.24092, -0.45038], [-80.22839, -0.45542], [-80.23436, -0.47563], [-80.22156, -0.4918]]]]}}, {"type": "Feature", "properties": {"admin2_pcode": "EC1406", "admin2_name": "Sucua", "admin1_name": "Morona Santiago"}, "geometry": {"type": "Polygon", "coordinates": [[[-78.02013, -2.62114], [-78.01846, -2.60717], [-78.029, -2.57291], [-78.03733, -2.56807], [-78.03933, -2.54066], [-78.0305, -2.51836], [-78.02242, -2.51646], [-78.0203, -2.49659], [-78.0381, -2.47138], [-78.0395, -2.45479], [-78.03628, -2.4288], [-78.00793, -2.4067], [-78.00885, -2.40038], [-78.02543, -2.39632], [-78.06666, -2.40616], [-78.07956, -2.39168], [-78.09144, -2.40289], [-78.10223, -2.39761], [-78.15346, -2.40227], [-78.18374, -2.38917], [-78.19611, -2.37054], [-78.21323, -2.37021], [-78.23581, -2.34144], [-78.25383, -2.34809], [-78.29418, -2.34963], [-78.31982, -2.39381], [-78.35372, -2.42312], [-78.36254, -2.43932], [-78.36989, -2.43889], [-78.37278, -2.4619], [-78.38501, -2.47542], [-78.40094, -2.47646], [-78.39641, -2.50362], [-78.44048, -2.50334], [-78.45052, -2.49342], [-78.46664, -2.49508], [-78.47407, -2.50374], [-78.49767, -2.50332], [-78.50453, -2.52132], [-78.47865, -2.53018], [-78.44942, -2.51567], [-78.39038, -2.55266], [-78.38475, -2.56241], [-78.35091, -2.55891], [-78.31546, -2.56503], [-78.31137, -2.58085], [-78.26969, -2.57021], [-78.25417, -2.57451], [-78.2435, -2.5687], [-78.24811, -2.5587], [-78.23082, -2.54758], [-78.22093, -2.56494], [-78.20616, -2.57248], [-78.20022, -2.58785], [-78.18489, -2.59705], [-78.18527, -2.60385], [-78.16542, -2.59078], [-78.15275, -2.5918], [-78.14714, -2.6116], [-78.13732, -2.61608], [-78.12777, -2.61025], [-78.11419, -2.62274], [-78.10789, -2.61743], [-78.09971, -2.5739], [-78.07863, -2.57394], [-78.05816, -2.59289], [-78.04344, -2.59809], [-78.03854, -2.61494], [-78.0429, -2.61877], [-78.03579, -2.6291], [-78.02013, -2.62114]]]}}, {"type": "Feature", "properties": {"admin2_pcode": "EC2105", "admin2_name": "Sucumbios", "admin1_name": "Sucumbios"}, "geometry": {"type": "Polygon", "coordinates": [[[-77.38926, 0.38804], [-77.42106, 0.42153], [-77.42102, 0.43628], [-77.43135, 0.43941], [-77.44559, 0.42703], [-77.52948, 0.40605], [-77.52015, 0.42152], [-77.52336, 0.4441], [-77.51871, 0.45292], [-77.52565, 0.47123], [-77.51634, 0.49458], [-77.52186, 0.53152], [-77.51055, 0.56546], [-77.48892, 0.58494], [-77.48033, 0.6095], [-77.47896, 0.64039], [-77.4805, 0.65617], [-77.49192, 0.66245], [-77.53187, 0.65236], [-77.5457, 0.64001], [-77.55618, 0.64141], [-77.56646, 0.63452], [-77.5945, 0.64072], [-77.60439, 0.63594], [-77.61634, 0.64172], [-77.63707, 0.63601], [-77.65553, 0.64724], [-77.67247, 0.64926], [-77.68067, 0.6435], [-77.68636, 0.64071], [-77.68973, 0.62107], [-77.65581, 0.60406], [-77.66351, 0.59445], [-77.6786, 0.56163], [-77.71009, 0.54789], [-77.7198, 0.53269], [-77.72771, 0.53425], [-77.75164, 0.50505], [-77.76036, 0.48033], [-77.77364, 0.47047], [-77.77175, 0.46491], [-77.807, 0.42695], [-77.80474, 0.41981], [-77.81348, 0.40376], [-77.80331, 0.39916], [-77.79557, 0.38142], [-77.797, 0.36831], [-77.81272, 0.35677], [-77.82577, 0.32258], [-77.83133, 0.30988], [-77.81527, 0.28652], [-77.79078, 0.27045], [-77.77091, 0.24729], [-77.74484, 0.24231], [-77.73957, 0.23575], [-77.74222, 0.22257], [-77.72062, 0.21372], [-77.72302, 0.20622], [-77.70958, 0.19002], [-77.70853, 0.14448], [-77.69666, 0.13233], [-77.67677, 0.15081], [-77.67792, 0.16667], [-77.66655, 0.1702], [-77.66044, 0.18228], [-77.62913, 0.19582], [-77.62897, 0.21469], [-77.60786, 0.23327], [-77.59086, 0.23916], [-77.57661, 0.2333], [-77.57361, 0.24158], [-77.55911, 0.2438], [-77.50908, 0.2314], [-77.49663, 0.25369], [-77.47946, 0.2539], [-77.46228, 0.26441], [-77.45311, 0.28565], [-77.45378, 0.30298], [-77.4298, 0.31743], [-77.42552, 0.34383], [-77.43071, 0.36569], [-77.41713, 0.37524], [-77.38926, 0.38804]]]}}, {"type": "Feature", "properties": {"admin2_pcode": "EC0307", "admin2_name": "Suscal", "admin1_name": "Ca\u00f1ar"}, "geometry": {"type": "Polygon", "coordinates": [[[-79.02294, -2.43274], [-79.03977, -2.42307], [-79.06603, -2.43398], [-79.08788, -2.45755], [-79.10218, -2.46136], [-79.10346, -2.47114], [-79.11879, -2.48461], [-79.11637, -2.49178], [-79.07994, -2.50411], [-79.06127, -2.50108], [-79.05408, -2.47518], [-79.01178, -2.44077], [-79.02294, -2.43274]]]}}, {"type": "Feature", "properties": {"admin2_pcode": "EC1409", "admin2_name": "Taisha", "admin1_name": "Morona Santiago"}, "geometry": {"type": "Polygon", "coordinates": [[[-76.693, -2.61027], [-76.72192, -2.58799], [-76.73874, -2.55518], [-76.75125, -2.56326], [-76.77649, -2.55206], [-76.79657, -2.57007], [-76.81175, -2.56307], [-76.82172, -2.54232], [-76.8357, -2.54719], [-76.84222, -2.55717], [-76.88272, -2.56737], [-76.89519, -2.55398], [-76.91685, -2.56445], [-76.92698, -2.54479], [-76.94489, -2.5545], [-76.96697, -2.51024], [-76.99775, -2.51428], [-76.99997, -2.46282], [-77.03068, -2.45113], [-77.05426, -2.39894], [-77.08532, -2.37054], [-77.08878, -2.34542], [-77.12609, -2.31547], [-77.16604, -2.30104], [-77.19287, -2.27159], [-77.23016, -2.26105], [-77.26767, -2.22097], [-77.27779, -2.19623], [-77.29076, -2.19569], [-77.35083, -2.16006], [-77.3856, -2.15072], [-77.43839, -2.11971], [-77.48817, -2.10459], [-77.50219, -2.09492], [-77.50602, -2.08407], [-77.56054, -2.0722], [-77.57745, -2.07556], [-77.59248, -2.05344], [-77.60363, -2.05323], [-77.61695, -2.04132], [-77.66668, -2.05092], [-77.69428, -2.02654], [-77.71612, -2.02445], [-77.73646, -1.98255], [-77.7752, -1.97321], [-77.79387, -1.99597], [-77.81653, -1.99058], [-77.82408, -1.99476], [-77.82748, -2.00167], [-77.8223, -2.00961], [-77.80368, -2.021], [-77.80627, -2.04317], [-77.79998, -2.06663], [-77.80862, -2.0834], [-77.80732, -2.14246], [-77.81853, -2.16752], [-77.81037, -2.18826], [-77.81422, -2.21715], [-77.76824, -2.23078], [-77.7378, -2.21831], [-77.7277, -2.23184], [-77.72807, -2.2557], [-77.74633, -2.26852], [-77.74946, -2.31255], [-77.7436, -2.36617], [-77.74733, -2.40412], [-77.72542, -2.40928], [-77.73226, -2.42126], [-77.72255, -2.43353], [-77.7293, -2.43992], [-77.72478, -2.44918], [-77.73164, -2.45757], [-77.72615, -2.45639], [-77.72971, -2.46318], [-77.7202, -2.4701], [-77.7294, -2.47028], [-77.73843, -2.48436], [-77.72941, -2.49015], [-77.73422, -2.51621], [-77.72986, -2.52406], [-77.72097, -2.52409], [-77.72691, -2.53603], [-77.7145, -2.53688], [-77.71884, -2.54002], [-77.71091, -2.55391], [-77.71695, -2.55631], [-77.70879, -2.55591], [-77.70798, -2.57032], [-77.6963, -2.56806], [-77.70624, -2.57702], [-77.6949, -2.57892], [-77.70169, -2.5879], [-77.68932, -2.60366], [-77.68458, -2.60111], [-77.68355, -2.61354], [-77.67354, -2.62408], [-77.69087, -2.63068], [-77.70014, -2.62779], [-77.7013, -2.63254], [-77.69496, -2.63355], [-77.70245, -2.63551], [-77.70343, -2.64674], [-77.71453, -2.64884], [-77.7112, -2.65468], [-77.71651, -2.65917], [-77.70769, -2.65889], [-77.70875, -2.66715], [-77.68732, -2.66828], [-77.68833, -2.69404], [-77.68557, -2.69905], [-77.68088, -2.69565], [-77.67762, -2.70437], [-77.68683, -2.70415], [-77.68525, -2.71539], [-77.67888, -2.71505], [-77.68248, -2.73173], [-77.67327, -2.73288], [-77.67579, -2.74182], [-77.6614, -2.75461], [-77.66692, -2.76079], [-77.66008, -2.76423], [-77.67539, -2.77859], [-77.66121, -2.80535], [-77.65607, -2.79454], [-77.6555, -2.80298], [-77.64387, -2.80555], [-77.63751, -2.80911], [-77.62805, -2.8041], [-77.62632, -2.79527], [-77.61801, -2.80112], [-77.61448, -2.77799], [-77.60662, -2.77978], [-77.60616, -2.78829], [-77.58716, -2.77145], [-77.59188, -2.79259], [-77.58992, -2.91303], [-76.693, -2.61027]]]}}, {"type": "Feature", "properties": {"admin2_pcode": "EC1501", "admin2_name": "Tena", "admin1_name": "Napo"}, "geometry": {"type": "Polygon", "coordinates": [[[-77.1245, -0.69513], [-77.14102, -0.69441], [-77.15525, -0.7075], [-77.16369, -0.70726], [-77.17333, -0.72994], [-77.18631, -0.73861], [-77.1922, -0.7587], [-77.20063, -0.76024], [-77.19927, -0.7669], [-77.20379, -0.76427], [-77.21118, -0.77357], [-77.22177, -0.77165], [-77.23527, -0.77987], [-77.23904, -0.79001], [-77.2523, -0.79219], [-77.25605, -0.81182], [-77.26393, -0.81387], [-77.25785, -0.81624], [-77.26391, -0.82018], [-77.2605, -0.82296], [-77.27781, -0.83783], [-77.29568, -0.83677], [-77.29951, -0.84619], [-77.30509, -0.83958], [-77.32397, -0.84691], [-77.33319, -0.85387], [-77.33149, -0.85893], [-77.35007, -0.86077], [-77.35603, -0.87362], [-77.37001, -0.87052], [-77.36538, -0.87956], [-77.37924, -0.88202], [-77.37874, -0.88772], [-77.38969, -0.88865], [-77.38973, -0.89384], [-77.40253, -0.89635], [-77.41788, -0.88983], [-77.42551, -0.90219], [-77.43407, -0.89611], [-77.44909, -0.89816], [-77.45679, -0.90538], [-77.45286, -0.91655], [-77.46422, -0.91299], [-77.47214, -0.92755], [-77.51566, -0.9507], [-77.5286, -0.95051], [-77.54392, -0.94098], [-77.56646, -0.94318], [-77.56871, -0.93207], [-77.58265, -0.93373], [-77.59127, -0.92384], [-77.58784, -0.91062], [-77.55348, -0.90294], [-77.54966, -0.88015], [-77.53441, -0.87429], [-77.53658, -0.84606], [-77.52857, -0.83953], [-77.525, -0.81983], [-77.53429, -0.80019], [-77.58464, -0.80243], [-77.60098, -0.81326], [-77.6057, -0.84164], [-77.61493, -0.84371], [-77.63211, -0.86785], [-77.66203, -0.86529], [-77.66463, -0.85583], [-77.68531, -0.8557], [-77.68296, -0.87619], [-77.70094, -0.8822], [-77.69778, -0.92817], [-77.70212, -0.93968], [-77.69425, -0.95214], [-77.69428, -0.97323], [-77.7107, -0.97611], [-77.75465, -0.97121], [-77.81782, -0.9371], [-77.81846, -0.91338], [-77.82663, -0.90891], [-77.82992, -0.91498], [-77.84307, -0.91651], [-77.85847, -0.90138], [-77.86274, -0.90335], [-77.86003, -0.87871], [-77.87455, -0.87923], [-77.89171, -0.86623], [-77.89896, -0.87224], [-77.91879, -0.86123], [-77.94916, -0.86852], [-77.97284, -0.89854], [-78.00015, -0.87256], [-78.00954, -0.87502], [-78.01249, -0.89832], [-78.00604, -0.89741], [-78.00072, -0.91131], [-78.03826, -0.9401], [-78.04654, -0.92486], [-78.03638, -0.8839], [-78.05108, -0.8509], [-78.07925, -0.83749], [-78.10087, -0.8507], [-78.13696, -0.8401], [-78.17288, -0.86478], [-78.21408, -0.86168], [-78.25336, -0.82688], [-78.26093, -0.8091], [-78.24968, -0.76461], [-78.27109, -0.75562], [-78.27826, -0.76466], [-78.30304, -0.76872], [-78.34891, -0.79293], [-78.38861, -0.804], [-78.38091, -0.81643], [-78.38911, -0.8245], [-78.38317, -0.83787], [-78.39886, -0.84225], [-78.38271, -0.85993], [-78.41962, -0.87793], [-78.4273, -0.88838], [-78.40153, -0.95941], [-78.4047, -0.98958], [-78.38893, -1.00806], [-78.35937, -1.00267], [-78.34409, -1.02818], [-78.3214, -1.04042], [-78.33318, -1.06036], [-78.33267, -1.0832], [-78.34207, -1.09742], [-78.33416, -1.11073], [-78.33748, -1.13505], [-78.34653, -1.14074], [-78.35374, -1.16285], [-78.3504, -1.17373], [-78.34288, -1.17441], [-78.33535, -1.16463], [-78.31837, -1.16325], [-78.31751, -1.14952], [-78.30512, -1.13646], [-78.27732, -1.14437], [-78.26571, -1.13986], [-78.26402, -1.15725], [-78.24746, -1.15483], [-78.22792, -1.13999], [-78.19011, -1.15851], [-78.18733, -1.18346], [-78.17193, -1.19022], [-78.14965, -1.17936], [-78.12533, -1.19325], [-78.11497, -1.17795], [-78.11244, -1.15638], [-78.08039, -1.12181], [-78.05173, -1.12654], [-78.03373, -1.10952], [-77.99904, -1.09856], [-77.97815, -1.10126], [-77.95474, -1.08421], [-77.94672, -1.0935], [-77.93673, -1.08399], [-77.92806, -1.08847], [-77.9476, -1.10376], [-77.92927, -1.11353], [-77.91852, -1.11123], [-77.9152, -1.11763], [-77.89289, -1.11721], [-77.89959, -1.0958], [-77.88614, -1.08875], [-77.79339, -1.09221], [-77.79301, -1.12021], [-77.78175, -1.117], [-77.77393, -1.1229], [-77.76632, -1.14159], [-77.75885, -1.13348], [-77.74204, -1.14698], [-77.72595, -1.15039], [-77.73056, -1.16287], [-77.73179, -1.16586], [-77.72977, -1.17718], [-77.71846, -1.17666], [-77.69592, -1.14308], [-77.6858, -1.13794], [-77.67162, -1.14342], [-77.66994, -1.14983], [-77.65847, -1.13631], [-77.64543, -1.13398], [-77.63836, -1.14552], [-77.62547, -1.14289], [-77.61551, -1.14854], [-77.59583, -1.1235], [-77.56061, -1.15876], [-77.52682, -1.12459], [-77.44636, -1.09457], [-77.45432, -1.08943], [-77.44652, -1.08276], [-77.45212, -1.08314], [-77.45126, -1.07758], [-77.44163, -1.07767], [-77.43555, -1.08497], [-77.40565, -1.07975], [-77.40211, -1.09019], [-77.3919, -1.08362], [-77.38316, -1.09448], [-77.37479, -1.09105], [-77.36969, -1.09542], [-77.36811, -1.09071], [-77.35885, -1.10391], [-77.35158, -1.10204], [-77.34956, -1.069], [-77.32047, -1.07236], [-77.29185, -1.05811], [-77.2609, -1.05267], [-77.24458, -1.05747], [-77.23461, -1.05173], [-77.22497, -1.0245], [-77.18656, -1.02386], [-77.17261, -1.01679], [-77.14184, -1.02004], [-77.12776, -1.01059], [-77.12294, -1.01451], [-77.10783, -1.00768], [-77.09939, -1.0147], [-77.0808, -1.01449], [-77.06675, -1.00398], [-77.06133, -1.00823], [-77.05063, -1.0071], [-77.05236, -0.99523], [-77.03238, -0.98832], [-77.05608, -0.98425], [-77.06945, -0.97423], [-77.07225, -0.95206], [-77.05635, -0.94694], [-77.05295, -0.93535], [-77.03059, -0.92038], [-77.05697, -0.90837], [-77.09364, -0.91207], [-77.11812, -0.90003], [-77.13736, -0.89883], [-77.14256, -0.89562], [-77.14326, -0.87449], [-77.15109, -0.86748], [-77.16392, -0.87326], [-77.17876, -0.85636], [-77.19726, -0.8531], [-77.19157, -0.8384], [-77.20568, -0.80314], [-77.19506, -0.79572], [-77.19178, -0.78142], [-77.17661, -0.76276], [-77.14858, -0.75593], [-77.14393, -0.73851], [-77.12133, -0.72865], [-77.11547, -0.69956], [-77.1245, -0.69513]]]}}, {"type": "Feature", "properties": {"admin2_pcode": "EC1809", "admin2_name": "Tisaleo", "admin1_name": "Tungurahua"}, "geometry": {"type": "Polygon", "coordinates": [[[-78.64191, -1.34438], [-78.63555, -1.32064], [-78.65391, -1.33785], [-78.6615, -1.32291], [-78.67113, -1.32156], [-78.71939, -1.36709], [-78.72882, -1.38956], [-78.74802, -1.39457], [-78.74863, -1.40116], [-78.74015, -1.40139], [-78.71644, -1.3943], [-78.67709, -1.39922], [-78.64905, -1.39388], [-78.64301, -1.35825], [-78.64191, -1.34438]]]}}, {"type": "Feature", "properties": {"admin2_pcode": "EC1412", "admin2_name": "Tiwintza", "admin1_name": "Morona Santiago"}, "geometry": {"type": "Polygon", "coordinates": [[[-77.58992, -2.91303], [-77.59188, -2.79259], [-77.58716, -2.77145], [-77.60616, -2.78829], [-77.60662, -2.77978], [-77.61448, -2.77799], [-77.61801, -2.80112], [-77.62632, -2.79527], [-77.62805, -2.8041], [-77.63751, -2.80911], [-77.64387, -2.80555], [-77.64855, -2.81237], [-77.65998, -2.8096], [-77.66681, -2.82049], [-77.6747, -2.81707], [-77.67008, -2.82619], [-77.67362, -2.83729], [-77.67992, -2.83546], [-77.68331, -2.85065], [-77.69413, -2.84869], [-77.69628, -2.85384], [-77.71097, -2.8358], [-77.72395, -2.83037], [-77.72995, -2.81247], [-77.74235, -2.80589], [-77.76116, -2.81404], [-77.79651, -2.81119], [-77.79555, -2.83012], [-77.82024, -2.84207], [-77.84271, -2.83411], [-77.85009, -2.81884], [-77.86215, -2.81762], [-77.88059, -2.83309], [-77.8786, -2.85245], [-77.88087, -2.85291], [-77.88361, -2.85117], [-77.89405, -2.85288], [-77.89783, -2.88754], [-77.9071, -2.89367], [-77.90077, -2.9085], [-77.91857, -2.94122], [-77.93721, -2.92702], [-77.94595, -2.94926], [-77.96489, -2.94362], [-77.97556, -2.96225], [-77.99495, -2.95541], [-77.99509, -2.96662], [-78.00247, -2.97065], [-78.04058, -2.95802], [-78.08882, -2.9794], [-78.11337, -2.97984], [-78.12685, -2.96574], [-78.14517, -2.9137], [-78.16051, -2.90758], [-78.17623, -2.91166], [-78.20908, -2.95616], [-78.21154, -2.97373], [-78.22838, -2.98188], [-78.21947, -2.99869], [-78.21496, -3.03311], [-78.18239, -3.02959], [-78.16559, -3.03911], [-78.14883, -3.03942], [-78.12188, -3.05783], [-78.12925, -3.08248], [-78.15072, -3.08934], [-78.14292, -3.13393], [-78.11736, -3.14518], [-78.10096, -3.14073], [-78.0737, -3.15286], [-78.06258, -3.14858], [-78.06152, -3.16867], [-78.04265, -3.16448], [-78.04302, -3.17448], [-78.03343, -3.1784], [-78.03264, -3.18842], [-78.01183, -3.17813], [-78.00875, -3.15644], [-77.98634, -3.13366], [-77.9831, -3.11963], [-77.97065, -3.11772], [-77.96148, -3.09515], [-77.94773, -3.08444], [-77.94708, -3.07216], [-77.83994, -3.00805], [-77.84495, -2.99914], [-77.58992, -2.91303]]]}}, {"type": "Feature", "properties": {"admin2_pcode": "EC1315", "admin2_name": "Tosagua", "admin1_name": "Manabi"}, "geometry": {"type": "MultiPolygon", "coordinates": [[[[-80.30332, -0.6627], [-80.2957, -0.66083], [-80.30032, -0.65392], [-80.31124, -0.65666], [-80.3107, -0.65961], [-80.30332, -0.6627]]], [[[-80.27912, -0.65796], [-80.29092, -0.65359], [-80.29891, -0.65457], [-80.29668, -0.66255], [-80.31281, -0.66029], [-80.31322, -0.67218], [-80.32332, -0.6811], [-80.32421, -0.71617], [-80.33446, -0.73021], [-80.33636, -0.7459], [-80.34967, -0.77093], [-80.36448, -0.77998], [-80.3659, -0.79298], [-80.38056, -0.80087], [-80.38426, -0.82195], [-80.38002, -0.82909], [-80.36496, -0.83053], [-80.34818, -0.84174], [-80.33185, -0.88469], [-80.31819, -0.88932], [-80.3114, -0.89926], [-80.30394, -0.88177], [-80.29061, -0.88525], [-80.27608, -0.8722], [-80.26738, -0.87276], [-80.25355, -0.85739], [-80.23423, -0.86044], [-80.23167, -0.84621], [-80.21941, -0.8465], [-80.20996, -0.83182], [-80.1834, -0.83097], [-80.18038, -0.80907], [-80.1748, -0.8054], [-80.16594, -0.79433], [-80.15817, -0.79572], [-80.15615, -0.77522], [-80.14506, -0.77066], [-80.16185, -0.75852], [-80.15919, -0.73771], [-80.17535, -0.73079], [-80.18873, -0.74194], [-80.19032, -0.73325], [-80.20813, -0.73336], [-80.21526, -0.71277], [-80.22553, -0.7132], [-80.23007, -0.69463], [-80.24368, -0.68829], [-80.26195, -0.69122], [-80.26775, -0.67991], [-80.27372, -0.68587], [-80.27912, -0.65796]]], [[[-80.28048, -0.65647], [-80.2894, -0.65296], [-80.28048, -0.65647], [-80.28048, -0.65647]]]]}}, {"type": "Feature", "properties": {"admin2_pcode": "EC0401", "admin2_name": "Tulcan", "admin1_name": "Carchi"}, "geometry": {"type": "Polygon", "coordinates": [[[-77.53187, 0.65236], [-77.56354, 0.65074], [-77.58825, 0.67301], [-77.60163, 0.67535], [-77.61093, 0.68902], [-77.64006, 0.70284], [-77.66277, 0.70593], [-77.6636, 0.72148], [-77.67293, 0.73499], [-77.69762, 0.74093], [-77.68837, 0.76913], [-77.66162, 0.79], [-77.67689, 0.7922], [-77.66384, 0.81344], [-77.7134, 0.85079], [-77.74668, 0.8331], [-77.77447, 0.84116], [-77.78361, 0.83368], [-77.8044, 0.83082], [-77.81989, 0.80772], [-77.86693, 0.80151], [-77.96611, 0.82436], [-77.99, 0.85699], [-78.00349, 0.85923], [-78.02109, 0.87461], [-78.05362, 0.88907], [-78.06596, 0.88926], [-78.07111, 0.89722], [-78.08915, 0.89707], [-78.10479, 0.91107], [-78.11212, 0.93224], [-78.13539, 0.93591], [-78.15398, 0.92401], [-78.19626, 0.94479], [-78.20033, 0.9501], [-78.19123, 0.96063], [-78.19201, 0.96986], [-78.20219, 0.99709], [-78.2343, 1.01524], [-78.23946, 1.02704], [-78.25078, 1.02853], [-78.25348, 1.03692], [-78.28188, 1.0559], [-78.2776, 1.07217], [-78.26251, 1.08261], [-78.2525, 1.07891], [-78.2498, 1.08454], [-78.25624, 1.08998], [-78.25091, 1.099], [-78.26458, 1.09957], [-78.26561, 1.11188], [-78.28253, 1.11149], [-78.27943, 1.11976], [-78.29904, 1.14906], [-78.29537, 1.17071], [-78.3052, 1.1726], [-78.31115, 1.19088], [-78.32516, 1.19584], [-78.32783, 1.18518], [-78.33782, 1.1786], [-78.3461, 1.18335], [-78.35732, 1.18176], [-78.3603, 1.17443], [-78.37471, 1.17441], [-78.38261, 1.1593], [-78.3953, 1.15229], [-78.418, 1.16009], [-78.42526, 1.15376], [-78.41622, 1.14461], [-78.42189, 1.13818], [-78.43191, 1.14127], [-78.43858, 1.15833], [-78.42564, 1.17812], [-78.43847, 1.19407], [-78.45571, 1.17572], [-78.46994, 1.18086], [-78.46997, 1.18818], [-78.47884, 1.19332], [-78.49056, 1.18551], [-78.49517, 1.19752], [-78.50557, 1.19708], [-78.50858, 1.18865], [-78.50681, 1.18289], [-78.49568, 1.18453], [-78.49925, 1.17664], [-78.51243, 1.17234], [-78.51352, 1.15904], [-78.50653, 1.15971], [-78.50933, 1.15069], [-78.50033, 1.13383], [-78.50799, 1.09668], [-78.50067, 1.09083], [-78.49978, 1.07542], [-78.52224, 1.06866], [-78.52386, 1.05817], [-78.54414, 1.0457], [-78.54758, 1.02993], [-78.54264, 1.02764], [-78.54946, 1.0195], [-78.53636, 0.98051], [-78.54689, 0.94185], [-78.49608, 0.8916], [-78.45995, 0.88359], [-78.43469, 0.8933], [-78.42758, 0.91246], [-78.43488, 0.91972], [-78.41473, 0.92653], [-78.40401, 0.94177], [-78.37977, 0.95796], [-78.36213, 0.94868], [-78.35027, 0.90133], [-78.33331, 0.90253], [-78.32845, 0.8979], [-78.33138, 0.88792], [-78.32416, 0.89107], [-78.29981, 0.88263], [-78.2947, 0.86788], [-78.28505, 0.86292], [-78.24815, 0.86501], [-78.22642, 0.83624], [-78.21142, 0.84535], [-78.20157, 0.83797], [-78.18676, 0.84252], [-78.17856, 0.83336], [-78.15585, 0.83907], [-78.12465, 0.86043], [-78.11048, 0.85116], [-78.10443, 0.83024], [-78.07906, 0.83715], [-78.06808, 0.83407], [-78.0632, 0.77825], [-78.01448, 0.74363], [-77.96262, 0.754], [-77.95314, 0.74273], [-77.897, 0.74], [-77.88866, 0.72436], [-77.89012, 0.68866], [-77.87833, 0.67724], [-77.8646, 0.68744], [-77.85093, 0.68524], [-77.8427, 0.70144], [-77.83155, 0.70045], [-77.82083, 0.70961], [-77.79947, 0.68013], [-77.80052, 0.66221], [-77.78789, 0.64736], [-77.79239, 0.62992], [-77.77497, 0.61853], [-77.76598, 0.60397], [-77.74607, 0.63644], [-77.74842, 0.66272], [-77.75938, 0.66678], [-77.76115, 0.67821], [-77.74711, 0.66555], [-77.73727, 0.66637], [-77.73132, 0.64937], [-77.70922, 0.65203], [-77.68067, 0.6435], [-77.67247, 0.64926], [-77.65553, 0.64724], [-77.63707, 0.63601], [-77.61634, 0.64172], [-77.60439, 0.63594], [-77.5945, 0.64072], [-77.56646, 0.63452], [-77.55618, 0.64141], [-77.5457, 0.64001], [-77.53187, 0.65236]]]}}, {"type": "Feature", "properties": {"admin2_pcode": "EC1206", "admin2_name": "Urdaneta", "admin1_name": "Los Rios"}, "geometry": {"type": "Polygon", "coordinates": [[[-79.24716, -1.54354], [-79.27094, -1.54044], [-79.28557, -1.52695], [-79.30422, -1.52592], [-79.32174, -1.51257], [-79.3175, -1.49496], [-79.32744, -1.48375], [-79.32763, -1.4618], [-79.33884, -1.46092], [-79.34707, -1.47158], [-79.3609, -1.47056], [-79.37046, -1.48568], [-79.39483, -1.49625], [-79.42705, -1.48829], [-79.43092, -1.49873], [-79.44824, -1.5028], [-79.46681, -1.52605], [-79.5022, -1.52039], [-79.50061, -1.57214], [-79.48667, -1.61302], [-79.501, -1.63132], [-79.48354, -1.65267], [-79.49112, -1.65908], [-79.48958, -1.66898], [-79.46625, -1.67258], [-79.45522, -1.65665], [-79.4281, -1.64531], [-79.42715, -1.63556], [-79.41264, -1.61884], [-79.37273, -1.63274], [-79.35322, -1.63336], [-79.31759, -1.62676], [-79.29913, -1.5994], [-79.27864, -1.60994], [-79.27009, -1.58664], [-79.24822, -1.56099], [-79.24716, -1.54354]]]}}, {"type": "Feature", "properties": {"admin2_pcode": "EC1211", "admin2_name": "Valencia", "admin1_name": "Los Rios"}, "geometry": {"type": "Polygon", "coordinates": [[[-79.11269, -0.54198], [-79.13685, -0.54947], [-79.15981, -0.58563], [-79.19479, -0.60663], [-79.20164, -0.62806], [-79.21543, -0.63939], [-79.23567, -0.64352], [-79.26472, -0.66264], [-79.28574, -0.6963], [-79.29823, -0.70001], [-79.31001, -0.6937], [-79.32315, -0.69866], [-79.34866, -0.69044], [-79.36214, -0.67679], [-79.35946, -0.66969], [-79.36901, -0.65796], [-79.37728, -0.66563], [-79.37938, -0.68071], [-79.38584, -0.66815], [-79.4, -0.67313], [-79.4063, -0.66334], [-79.42088, -0.65965], [-79.42729, -0.66766], [-79.4224, -0.68882], [-79.44471, -0.69136], [-79.45359, -0.70388], [-79.45164, -0.7194], [-79.45691, -0.72713], [-79.44281, -0.73365], [-79.45735, -0.74571], [-79.45487, -0.76668], [-79.46098, -0.77926], [-79.45156, -0.79252], [-79.46168, -0.80279], [-79.4579, -0.8068], [-79.4516, -0.80245], [-79.45059, -0.80875], [-79.46248, -0.81448], [-79.45046, -0.82621], [-79.45782, -0.82402], [-79.45669, -0.83268], [-79.4671, -0.8303], [-79.46826, -0.84118], [-79.47974, -0.84214], [-79.48182, -0.84958], [-79.47255, -0.86627], [-79.47357, -0.87506], [-79.48267, -0.88043], [-79.47892, -0.89078], [-79.45332, -0.89063], [-79.4595, -0.90241], [-79.44141, -0.91347], [-79.4417, -0.91955], [-79.44884, -0.91997], [-79.45116, -0.94623], [-79.44517, -0.95021], [-79.43555, -0.94246], [-79.42809, -0.94476], [-79.36938, -0.9967], [-79.35603, -0.97998], [-79.34728, -0.98148], [-79.315, -0.95792], [-79.30682, -0.94891], [-79.30529, -0.92837], [-79.2991, -0.92856], [-79.28716, -0.91182], [-79.28691, -0.89063], [-79.24352, -0.87861], [-79.23593, -0.83724], [-79.2243, -0.83496], [-79.2191, -0.81001], [-79.19529, -0.80626], [-79.18593, -0.79821], [-79.18247, -0.77859], [-79.18696, -0.76424], [-79.17412, -0.75887], [-79.1412, -0.71208], [-79.12859, -0.64901], [-79.09725, -0.60414], [-79.08325, -0.56673], [-79.08817, -0.55691], [-79.11269, -0.54198]]]}}, {"type": "Feature", "properties": {"admin2_pcode": "EC1207", "admin2_name": "Ventanas", "admin1_name": "Los Rios"}, "geometry": {"type": "Polygon", "coordinates": [[[-79.39481, -1.32317], [-79.39987, -1.33222], [-79.40851, -1.33379], [-79.41188, -1.32141], [-79.40698, -1.31383], [-79.41822, -1.30348], [-79.41264, -1.29015], [-79.40283, -1.291], [-79.41845, -1.28451], [-79.41323, -1.27405], [-79.42029, -1.26575], [-79.40973, -1.25879], [-79.42353, -1.25433], [-79.41152, -1.25332], [-79.41013, -1.24192], [-79.3986, -1.2388], [-79.39964, -1.22986], [-79.41007, -1.22512], [-79.3951, -1.1953], [-79.38382, -1.19486], [-79.38866, -1.18042], [-79.37741, -1.17397], [-79.37341, -1.16146], [-79.38071, -1.16258], [-79.38407, -1.15601], [-79.37004, -1.13661], [-79.37823, -1.12545], [-79.4042, -1.12085], [-79.41067, -1.1266], [-79.41064, -1.17492], [-79.41479, -1.18736], [-79.42735, -1.19336], [-79.44214, -1.21132], [-79.43924, -1.22758], [-79.45282, -1.26543], [-79.4541, -1.27843], [-79.44488, -1.28967], [-79.45461, -1.29996], [-79.44564, -1.32915], [-79.47327, -1.32638], [-79.47671, -1.31803], [-79.49006, -1.3282], [-79.51698, -1.32841], [-79.53932, -1.36551], [-79.55195, -1.37271], [-79.5342, -1.37216], [-79.53041, -1.39033], [-79.52104, -1.3839], [-79.48944, -1.40147], [-79.51092, -1.44302], [-79.51032, -1.47369], [-79.50484, -1.47389], [-79.51325, -1.50319], [-79.50453, -1.50561], [-79.51109, -1.51829], [-79.5022, -1.52039], [-79.46681, -1.52605], [-79.44824, -1.5028], [-79.43092, -1.49873], [-79.42705, -1.48829], [-79.39483, -1.49625], [-79.37046, -1.48568], [-79.3609, -1.47056], [-79.34707, -1.47158], [-79.36132, -1.44853], [-79.34511, -1.45495], [-79.31666, -1.43796], [-79.32427, -1.39244], [-79.28782, -1.39244], [-79.28019, -1.38532], [-79.28522, -1.36844], [-79.2837, -1.35429], [-79.27836, -1.35472], [-79.26643, -1.33126], [-79.28066, -1.32732], [-79.29315, -1.3333], [-79.3223, -1.32219], [-79.3227, -1.30828], [-79.33627, -1.29413], [-79.35328, -1.29839], [-79.36282, -1.32445], [-79.37048, -1.32839], [-79.37709, -1.32252], [-79.39481, -1.32317]]]}}, {"type": "Feature", "properties": {"admin2_pcode": "EC1208", "admin2_name": "Vinces", "admin1_name": "Los Rios"}, "geometry": {"type": "Polygon", "coordinates": [[[-79.51698, -1.32841], [-79.50693, -1.30875], [-79.52283, -1.30763], [-79.53579, -1.31972], [-79.55292, -1.32146], [-79.55484, -1.32907], [-79.57813, -1.32872], [-79.60152, -1.31575], [-79.63054, -1.33148], [-79.63499, -1.34933], [-79.62952, -1.37706], [-79.64378, -1.38415], [-79.66241, -1.40746], [-79.6698, -1.40567], [-79.67695, -1.41754], [-79.67787, -1.43759], [-79.68814, -1.4394], [-79.70179, -1.45812], [-79.7051, -1.4789], [-79.72418, -1.48893], [-79.73499, -1.48734], [-79.74749, -1.47011], [-79.76507, -1.46825], [-79.76363, -1.46021], [-79.77267, -1.44991], [-79.79125, -1.4554], [-79.7931, -1.44962], [-79.80722, -1.44793], [-79.82837, -1.46768], [-79.84017, -1.46035], [-79.85083, -1.46692], [-79.83473, -1.42146], [-79.86092, -1.42128], [-79.86262, -1.42987], [-79.86736, -1.42877], [-79.86157, -1.43516], [-79.86811, -1.43498], [-79.86511, -1.44626], [-79.87032, -1.44919], [-79.86421, -1.45077], [-79.86559, -1.45655], [-79.87142, -1.45817], [-79.86576, -1.46803], [-79.87048, -1.46938], [-79.86948, -1.48305], [-79.86184, -1.48717], [-79.87265, -1.49061], [-79.86667, -1.49421], [-79.87335, -1.49746], [-79.8698, -1.50406], [-79.87539, -1.50988], [-79.87166, -1.52091], [-79.87795, -1.52341], [-79.86791, -1.52567], [-79.86706, -1.53166], [-79.87479, -1.54186], [-79.86797, -1.5433], [-79.87032, -1.55775], [-79.85375, -1.56702], [-79.85333, -1.57865], [-79.86465, -1.58377], [-79.87117, -1.60116], [-79.86168, -1.61025], [-79.85631, -1.62946], [-79.86341, -1.64377], [-79.85967, -1.6488], [-79.84809, -1.6448], [-79.83435, -1.66617], [-79.82531, -1.66569], [-79.82258, -1.67357], [-79.83987, -1.6853], [-79.82572, -1.70769], [-79.80147, -1.71279], [-79.78571, -1.72774], [-79.77105, -1.72408], [-79.74824, -1.73846], [-79.74032, -1.73615], [-79.75214, -1.70296], [-79.72619, -1.67431], [-79.72961, -1.62277], [-79.7025, -1.61514], [-79.7008, -1.62766], [-79.67797, -1.64388], [-79.67336, -1.59777], [-79.68372, -1.59203], [-79.69356, -1.55564], [-79.65947, -1.54145], [-79.64908, -1.52712], [-79.65935, -1.50855], [-79.62969, -1.48869], [-79.64088, -1.48919], [-79.6563, -1.47334], [-79.6384, -1.46903], [-79.61303, -1.44636], [-79.59968, -1.44958], [-79.59081, -1.43422], [-79.58154, -1.43429], [-79.5731, -1.41727], [-79.56136, -1.41209], [-79.56142, -1.39136], [-79.55195, -1.37271], [-79.53932, -1.36551], [-79.51698, -1.32841]]]}}, {"type": "Feature", "properties": {"admin2_pcode": "EC1904", "admin2_name": "Yacuambi", "admin1_name": "Zamora Chinchipe"}, "geometry": {"type": "Polygon", "coordinates": [[[-78.82031, -3.544], [-78.83161, -3.54936], [-78.84256, -3.51781], [-78.85746, -3.51413], [-78.8702, -3.50227], [-78.86732, -3.46441], [-78.88007, -3.4483], [-78.87399, -3.4217], [-78.88155, -3.40137], [-78.90297, -3.39197], [-78.91673, -3.36627], [-78.93161, -3.35958], [-78.93077, -3.35286], [-78.94307, -3.3414], [-79.00216, -3.36244], [-79.01144, -3.35488], [-79.01264, -3.36672], [-79.0287, -3.37254], [-79.02795, -3.38342], [-79.04338, -3.39732], [-79.06865, -3.43848], [-79.05811, -3.44151], [-79.052, -3.4612], [-79.04447, -3.46853], [-79.04407, -3.48116], [-79.06486, -3.50021], [-79.06679, -3.51319], [-79.05554, -3.53978], [-79.04455, -3.54711], [-79.05573, -3.57418], [-79.04129, -3.57488], [-79.05654, -3.59033], [-79.05653, -3.60548], [-79.08043, -3.62376], [-79.09526, -3.6254], [-79.10696, -3.63599], [-79.10788, -3.64761], [-79.13961, -3.66347], [-79.15402, -3.66213], [-79.15747, -3.70233], [-79.10828, -3.73355], [-79.10001, -3.78763], [-79.05361, -3.7895], [-79.04272, -3.80465], [-79.00963, -3.80573], [-78.99068, -3.81681], [-78.98357, -3.81343], [-78.97508, -3.83236], [-78.95614, -3.80063], [-78.91525, -3.80366], [-78.89939, -3.79549], [-78.88208, -3.79892], [-78.8715, -3.79454], [-78.85762, -3.79981], [-78.8337, -3.78773], [-78.83754, -3.76271], [-78.82521, -3.7323], [-78.83893, -3.6958], [-78.84955, -3.6907], [-78.85297, -3.67717], [-78.8474, -3.66776], [-78.85016, -3.65327], [-78.81985, -3.60739], [-78.82542, -3.59181], [-78.81696, -3.56827], [-78.82031, -3.544]]]}}, {"type": "Feature", "properties": {"admin2_pcode": "EC1905", "admin2_name": "Yantzaza", "admin1_name": "Zamora Chinchipe"}, "geometry": {"type": "Polygon", "coordinates": [[[-78.68206, -3.58649], [-78.70622, -3.57755], [-78.72055, -3.56198], [-78.75439, -3.56876], [-78.77534, -3.56161], [-78.78904, -3.54211], [-78.82031, -3.544], [-78.81696, -3.56827], [-78.82542, -3.59181], [-78.81985, -3.60739], [-78.85016, -3.65327], [-78.8474, -3.66776], [-78.85297, -3.67717], [-78.84955, -3.6907], [-78.83893, -3.6958], [-78.82521, -3.7323], [-78.83754, -3.76271], [-78.8337, -3.78773], [-78.83455, -3.81617], [-78.82489, -3.8333], [-78.81419, -3.85102], [-78.79221, -3.86895], [-78.77264, -3.86958], [-78.76032, -3.86025], [-78.68638, -3.86335], [-78.6516, -3.84465], [-78.61676, -3.88424], [-78.59199, -3.85537], [-78.58849, -3.86637], [-78.56828, -3.85369], [-78.5504, -3.86784], [-78.54193, -3.88672], [-78.5334, -3.88402], [-78.52968, -3.86979], [-78.47881, -3.86779], [-78.45918, -3.83757], [-78.46466, -3.8273], [-78.43476, -3.81988], [-78.41171, -3.78874], [-78.40844, -3.77244], [-78.41745, -3.76704], [-78.40607, -3.74455], [-78.40853, -3.73461], [-78.42192, -3.72417], [-78.41771, -3.71621], [-78.54652, -3.7168], [-78.56526, -3.70614], [-78.56297, -3.68963], [-78.58204, -3.70386], [-78.60868, -3.71035], [-78.61589, -3.72129], [-78.64097, -3.71914], [-78.65575, -3.70475], [-78.65669, -3.6939], [-78.69392, -3.68883], [-78.69009, -3.67712], [-78.69767, -3.62304], [-78.68206, -3.58649]]]}}, {"type": "Feature", "properties": {"admin2_pcode": "EC1901", "admin2_name": "Zamora", "admin1_name": "Zamora Chinchipe"}, "geometry": {"type": "Polygon", "coordinates": [[[-78.8337, -3.78773], [-78.85762, -3.79981], [-78.8715, -3.79454], [-78.88208, -3.79892], [-78.89939, -3.79549], [-78.91525, -3.80366], [-78.95614, -3.80063], [-78.97508, -3.83236], [-78.98357, -3.81343], [-78.99068, -3.81681], [-79.00963, -3.80573], [-79.04272, -3.80465], [-79.05361, -3.7895], [-79.10001, -3.78763], [-79.10828, -3.73355], [-79.15747, -3.70233], [-79.16219, -3.71526], [-79.17892, -3.71174], [-79.19529, -3.72502], [-79.19024, -3.75325], [-79.17935, -3.764], [-79.1736, -3.7972], [-79.16047, -3.80465], [-79.15909, -3.82023], [-79.14342, -3.82211], [-79.14016, -3.84697], [-79.14546, -3.85584], [-79.12955, -3.87762], [-79.12889, -3.88895], [-79.14337, -3.90274], [-79.14336, -3.91613], [-79.15222, -3.93102], [-79.14256, -3.93593], [-79.13955, -3.94984], [-79.15128, -3.96429], [-79.14323, -3.9739], [-79.14578, -4.01799], [-79.1364, -4.03508], [-79.13953, -4.05654], [-79.15277, -4.06662], [-79.1623, -4.115], [-79.15869, -4.15404], [-79.14499, -4.16265], [-79.13465, -4.16137], [-79.10744, -4.18489], [-79.10575, -4.20635], [-79.10027, -4.21013], [-79.10691, -4.22912], [-79.08977, -4.22978], [-79.06611, -4.24515], [-79.06359, -4.24098], [-79.05558, -4.24555], [-79.04794, -4.23438], [-79.034, -4.23628], [-79.0205, -4.25846], [-79.01057, -4.25619], [-79.00974, -4.28745], [-78.99456, -4.29753], [-78.97566, -4.28879], [-78.95392, -4.30507], [-78.94346, -4.28841], [-78.89453, -4.25688], [-78.89983, -4.23252], [-78.8754, -4.2127], [-78.87208, -4.18657], [-78.8376, -4.13995], [-78.78837, -4.13569], [-78.78027, -4.14101], [-78.77911, -4.11015], [-78.77045, -4.10069], [-78.77111, -4.06362], [-78.77116, -4.04071], [-78.7627, -4.01687], [-78.79118, -3.97368], [-78.78157, -3.94453], [-78.81054, -3.93228], [-78.81661, -3.91148], [-78.83197, -3.91192], [-78.84028, -3.89298], [-78.83868, -3.87772], [-78.84917, -3.85894], [-78.85035, -3.85385], [-78.84039, -3.85132], [-78.84, -3.84197], [-78.82489, -3.8333], [-78.83455, -3.81617], [-78.8337, -3.78773]]]}}, {"type": "Feature", "properties": {"admin2_pcode": "EC1113", "admin2_name": "Zapotillo", "admin1_name": "Loja"}, "geometry": {"type": "Polygon", "coordinates": [[[-80.29577, -4.01608], [-80.32419, -4.01103], [-80.33886, -3.99232], [-80.35278, -3.99492], [-80.3652, -3.98185], [-80.37783, -3.9898], [-80.39858, -3.98121], [-80.42496, -3.99662], [-80.43017, -3.98945], [-80.44653, -3.99688], [-80.44118, -4.00579], [-80.44814, -4.00953], [-80.44561, -4.01557], [-80.45651, -4.01737], [-80.45091, -4.03095], [-80.46798, -4.03409], [-80.47093, -4.04831], [-80.48232, -4.05494], [-80.47479, -4.05879], [-80.47175, -4.07426], [-80.47546, -4.08131], [-80.4863, -4.08286], [-80.46498, -4.11385], [-80.46804, -4.12643], [-80.44728, -4.121], [-80.44914, -4.20885], [-80.43165, -4.19558], [-80.41902, -4.20236], [-80.40945, -4.21819], [-80.38797, -4.20204], [-80.38306, -4.2074], [-80.36788, -4.19685], [-80.35348, -4.22088], [-80.3414, -4.2088], [-80.32969, -4.21453], [-80.31288, -4.19755], [-80.30637, -4.2001], [-80.35117, -4.24993], [-80.3551, -4.26201], [-80.36775, -4.27008], [-80.36774, -4.28221], [-80.39127, -4.29537], [-80.4243, -4.33045], [-80.42935, -4.35162], [-80.45336, -4.38266], [-80.4458, -4.39341], [-80.45065, -4.39348], [-80.44758, -4.40324], [-80.45419, -4.40796], [-80.44904, -4.41946], [-80.4524, -4.43035], [-80.44546, -4.43866], [-80.44952, -4.44773], [-80.44418, -4.44594], [-80.44028, -4.45539], [-80.42013, -4.46645], [-80.41714, -4.45956], [-80.38783, -4.48681], [-80.38191, -4.47736], [-80.36312, -4.47987], [-80.33007, -4.46484], [-80.32244, -4.45345], [-80.29152, -4.43602], [-80.29561, -4.4256], [-80.28503, -4.40812], [-80.27498, -4.40385], [-80.2626, -4.41161], [-80.23664, -4.38689], [-80.23227, -4.37294], [-80.22532, -4.3799], [-80.22013, -4.37625], [-80.22396, -4.36998], [-80.21723, -4.3652], [-80.21871, -4.35333], [-80.21184, -4.35908], [-80.21059, -4.35203], [-80.1951, -4.35033], [-80.20636, -4.34052], [-80.18604, -4.33485], [-80.1859, -4.3171], [-80.1715, -4.29012], [-80.16581, -4.29105], [-80.16581, -4.30146], [-80.15618, -4.30432], [-80.14156, -4.28589], [-80.14105, -4.26734], [-80.13017, -4.26715], [-80.12044, -4.26723], [-80.10514, -4.24567], [-80.11613, -4.23183], [-80.14829, -4.23854], [-80.17387, -4.23606], [-80.1844, -4.24666], [-80.18212, -4.25749], [-80.19116, -4.26733], [-80.20762, -4.25405], [-80.20562, -4.24322], [-80.21707, -4.23661], [-80.22804, -4.23854], [-80.2303, -4.22786], [-80.24013, -4.23984], [-80.23695, -4.21556], [-80.2093, -4.19114], [-80.20121, -4.19261], [-80.19572, -4.18351], [-80.18602, -4.18197], [-80.18862, -4.17782], [-80.18013, -4.17988], [-80.17743, -4.16897], [-80.1874, -4.16491], [-80.18685, -4.14696], [-80.1967, -4.13449], [-80.19922, -4.11327], [-80.20643, -4.11004], [-80.19871, -4.1053], [-80.20524, -4.09451], [-80.20261, -4.08486], [-80.21029, -4.08222], [-80.2166, -4.06711], [-80.23274, -4.06407], [-80.23861, -4.06511], [-80.24443, -4.05489], [-80.24351, -4.06041], [-80.24934, -4.05757], [-80.25008, -4.06613], [-80.25553, -4.06116], [-80.25669, -4.06599], [-80.26464, -4.05958], [-80.25698, -4.05582], [-80.25932, -4.05052], [-80.27066, -4.05763], [-80.2691, -4.04656], [-80.28428, -4.03516], [-80.28817, -4.04169], [-80.29348, -4.03645], [-80.29577, -4.01608]]]}}, {"type": "Feature", "properties": {"admin2_pcode": "EC0713", "admin2_name": "Zaruma", "admin1_name": "El Oro"}, "geometry": {"type": "Polygon", "coordinates": [[[-79.47946, -3.31757], [-79.51563, -3.30739], [-79.56947, -3.3141], [-79.58051, -3.32453], [-79.5845, -3.33582], [-79.57739, -3.34706], [-79.54912, -3.36442], [-79.55575, -3.38744], [-79.5544, -3.41893], [-79.54446, -3.43354], [-79.54921, -3.45236], [-79.53805, -3.47161], [-79.54611, -3.50811], [-79.55426, -3.51316], [-79.54369, -3.52253], [-79.53909, -3.54015], [-79.54846, -3.54758], [-79.57754, -3.53832], [-79.60083, -3.54083], [-79.61337, -3.55075], [-79.61847, -3.57437], [-79.64859, -3.61982], [-79.65277, -3.64163], [-79.63754, -3.66702], [-79.64652, -3.68577], [-79.63521, -3.70241], [-79.60523, -3.69628], [-79.59064, -3.70351], [-79.58984, -3.6979], [-79.57882, -3.6974], [-79.5742, -3.70993], [-79.56198, -3.70347], [-79.55952, -3.71516], [-79.51583, -3.69603], [-79.46468, -3.68577], [-79.45919, -3.67875], [-79.42093, -3.67639], [-79.40655, -3.66729], [-79.37383, -3.68041], [-79.37336, -3.68006], [-79.36647, -3.66047], [-79.3727, -3.63751], [-79.39264, -3.61207], [-79.41518, -3.6074], [-79.42322, -3.58117], [-79.43129, -3.57957], [-79.44932, -3.60624], [-79.48713, -3.63805], [-79.49873, -3.60946], [-79.47924, -3.58201], [-79.48252, -3.53989], [-79.47428, -3.52674], [-79.48149, -3.51454], [-79.4592, -3.49799], [-79.44219, -3.46995], [-79.42949, -3.46411], [-79.42195, -3.44344], [-79.43706, -3.42788], [-79.46091, -3.4315], [-79.47451, -3.39785], [-79.46142, -3.33036], [-79.47946, -3.31757]]]}}]}