{"type": "FeatureCollection", "features": [{"type": "Feature", "properties": {"admin2_pcode": "PA0101", "admin2_name": "Bocas del Toro", "admin1_name": "Bocas del Toro"}, "geometry": {"type": "MultiPolygon", "coordinates": [[[[-82.18792, 9.14931], [-82.19014, 9.14875], [-82.19041, 9.14819], [-82.18792, 9.14736], [-82.18792, 9.14931]]], [[[-82.0957, 9.1532], [-82.09736, 9.15292], [-82.09736, 9.15208], [-82.0957, 9.15153], [-82.0957, 9.1532]]], [[[-82.16708, 9.15847], [-82.16847, 9.15708], [-82.16764, 9.15458], [-82.16541, 9.15597], [-82.16708, 9.15847]]], [[[-82.20486, 9.15875], [-82.20571, 9.15737], [-82.20431, 9.15625], [-82.20403, 9.15764], [-82.20486, 9.15875]]], [[[-82.08875, 9.1632], [-82.09042, 9.16264], [-82.09126, 9.15958], [-82.08847, 9.15958], [-82.08875, 9.1632]]], [[[-82.24625, 9.16347], [-82.25153, 9.16236], [-82.25236, 9.16125], [-82.24931, 9.16069], [-82.24625, 9.16347]]], [[[-82.16402, 9.16375], [-82.16319, 9.15569], [-82.16681, 9.15264], [-82.16486, 9.14792], [-82.16903, 9.15208], [-82.17292, 9.15153], [-82.17458, 9.14681], [-82.1657, 9.13597], [-82.15791, 9.13208], [-82.1607, 9.14014], [-82.15292, 9.14514], [-82.15625, 9.14958], [-82.15514, 9.15486], [-82.16402, 9.16375]]], [[[-82.20653, 9.16514], [-82.21347, 9.15847], [-82.20736, 9.16097], [-82.20653, 9.15847], [-82.20403, 9.16458], [-82.20653, 9.16514]]], [[[-82.15875, 9.17292], [-82.1607, 9.17292], [-82.15958, 9.16986], [-82.1582, 9.17153], [-82.15875, 9.17292]]], [[[-82.05125, 9.18236], [-82.05375, 9.18097], [-82.05375, 9.16847], [-82.06014, 9.15181], [-82.04931, 9.14625], [-82.03264, 9.13097], [-82.0218, 9.13208], [-82.01431, 9.14236], [-82.00736, 9.14319], [-82.01347, 9.14903], [-82.02209, 9.14847], [-82.02236, 9.15542], [-82.0282, 9.15653], [-82.03098, 9.16069], [-82.02986, 9.16875], [-82.03848, 9.16986], [-82.05125, 9.18236]]], [[[-82.17208, 9.18458], [-82.17403, 9.18458], [-82.17458, 9.18319], [-82.17181, 9.18264], [-82.17208, 9.18458]]], [[[-82.16929, 9.18625], [-82.17152, 9.18514], [-82.17042, 9.1832], [-82.16792, 9.18486], [-82.16929, 9.18625]]], [[[-82.09209, 9.18792], [-82.09264, 9.18514], [-82.09014, 9.18431], [-82.08986, 9.18486], [-82.09209, 9.18792]]], [[[-82.08958, 9.1882], [-82.0907, 9.18653], [-82.0882, 9.18514], [-82.08847, 9.18653], [-82.08958, 9.1882]]], [[[-82.09764, 9.18847], [-82.10042, 9.18597], [-82.09903, 9.18431], [-82.09625, 9.18792], [-82.09764, 9.18847]]], [[[-82.17014, 9.19153], [-82.17319, 9.1868], [-82.16903, 9.1882], [-82.16681, 9.18347], [-82.16375, 9.18375], [-82.16319, 9.18569], [-82.17014, 9.19153]]], [[[-82.27125, 9.19319], [-82.27264, 9.19319], [-82.27402, 9.19125], [-82.27125, 9.19181], [-82.27125, 9.19319]]], [[[-82.27236, 9.20014], [-82.27458, 9.19986], [-82.27458, 9.19931], [-82.27153, 9.19847], [-82.27236, 9.20014]]], [[[-82.2543, 9.20708], [-82.25708, 9.20681], [-82.25708, 9.20625], [-82.25542, 9.20542], [-82.2543, 9.20708]]], [[[-82.16236, 9.21125], [-82.16375, 9.21097], [-82.16348, 9.20625], [-82.16153, 9.20625], [-82.16236, 9.21125]]], [[[-82.2543, 9.21154], [-82.25542, 9.21154], [-82.25542, 9.20931], [-82.25347, 9.20958], [-82.2543, 9.21154]]], [[[-81.91597, 9.21236], [-81.91903, 9.21236], [-81.92014, 9.21154], [-81.91625, 9.2107], [-81.91597, 9.21236]]], [[[-81.92597, 9.21403], [-81.9268, 9.21264], [-81.92181, 9.21236], [-81.92264, 9.21347], [-81.92597, 9.21403]]], [[[-82.24181, 9.21708], [-82.24347, 9.21681], [-82.24347, 9.21458], [-82.24125, 9.21458], [-82.24181, 9.21708]]], [[[-82.15347, 9.22069], [-82.15264, 9.21708], [-82.1507, 9.21653], [-82.15014, 9.21819], [-82.15347, 9.22069]]], [[[-82.17653, 9.22181], [-82.17931, 9.21903], [-82.17792, 9.21764], [-82.17486, 9.21903], [-82.17653, 9.22181]]], [[[-82.16929, 9.22181], [-82.17347, 9.21875], [-82.17403, 9.21625], [-82.1696, 9.21597], [-82.16929, 9.22181]]], [[[-82.20736, 9.22348], [-82.20792, 9.22181], [-82.20514, 9.22181], [-82.20542, 9.22264], [-82.20736, 9.22348]]], [[[-82.17986, 9.22348], [-82.18125, 9.22319], [-82.18153, 9.21931], [-82.17931, 9.21986], [-82.17986, 9.22348]]], [[[-82.18375, 9.22403], [-82.19125, 9.22319], [-82.19375, 9.22014], [-82.1907, 9.22208], [-82.18625, 9.21875], [-82.18653, 9.22236], [-82.18264, 9.22097], [-82.18375, 9.22403]]], [[[-82.16014, 9.23014], [-82.16097, 9.22403], [-82.1593, 9.22319], [-82.15708, 9.22681], [-82.16014, 9.23014]]], [[[-82.2768, 9.1132], [-82.27236, 9.11514], [-82.26403, 9.10958], [-82.2532, 9.10986], [-82.26958, 9.11958], [-82.26736, 9.13181], [-82.26292, 9.13514], [-82.26653, 9.13764], [-82.26876, 9.13514], [-82.27209, 9.14125], [-82.27014, 9.15069], [-82.2543, 9.15431], [-82.25403, 9.16208], [-82.25792, 9.16486], [-82.25597, 9.16903], [-82.24097, 9.17014], [-82.23458, 9.17403], [-82.21986, 9.16624], [-82.21208, 9.16736], [-82.21181, 9.17042], [-82.20847, 9.16764], [-82.20431, 9.17014], [-82.20653, 9.16681], [-82.20236, 9.16681], [-82.20153, 9.15819], [-82.19542, 9.16153], [-82.19125, 9.15264], [-82.1832, 9.14903], [-82.18486, 9.14625], [-82.18208, 9.14931], [-82.1757, 9.14875], [-82.17069, 9.15514], [-82.17486, 9.16264], [-82.17097, 9.16792], [-82.17764, 9.16597], [-82.18042, 9.17653], [-82.18514, 9.17736], [-82.18069, 9.18986], [-82.17625, 9.18903], [-82.17431, 9.19514], [-82.17152, 9.19514], [-82.17431, 9.19736], [-82.18347, 9.19514], [-82.18403, 9.18931], [-82.18708, 9.18792], [-82.18708, 9.19486], [-82.1918, 9.19597], [-82.19431, 9.2057], [-82.20431, 9.20597], [-82.19847, 9.21264], [-82.1982, 9.21847], [-82.20348, 9.21764], [-82.20625, 9.22042], [-82.20403, 9.21264], [-82.20819, 9.21542], [-82.20959, 9.20903], [-82.21069, 9.21375], [-82.21375, 9.21292], [-82.21403, 9.21625], [-82.20986, 9.2157], [-82.20903, 9.21875], [-82.21042, 9.22431], [-82.21486, 9.21792], [-82.21709, 9.22014], [-82.21208, 9.22569], [-82.21375, 9.23069], [-82.21709, 9.22847], [-82.2143, 9.22514], [-82.21931, 9.22458], [-82.22903, 9.21653], [-82.23014, 9.2093], [-82.22375, 9.20597], [-82.22681, 9.20264], [-82.2207, 9.19819], [-82.23014, 9.18986], [-82.23986, 9.19125], [-82.2457, 9.19903], [-82.24208, 9.19958], [-82.2468, 9.20597], [-82.24457, 9.21403], [-82.25181, 9.21792], [-82.2543, 9.21236], [-82.24847, 9.21014], [-82.25181, 9.20708], [-82.24792, 9.20375], [-82.24847, 9.20014], [-82.25542, 9.20458], [-82.25208, 9.19986], [-82.2543, 9.19792], [-82.24792, 9.19375], [-82.24903, 9.18708], [-82.25875, 9.17986], [-82.26876, 9.18653], [-82.2718, 9.18403], [-82.27764, 9.18569], [-82.28099, 9.19403], [-82.27319, 9.19348], [-82.27319, 9.20264], [-82.27847, 9.20514], [-82.27875, 9.21097], [-82.28236, 9.21097], [-82.28181, 9.21486], [-82.28653, 9.21653], [-82.28875, 9.22597], [-82.29181, 9.22625], [-82.29293, 9.21347], [-82.28152, 9.20153], [-82.28737, 9.19769], [-82.29429, 9.19134], [-82.29168, 9.18076], [-82.31965, 9.17219], [-82.33069, 9.17468], [-82.33765, 9.16351], [-82.35554, 9.17079], [-82.36041, 9.18292], [-82.37308, 9.19733], [-82.37873, 9.17604], [-82.39113, 9.18498], [-82.40162, 9.18269], [-82.40388, 9.17802], [-82.40137, 9.16237], [-82.41401, 9.15608], [-82.42199, 9.11123], [-82.41512, 9.11141], [-82.40519, 9.10359], [-82.40457, 9.08892], [-82.39966, 9.0843], [-82.40295, 9.07279], [-82.39833, 9.06708], [-82.3981, 9.0608], [-82.40638, 9.02583], [-82.38374, 9.02597], [-82.37977, 9.02871], [-82.38472, 9.03856], [-82.37272, 9.04194], [-82.35685, 9.06501], [-82.3561, 9.07054], [-82.34855, 9.07318], [-82.35838, 9.08373], [-82.34538, 9.09236], [-82.34048, 9.11563], [-82.32344, 9.12412], [-82.31789, 9.13546], [-82.31376, 9.12542], [-82.30971, 9.14211], [-82.30397, 9.13799], [-82.30123, 9.12629], [-82.29416, 9.12234], [-82.28872, 9.11155], [-82.2768, 9.1132]]], [[[-82.22459, 9.23097], [-82.22542, 9.23097], [-82.22569, 9.22819], [-82.22459, 9.2293], [-82.22459, 9.23097]]], [[[-82.2207, 9.23347], [-82.22236, 9.23097], [-82.21931, 9.22847], [-82.21902, 9.23097], [-82.2207, 9.23347]]], [[[-82.22569, 9.23569], [-82.22764, 9.23542], [-82.22625, 9.2332], [-82.22514, 9.23375], [-82.22569, 9.23569]]], [[[-82.17542, 9.23708], [-82.1768, 9.23708], [-82.17709, 9.23347], [-82.17292, 9.23486], [-82.17542, 9.23708]]], [[[-82.12542, 9.23764], [-82.13236, 9.23375], [-82.13708, 9.23514], [-82.14792, 9.22569], [-82.14931, 9.22014], [-82.1443, 9.22236], [-82.14347, 9.21903], [-82.14625, 9.21514], [-82.14736, 9.21764], [-82.1507, 9.21542], [-82.14347, 9.21125], [-82.15569, 9.20347], [-82.14736, 9.20097], [-82.14403, 9.20653], [-82.14125, 9.20542], [-82.1432, 9.20069], [-82.13375, 9.19958], [-82.14153, 9.19764], [-82.14042, 9.19514], [-82.1357, 9.19792], [-82.13958, 9.19097], [-82.15097, 9.19764], [-82.15403, 9.18708], [-82.1543, 9.1882], [-82.1532, 9.19181], [-82.1593, 9.19097], [-82.15542, 9.17986], [-82.15708, 9.17514], [-82.15375, 9.17486], [-82.15681, 9.17264], [-82.1532, 9.16292], [-82.15735, 9.16153], [-82.15652, 9.16847], [-82.16153, 9.16931], [-82.15764, 9.16681], [-82.1607, 9.16153], [-82.1543, 9.15486], [-82.15347, 9.14792], [-82.1432, 9.15403], [-82.13792, 9.15069], [-82.13903, 9.14597], [-82.13514, 9.14792], [-82.1293, 9.14042], [-82.11903, 9.13653], [-82.11597, 9.14125], [-82.11208, 9.14125], [-82.11375, 9.13569], [-82.0982, 9.12903], [-82.10013, 9.1332], [-82.09541, 9.13486], [-82.09792, 9.14097], [-82.09625, 9.14569], [-82.10042, 9.14625], [-82.09736, 9.14958], [-82.10069, 9.1532], [-82.0957, 9.15347], [-82.09209, 9.16043], [-82.09736, 9.15847], [-82.09736, 9.15486], [-82.10069, 9.15737], [-82.08986, 9.16514], [-82.08986, 9.16736], [-82.09403, 9.16736], [-82.09097, 9.17264], [-82.08847, 9.16792], [-82.08208, 9.17458], [-82.07181, 9.17375], [-82.07208, 9.17736], [-82.08736, 9.18042], [-82.09959, 9.17681], [-82.0957, 9.18236], [-82.10847, 9.18125], [-82.10709, 9.18431], [-82.11236, 9.18597], [-82.11097, 9.18875], [-82.10458, 9.18653], [-82.10236, 9.18931], [-82.11153, 9.19181], [-82.1132, 9.18903], [-82.11514, 9.19514], [-82.10375, 9.19125], [-82.09792, 9.19625], [-82.10792, 9.21042], [-82.10709, 9.22181], [-82.11375, 9.22903], [-82.11847, 9.23153], [-82.12736, 9.22736], [-82.11764, 9.23292], [-82.12014, 9.23375], [-82.12236, 9.23208], [-82.12542, 9.23764]]], [[[-82.22875, 9.24236], [-82.23042, 9.23903], [-82.22764, 9.23708], [-82.22625, 9.24153], [-82.22875, 9.24236]]], [[[-82.16792, 9.24236], [-82.16875, 9.24152], [-82.17292, 9.24097], [-82.1693, 9.23958], [-82.16792, 9.24236]]], [[[-82.22236, 9.24375], [-82.22542, 9.2432], [-82.22514, 9.23792], [-82.21819, 9.23486], [-82.22014, 9.24069], [-82.2232, 9.24042], [-82.22236, 9.24375]]], [[[-82.15125, 9.24375], [-82.15791, 9.24375], [-82.15958, 9.24014], [-82.15153, 9.23986], [-82.15125, 9.24375]]], [[[-82.1368, 9.24527], [-82.13792, 9.24542], [-82.14014, 9.24375], [-82.13764, 9.24264], [-82.1368, 9.24527]]], [[[-82.16458, 9.24625], [-82.16597, 9.24292], [-82.16097, 9.24375], [-82.1618, 9.24569], [-82.16458, 9.24625]]], [[[-82.23125, 9.24958], [-82.23431, 9.24681], [-82.22791, 9.24625], [-82.22847, 9.24792], [-82.23125, 9.24958]]], [[[-82.22264, 9.25014], [-82.22514, 9.24903], [-82.22542, 9.24819], [-82.22208, 9.24875], [-82.22264, 9.25014]]], [[[-82.23458, 9.25264], [-82.2393, 9.25097], [-82.23625, 9.24292], [-82.23875, 9.24069], [-82.23514, 9.23986], [-82.23736, 9.23653], [-82.23125, 9.23903], [-82.23625, 9.24625], [-82.23458, 9.25264]]], [[[-82.03902, 9.25625], [-82.04097, 9.25375], [-82.03291, 9.25236], [-82.0343, 9.25431], [-82.03902, 9.25625]]], [[[-82.18653, 9.26181], [-82.18264, 9.25569], [-82.18403, 9.25903], [-82.18097, 9.25875], [-82.18653, 9.26181]]], [[[-82.19097, 9.26208], [-82.19292, 9.25986], [-82.19292, 9.25931], [-82.19097, 9.25903], [-82.19097, 9.26208]]], [[[-82.1682, 9.26264], [-82.17042, 9.26153], [-82.16986, 9.26042], [-82.16736, 9.26125], [-82.1682, 9.26264]]], [[[-82.16209, 9.26264], [-82.16514, 9.26236], [-82.16597, 9.2618], [-82.15903, 9.26153], [-82.16209, 9.26264]]], [[[-82.19097, 9.26542], [-82.19209, 9.26403], [-82.19014, 9.26263], [-82.18958, 9.2632], [-82.19097, 9.26542]]], [[[-82.1582, 9.26569], [-82.16042, 9.26569], [-82.16125, 9.26458], [-82.15847, 9.26403], [-82.1582, 9.26569]]], [[[-82.17486, 9.26708], [-82.17736, 9.26625], [-82.18014, 9.26208], [-82.17709, 9.26208], [-82.17486, 9.26708]]], [[[-82.05653, 9.26736], [-82.05847, 9.26597], [-82.05097, 9.26375], [-82.05125, 9.26458], [-82.05653, 9.26736]]], [[[-82.17819, 9.26847], [-82.17986, 9.26792], [-82.17986, 9.26542], [-82.17764, 9.26764], [-82.17819, 9.26847]]], [[[-82.13236, 9.26847], [-82.13458, 9.26819], [-82.13458, 9.26708], [-82.13181, 9.2668], [-82.13236, 9.26847]]], [[[-82.1657, 9.2707], [-82.16625, 9.26847], [-82.16209, 9.26847], [-82.16292, 9.27014], [-82.1657, 9.2707]]], [[[-82.13069, 9.27125], [-82.13208, 9.27125], [-82.13319, 9.26903], [-82.12986, 9.26903], [-82.13069, 9.27125]]], [[[-82.15847, 9.27403], [-82.1618, 9.27292], [-82.15681, 9.26986], [-82.15598, 9.27208], [-82.15847, 9.27403]]], [[[-82.15735, 9.27681], [-82.1607, 9.27625], [-82.1607, 9.27486], [-82.15735, 9.27514], [-82.15735, 9.27681]]], [[[-82.16986, 9.27736], [-82.17319, 9.27569], [-82.17208, 9.27403], [-82.17014, 9.27486], [-82.16986, 9.27736]]], [[[-82.24903, 9.27931], [-82.24903, 9.27597], [-82.2468, 9.27597], [-82.24653, 9.27792], [-82.24903, 9.27931]]], [[[-82.17181, 9.28153], [-82.17292, 9.28042], [-82.17264, 9.27819], [-82.17152, 9.27931], [-82.17181, 9.28153]]], [[[-82.18181, 9.28875], [-82.18208, 9.28736], [-82.17986, 9.28625], [-82.18014, 9.28819], [-82.18181, 9.28875]]], [[[-82.19319, 9.29097], [-82.19542, 9.28875], [-82.19403, 9.2868], [-82.19097, 9.28764], [-82.19319, 9.29097]]], [[[-82.29014, 9.29792], [-82.29652, 9.28264], [-82.2943, 9.27792], [-82.29625, 9.2707], [-82.29181, 9.26903], [-82.29569, 9.26764], [-82.29931, 9.25819], [-82.29514, 9.25597], [-82.29403, 9.24847], [-82.28125, 9.24542], [-82.28597, 9.24292], [-82.29347, 9.24542], [-82.29542, 9.2382], [-82.29041, 9.23431], [-82.2857, 9.23597], [-82.28875, 9.23208], [-82.28098, 9.22708], [-82.28458, 9.22458], [-82.28042, 9.21931], [-82.26736, 9.21236], [-82.25542, 9.21375], [-82.25264, 9.22125], [-82.25958, 9.22569], [-82.25958, 9.23236], [-82.26875, 9.23375], [-82.26791, 9.23514], [-82.26097, 9.23458], [-82.25208, 9.24514], [-82.24875, 9.24125], [-82.24458, 9.24569], [-82.24347, 9.24069], [-82.24069, 9.24152], [-82.24182, 9.24375], [-82.23875, 9.24236], [-82.24042, 9.25097], [-82.23708, 9.25319], [-82.23986, 9.25431], [-82.23597, 9.25542], [-82.23986, 9.25847], [-82.24264, 9.25653], [-82.24347, 9.26958], [-82.2457, 9.26792], [-82.24486, 9.26263], [-82.24931, 9.26931], [-82.24847, 9.27347], [-82.25875, 9.28264], [-82.25792, 9.28819], [-82.26208, 9.29514], [-82.26958, 9.29458], [-82.27153, 9.29014], [-82.2693, 9.28625], [-82.28125, 9.28958], [-82.28625, 9.28097], [-82.2868, 9.28514], [-82.29014, 9.2857], [-82.28958, 9.28931], [-82.28514, 9.29097], [-82.29014, 9.29792]]], [[[-82.20097, 9.29792], [-82.20153, 9.2943], [-82.19458, 9.29097], [-82.19431, 9.29431], [-82.19791, 9.29375], [-82.20097, 9.29792]]], [[[-82.19542, 9.30069], [-82.19597, 9.29764], [-82.19125, 9.29375], [-82.19125, 9.29597], [-82.19542, 9.30069]]], [[[-82.17819, 9.30069], [-82.18291, 9.29625], [-82.17431, 9.29542], [-82.17514, 9.29847], [-82.17819, 9.30069]]], [[[-82.18792, 9.30181], [-82.18903, 9.30153], [-82.18625, 9.29874], [-82.18597, 9.29986], [-82.18792, 9.30181]]], [[[-82.18208, 9.30292], [-82.18403, 9.30208], [-82.18153, 9.29958], [-82.18042, 9.30125], [-82.18208, 9.30292]]], [[[-82.1682, 9.35125], [-82.16959, 9.35042], [-82.16654, 9.34903], [-82.16625, 9.34986], [-82.1682, 9.35125]]], [[[-82.22764, 9.35708], [-82.23708, 9.33819], [-82.23097, 9.34014], [-82.2282, 9.35097], [-82.22486, 9.35292], [-82.22764, 9.35708]]], [[[-82.20014, 9.36181], [-82.20846, 9.35681], [-82.21458, 9.34736], [-82.20846, 9.34764], [-82.20653, 9.33903], [-82.19486, 9.33514], [-82.18764, 9.33708], [-82.18847, 9.33347], [-82.18514, 9.33014], [-82.18236, 9.32958], [-82.18542, 9.33403], [-82.18264, 9.33958], [-82.18125, 9.33792], [-82.18264, 9.33458], [-82.17709, 9.33736], [-82.17597, 9.33514], [-82.18042, 9.33319], [-82.17431, 9.33375], [-82.17653, 9.33042], [-82.17319, 9.33153], [-82.16875, 9.32569], [-82.17292, 9.3232], [-82.16431, 9.32375], [-82.16319, 9.32125], [-82.16625, 9.32208], [-82.16736, 9.31931], [-82.1582, 9.31792], [-82.16347, 9.31374], [-82.1618, 9.31264], [-82.15708, 9.31569], [-82.15097, 9.30931], [-82.16125, 9.30681], [-82.17042, 9.31181], [-82.17236, 9.30903], [-82.1682, 9.30542], [-82.17458, 9.30486], [-82.17319, 9.30736], [-82.17736, 9.30764], [-82.17736, 9.31431], [-82.18764, 9.3182], [-82.18569, 9.32042], [-82.19708, 9.32181], [-82.21931, 9.33431], [-82.22041, 9.32847], [-82.2132, 9.32264], [-82.21098, 9.31653], [-82.20292, 9.31597], [-82.20319, 9.31403], [-82.20792, 9.31514], [-82.2068, 9.31264], [-82.21098, 9.31042], [-82.2068, 9.30847], [-82.20348, 9.31264], [-82.20014, 9.30653], [-82.19681, 9.30736], [-82.19264, 9.2982], [-82.18819, 9.29681], [-82.19348, 9.30431], [-82.18514, 9.30292], [-82.18403, 9.30625], [-82.17514, 9.29874], [-82.16903, 9.30069], [-82.1657, 9.29736], [-82.1582, 9.29792], [-82.15652, 9.28319], [-82.15347, 9.28403], [-82.1546, 9.28014], [-82.14986, 9.28208], [-82.15542, 9.27681], [-82.14986, 9.27458], [-82.15708, 9.26764], [-82.15542, 9.26375], [-82.15986, 9.25958], [-82.14792, 9.24765], [-82.14153, 9.24597], [-82.13708, 9.24958], [-82.13931, 9.25431], [-82.14569, 9.25708], [-82.14542, 9.26264], [-82.13792, 9.26514], [-82.14153, 9.26931], [-82.13847, 9.27014], [-82.13625, 9.26792], [-82.12959, 9.27764], [-82.12264, 9.27903], [-82.11625, 9.28625], [-82.09959, 9.29236], [-82.0807, 9.29042], [-82.0893, 9.30793], [-82.10958, 9.32014], [-82.12041, 9.31597], [-82.13069, 9.32097], [-82.14098, 9.33153], [-82.14458, 9.34208], [-82.15347, 9.34319], [-82.16375, 9.34958], [-82.17235, 9.34375], [-82.17848, 9.34404], [-82.18569, 9.34986], [-82.19348, 9.34875], [-82.19986, 9.35319], [-82.20014, 9.36181]]], [[[-82.27458, 9.44153], [-82.2768, 9.43819], [-82.28709, 9.44097], [-82.30875, 9.42819], [-82.32375, 9.42847], [-82.32234, 9.41846], [-82.33208, 9.41292], [-82.32875, 9.40486], [-82.3243, 9.40514], [-82.32097, 9.40097], [-82.31653, 9.40292], [-82.31541, 9.39736], [-82.31404, 9.40125], [-82.31042, 9.39986], [-82.31097, 9.39292], [-82.30181, 9.38514], [-82.30292, 9.37764], [-82.29625, 9.37986], [-82.29903, 9.37542], [-82.28653, 9.37042], [-82.28374, 9.36347], [-82.2757, 9.37208], [-82.27597, 9.36847], [-82.27209, 9.36597], [-82.27847, 9.36153], [-82.2768, 9.36014], [-82.2718, 9.36375], [-82.27402, 9.35958], [-82.26236, 9.34958], [-82.26125, 9.35569], [-82.26375, 9.35847], [-82.25957, 9.35653], [-82.26014, 9.35264], [-82.25653, 9.35014], [-82.25819, 9.34736], [-82.25181, 9.34375], [-82.25347, 9.34097], [-82.25847, 9.34208], [-82.25847, 9.33847], [-82.25181, 9.32986], [-82.24625, 9.33458], [-82.24792, 9.33903], [-82.24042, 9.33486], [-82.23847, 9.33986], [-82.24153, 9.34347], [-82.24986, 9.34404], [-82.25542, 9.35264], [-82.24763, 9.36153], [-82.24097, 9.36042], [-82.23764, 9.36375], [-82.2393, 9.37736], [-82.23431, 9.38375], [-82.23514, 9.39042], [-82.24403, 9.3968], [-82.25542, 9.41486], [-82.25819, 9.42431], [-82.25653, 9.43097], [-82.26958, 9.43903], [-82.27348, 9.43847], [-82.27458, 9.44153]]]]}}, {"type": "Feature", "properties": {"admin2_pcode": "PA0102", "admin2_name": "Changuinola", "admin1_name": "Bocas del Toro"}, "geometry": {"type": "MultiPolygon", "coordinates": [[[[-82.32397, 9.2207], [-82.32625, 9.22097], [-82.32542, 9.21597], [-82.32097, 9.21236], [-82.32268, 9.21985], [-82.32397, 9.2207]]], [[[-82.34597, 9.24331], [-82.35092, 9.24318], [-82.35098, 9.23792], [-82.34014, 9.23208], [-82.33264, 9.23264], [-82.32486, 9.22375], [-82.32867, 9.23767], [-82.34597, 9.24331]]], [[[-82.35264, 9.27472], [-82.35431, 9.27264], [-82.3532, 9.27153], [-82.35242, 9.27209], [-82.35264, 9.27472]]], [[[-82.37677, 9.28088], [-82.3782, 9.28042], [-82.37403, 9.27403], [-82.3735, 9.27653], [-82.37677, 9.28088]]], [[[-82.35236, 9.29264], [-82.35378, 9.29269], [-82.35431, 9.29208], [-82.35152, 9.29125], [-82.35236, 9.29264]]], [[[-82.34571, 9.29371], [-82.34653, 9.29264], [-82.34375, 9.29014], [-82.34509, 9.29352], [-82.34571, 9.29371]]], [[[-82.28737, 9.19769], [-82.31181, 9.20542], [-82.30681, 9.19264], [-82.31236, 9.18847], [-82.31597, 9.19292], [-82.32014, 9.18958], [-82.33375, 9.19681], [-82.33731, 9.19573], [-82.33601, 9.20042], [-82.33929, 9.19769], [-82.341, 9.20349], [-82.34348, 9.2018], [-82.3493, 9.20653], [-82.35542, 9.20681], [-82.35597, 9.21208], [-82.35152, 9.21542], [-82.35791, 9.21509], [-82.36014, 9.21903], [-82.36182, 9.2171], [-82.36292, 9.22653], [-82.36819, 9.22903], [-82.36601, 9.2382], [-82.36797, 9.24371], [-82.3707, 9.24375], [-82.36125, 9.24569], [-82.36208, 9.24875], [-82.3718, 9.24958], [-82.37433, 9.25409], [-82.38014, 9.25403], [-82.38069, 9.25764], [-82.38653, 9.25736], [-82.39125, 9.26375], [-82.39736, 9.26458], [-82.39458, 9.26708], [-82.39758, 9.27289], [-82.39264, 9.27319], [-82.39764, 9.27903], [-82.3996, 9.28875], [-82.38568, 9.28851], [-82.38153, 9.28319], [-82.37097, 9.28319], [-82.36569, 9.27958], [-82.35736, 9.28375], [-82.35703, 9.29374], [-82.35098, 9.29431], [-82.34903, 9.2907], [-82.35014, 9.29514], [-82.34431, 9.2957], [-82.35098, 9.31048], [-82.3785, 9.32735], [-82.38597, 9.33486], [-82.38875, 9.34375], [-82.3782, 9.37014], [-82.37209, 9.36903], [-82.36764, 9.37458], [-82.36902, 9.37909], [-82.3623, 9.37512], [-82.35264, 9.38403], [-82.35653, 9.39736], [-82.3537, 9.39929], [-82.35069, 9.41597], [-82.34431, 9.41931], [-82.3418, 9.42514], [-82.34264, 9.4318], [-82.35321, 9.43487], [-82.3557, 9.42236], [-82.36375, 9.41597], [-82.38647, 9.41931], [-82.56075, 9.56931], [-82.56451, 9.55847], [-82.55328, 9.5473], [-82.55371, 9.54169], [-82.55768, 9.53809], [-82.5672, 9.53931], [-82.57288, 9.54932], [-82.58032, 9.55432], [-82.59662, 9.5575], [-82.60413, 9.55469], [-82.60498, 9.5481], [-82.59918, 9.53211], [-82.6073, 9.50671], [-82.61151, 9.50171], [-82.62439, 9.49829], [-82.63538, 9.50208], [-82.63818, 9.49512], [-82.64911, 9.4953], [-82.65698, 9.50067], [-82.66028, 9.51093], [-82.66998, 9.49848], [-82.67468, 9.49707], [-82.67828, 9.50067], [-82.6745, 9.51031], [-82.68292, 9.50751], [-82.69531, 9.51068], [-82.69739, 9.52149], [-82.70892, 9.52808], [-82.69849, 9.53412], [-82.69739, 9.5379], [-82.6991, 9.54187], [-82.70673, 9.5423], [-82.70679, 9.55389], [-82.71289, 9.55328], [-82.71222, 9.54547], [-82.71527, 9.54108], [-82.73138, 9.55267], [-82.7287, 9.56268], [-82.74438, 9.56452], [-82.74902, 9.57568], [-82.74701, 9.5835], [-82.76099, 9.57892], [-82.76532, 9.5863], [-82.77002, 9.58691], [-82.77472, 9.58392], [-82.77679, 9.57629], [-82.78027, 9.57568], [-82.78369, 9.58069], [-82.78229, 9.59009], [-82.79388, 9.60089], [-82.80988, 9.59369], [-82.81842, 9.60309], [-82.82959, 9.60651], [-82.83582, 9.61652], [-82.84833, 9.61249], [-82.8559, 9.61548], [-82.86298, 9.59308], [-82.87701, 9.59131], [-82.87817, 9.57672], [-82.88617, 9.5647], [-82.88068, 9.55267], [-82.87091, 9.55249], [-82.8703, 9.54388], [-82.8761, 9.53631], [-82.875, 9.52307], [-82.86823, 9.51727], [-82.85791, 9.5177], [-82.85822, 9.51068], [-82.85229, 9.51251], [-82.84668, 9.50208], [-82.84729, 9.49548], [-82.93848, 9.47272], [-82.93513, 9.08261], [-82.92664, 9.07792], [-82.88548, 9.09435], [-82.88536, 9.08262], [-82.87624, 9.06436], [-82.86773, 9.05982], [-82.85882, 9.06155], [-82.85394, 9.05176], [-82.83776, 9.04497], [-82.83339, 9.03964], [-82.81567, 9.03552], [-82.8116, 9.0258], [-82.80332, 9.02108], [-82.79742, 9.01029], [-82.7717, 9.01024], [-82.73728, 8.99105], [-82.73501, 8.98053], [-82.73841, 8.97295], [-82.71893, 8.95745], [-82.71197, 8.94475], [-82.71964, 8.9231], [-82.72639, 8.91952], [-82.7175, 8.90453], [-82.70887, 8.89917], [-82.71026, 8.90819], [-82.69944, 8.91953], [-82.69366, 8.90074], [-82.67406, 8.88993], [-82.66564, 8.89414], [-82.65382, 8.88441], [-82.64159, 8.90738], [-82.63684, 8.90764], [-82.62744, 8.90025], [-82.61563, 8.90215], [-82.59843, 8.91124], [-82.59097, 8.90653], [-82.58421, 8.90882], [-82.57059, 8.90404], [-82.56484, 8.89235], [-82.54714, 8.87286], [-82.53468, 8.86295], [-82.51589, 8.88077], [-82.48836, 8.88392], [-82.47063, 8.87217], [-82.4587, 8.86943], [-82.44492, 8.85764], [-82.42414, 8.85216], [-82.41022, 8.8442], [-82.38474, 8.83815], [-82.38119, 8.83349], [-82.37317, 8.831], [-82.35727, 8.8283], [-82.34902, 8.8407], [-82.34954, 8.86147], [-82.34354, 8.88929], [-82.32773, 8.90304], [-82.32767, 8.91049], [-82.3296, 8.91717], [-82.33698, 8.92392], [-82.34526, 8.95046], [-82.36606, 8.97005], [-82.42581, 8.98469], [-82.44535, 8.99692], [-82.43551, 9.00699], [-82.41502, 9.01258], [-82.40638, 9.02583], [-82.3981, 9.0608], [-82.39833, 9.06708], [-82.40295, 9.07279], [-82.39966, 9.0843], [-82.40457, 9.08892], [-82.40519, 9.10359], [-82.41512, 9.11141], [-82.42199, 9.11123], [-82.41401, 9.15608], [-82.40137, 9.16237], [-82.40388, 9.17802], [-82.40162, 9.18269], [-82.39113, 9.18498], [-82.37873, 9.17604], [-82.37308, 9.19733], [-82.36041, 9.18292], [-82.35554, 9.17079], [-82.33765, 9.16351], [-82.33069, 9.17468], [-82.31965, 9.17219], [-82.29168, 9.18076], [-82.29429, 9.19134], [-82.28737, 9.19769]]]]}}, {"type": "Feature", "properties": {"admin2_pcode": "PA0103", "admin2_name": "Chiriqu\u00ed Grande", "admin1_name": "Bocas del Toro"}, "geometry": {"type": "MultiPolygon", "coordinates": [[[[-82.08041, 8.93542], [-82.08125, 8.93542], [-82.08319, 8.93292], [-82.08041, 8.93319], [-82.08041, 8.93542]]], [[[-82.00051, 8.95708], [-82.00985, 8.95792], [-82.03069, 8.94569], [-82.05319, 8.94153], [-82.05292, 8.93736], [-82.05681, 8.93486], [-82.06042, 8.93875], [-82.07097, 8.93653], [-82.06903, 8.93347], [-82.0729, 8.93042], [-82.07015, 8.92792], [-82.07719, 8.9232], [-82.07443, 8.89932], [-82.06262, 8.90111], [-82.05304, 8.89511], [-82.01776, 8.92163], [-82.01267, 8.94649], [-82.00051, 8.95708]]], [[[-82.2768, 9.1132], [-82.28872, 9.11155], [-82.29416, 9.12234], [-82.30123, 9.12629], [-82.30397, 9.13799], [-82.30971, 9.14211], [-82.31376, 9.12542], [-82.30942, 9.11954], [-82.30888, 9.11189], [-82.30329, 9.11743], [-82.30044, 9.11639], [-82.30081, 9.10875], [-82.30506, 9.09897], [-82.30982, 9.09902], [-82.31126, 9.1026], [-82.32046, 9.09331], [-82.30083, 9.09136], [-82.30055, 9.0863], [-82.294, 9.08675], [-82.2931, 9.07914], [-82.2899, 9.07785], [-82.28327, 9.08761], [-82.27571, 9.08687], [-82.27442, 9.08051], [-82.28055, 9.07453], [-82.27781, 9.06853], [-82.28214, 9.06357], [-82.29293, 9.06057], [-82.3033, 9.05001], [-82.31467, 9.04566], [-82.30846, 9.03466], [-82.32012, 9.03854], [-82.32645, 9.03479], [-82.32967, 9.02498], [-82.31899, 9.01647], [-82.32564, 9.01325], [-82.32578, 9.0097], [-82.30845, 8.99887], [-82.30065, 8.99863], [-82.29509, 9.00641], [-82.28574, 9.00252], [-82.28002, 9.0058], [-82.27547, 8.99965], [-82.27885, 8.99154], [-82.27363, 8.98764], [-82.26762, 8.98928], [-82.27203, 8.97808], [-82.23673, 8.97476], [-82.22736, 8.96734], [-82.21268, 8.96252], [-82.20573, 8.95391], [-82.19445, 8.94951], [-82.19329, 8.94289], [-82.19937, 8.93566], [-82.19673, 8.9305], [-82.19771, 8.91626], [-82.20095, 8.91443], [-82.21475, 8.92191], [-82.21697, 8.89973], [-82.21251, 8.89586], [-82.19263, 8.89464], [-82.18614, 8.88034], [-82.18944, 8.8631], [-82.17975, 8.8477], [-82.16752, 8.85488], [-82.16861, 8.87021], [-82.16169, 8.87817], [-82.15761, 8.88946], [-82.14512, 8.89777], [-82.129, 8.90121], [-82.12435, 8.90602], [-82.10215, 8.90151], [-82.09269, 8.90286], [-82.09061, 8.90636], [-82.09272, 8.911], [-82.08644, 8.91681], [-82.08403, 8.92766], [-82.08459, 8.93403], [-82.10958, 8.93264], [-82.11514, 8.95125], [-82.13181, 8.96931], [-82.12986, 8.97986], [-82.13847, 8.99014], [-82.14653, 8.98625], [-82.15958, 8.99486], [-82.16764, 8.99208], [-82.17764, 8.99653], [-82.18181, 9.00486], [-82.18792, 9.00042], [-82.18542, 8.99319], [-82.18735, 8.99125], [-82.21208, 8.98958], [-82.22125, 8.99903], [-82.23042, 8.99792], [-82.23764, 9.00153], [-82.24347, 8.99764], [-82.24903, 9.00987], [-82.26347, 9.01264], [-82.26458, 9.01569], [-82.2607, 9.01903], [-82.25459, 9.01542], [-82.24819, 9.02097], [-82.24986, 9.02792], [-82.24625, 9.03542], [-82.24958, 9.05042], [-82.24375, 9.08986], [-82.24847, 9.08847], [-82.24597, 9.08792], [-82.24792, 9.08515], [-82.25208, 9.08515], [-82.25875, 9.09181], [-82.26986, 9.09569], [-82.27069, 9.10042], [-82.27458, 9.09792], [-82.27514, 9.10292], [-82.27736, 9.1018], [-82.28014, 9.10736], [-82.2768, 9.1132]]]]}}, {"type": "Feature", "properties": {"admin2_pcode": "PA0201", "admin2_name": "Alanje", "admin1_name": "Chiriqu\u00ed"}, "geometry": {"type": "Polygon", "coordinates": [[[-82.6214, 8.4578], [-82.62719, 8.45622], [-82.62866, 8.45101], [-82.63545, 8.4545], [-82.64692, 8.4528], [-82.66179, 8.45536], [-82.67154, 8.46131], [-82.67963, 8.45249], [-82.68287, 8.44259], [-82.68226, 8.43121], [-82.68478, 8.43023], [-82.70267, 8.43349], [-82.70343, 8.43758], [-82.72218, 8.44011], [-82.72991, 8.43285], [-82.78561, 8.4323], [-82.80463, 8.42866], [-82.80898, 8.42316], [-82.8001, 8.42576], [-82.79958, 8.42041], [-82.78936, 8.41595], [-82.78858, 8.41159], [-82.7804, 8.40513], [-82.7801, 8.39513], [-82.77393, 8.38942], [-82.77352, 8.38106], [-82.75222, 8.36525], [-82.73733, 8.36094], [-82.73459, 8.35575], [-82.71554, 8.34504], [-82.71343, 8.33943], [-82.70875, 8.33764], [-82.70792, 8.34375], [-82.70764, 8.33792], [-82.70042, 8.32792], [-82.6593, 8.33097], [-82.65736, 8.32792], [-82.6532, 8.32903], [-82.63875, 8.32181], [-82.5257, 8.28736], [-82.49208, 8.2718], [-82.48375, 8.27069], [-82.4807, 8.27736], [-82.50042, 8.28319], [-82.47847, 8.27958], [-82.45375, 8.29486], [-82.46792, 8.29708], [-82.49042, 8.29403], [-82.50042, 8.29764], [-82.50903, 8.2943], [-82.52375, 8.30153], [-82.52653, 8.30708], [-82.53764, 8.30681], [-82.52625, 8.30819], [-82.50847, 8.29708], [-82.50181, 8.30208], [-82.50125, 8.30958], [-82.50014, 8.30847], [-82.50042, 8.29986], [-82.48959, 8.29792], [-82.47875, 8.2993], [-82.48125, 8.30819], [-82.47569, 8.30846], [-82.4767, 8.31969], [-82.47924, 8.31936], [-82.48201, 8.33115], [-82.47465, 8.34099], [-82.48418, 8.34697], [-82.4898, 8.34466], [-82.48965, 8.35384], [-82.5017, 8.35234], [-82.50722, 8.35558], [-82.50909, 8.3824], [-82.51317, 8.39507], [-82.53257, 8.39082], [-82.5281, 8.40256], [-82.52893, 8.42308], [-82.53796, 8.44208], [-82.58094, 8.45551], [-82.6214, 8.4578]]]}}, {"type": "Feature", "properties": {"admin2_pcode": "PA0202", "admin2_name": "Bar\u00fa", "admin1_name": "Chiriqu\u00ed"}, "geometry": {"type": "MultiPolygon", "coordinates": [[[[-82.88125, 8.01986], [-82.87959, 8.01653], [-82.87153, 8.01319], [-82.87653, 8.01847], [-82.88125, 8.01986]]], [[[-82.80463, 8.42866], [-82.81908, 8.43012], [-82.82146, 8.4368], [-82.82767, 8.43823], [-82.83434, 8.44538], [-82.8353, 8.45254], [-82.82576, 8.49212], [-82.831, 8.54124], [-82.80645, 8.55682], [-82.80995, 8.56575], [-82.82204, 8.57786], [-82.82701, 8.57837], [-82.82966, 8.57575], [-82.82545, 8.56291], [-82.83839, 8.54599], [-82.83382, 8.52089], [-82.83609, 8.49392], [-82.8476, 8.46517], [-82.85888, 8.44946], [-82.87771, 8.43766], [-82.91238, 8.42942], [-82.92605, 8.4345], [-82.93015, 8.42565], [-82.94859, 8.41377], [-82.95652, 8.39928], [-82.97923, 8.37499], [-82.98378, 8.37527], [-83.0081, 8.35331], [-83.01569, 8.35664], [-83.0164, 8.3516], [-83.02546, 8.35426], [-83.03123, 8.35265], [-83.04632, 8.34333], [-83.0451, 8.34018], [-83.05018, 8.33598], [-83.04619, 8.31567], [-83.02623, 8.31248], [-83.01621, 8.3031], [-83.00021, 8.29693], [-83.00028, 8.29072], [-82.98714, 8.27678], [-82.97863, 8.27948], [-82.97616, 8.28747], [-82.97127, 8.29037], [-82.96216, 8.28121], [-82.95237, 8.28143], [-82.94672, 8.26947], [-82.9399, 8.27329], [-82.93674, 8.27148], [-82.93358, 8.26376], [-82.93415, 8.25335], [-82.92579, 8.24715], [-82.92366, 8.24148], [-82.92931, 8.20975], [-82.90773, 8.19592], [-82.90863, 8.17841], [-82.90419, 8.17217], [-82.90776, 8.15685], [-82.90601, 8.14247], [-82.8885, 8.10721], [-82.89296, 8.0991], [-82.88959, 8.07729], [-82.89486, 8.05576], [-82.89178, 8.04428], [-82.89577, 8.03764], [-82.89153, 8.03375], [-82.88458, 8.03458], [-82.87682, 8.03014], [-82.86903, 8.03181], [-82.86569, 8.03931], [-82.86764, 8.0532], [-82.85736, 8.05903], [-82.85263, 8.06847], [-82.85653, 8.09125], [-82.87292, 8.11875], [-82.87097, 8.1307], [-82.87653, 8.15125], [-82.87542, 8.19597], [-82.87264, 8.2032], [-82.87653, 8.20903], [-82.87736, 8.22042], [-82.87236, 8.23125], [-82.87264, 8.24875], [-82.86181, 8.26264], [-82.85653, 8.27625], [-82.84209, 8.29042], [-82.82958, 8.29681], [-82.81069, 8.29875], [-82.7857, 8.30986], [-82.75097, 8.31569], [-82.72847, 8.32653], [-82.71014, 8.32625], [-82.70486, 8.33431], [-82.70875, 8.33764], [-82.71343, 8.33943], [-82.71554, 8.34504], [-82.73459, 8.35575], [-82.73733, 8.36094], [-82.75222, 8.36525], [-82.77352, 8.38106], [-82.77393, 8.38942], [-82.7801, 8.39513], [-82.7804, 8.40513], [-82.78858, 8.41159], [-82.78936, 8.41595], [-82.79958, 8.42041], [-82.8001, 8.42576], [-82.80898, 8.42316], [-82.80463, 8.42866]]]]}}, {"type": "Feature", "properties": {"admin2_pcode": "PA0203", "admin2_name": "Boquer\u00f3n", "admin1_name": "Chiriqu\u00ed"}, "geometry": {"type": "Polygon", "coordinates": [[[-82.55049, 8.7946], [-82.56978, 8.78683], [-82.58843, 8.78435], [-82.59759, 8.79774], [-82.6115, 8.79418], [-82.61906, 8.78961], [-82.61939, 8.7801], [-82.63378, 8.75965], [-82.62889, 8.71018], [-82.61653, 8.68497], [-82.61529, 8.66683], [-82.60726, 8.65433], [-82.59774, 8.61772], [-82.60156, 8.61358], [-82.60191, 8.58464], [-82.61595, 8.54849], [-82.61561, 8.54015], [-82.60728, 8.53095], [-82.60262, 8.51528], [-82.60463, 8.49236], [-82.6214, 8.4578], [-82.58094, 8.45551], [-82.53796, 8.44208], [-82.52261, 8.45117], [-82.52209, 8.47569], [-82.5342, 8.49226], [-82.53054, 8.51187], [-82.53046, 8.5452], [-82.54678, 8.62847], [-82.55157, 8.68225], [-82.55677, 8.68973], [-82.55482, 8.70359], [-82.55736, 8.71924], [-82.56926, 8.75855], [-82.56897, 8.7601], [-82.57143, 8.76528], [-82.55767, 8.77627], [-82.55234, 8.78398], [-82.55049, 8.7946]]]}}, {"type": "Feature", "properties": {"admin2_pcode": "PA0204", "admin2_name": "Boquete", "admin1_name": "Chiriqu\u00ed"}, "geometry": {"type": "Polygon", "coordinates": [[[-82.37317, 8.831], [-82.38119, 8.83349], [-82.38474, 8.83815], [-82.41022, 8.8442], [-82.42414, 8.85216], [-82.44492, 8.85764], [-82.4587, 8.86943], [-82.47063, 8.87217], [-82.48836, 8.88392], [-82.51589, 8.88077], [-82.53468, 8.86295], [-82.54714, 8.87286], [-82.55049, 8.7946], [-82.55234, 8.78398], [-82.55767, 8.77627], [-82.57143, 8.76528], [-82.56897, 8.7601], [-82.5466, 8.76642], [-82.52615, 8.76537], [-82.51518, 8.77027], [-82.51063, 8.7682], [-82.50375, 8.75922], [-82.50076, 8.74679], [-82.49067, 8.7432], [-82.48278, 8.73235], [-82.47143, 8.72675], [-82.45451, 8.69117], [-82.4588, 8.68149], [-82.44698, 8.64867], [-82.42882, 8.6182], [-82.41402, 8.60836], [-82.41108, 8.60281], [-82.393, 8.60941], [-82.38686, 8.6285], [-82.38994, 8.63829], [-82.38743, 8.64822], [-82.37897, 8.64248], [-82.35847, 8.61038], [-82.34905, 8.60334], [-82.33336, 8.60084], [-82.33865, 8.61355], [-82.33539, 8.62649], [-82.32513, 8.63118], [-82.31859, 8.63005], [-82.31562, 8.63596], [-82.33053, 8.65402], [-82.32655, 8.66869], [-82.31244, 8.6727], [-82.30847, 8.67772], [-82.28537, 8.684], [-82.25923, 8.67907], [-82.25705, 8.68833], [-82.26057, 8.70657], [-82.25825, 8.71386], [-82.2507, 8.7326], [-82.22569, 8.76771], [-82.2363, 8.76872], [-82.24261, 8.77468], [-82.25161, 8.77191], [-82.25512, 8.77461], [-82.25682, 8.76744], [-82.26082, 8.76644], [-82.27188, 8.77638], [-82.30052, 8.81465], [-82.31106, 8.81799], [-82.3146, 8.81581], [-82.32234, 8.81873], [-82.3314, 8.81704], [-82.34021, 8.82183], [-82.36438, 8.82595], [-82.37317, 8.831]]]}}, {"type": "Feature", "properties": {"admin2_pcode": "PA0205", "admin2_name": "Bugaba", "admin1_name": "Chiriqu\u00ed"}, "geometry": {"type": "Polygon", "coordinates": [[[-82.54714, 8.87286], [-82.56484, 8.89235], [-82.57059, 8.90404], [-82.58421, 8.90882], [-82.59097, 8.90653], [-82.59843, 8.91124], [-82.61563, 8.90215], [-82.62744, 8.90025], [-82.63684, 8.90764], [-82.64159, 8.90738], [-82.65382, 8.88441], [-82.66564, 8.89414], [-82.67406, 8.88993], [-82.69366, 8.90074], [-82.69944, 8.91953], [-82.71026, 8.90819], [-82.70887, 8.89917], [-82.70549, 8.89604], [-82.7065, 8.89145], [-82.72308, 8.87128], [-82.73134, 8.86899], [-82.73208, 8.84835], [-82.73942, 8.83441], [-82.74001, 8.80979], [-82.72859, 8.81758], [-82.71599, 8.80924], [-82.71289, 8.78836], [-82.69536, 8.76622], [-82.69362, 8.74579], [-82.70583, 8.72281], [-82.72151, 8.7092], [-82.72137, 8.70184], [-82.7254, 8.69606], [-82.72253, 8.67497], [-82.72909, 8.6636], [-82.72681, 8.64713], [-82.74467, 8.59509], [-82.74058, 8.57756], [-82.75503, 8.58384], [-82.76441, 8.59202], [-82.77787, 8.58439], [-82.79903, 8.56096], [-82.80645, 8.55682], [-82.831, 8.54124], [-82.82576, 8.49212], [-82.8353, 8.45254], [-82.83434, 8.44538], [-82.82767, 8.43823], [-82.82146, 8.4368], [-82.81908, 8.43012], [-82.80463, 8.42866], [-82.78561, 8.4323], [-82.72991, 8.43285], [-82.72218, 8.44011], [-82.70343, 8.43758], [-82.70267, 8.43349], [-82.68478, 8.43023], [-82.68226, 8.43121], [-82.68287, 8.44259], [-82.67963, 8.45249], [-82.67154, 8.46131], [-82.66179, 8.45536], [-82.64692, 8.4528], [-82.63545, 8.4545], [-82.62866, 8.45101], [-82.62719, 8.45622], [-82.6214, 8.4578], [-82.60463, 8.49236], [-82.60262, 8.51528], [-82.60728, 8.53095], [-82.61561, 8.54015], [-82.61595, 8.54849], [-82.60191, 8.58464], [-82.60156, 8.61358], [-82.59774, 8.61772], [-82.60726, 8.65433], [-82.61529, 8.66683], [-82.61653, 8.68497], [-82.62889, 8.71018], [-82.63378, 8.75965], [-82.61939, 8.7801], [-82.61906, 8.78961], [-82.6115, 8.79418], [-82.59759, 8.79774], [-82.58843, 8.78435], [-82.56978, 8.78683], [-82.55049, 8.7946], [-82.54714, 8.87286]]]}}, {"type": "Feature", "properties": {"admin2_pcode": "PA0206", "admin2_name": "David", "admin1_name": "Chiriqu\u00ed"}, "geometry": {"type": "MultiPolygon", "coordinates": [[[[-82.35152, 8.24931], [-82.35208, 8.24903], [-82.35069, 8.24653], [-82.35069, 8.24875], [-82.35152, 8.24931]]], [[[-82.42042, 8.27014], [-82.42514, 8.26903], [-82.41903, 8.26542], [-82.41847, 8.26736], [-82.42042, 8.27014]]], [[[-82.31597, 8.27125], [-82.32486, 8.25792], [-82.31736, 8.25764], [-82.31236, 8.26125], [-82.31097, 8.26625], [-82.31597, 8.27125]]], [[[-82.43042, 8.2732], [-82.43486, 8.27264], [-82.43486, 8.27042], [-82.42986, 8.27097], [-82.43042, 8.2732]]], [[[-82.43986, 8.27514], [-82.44097, 8.26986], [-82.43625, 8.27097], [-82.43708, 8.2732], [-82.43986, 8.27514]]], [[[-82.28291, 8.27931], [-82.30403, 8.25569], [-82.29041, 8.26292], [-82.28291, 8.27236], [-82.28291, 8.27931]]], [[[-82.35819, 8.27958], [-82.36764, 8.27236], [-82.37375, 8.27819], [-82.37791, 8.27125], [-82.37986, 8.27542], [-82.38514, 8.27597], [-82.40153, 8.26181], [-82.40292, 8.25735], [-82.39986, 8.25319], [-82.40403, 8.25569], [-82.40514, 8.25986], [-82.42181, 8.25735], [-82.43264, 8.26208], [-82.4332, 8.25792], [-82.42764, 8.24958], [-82.39291, 8.22097], [-82.37431, 8.22764], [-82.37514, 8.23319], [-82.36264, 8.23653], [-82.34708, 8.23514], [-82.34209, 8.23764], [-82.34375, 8.23319], [-82.34014, 8.23486], [-82.33986, 8.23847], [-82.32625, 8.23708], [-82.32264, 8.2393], [-82.33736, 8.24736], [-82.34875, 8.24125], [-82.35486, 8.25097], [-82.34986, 8.24903], [-82.34764, 8.24237], [-82.33958, 8.24875], [-82.31597, 8.24569], [-82.31709, 8.24986], [-82.32653, 8.25154], [-82.33569, 8.25792], [-82.34264, 8.25931], [-82.34764, 8.25431], [-82.34486, 8.25931], [-82.35098, 8.26153], [-82.34292, 8.26681], [-82.35819, 8.27958]]], [[[-82.37597, 8.28542], [-82.38208, 8.28236], [-82.38319, 8.27764], [-82.37569, 8.27903], [-82.37597, 8.28542]]], [[[-82.34348, 8.29042], [-82.35181, 8.28569], [-82.36514, 8.28986], [-82.39458, 8.28736], [-82.3968, 8.27847], [-82.41959, 8.27347], [-82.41764, 8.26348], [-82.40791, 8.26236], [-82.39513, 8.26875], [-82.38375, 8.28292], [-82.37403, 8.28736], [-82.37209, 8.28181], [-82.36486, 8.27681], [-82.35709, 8.28069], [-82.34959, 8.27653], [-82.34209, 8.26764], [-82.34125, 8.26097], [-82.32764, 8.25681], [-82.31958, 8.26931], [-82.31903, 8.27848], [-82.32375, 8.28347], [-82.33264, 8.28347], [-82.33847, 8.28986], [-82.34348, 8.29042]]], [[[-82.42958, 8.29347], [-82.43208, 8.2907], [-82.43181, 8.28931], [-82.42847, 8.29153], [-82.42958, 8.29347]]], [[[-82.32958, 8.31765], [-82.33403, 8.31736], [-82.33375, 8.31181], [-82.33958, 8.30431], [-82.33708, 8.30347], [-82.33459, 8.29042], [-82.32708, 8.28736], [-82.31208, 8.28792], [-82.3007, 8.28264], [-82.29597, 8.28569], [-82.30681, 8.29736], [-82.31236, 8.31153], [-82.32958, 8.31765]]], [[[-82.32264, 8.31903], [-82.32542, 8.31765], [-82.32291, 8.31486], [-82.31653, 8.31486], [-82.31792, 8.31765], [-82.32264, 8.31903]]], [[[-82.41108, 8.60281], [-82.39996, 8.56749], [-82.38467, 8.55648], [-82.36174, 8.52465], [-82.35949, 8.50662], [-82.3621, 8.49481], [-82.35845, 8.4877], [-82.36088, 8.4839], [-82.3716, 8.48347], [-82.37725, 8.4934], [-82.38623, 8.49247], [-82.39022, 8.49783], [-82.39775, 8.49094], [-82.40055, 8.48155], [-82.39646, 8.4701], [-82.40003, 8.46231], [-82.41184, 8.47188], [-82.4211, 8.47207], [-82.4326, 8.47977], [-82.44001, 8.49673], [-82.44918, 8.49906], [-82.451, 8.5101], [-82.44875, 8.52051], [-82.49814, 8.57801], [-82.51103, 8.60254], [-82.51866, 8.6274], [-82.53015, 8.64571], [-82.52857, 8.65823], [-82.53522, 8.67816], [-82.54291, 8.68721], [-82.54007, 8.69558], [-82.54394, 8.70893], [-82.54134, 8.72024], [-82.54377, 8.72566], [-82.54296, 8.74241], [-82.54486, 8.74632], [-82.56926, 8.75855], [-82.55736, 8.71924], [-82.55482, 8.70359], [-82.55677, 8.68973], [-82.55157, 8.68225], [-82.54678, 8.62847], [-82.53046, 8.5452], [-82.53054, 8.51187], [-82.5342, 8.49226], [-82.52209, 8.47569], [-82.52261, 8.45117], [-82.53796, 8.44208], [-82.52893, 8.42308], [-82.5281, 8.40256], [-82.53257, 8.39082], [-82.51317, 8.39507], [-82.50909, 8.3824], [-82.50722, 8.35558], [-82.5017, 8.35234], [-82.48965, 8.35384], [-82.4898, 8.34466], [-82.48418, 8.34697], [-82.47465, 8.34099], [-82.48201, 8.33115], [-82.47924, 8.31936], [-82.4767, 8.31969], [-82.47569, 8.30846], [-82.47625, 8.29847], [-82.45818, 8.30014], [-82.4632, 8.30903], [-82.46403, 8.32097], [-82.45375, 8.30653], [-82.45042, 8.30819], [-82.44791, 8.32236], [-82.44403, 8.32125], [-82.43875, 8.30486], [-82.42653, 8.30097], [-82.42514, 8.31625], [-82.42347, 8.30486], [-82.42514, 8.3007], [-82.4282, 8.30014], [-82.43875, 8.30347], [-82.43903, 8.2993], [-82.43653, 8.29652], [-82.43125, 8.29875], [-82.42543, 8.29403], [-82.42181, 8.29625], [-82.41792, 8.30764], [-82.40764, 8.30764], [-82.40764, 8.30625], [-82.41125, 8.30319], [-82.40542, 8.30653], [-82.40958, 8.30236], [-82.41736, 8.30569], [-82.42014, 8.28792], [-82.41349, 8.28403], [-82.39098, 8.29292], [-82.39625, 8.30597], [-82.39042, 8.29764], [-82.38986, 8.29208], [-82.37764, 8.28986], [-82.36486, 8.29264], [-82.37458, 8.31152], [-82.37292, 8.31653], [-82.37708, 8.31847], [-82.37403, 8.31875], [-82.37153, 8.31542], [-82.37264, 8.31014], [-82.36292, 8.29236], [-82.35152, 8.28736], [-82.34736, 8.29681], [-82.35264, 8.30347], [-82.34431, 8.29819], [-82.33708, 8.31486], [-82.34764, 8.33208], [-82.36264, 8.32569], [-82.36708, 8.32653], [-82.37625, 8.33736], [-82.37514, 8.33958], [-82.37014, 8.33903], [-82.37041, 8.34458], [-82.36847, 8.34236], [-82.36847, 8.33958], [-82.37041, 8.33792], [-82.37486, 8.33876], [-82.37542, 8.33736], [-82.36819, 8.33264], [-82.36736, 8.32875], [-82.36264, 8.32792], [-82.35597, 8.33514], [-82.34708, 8.33458], [-82.33459, 8.32264], [-82.32347, 8.32458], [-82.32486, 8.32847], [-82.30986, 8.32458], [-82.30681, 8.33236], [-82.31319, 8.33847], [-82.30625, 8.33486], [-82.30514, 8.3293], [-82.30153, 8.32931], [-82.28458, 8.34681], [-82.28625, 8.34014], [-82.27653, 8.34292], [-82.27125, 8.34042], [-82.2832, 8.33876], [-82.29292, 8.32736], [-82.30653, 8.32236], [-82.30736, 8.31319], [-82.30403, 8.30931], [-82.29514, 8.30903], [-82.28792, 8.30431], [-82.27653, 8.32042], [-82.2857, 8.30514], [-82.27431, 8.29319], [-82.26208, 8.29097], [-82.24431, 8.30097], [-82.24042, 8.31681], [-82.23736, 8.31875], [-82.23625, 8.33403], [-82.22375, 8.34653], [-82.22459, 8.35847], [-82.22764, 8.35986], [-82.22014, 8.36014], [-82.21819, 8.36681], [-82.2207, 8.37236], [-82.21597, 8.37597], [-82.20959, 8.37764], [-82.21736, 8.37431], [-82.21819, 8.37042], [-82.20835, 8.37637], [-82.22018, 8.40628], [-82.20536, 8.4208], [-82.21389, 8.42276], [-82.23445, 8.41914], [-82.24224, 8.42346], [-82.25046, 8.4187], [-82.25993, 8.42261], [-82.26898, 8.43225], [-82.28093, 8.42484], [-82.29626, 8.42665], [-82.28524, 8.44365], [-82.28365, 8.45629], [-82.29618, 8.47329], [-82.29557, 8.48903], [-82.30969, 8.52233], [-82.31179, 8.54574], [-82.3083, 8.56322], [-82.33336, 8.60084], [-82.34905, 8.60334], [-82.35847, 8.61038], [-82.37897, 8.64248], [-82.38743, 8.64822], [-82.38994, 8.63829], [-82.38686, 8.6285], [-82.393, 8.60941], [-82.41108, 8.60281]]]]}}, {"type": "Feature", "properties": {"admin2_pcode": "PA0207", "admin2_name": "Dolega", "admin1_name": "Chiriqu\u00ed"}, "geometry": {"type": "Polygon", "coordinates": [[[-82.41108, 8.60281], [-82.41402, 8.60836], [-82.42882, 8.6182], [-82.44698, 8.64867], [-82.4588, 8.68149], [-82.45451, 8.69117], [-82.47143, 8.72675], [-82.48278, 8.73235], [-82.49067, 8.7432], [-82.50076, 8.74679], [-82.50375, 8.75922], [-82.51063, 8.7682], [-82.51518, 8.77027], [-82.52615, 8.76537], [-82.5466, 8.76642], [-82.56897, 8.7601], [-82.56926, 8.75855], [-82.54486, 8.74632], [-82.54296, 8.74241], [-82.54377, 8.72566], [-82.54134, 8.72024], [-82.54394, 8.70893], [-82.54007, 8.69558], [-82.54291, 8.68721], [-82.53522, 8.67816], [-82.52857, 8.65823], [-82.53015, 8.64571], [-82.51866, 8.6274], [-82.51103, 8.60254], [-82.49814, 8.57801], [-82.44875, 8.52051], [-82.451, 8.5101], [-82.44918, 8.49906], [-82.44001, 8.49673], [-82.4326, 8.47977], [-82.4211, 8.47207], [-82.41184, 8.47188], [-82.40003, 8.46231], [-82.39646, 8.4701], [-82.40055, 8.48155], [-82.39775, 8.49094], [-82.39022, 8.49783], [-82.38623, 8.49247], [-82.37725, 8.4934], [-82.3716, 8.48347], [-82.36088, 8.4839], [-82.35845, 8.4877], [-82.3621, 8.49481], [-82.35949, 8.50662], [-82.36174, 8.52465], [-82.38467, 8.55648], [-82.39996, 8.56749], [-82.41108, 8.60281]]]}}, {"type": "Feature", "properties": {"admin2_pcode": "PA0208", "admin2_name": "Gualaca", "admin1_name": "Chiriqu\u00ed"}, "geometry": {"type": "Polygon", "coordinates": [[[-82.14698, 8.75983], [-82.16135, 8.75867], [-82.16742, 8.76281], [-82.17661, 8.76369], [-82.20383, 8.78207], [-82.20722, 8.77666], [-82.2014, 8.76252], [-82.22368, 8.77003], [-82.22569, 8.76771], [-82.2507, 8.7326], [-82.25825, 8.71386], [-82.26057, 8.70657], [-82.25705, 8.68833], [-82.25923, 8.67907], [-82.28537, 8.684], [-82.30847, 8.67772], [-82.31244, 8.6727], [-82.32655, 8.66869], [-82.33053, 8.65402], [-82.31562, 8.63596], [-82.31859, 8.63005], [-82.32513, 8.63118], [-82.33539, 8.62649], [-82.33865, 8.61355], [-82.33336, 8.60084], [-82.3083, 8.56322], [-82.31179, 8.54574], [-82.30969, 8.52233], [-82.29557, 8.48903], [-82.29618, 8.47329], [-82.28365, 8.45629], [-82.28524, 8.44365], [-82.29626, 8.42665], [-82.28093, 8.42484], [-82.26898, 8.43225], [-82.25993, 8.42261], [-82.25046, 8.4187], [-82.24224, 8.42346], [-82.23445, 8.41914], [-82.21389, 8.42276], [-82.20536, 8.4208], [-82.20747, 8.45489], [-82.20208, 8.45767], [-82.19614, 8.45383], [-82.17984, 8.47137], [-82.17682, 8.48468], [-82.16631, 8.49463], [-82.16404, 8.50259], [-82.15239, 8.51204], [-82.15358, 8.52011], [-82.16574, 8.53132], [-82.15038, 8.52948], [-82.14496, 8.54391], [-82.13808, 8.55138], [-82.1266, 8.54468], [-82.13014, 8.56274], [-82.14433, 8.55505], [-82.14809, 8.56533], [-82.1614, 8.56892], [-82.15824, 8.58424], [-82.15152, 8.58555], [-82.14657, 8.6006], [-82.14944, 8.61698], [-82.14441, 8.65609], [-82.14698, 8.75983]]]}}, {"type": "Feature", "properties": {"admin2_pcode": "PA0209", "admin2_name": "Remedios", "admin1_name": "Chiriqu\u00ed"}, "geometry": {"type": "MultiPolygon", "coordinates": [[[[-81.75208, 8.15569], [-81.7532, 8.15569], [-81.75459, 8.15209], [-81.75153, 8.15208], [-81.75208, 8.15569]]], [[[-81.7618, 8.17125], [-81.76431, 8.16931], [-81.76014, 8.16847], [-81.76015, 8.17042], [-81.7618, 8.17125]]], [[[-81.75597, 8.18875], [-81.75931, 8.18458], [-81.75597, 8.18014], [-81.75764, 8.17736], [-81.75403, 8.18014], [-81.75597, 8.18875]]], [[[-81.75986, 8.19042], [-81.7618, 8.18653], [-81.76125, 8.18458], [-81.75958, 8.1868], [-81.75986, 8.19042]]], [[[-81.74049, 8.27699], [-81.7492, 8.27452], [-81.76092, 8.26494], [-81.76192, 8.26176], [-81.75847, 8.26086], [-81.76222, 8.2581], [-81.76814, 8.26028], [-81.77128, 8.26629], [-81.76681, 8.27056], [-81.76855, 8.2743], [-81.77914, 8.27349], [-81.78586, 8.2686], [-81.80261, 8.27135], [-81.81672, 8.28715], [-81.81158, 8.29905], [-81.81713, 8.30062], [-81.828, 8.29578], [-81.83906, 8.30327], [-81.83854, 8.31009], [-81.84797, 8.30613], [-81.84898, 8.2755], [-81.85262, 8.27091], [-81.85378, 8.26107], [-81.84187, 8.24177], [-81.83113, 8.23822], [-81.827, 8.23978], [-81.82473, 8.23368], [-81.83052, 8.22526], [-81.82091, 8.21417], [-81.81549, 8.19768], [-81.80859, 8.19064], [-81.81368, 8.17996], [-81.82267, 8.17858], [-81.82774, 8.17188], [-81.82636, 8.16037], [-81.82928, 8.15737], [-81.80681, 8.15014], [-81.81181, 8.15736], [-81.80403, 8.15153], [-81.79986, 8.14264], [-81.78597, 8.13319], [-81.77431, 8.12986], [-81.76236, 8.13153], [-81.75819, 8.14125], [-81.76542, 8.13819], [-81.76097, 8.14292], [-81.75986, 8.15403], [-81.75291, 8.15958], [-81.75153, 8.16903], [-81.7693, 8.16736], [-81.7793, 8.17625], [-81.77847, 8.17653], [-81.77097, 8.16986], [-81.76486, 8.17013], [-81.75957, 8.19565], [-81.76212, 8.20198], [-81.75876, 8.20522], [-81.75667, 8.21674], [-81.74405, 8.21596], [-81.73928, 8.20851], [-81.72674, 8.21907], [-81.72456, 8.23073], [-81.72899, 8.25768], [-81.73155, 8.27193], [-81.73767, 8.26274], [-81.74597, 8.26062], [-81.74049, 8.27699]]]]}}, {"type": "Feature", "properties": {"admin2_pcode": "PA0210", "admin2_name": "Renacimiento", "admin1_name": "Chiriqu\u00ed"}, "geometry": {"type": "Polygon", "coordinates": [[[-82.70887, 8.89917], [-82.7175, 8.90453], [-82.72639, 8.91952], [-82.74589, 8.90918], [-82.75294, 8.89548], [-82.76959, 8.87881], [-82.80578, 8.87186], [-82.81851, 8.86041], [-82.84868, 8.8545], [-82.8524, 8.85623], [-82.86814, 8.84597], [-82.87994, 8.83275], [-82.88209, 8.82488], [-82.86655, 8.80677], [-82.86954, 8.79655], [-82.88809, 8.79065], [-82.89435, 8.78157], [-82.89368, 8.77298], [-82.91105, 8.76928], [-82.91671, 8.76504], [-82.91012, 8.75587], [-82.91714, 8.745], [-82.90337, 8.72879], [-82.89658, 8.71198], [-82.87757, 8.69744], [-82.86743, 8.69354], [-82.85144, 8.65956], [-82.84044, 8.65063], [-82.83187, 8.63774], [-82.82785, 8.62679], [-82.8286, 8.61942], [-82.83527, 8.61189], [-82.82981, 8.60351], [-82.83031, 8.58582], [-82.82701, 8.57837], [-82.82204, 8.57786], [-82.80995, 8.56575], [-82.80645, 8.55682], [-82.79903, 8.56096], [-82.77787, 8.58439], [-82.76441, 8.59202], [-82.75503, 8.58384], [-82.74058, 8.57756], [-82.74467, 8.59509], [-82.72681, 8.64713], [-82.72909, 8.6636], [-82.72253, 8.67497], [-82.7254, 8.69606], [-82.72137, 8.70184], [-82.72151, 8.7092], [-82.70583, 8.72281], [-82.69362, 8.74579], [-82.69536, 8.76622], [-82.71289, 8.78836], [-82.71599, 8.80924], [-82.72859, 8.81758], [-82.74001, 8.80979], [-82.73942, 8.83441], [-82.73208, 8.84835], [-82.73134, 8.86899], [-82.72308, 8.87128], [-82.7065, 8.89145], [-82.70549, 8.89604], [-82.70887, 8.89917]]]}}, {"type": "Feature", "properties": {"admin2_pcode": "PA0211", "admin2_name": "San F\u00e9lix", "admin1_name": "Chiriqu\u00ed"}, "geometry": {"type": "Polygon", "coordinates": [[[-81.83906, 8.30327], [-81.83141, 8.30574], [-81.82328, 8.32568], [-81.8279, 8.33081], [-81.84821, 8.33146], [-81.86147, 8.32834], [-81.87262, 8.33237], [-81.88441, 8.31907], [-81.89118, 8.3211], [-81.89292, 8.33143], [-81.91082, 8.33509], [-81.91529, 8.32761], [-81.92573, 8.32999], [-81.92645, 8.32355], [-81.93292, 8.32561], [-81.93857, 8.33268], [-81.94697, 8.32533], [-81.96248, 8.32469], [-81.96899, 8.3287], [-81.97481, 8.31906], [-81.97707, 8.32551], [-81.98408, 8.32939], [-81.99184, 8.32658], [-81.98934, 8.30826], [-81.98068, 8.31108], [-81.97823, 8.30702], [-81.9838, 8.29788], [-81.97888, 8.29428], [-81.9797, 8.28375], [-81.9737, 8.28422], [-81.95368, 8.26819], [-81.94421, 8.26598], [-81.94145, 8.25841], [-81.94299, 8.24853], [-81.93803, 8.23847], [-81.95175, 8.22229], [-81.95783, 8.22177], [-81.97129, 8.2132], [-81.97902, 8.20153], [-81.95292, 8.18958], [-81.92014, 8.18653], [-81.91792, 8.18958], [-81.91097, 8.18986], [-81.91792, 8.18542], [-81.82928, 8.15737], [-81.82636, 8.16037], [-81.82774, 8.17188], [-81.82267, 8.17858], [-81.81368, 8.17996], [-81.80859, 8.19064], [-81.81549, 8.19768], [-81.82091, 8.21417], [-81.83052, 8.22526], [-81.82473, 8.23368], [-81.827, 8.23978], [-81.83113, 8.23822], [-81.84187, 8.24177], [-81.85378, 8.26107], [-81.85262, 8.27091], [-81.84898, 8.2755], [-81.84797, 8.30613], [-81.83854, 8.31009], [-81.83906, 8.30327]]]}}, {"type": "Feature", "properties": {"admin2_pcode": "PA0212", "admin2_name": "San Lorenzo", "admin1_name": "Chiriqu\u00ed"}, "geometry": {"type": "MultiPolygon", "coordinates": [[[[-82.4343, 7.86986], [-82.43597, 7.8682], [-82.4332, 7.86597], [-82.43208, 7.86736], [-82.4343, 7.86986]]], [[[-82.44486, 7.87125], [-82.44875, 7.86764], [-82.44458, 7.8657], [-82.44209, 7.8593], [-82.43542, 7.8657], [-82.43708, 7.8682], [-82.44347, 7.86653], [-82.44486, 7.87125]]], [[[-82.02653, 7.94931], [-82.02764, 7.94847], [-82.02402, 7.94486], [-82.02348, 7.94736], [-82.02653, 7.94931]]], [[[-82.01681, 7.95708], [-82.01847, 7.95625], [-82.0193, 7.95319], [-82.01681, 7.95458], [-82.01681, 7.95708]]], [[[-82.00847, 7.95736], [-82.00931, 7.95153], [-82.01569, 7.94958], [-82.01403, 7.94458], [-82.00514, 7.95042], [-82.00569, 7.95625], [-82.00847, 7.95736]]], [[[-82.03014, 7.96347], [-82.03152, 7.96292], [-82.03042, 7.95986], [-82.0282, 7.96097], [-82.03014, 7.96347]]], [[[-82.04264, 7.96292], [-82.04236, 7.96403], [-82.04403, 7.96319], [-82.04321, 7.96235], [-82.04264, 7.96292]]], [[[-82.0507, 7.96514], [-82.05681, 7.96458], [-82.05986, 7.96097], [-82.05681, 7.95236], [-82.0368, 7.95014], [-82.04459, 7.96014], [-82.04958, 7.96181], [-82.0507, 7.96514]]], [[[-82.02514, 7.96986], [-82.02653, 7.96792], [-82.02348, 7.96653], [-82.02264, 7.96903], [-82.02514, 7.96986]]], [[[-82.05959, 7.99208], [-82.06236, 7.99042], [-82.06181, 7.98819], [-82.05959, 7.98819], [-82.05959, 7.99208]]], [[[-82.07125, 7.99236], [-82.07264, 7.98931], [-82.06958, 7.98569], [-82.06847, 7.98903], [-82.07125, 7.99236]]], [[[-82.03458, 7.99986], [-82.03986, 7.99681], [-82.03431, 7.98597], [-82.03542, 7.97819], [-82.03069, 7.97292], [-82.0268, 7.97431], [-82.02514, 7.97014], [-82.02097, 7.97542], [-82.0182, 7.97486], [-82.0218, 7.97736], [-82.0193, 7.98097], [-82.0218, 7.98319], [-82.0268, 7.98125], [-82.02792, 7.98764], [-82.03069, 7.98375], [-82.03375, 7.99431], [-82.02959, 7.99625], [-82.03458, 7.99986]]], [[[-81.99986, 7.99986], [-81.99986, 8.00014], [-82.00014, 8.00014], [-82.00014, 7.99986], [-81.99986, 7.99986]]], [[[-82.0257, 8.00125], [-82.02625, 7.9982], [-82.02431, 7.99708], [-82.02431, 7.99986], [-82.0257, 8.00125]]], [[[-82.03069, 8.03069], [-82.03764, 8.02625], [-82.03764, 8.02486], [-82.03014, 8.0232], [-82.03069, 8.03069]]], [[[-82.29542, 8.06486], [-82.29764, 8.06319], [-82.2943, 8.06208], [-82.29375, 8.06375], [-82.29542, 8.06486]]], [[[-82.29292, 8.07069], [-82.29514, 8.07014], [-82.29542, 8.06875], [-82.29153, 8.06986], [-82.29292, 8.07069]]], [[[-82.28486, 8.08042], [-82.28792, 8.07987], [-82.28542, 8.07542], [-82.2832, 8.07792], [-82.28486, 8.08042]]], [[[-82.26903, 8.08319], [-82.27236, 8.08293], [-82.27209, 8.08097], [-82.26958, 8.08042], [-82.26903, 8.08319]]], [[[-82.3382, 8.08153], [-82.3382, 8.08375], [-82.34014, 8.08431], [-82.34014, 8.08153], [-82.3382, 8.08153]]], [[[-82.32764, 8.08597], [-82.32848, 8.08597], [-82.32931, 8.08236], [-82.32764, 8.08264], [-82.32764, 8.08597]]], [[[-82.25903, 8.08847], [-82.26153, 8.08625], [-82.26041, 8.0843], [-82.25764, 8.08597], [-82.25903, 8.08847]]], [[[-82.31014, 8.09125], [-82.31264, 8.09125], [-82.31347, 8.09042], [-82.31014, 8.08931], [-82.31014, 8.09125]]], [[[-82.3382, 8.08153], [-82.33375, 8.08125], [-82.33569, 8.08375], [-82.33292, 8.09208], [-82.33792, 8.08931], [-82.3382, 8.08153]]], [[[-82.30764, 8.09487], [-82.31125, 8.09487], [-82.31125, 8.09458], [-82.30847, 8.09319], [-82.30764, 8.09487]]], [[[-82.26458, 8.09708], [-82.26875, 8.09208], [-82.26347, 8.08736], [-82.26431, 8.09375], [-82.2618, 8.09569], [-82.26458, 8.09708]]], [[[-82.31653, 8.10069], [-82.31709, 8.09875], [-82.31541, 8.09847], [-82.31486, 8.10014], [-82.31653, 8.10069]]], [[[-82.36542, 8.10931], [-82.36819, 8.10764], [-82.36764, 8.10625], [-82.36514, 8.10736], [-82.36542, 8.10931]]], [[[-82.30375, 8.12458], [-82.30569, 8.12458], [-82.30791, 8.12264], [-82.30347, 8.12264], [-82.30375, 8.12458]]], [[[-82.36569, 8.12514], [-82.36819, 8.12403], [-82.36514, 8.12069], [-82.3632, 8.12375], [-82.36569, 8.12514]]], [[[-82.31403, 8.12819], [-82.31903, 8.12736], [-82.31903, 8.12542], [-82.31403, 8.12486], [-82.31403, 8.12819]]], [[[-82.32125, 8.14292], [-82.32931, 8.13653], [-82.33791, 8.13431], [-82.33736, 8.13708], [-82.34042, 8.13764], [-82.3468, 8.13403], [-82.34875, 8.13069], [-82.34541, 8.12014], [-82.36486, 8.11153], [-82.36569, 8.10014], [-82.36986, 8.09903], [-82.36847, 8.09153], [-82.36515, 8.08958], [-82.36181, 8.09875], [-82.35653, 8.09792], [-82.35709, 8.09431], [-82.35236, 8.09042], [-82.3493, 8.09403], [-82.34847, 8.09125], [-82.34541, 8.09208], [-82.34431, 8.08681], [-82.34236, 8.09042], [-82.33986, 8.08958], [-82.34319, 8.09597], [-82.3307, 8.09597], [-82.32625, 8.09292], [-82.33041, 8.10458], [-82.33569, 8.10764], [-82.32986, 8.1068], [-82.33319, 8.10958], [-82.33014, 8.11153], [-82.31903, 8.10431], [-82.32125, 8.10958], [-82.32764, 8.11236], [-82.3243, 8.11708], [-82.32903, 8.12097], [-82.32736, 8.12903], [-82.32153, 8.12986], [-82.32375, 8.13319], [-82.31819, 8.13625], [-82.32291, 8.13931], [-82.32125, 8.14292]]], [[[-82.22986, 8.15125], [-82.2307, 8.14958], [-82.22736, 8.14875], [-82.22791, 8.14986], [-82.22986, 8.15125]]], [[[-82.16514, 8.15515], [-82.16375, 8.15097], [-82.16041, 8.15153], [-82.16097, 8.15375], [-82.16514, 8.15515]]], [[[-82.23042, 8.15681], [-82.23319, 8.15569], [-82.23458, 8.15069], [-82.22764, 8.15319], [-82.23042, 8.15681]]], [[[-82.14764, 8.16458], [-82.14958, 8.16264], [-82.14153, 8.16208], [-82.14208, 8.16347], [-82.14764, 8.16458]]], [[[-82.15041, 8.16514], [-82.15264, 8.16514], [-82.15292, 8.16403], [-82.1507, 8.16347], [-82.15041, 8.16514]]], [[[-82.10931, 8.16597], [-82.11236, 8.16597], [-82.11264, 8.16514], [-82.11014, 8.1643], [-82.10931, 8.16597]]], [[[-82.10819, 8.17069], [-82.11125, 8.16958], [-82.11153, 8.16847], [-82.10625, 8.16903], [-82.10819, 8.17069]]], [[[-82.16597, 8.17264], [-82.16736, 8.17264], [-82.17125, 8.17014], [-82.16681, 8.16736], [-82.16597, 8.17264]]], [[[-82.24736, 8.1732], [-82.24903, 8.17153], [-82.24903, 8.17013], [-82.2457, 8.17097], [-82.24736, 8.1732]]], [[[-82.12708, 8.17932], [-82.13486, 8.17403], [-82.13264, 8.16903], [-82.13625, 8.16569], [-82.12625, 8.16653], [-82.12986, 8.16903], [-82.12847, 8.17681], [-82.12514, 8.17792], [-82.12708, 8.17932]]], [[[-82.18597, 8.18569], [-82.18819, 8.1832], [-82.18625, 8.17847], [-82.18514, 8.18431], [-82.18597, 8.18569]]], [[[-82.26236, 8.1882], [-82.26708, 8.18792], [-82.26736, 8.18264], [-82.26542, 8.18514], [-82.26014, 8.1832], [-82.25847, 8.17514], [-82.25097, 8.1732], [-82.25181, 8.17736], [-82.2468, 8.17708], [-82.24625, 8.18542], [-82.2543, 8.18458], [-82.26236, 8.1882]]], [[[-82.19292, 8.19292], [-82.19597, 8.1882], [-82.19264, 8.18569], [-82.19153, 8.18681], [-82.19292, 8.19292]]], [[[-82.20932, 8.19681], [-82.21264, 8.19597], [-82.20959, 8.19403], [-82.21098, 8.19153], [-82.20764, 8.19292], [-82.20932, 8.19681]]], [[[-82.21765, 8.20153], [-82.22403, 8.20014], [-82.22403, 8.19903], [-82.21736, 8.19764], [-82.21765, 8.20153]]], [[[-82.20264, 8.20486], [-82.20597, 8.20347], [-82.20597, 8.19958], [-82.20264, 8.20097], [-82.20264, 8.20486]]], [[[-82.31625, 8.22958], [-82.31819, 8.22875], [-82.31847, 8.22681], [-82.3157, 8.22653], [-82.31625, 8.22958]]], [[[-82.24236, 8.23153], [-82.24431, 8.23069], [-82.24458, 8.22847], [-82.24236, 8.22958], [-82.24236, 8.23153]]], [[[-82.28458, 8.23486], [-82.29347, 8.23181], [-82.29459, 8.22292], [-82.29181, 8.21875], [-82.2943, 8.21681], [-82.29514, 8.22264], [-82.30625, 8.22208], [-82.31292, 8.22764], [-82.31292, 8.22125], [-82.31709, 8.21681], [-82.29014, 8.19764], [-82.27486, 8.19432], [-82.26847, 8.18931], [-82.2682, 8.1932], [-82.2657, 8.18958], [-82.26542, 8.20042], [-82.25931, 8.20514], [-82.26208, 8.20626], [-82.25236, 8.20569], [-82.24958, 8.21097], [-82.24375, 8.21208], [-82.24292, 8.20903], [-82.23597, 8.20764], [-82.22986, 8.21347], [-82.22459, 8.21264], [-82.22346, 8.20347], [-82.21403, 8.21014], [-82.20597, 8.2107], [-82.21931, 8.21681], [-82.23236, 8.21736], [-82.26292, 8.23043], [-82.27541, 8.23097], [-82.27708, 8.23375], [-82.28403, 8.23153], [-82.28458, 8.23486]]], [[[-82.22598, 8.23597], [-82.24014, 8.23292], [-82.24014, 8.22653], [-82.23486, 8.22737], [-82.22736, 8.2218], [-82.22459, 8.22431], [-82.22598, 8.23597]]], [[[-81.98129, 8.33528], [-81.99764, 8.33569], [-82.01953, 8.35904], [-82.01655, 8.36668], [-82.02297, 8.37138], [-82.00771, 8.38941], [-82.02863, 8.38481], [-82.03219, 8.38664], [-82.03104, 8.39421], [-82.01941, 8.40558], [-82.02104, 8.42336], [-82.02626, 8.42598], [-82.04109, 8.41579], [-82.04398, 8.42184], [-82.05235, 8.42407], [-82.04938, 8.43556], [-82.05613, 8.44052], [-82.05804, 8.45374], [-82.07128, 8.46625], [-82.06562, 8.47568], [-82.07864, 8.48055], [-82.09036, 8.47021], [-82.08896, 8.46506], [-82.09241, 8.45897], [-82.09832, 8.46076], [-82.10287, 8.45581], [-82.1175, 8.45037], [-82.12349, 8.45474], [-82.12966, 8.44965], [-82.15775, 8.44786], [-82.17292, 8.44275], [-82.18266, 8.44434], [-82.18478, 8.4487], [-82.17593, 8.46235], [-82.17984, 8.47137], [-82.19614, 8.45383], [-82.20208, 8.45767], [-82.20747, 8.45489], [-82.20536, 8.4208], [-82.22018, 8.40628], [-82.20835, 8.37637], [-82.21819, 8.37042], [-82.2168, 8.36514], [-82.22292, 8.35264], [-82.21736, 8.34514], [-82.19569, 8.34569], [-82.17542, 8.34042], [-82.17319, 8.34569], [-82.17319, 8.33653], [-82.16792, 8.33986], [-82.15097, 8.33847], [-82.14569, 8.34347], [-82.15041, 8.33764], [-82.16486, 8.33569], [-82.16375, 8.33236], [-82.18181, 8.33847], [-82.21152, 8.34069], [-82.21514, 8.33486], [-82.21208, 8.32792], [-82.20431, 8.32847], [-82.2093, 8.31931], [-82.20764, 8.31069], [-82.20265, 8.30986], [-82.19542, 8.31875], [-82.18792, 8.32014], [-82.18375, 8.31736], [-82.19041, 8.3182], [-82.19125, 8.30986], [-82.19514, 8.31542], [-82.20319, 8.30792], [-82.20764, 8.30875], [-82.21765, 8.31903], [-82.2168, 8.30903], [-82.21986, 8.30403], [-82.21514, 8.29875], [-82.21792, 8.2907], [-82.22375, 8.28736], [-82.21986, 8.27264], [-82.21125, 8.26792], [-82.20571, 8.27458], [-82.20986, 8.28319], [-82.20514, 8.27819], [-82.19708, 8.28181], [-82.19847, 8.27958], [-82.20403, 8.27764], [-82.19542, 8.27014], [-82.19486, 8.26486], [-82.20319, 8.27403], [-82.21736, 8.25181], [-82.2168, 8.24292], [-82.20986, 8.23958], [-82.20236, 8.25014], [-82.19403, 8.24486], [-82.19542, 8.2443], [-82.20208, 8.24708], [-82.21125, 8.23569], [-82.21764, 8.23625], [-82.22264, 8.23069], [-82.2232, 8.21847], [-82.21181, 8.21597], [-82.20097, 8.21903], [-82.19625, 8.21403], [-82.19958, 8.21153], [-82.19653, 8.20097], [-82.17875, 8.20708], [-82.16764, 8.20042], [-82.16959, 8.20819], [-82.16514, 8.20958], [-82.16764, 8.21764], [-82.16125, 8.22042], [-82.15847, 8.21569], [-82.15375, 8.21681], [-82.1468, 8.20986], [-82.1507, 8.20486], [-82.15681, 8.20514], [-82.15958, 8.19597], [-82.16458, 8.19403], [-82.15625, 8.19208], [-82.14875, 8.19681], [-82.14486, 8.18458], [-82.15375, 8.17708], [-82.15542, 8.17153], [-82.16264, 8.17208], [-82.16292, 8.16569], [-82.15652, 8.16319], [-82.15208, 8.16847], [-82.15041, 8.16569], [-82.14098, 8.16486], [-82.1432, 8.17125], [-82.13958, 8.18042], [-82.1432, 8.18236], [-82.13931, 8.2032], [-82.13181, 8.20819], [-82.12403, 8.20792], [-82.1207, 8.21264], [-82.11736, 8.21125], [-82.1143, 8.21653], [-82.12236, 8.22486], [-82.12653, 8.23486], [-82.1368, 8.23708], [-82.14014, 8.24042], [-82.14042, 8.2482], [-82.14625, 8.2482], [-82.14653, 8.25292], [-82.14569, 8.24847], [-82.13931, 8.24986], [-82.1432, 8.25735], [-82.13986, 8.2632], [-82.13931, 8.26153], [-82.14208, 8.25819], [-82.13736, 8.25014], [-82.13708, 8.2393], [-82.12791, 8.23847], [-82.12125, 8.23181], [-82.11207, 8.24014], [-82.11097, 8.23653], [-82.11958, 8.23181], [-82.11514, 8.22403], [-82.08319, 8.21653], [-82.07736, 8.22014], [-82.06653, 8.21903], [-82.0657, 8.21542], [-82.05236, 8.21958], [-82.02042, 8.21125], [-82.00903, 8.21236], [-82.00931, 8.21458], [-82.01514, 8.21458], [-82.02209, 8.22069], [-82.02708, 8.21903], [-82.02014, 8.22542], [-82.02764, 8.22819], [-82.0257, 8.23125], [-82.02653, 8.22875], [-82.02125, 8.22875], [-82.01904, 8.22681], [-82.01653, 8.21681], [-82.01264, 8.21708], [-82.01208, 8.22042], [-81.99847, 8.20431], [-81.97902, 8.20153], [-81.97129, 8.2132], [-81.95783, 8.22177], [-81.95175, 8.22229], [-81.93803, 8.23847], [-81.94299, 8.24853], [-81.94145, 8.25841], [-81.94421, 8.26598], [-81.95368, 8.26819], [-81.9737, 8.28422], [-81.9797, 8.28375], [-81.97888, 8.29428], [-81.9838, 8.29788], [-81.97823, 8.30702], [-81.98068, 8.31108], [-81.98934, 8.30826], [-81.99184, 8.32658], [-81.98408, 8.32939], [-81.97707, 8.32551], [-81.98129, 8.33528]]]]}}, {"type": "Feature", "properties": {"admin2_pcode": "PA0213", "admin2_name": "Tol\u00e9", "admin1_name": "Chiriqu\u00ed"}, "geometry": {"type": "MultiPolygon", "coordinates": [[[[-81.8143, 8.08931], [-81.81847, 8.08514], [-81.81764, 8.08097], [-81.80875, 8.08403], [-81.80847, 8.08764], [-81.8143, 8.08931]]], [[[-81.76041, 8.09487], [-81.76319, 8.09153], [-81.76569, 8.09347], [-81.76236, 8.0857], [-81.76041, 8.08792], [-81.76236, 8.09125], [-81.75903, 8.09375], [-81.76041, 8.09487]]], [[[-81.70819, 8.10181], [-81.71181, 8.09736], [-81.71181, 8.09597], [-81.70736, 8.09903], [-81.70819, 8.10181]]], [[[-81.73764, 8.15153], [-81.75291, 8.14042], [-81.75347, 8.13264], [-81.72958, 8.11847], [-81.7218, 8.10569], [-81.71792, 8.09153], [-81.71125, 8.10375], [-81.71291, 8.11264], [-81.71792, 8.12736], [-81.73153, 8.13958], [-81.73764, 8.15153]]], [[[-81.74264, 8.15486], [-81.74486, 8.14931], [-81.74431, 8.14764], [-81.74125, 8.14847], [-81.74264, 8.15486]]], [[[-81.57094, 8.36525], [-81.58178, 8.37117], [-81.58694, 8.38009], [-81.59172, 8.38176], [-81.60148, 8.3695], [-81.59907, 8.36545], [-81.60254, 8.35817], [-81.61437, 8.35274], [-81.61656, 8.33316], [-81.62035, 8.32894], [-81.61833, 8.32185], [-81.62496, 8.31132], [-81.62488, 8.3042], [-81.62049, 8.30298], [-81.62227, 8.29079], [-81.62835, 8.28918], [-81.62907, 8.3051], [-81.63444, 8.30114], [-81.6424, 8.30149], [-81.65482, 8.27934], [-81.66485, 8.273], [-81.6651, 8.28699], [-81.66027, 8.29419], [-81.66584, 8.29468], [-81.67505, 8.28733], [-81.67868, 8.28923], [-81.69275, 8.28479], [-81.68851, 8.29707], [-81.69522, 8.29564], [-81.6927, 8.30833], [-81.70118, 8.31312], [-81.70608, 8.29464], [-81.71595, 8.2899], [-81.72002, 8.27784], [-81.71511, 8.26751], [-81.71546, 8.26109], [-81.72899, 8.25768], [-81.72456, 8.23073], [-81.72674, 8.21907], [-81.73928, 8.20851], [-81.74405, 8.21596], [-81.75667, 8.21674], [-81.75876, 8.20522], [-81.76212, 8.20198], [-81.75957, 8.19565], [-81.75264, 8.18958], [-81.75264, 8.19792], [-81.74986, 8.17597], [-81.74319, 8.16625], [-81.73264, 8.17681], [-81.73959, 8.16597], [-81.73042, 8.14708], [-81.70598, 8.11542], [-81.70125, 8.09514], [-81.69764, 8.08986], [-81.69347, 8.08986], [-81.69041, 8.07903], [-81.67403, 8.07347], [-81.68153, 8.07486], [-81.68153, 8.07042], [-81.68791, 8.06931], [-81.68403, 8.07431], [-81.70042, 8.08347], [-81.71403, 8.07042], [-81.73875, 8.08125], [-81.74125, 8.0768], [-81.73486, 8.06875], [-81.72875, 8.06653], [-81.72791, 8.06236], [-81.72153, 8.06542], [-81.71152, 8.05403], [-81.70986, 8.04708], [-81.7207, 8.03819], [-81.71792, 8.03069], [-81.70181, 8.02653], [-81.70319, 8.03514], [-81.69986, 8.04875], [-81.70236, 8.05514], [-81.69958, 8.05486], [-81.69847, 8.03847], [-81.69375, 8.04376], [-81.68903, 8.04514], [-81.67375, 8.04042], [-81.67542, 8.04014], [-81.68014, 8.04236], [-81.68403, 8.04153], [-81.68681, 8.04319], [-81.69375, 8.04236], [-81.69375, 8.03903], [-81.68903, 8.0407], [-81.69514, 8.03375], [-81.67431, 8.01653], [-81.67014, 8.01597], [-81.66792, 8.01903], [-81.67042, 8.01403], [-81.66514, 8.01125], [-81.68264, 8.01736], [-81.67347, 8.00712], [-81.65418, 7.99846], [-81.63792, 8.0215], [-81.64371, 8.03083], [-81.63369, 8.03309], [-81.63136, 8.03791], [-81.6437, 8.054], [-81.64098, 8.05737], [-81.63117, 8.05889], [-81.62707, 8.07083], [-81.62864, 8.07832], [-81.62521, 8.09608], [-81.61626, 8.1006], [-81.61378, 8.10557], [-81.61894, 8.11428], [-81.61663, 8.12821], [-81.61967, 8.13411], [-81.61148, 8.14203], [-81.61182, 8.1586], [-81.6079, 8.1644], [-81.59831, 8.16882], [-81.59625, 8.17877], [-81.58052, 8.18641], [-81.57622, 8.19427], [-81.56843, 8.19634], [-81.55492, 8.20631], [-81.55856, 8.21706], [-81.55727, 8.2335], [-81.5468, 8.24729], [-81.53856, 8.24487], [-81.53562, 8.25581], [-81.52955, 8.26378], [-81.53627, 8.27416], [-81.54798, 8.27264], [-81.54973, 8.2781], [-81.55448, 8.2777], [-81.55779, 8.28156], [-81.55339, 8.29962], [-81.54238, 8.31221], [-81.5486, 8.32719], [-81.55488, 8.33219], [-81.56502, 8.32923], [-81.57155, 8.321], [-81.57128, 8.31202], [-81.57521, 8.30349], [-81.57155, 8.30003], [-81.56704, 8.301], [-81.56703, 8.29691], [-81.57569, 8.29294], [-81.58335, 8.29865], [-81.58472, 8.30691], [-81.57504, 8.31505], [-81.59702, 8.29934], [-81.59343, 8.2976], [-81.59736, 8.28845], [-81.59392, 8.28118], [-81.60231, 8.27532], [-81.60909, 8.27534], [-81.61399, 8.2687], [-81.6238, 8.27584], [-81.60113, 8.28747], [-81.60009, 8.29133], [-81.60455, 8.29455], [-81.59702, 8.29934], [-81.59977, 8.31374], [-81.61052, 8.32607], [-81.61039, 8.3302], [-81.59464, 8.32758], [-81.58616, 8.31529], [-81.57342, 8.32079], [-81.58217, 8.34268], [-81.57094, 8.36525]], [[-81.60712, 8.25584], [-81.60007, 8.26785], [-81.59699, 8.27519], [-81.59201, 8.2763], [-81.59492, 8.2681], [-81.60007, 8.26785], [-81.59692, 8.26412], [-81.60568, 8.25413], [-81.60292, 8.25085], [-81.60346, 8.24642], [-81.60007, 8.26785], [-81.60712, 8.25584]], [[-81.5677, 8.26344], [-81.56243, 8.25588], [-81.5656, 8.25801], [-81.57994, 8.25352], [-81.58921, 8.25432], [-81.5981, 8.25029], [-81.59565, 8.24628], [-81.57788, 8.24347], [-81.57178, 8.24499], [-81.56629, 8.2518], [-81.56297, 8.24244], [-81.56638, 8.23382], [-81.57614, 8.23067], [-81.57892, 8.23633], [-81.59964, 8.24135], [-81.5996, 8.25687], [-81.58572, 8.25744], [-81.5677, 8.26344]]], [[[-81.57094, 8.36525], [-81.57087, 8.35251], [-81.56521, 8.34614], [-81.55933, 8.34774], [-81.55434, 8.35801], [-81.5457, 8.34597], [-81.53513, 8.34031], [-81.54066, 8.32586], [-81.52845, 8.31383], [-81.52227, 8.3077], [-81.50985, 8.30449], [-81.50739, 8.32836], [-81.51214, 8.3396], [-81.51391, 8.35651], [-81.53631, 8.38563], [-81.54398, 8.384], [-81.55049, 8.3768], [-81.55675, 8.378], [-81.57094, 8.36525]]]]}}, {"type": "Feature", "properties": {"admin2_pcode": "PA0301", "admin2_name": "Aguadulce", "admin1_name": "Cocl\u00e9"}, "geometry": {"type": "Polygon", "coordinates": [[[-80.46856, 8.22347], [-80.47331, 8.23781], [-80.49205, 8.24028], [-80.49059, 8.25103], [-80.48525, 8.25614], [-80.4913, 8.26737], [-80.48764, 8.2747], [-80.49787, 8.28308], [-80.50845, 8.28298], [-80.51381, 8.27558], [-80.52801, 8.27521], [-80.54113, 8.26654], [-80.55141, 8.27002], [-80.56363, 8.26716], [-80.57126, 8.27736], [-80.58255, 8.28159], [-80.58524, 8.29235], [-80.59664, 8.30039], [-80.61365, 8.29593], [-80.62398, 8.30891], [-80.63446, 8.31403], [-80.67509, 8.32487], [-80.66124, 8.31957], [-80.66959, 8.28966], [-80.6891, 8.25735], [-80.68432, 8.23996], [-80.68698, 8.22582], [-80.70954, 8.16615], [-80.69451, 8.15304], [-80.68725, 8.14117], [-80.67675, 8.13536], [-80.6702, 8.12263], [-80.67391, 8.11776], [-80.65478, 8.12217], [-80.65105, 8.1132], [-80.64675, 8.11234], [-80.64665, 8.10708], [-80.63457, 8.11497], [-80.62914, 8.11356], [-80.61475, 8.12449], [-80.59063, 8.12601], [-80.58145, 8.13167], [-80.58031, 8.12781], [-80.58804, 8.12388], [-80.58902, 8.11921], [-80.57846, 8.11599], [-80.57231, 8.12497], [-80.56785, 8.11884], [-80.5638, 8.12019], [-80.55495, 8.10739], [-80.55976, 8.09331], [-80.55587, 8.08709], [-80.55055, 8.10298], [-80.53976, 8.10177], [-80.53688, 8.11165], [-80.53276, 8.11093], [-80.53309, 8.10494], [-80.52772, 8.10722], [-80.52696, 8.11347], [-80.5245, 8.1133], [-80.52511, 8.10244], [-80.5189, 8.10299], [-80.51744, 8.09676], [-80.51204, 8.09724], [-80.51027, 8.10125], [-80.51125, 8.11014], [-80.50625, 8.11292], [-80.50542, 8.10625], [-80.49792, 8.1032], [-80.49847, 8.09708], [-80.49458, 8.09292], [-80.48514, 8.09208], [-80.47903, 8.09903], [-80.47903, 8.10764], [-80.48681, 8.13125], [-80.48903, 8.16153], [-80.48653, 8.17903], [-80.49236, 8.17986], [-80.4818, 8.18181], [-80.47652, 8.19153], [-80.47652, 8.19514], [-80.48319, 8.19986], [-80.48097, 8.2107], [-80.47514, 8.22347], [-80.47014, 8.22597], [-80.46856, 8.22347]]]}}, {"type": "Feature", "properties": {"admin2_pcode": "PA0302", "admin2_name": "Ant\u00f3n", "admin1_name": "Cocl\u00e9"}, "geometry": {"type": "MultiPolygon", "coordinates": [[[[-80.10986, 8.35514], [-80.11125, 8.35486], [-80.11153, 8.3518], [-80.11042, 8.35208], [-80.10986, 8.35514]]], [[[-80.10906, 8.61144], [-80.11285, 8.61401], [-80.11152, 8.62698], [-80.11702, 8.63749], [-80.12849, 8.62869], [-80.1394, 8.62549], [-80.15176, 8.5988], [-80.17641, 8.59909], [-80.18313, 8.57478], [-80.18787, 8.57002], [-80.22699, 8.55645], [-80.24433, 8.53793], [-80.25444, 8.535], [-80.26351, 8.53885], [-80.27528, 8.53756], [-80.27652, 8.52379], [-80.29685, 8.50581], [-80.30086, 8.48694], [-80.29845, 8.47564], [-80.31038, 8.45228], [-80.30704, 8.43035], [-80.31468, 8.40564], [-80.31376, 8.39325], [-80.32091, 8.38384], [-80.31836, 8.37303], [-80.31934, 8.3386], [-80.34367, 8.33189], [-80.34856, 8.32535], [-80.3452, 8.31602], [-80.35131, 8.30553], [-80.36007, 8.30498], [-80.3696, 8.30943], [-80.39181, 8.30738], [-80.38847, 8.30292], [-80.38125, 8.30319], [-80.3868, 8.30153], [-80.38208, 8.28958], [-80.35819, 8.30097], [-80.33681, 8.30125], [-80.34097, 8.29903], [-80.34571, 8.29931], [-80.34986, 8.29597], [-80.35819, 8.29597], [-80.34959, 8.29458], [-80.30625, 8.30708], [-80.28848, 8.30208], [-80.2907, 8.29819], [-80.30625, 8.29819], [-80.30375, 8.29597], [-80.2832, 8.29792], [-80.27236, 8.30153], [-80.25736, 8.29986], [-80.24736, 8.30208], [-80.24986, 8.29958], [-80.26791, 8.29875], [-80.26514, 8.29681], [-80.24847, 8.29903], [-80.18681, 8.32458], [-80.14736, 8.3507], [-80.1432, 8.35042], [-80.12653, 8.36375], [-80.11903, 8.36486], [-80.05975, 8.40125], [-80.05266, 8.40744], [-80.05841, 8.41531], [-80.06442, 8.41598], [-80.07213, 8.42827], [-80.07421, 8.44121], [-80.09809, 8.4709], [-80.09982, 8.48507], [-80.09225, 8.51525], [-80.1016, 8.53107], [-80.1073, 8.53496], [-80.11102, 8.54174], [-80.11166, 8.55458], [-80.12209, 8.56661], [-80.10365, 8.56371], [-80.10019, 8.58784], [-80.10547, 8.61032], [-80.10906, 8.61144]]]]}}, {"type": "Feature", "properties": {"admin2_pcode": "PA0303", "admin2_name": "La Pintada", "admin1_name": "Cocl\u00e9"}, "geometry": {"type": "Polygon", "coordinates": [[[-80.4339, 8.89775], [-80.44662, 8.90269], [-80.45623, 8.91686], [-80.46604, 8.924], [-80.48415, 8.92482], [-80.48781, 8.92256], [-80.49693, 8.93001], [-80.50454, 8.92765], [-80.50644, 8.93186], [-80.51215, 8.93075], [-80.51356, 8.93596], [-80.52502, 8.93537], [-80.53095, 8.94738], [-80.54732, 8.94183], [-80.54478, 8.92817], [-80.54725, 8.91923], [-80.5523, 8.91516], [-80.55175, 8.90381], [-80.56284, 8.89431], [-80.55828, 8.88192], [-80.55258, 8.88396], [-80.55456, 8.87597], [-80.55029, 8.87138], [-80.55046, 8.85407], [-80.55452, 8.84764], [-80.55263, 8.8222], [-80.56386, 8.80808], [-80.55753, 8.79794], [-80.62211, 8.79678], [-80.62497, 8.80893], [-80.64074, 8.80862], [-80.64577, 8.80497], [-80.65399, 8.80752], [-80.6554, 8.79512], [-80.68818, 8.77606], [-80.69071, 8.76902], [-80.68449, 8.7572], [-80.69464, 8.73595], [-80.70203, 8.73048], [-80.70498, 8.70769], [-80.69933, 8.68889], [-80.69078, 8.68338], [-80.68562, 8.6633], [-80.69737, 8.66445], [-80.70763, 8.66148], [-80.71601, 8.63267], [-80.69179, 8.6073], [-80.68109, 8.60021], [-80.65428, 8.602], [-80.6384, 8.59234], [-80.6266, 8.60024], [-80.61819, 8.601], [-80.60854, 8.58859], [-80.60329, 8.58638], [-80.59423, 8.58821], [-80.57307, 8.57135], [-80.56589, 8.57465], [-80.54587, 8.56409], [-80.5436, 8.55539], [-80.54729, 8.53232], [-80.54005, 8.51795], [-80.53751, 8.50183], [-80.43567, 8.51485], [-80.43636, 8.5251], [-80.44525, 8.53962], [-80.43723, 8.54619], [-80.43563, 8.55557], [-80.41992, 8.5613], [-80.40677, 8.55776], [-80.39892, 8.56268], [-80.40799, 8.60687], [-80.40795, 8.62967], [-80.39753, 8.65244], [-80.39222, 8.65878], [-80.38367, 8.66198], [-80.38195, 8.6717], [-80.38628, 8.69176], [-80.39231, 8.69914], [-80.42808, 8.71141], [-80.44127, 8.73093], [-80.42294, 8.77062], [-80.42208, 8.78235], [-80.42136, 8.84246], [-80.4339, 8.89775]]]}}, {"type": "Feature", "properties": {"admin2_pcode": "PA0304", "admin2_name": "Nat\u00e1", "admin1_name": "Cocl\u00e9"}, "geometry": {"type": "Polygon", "coordinates": [[[-80.53751, 8.50183], [-80.54005, 8.51795], [-80.54729, 8.53232], [-80.5436, 8.55539], [-80.54587, 8.56409], [-80.56589, 8.57465], [-80.57307, 8.57135], [-80.59423, 8.58821], [-80.60329, 8.58638], [-80.60854, 8.58859], [-80.61819, 8.601], [-80.6266, 8.60024], [-80.6384, 8.59234], [-80.63504, 8.56272], [-80.6076, 8.54403], [-80.58572, 8.52219], [-80.5853, 8.48724], [-80.57696, 8.48685], [-80.57575, 8.46513], [-80.56064, 8.44427], [-80.56125, 8.4376], [-80.57606, 8.41191], [-80.57346, 8.40003], [-80.59517, 8.36346], [-80.66222, 8.38388], [-80.67811, 8.4068], [-80.69597, 8.41847], [-80.7032, 8.42783], [-80.71832, 8.45101], [-80.72674, 8.47973], [-80.7291, 8.50447], [-80.72679, 8.5434], [-80.7323, 8.55557], [-80.74788, 8.55371], [-80.75935, 8.55659], [-80.77856, 8.55128], [-80.79003, 8.5518], [-80.80947, 8.56623], [-80.82138, 8.56178], [-80.82287, 8.54677], [-80.78763, 8.51594], [-80.77526, 8.49642], [-80.7744, 8.4752], [-80.74482, 8.45072], [-80.73588, 8.4126], [-80.71287, 8.38765], [-80.71151, 8.35328], [-80.70753, 8.34201], [-80.69657, 8.33266], [-80.67509, 8.32487], [-80.63446, 8.31403], [-80.62398, 8.30891], [-80.61365, 8.29593], [-80.59664, 8.30039], [-80.58524, 8.29235], [-80.58255, 8.28159], [-80.57126, 8.27736], [-80.56363, 8.26716], [-80.55141, 8.27002], [-80.54113, 8.26654], [-80.52801, 8.27521], [-80.51381, 8.27558], [-80.50845, 8.28298], [-80.49787, 8.28308], [-80.48764, 8.2747], [-80.4913, 8.26737], [-80.48525, 8.25614], [-80.49059, 8.25103], [-80.49205, 8.24028], [-80.47331, 8.23781], [-80.46856, 8.22347], [-80.45348, 8.22958], [-80.44514, 8.2407], [-80.44708, 8.24875], [-80.43403, 8.25597], [-80.42764, 8.27208], [-80.41903, 8.27708], [-80.41014, 8.28958], [-80.39375, 8.2907], [-80.39264, 8.29875], [-80.39625, 8.31292], [-80.39458, 8.31958], [-80.38763, 8.32375], [-80.3868, 8.32959], [-80.3857, 8.32486], [-80.38792, 8.32247], [-80.38172, 8.32482], [-80.37907, 8.33054], [-80.38936, 8.33228], [-80.39091, 8.32523], [-80.39612, 8.32426], [-80.39362, 8.33003], [-80.40122, 8.33467], [-80.39651, 8.34346], [-80.39735, 8.34963], [-80.41775, 8.34493], [-80.42419, 8.33653], [-80.432, 8.34105], [-80.4423, 8.33779], [-80.45589, 8.33991], [-80.4653, 8.33385], [-80.45634, 8.32965], [-80.46152, 8.32642], [-80.46791, 8.32617], [-80.48079, 8.33317], [-80.48654, 8.34295], [-80.48491, 8.36218], [-80.49158, 8.36998], [-80.49079, 8.38102], [-80.49525, 8.38869], [-80.49998, 8.38887], [-80.49989, 8.39644], [-80.50601, 8.40596], [-80.50469, 8.42169], [-80.51346, 8.44064], [-80.51566, 8.4627], [-80.53058, 8.48413], [-80.53751, 8.50183]]]}}, {"type": "Feature", "properties": {"admin2_pcode": "PA0305", "admin2_name": "Ol\u00e1", "admin1_name": "Cocl\u00e9"}, "geometry": {"type": "Polygon", "coordinates": [[[-80.71601, 8.63267], [-80.72514, 8.637], [-80.7434, 8.63931], [-80.746, 8.6059], [-80.75561, 8.59123], [-80.76315, 8.56816], [-80.77856, 8.55128], [-80.75935, 8.55659], [-80.74788, 8.55371], [-80.7323, 8.55557], [-80.72679, 8.5434], [-80.7291, 8.50447], [-80.72674, 8.47973], [-80.71832, 8.45101], [-80.7032, 8.42783], [-80.69597, 8.41847], [-80.67811, 8.4068], [-80.66222, 8.38388], [-80.59517, 8.36346], [-80.57346, 8.40003], [-80.57606, 8.41191], [-80.56125, 8.4376], [-80.56064, 8.44427], [-80.57575, 8.46513], [-80.57696, 8.48685], [-80.5853, 8.48724], [-80.58572, 8.52219], [-80.6076, 8.54403], [-80.63504, 8.56272], [-80.6384, 8.59234], [-80.65428, 8.602], [-80.68109, 8.60021], [-80.69179, 8.6073], [-80.71601, 8.63267]]]}}, {"type": "Feature", "properties": {"admin2_pcode": "PA0306", "admin2_name": "Penonom\u00e9", "admin1_name": "Cocl\u00e9"}, "geometry": {"type": "Polygon", "coordinates": [[[-80.13621, 8.96585], [-80.14677, 8.95569], [-80.15456, 8.96659], [-80.16159, 8.9669], [-80.16641, 8.97278], [-80.17354, 8.96973], [-80.17152, 8.98208], [-80.17957, 8.9858], [-80.17841, 8.99689], [-80.18276, 9.00246], [-80.18313, 9.01437], [-80.18651, 9.01804], [-80.18274, 9.02689], [-80.18863, 9.0333], [-80.19062, 9.04129], [-80.19768, 9.04467], [-80.2101, 9.06397], [-80.21472, 9.05347], [-80.20938, 9.03621], [-80.20878, 9.01699], [-80.21351, 8.97232], [-80.22912, 8.97344], [-80.23871, 8.96944], [-80.35669, 8.90856], [-80.36948, 8.88066], [-80.37627, 8.88724], [-80.39727, 8.89586], [-80.42272, 8.89428], [-80.4339, 8.89775], [-80.42136, 8.84246], [-80.42208, 8.78235], [-80.42294, 8.77062], [-80.44127, 8.73093], [-80.42808, 8.71141], [-80.39231, 8.69914], [-80.38628, 8.69176], [-80.38195, 8.6717], [-80.38367, 8.66198], [-80.39222, 8.65878], [-80.39753, 8.65244], [-80.40795, 8.62967], [-80.40799, 8.60687], [-80.39892, 8.56268], [-80.40677, 8.55776], [-80.41992, 8.5613], [-80.43563, 8.55557], [-80.43723, 8.54619], [-80.44525, 8.53962], [-80.43636, 8.5251], [-80.43567, 8.51485], [-80.53751, 8.50183], [-80.53058, 8.48413], [-80.51566, 8.4627], [-80.51346, 8.44064], [-80.50469, 8.42169], [-80.50601, 8.40596], [-80.49989, 8.39644], [-80.49998, 8.38887], [-80.49525, 8.38869], [-80.49079, 8.38102], [-80.49158, 8.36998], [-80.48491, 8.36218], [-80.48654, 8.34295], [-80.48079, 8.33317], [-80.46791, 8.32617], [-80.46152, 8.32642], [-80.45634, 8.32965], [-80.4653, 8.33385], [-80.45589, 8.33991], [-80.4423, 8.33779], [-80.432, 8.34105], [-80.42419, 8.33653], [-80.41775, 8.34493], [-80.39735, 8.34963], [-80.39651, 8.34346], [-80.40122, 8.33467], [-80.39362, 8.33003], [-80.39612, 8.32426], [-80.39091, 8.32523], [-80.38936, 8.33228], [-80.37907, 8.33054], [-80.38172, 8.32482], [-80.38792, 8.32247], [-80.39291, 8.31847], [-80.39181, 8.30738], [-80.3696, 8.30943], [-80.36007, 8.30498], [-80.35131, 8.30553], [-80.3452, 8.31602], [-80.34856, 8.32535], [-80.34367, 8.33189], [-80.31934, 8.3386], [-80.31836, 8.37303], [-80.32091, 8.38384], [-80.31376, 8.39325], [-80.31468, 8.40564], [-80.30704, 8.43035], [-80.31038, 8.45228], [-80.29845, 8.47564], [-80.30086, 8.48694], [-80.29685, 8.50581], [-80.27652, 8.52379], [-80.27528, 8.53756], [-80.26351, 8.53885], [-80.25444, 8.535], [-80.24433, 8.53793], [-80.22699, 8.55645], [-80.18787, 8.57002], [-80.18313, 8.57478], [-80.17641, 8.59909], [-80.15176, 8.5988], [-80.1394, 8.62549], [-80.12849, 8.62869], [-80.11702, 8.63749], [-80.11827, 8.65549], [-80.11279, 8.66403], [-80.11092, 8.67573], [-80.11648, 8.70288], [-80.11487, 8.71232], [-80.11984, 8.71612], [-80.1242, 8.72704], [-80.12643, 8.74613], [-80.14353, 8.75901], [-80.15099, 8.77738], [-80.15589, 8.78124], [-80.16203, 8.81956], [-80.17037, 8.83175], [-80.16407, 8.84658], [-80.16901, 8.89031], [-80.16001, 8.89746], [-80.15499, 8.90356], [-80.15409, 8.91093], [-80.14939, 8.91055], [-80.14748, 8.9195], [-80.13897, 8.92633], [-80.13685, 8.93468], [-80.14498, 8.94518], [-80.13621, 8.96585]]]}}, {"type": "Feature", "properties": {"admin2_pcode": "PA0401", "admin2_name": "Chagres", "admin1_name": "Col\u00f3n"}, "geometry": {"type": "Polygon", "coordinates": [[[-80.09219, 9.00324], [-80.10835, 9.01522], [-80.10671, 9.01974], [-80.11085, 9.0283], [-80.10449, 9.04118], [-80.11316, 9.05616], [-80.11248, 9.06082], [-80.08491, 9.07003], [-80.06849, 9.08269], [-80.06289, 9.08363], [-80.06093, 9.09247], [-80.05719, 9.09498], [-80.05773, 9.10097], [-80.05194, 9.10701], [-80.04314, 9.14441], [-80.0349, 9.16266], [-80.04545, 9.17535], [-80.0438, 9.18009], [-80.03316, 9.18676], [-80.02548, 9.18233], [-80.02615, 9.16979], [-80.02185, 9.16473], [-79.99982, 9.16693], [-80.0142, 9.22897], [-80.01291, 9.27161], [-80.01775, 9.27843], [-80.02648, 9.28286], [-80.03579, 9.27527], [-80.04174, 9.27698], [-80.04915, 9.27201], [-80.05318, 9.27404], [-80.06653, 9.2632], [-80.08736, 9.23847], [-80.08598, 9.23375], [-80.09375, 9.22819], [-80.11097, 9.21931], [-80.12097, 9.21847], [-80.13042, 9.20875], [-80.14986, 9.20875], [-80.15986, 9.19931], [-80.17319, 9.19847], [-80.17708, 9.19319], [-80.19791, 9.19486], [-80.205, 9.18958], [-80.20906, 9.16391], [-80.20416, 9.15936], [-80.20832, 9.15264], [-80.2037, 9.14318], [-80.21006, 9.13668], [-80.20862, 9.12865], [-80.21697, 9.11715], [-80.20955, 9.10898], [-80.20636, 9.09233], [-80.20215, 9.09021], [-80.20365, 9.08481], [-80.19901, 9.07708], [-80.20084, 9.07132], [-80.2101, 9.06397], [-80.19768, 9.04467], [-80.19062, 9.04129], [-80.18863, 9.0333], [-80.18274, 9.02689], [-80.18651, 9.01804], [-80.18313, 9.01437], [-80.18276, 9.00246], [-80.17841, 8.99689], [-80.17957, 8.9858], [-80.17152, 8.98208], [-80.17354, 8.96973], [-80.16641, 8.97278], [-80.16159, 8.9669], [-80.15456, 8.96659], [-80.14677, 8.95569], [-80.13621, 8.96585], [-80.11566, 8.97316], [-80.09219, 9.00324]]]}}, {"type": "Feature", "properties": {"admin2_pcode": "PA0402", "admin2_name": "Col\u00f3n", "admin1_name": "Col\u00f3n"}, "geometry": {"type": "MultiPolygon", "coordinates": [[[[-79.95486, 9.03764], [-79.95653, 9.03764], [-79.95819, 9.03569], [-79.95541, 9.03597], [-79.95486, 9.03764]]], [[[-79.96125, 9.04264], [-79.96264, 9.0418], [-79.96181, 9.03903], [-79.96014, 9.04042], [-79.96125, 9.04264]]], [[[-79.96597, 9.05292], [-79.96375, 9.0557], [-79.96792, 9.05375], [-79.96625, 9.04653], [-79.96208, 9.05403], [-79.96542, 9.05097], [-79.96597, 9.05292]]], [[[-79.98903, 9.05986], [-79.99042, 9.05958], [-79.99319, 9.0493], [-79.98792, 9.05097], [-79.98903, 9.05986]]], [[[-79.97041, 9.06097], [-79.97347, 9.06014], [-79.97292, 9.05819], [-79.97014, 9.05931], [-79.97041, 9.06097]]], [[[-79.96902, 9.06486], [-79.97097, 9.06458], [-79.97041, 9.06264], [-79.96764, 9.06347], [-79.96902, 9.06486]]], [[[-80.02264, 9.07903], [-80.02431, 9.07736], [-80.02375, 9.07625], [-80.02292, 9.07625], [-80.02264, 9.07903]]], [[[-80.02319, 9.08208], [-80.02402, 9.08125], [-80.02348, 9.0793], [-80.02264, 9.08042], [-80.02319, 9.08208]]], [[[-80.02236, 9.08875], [-80.02348, 9.08792], [-80.02042, 9.08597], [-80.02042, 9.08764], [-80.02236, 9.08875]]], [[[-80.02486, 9.09208], [-80.02708, 9.09181], [-80.02597, 9.08875], [-80.02458, 9.09069], [-80.02486, 9.09208]]], [[[-80.02653, 9.09708], [-80.0282, 9.09653], [-80.0282, 9.09458], [-80.02597, 9.09458], [-80.02653, 9.09708]]], [[[-80.01542, 9.09875], [-80.01625, 9.09514], [-80.01375, 9.09597], [-80.01264, 9.09181], [-80.01236, 9.09597], [-80.01542, 9.09875]]], [[[-80.01653, 9.10458], [-80.01681, 9.10125], [-80.01375, 9.10236], [-80.01598, 9.10347], [-80.01653, 9.10458]]], [[[-79.99181, 9.10764], [-79.99375, 9.10569], [-79.99125, 9.10486], [-79.99125, 9.10708], [-79.99181, 9.10764]]], [[[-79.98903, 9.11181], [-79.99153, 9.10847], [-79.98959, 9.10653], [-79.98875, 9.10736], [-79.98903, 9.11181]]], [[[-79.97764, 9.12097], [-79.97958, 9.11958], [-79.97931, 9.11819], [-79.97652, 9.11819], [-79.97764, 9.12097]]], [[[-79.7868, 9.13014], [-79.78875, 9.12958], [-79.78792, 9.12736], [-79.7868, 9.12764], [-79.7868, 9.13014]]], [[[-79.79208, 9.13375], [-79.79625, 9.13319], [-79.79708, 9.1293], [-79.79958, 9.1307], [-79.8007, 9.12542], [-79.79459, 9.11986], [-79.78653, 9.11958], [-79.78042, 9.12486], [-79.7832, 9.12764], [-79.78736, 9.12403], [-79.79181, 9.12653], [-79.78848, 9.13153], [-79.79208, 9.13375]]], [[[-79.7793, 9.14653], [-79.77959, 9.14431], [-79.77847, 9.14347], [-79.7782, 9.14514], [-79.7793, 9.14653]]], [[[-79.93986, 9.18236], [-79.94097, 9.17792], [-79.93875, 9.17569], [-79.93736, 9.17903], [-79.93986, 9.18236]]], [[[-79.80375, 9.18236], [-79.80569, 9.17431], [-79.79847, 9.16847], [-79.79236, 9.17625], [-79.79708, 9.17931], [-79.79819, 9.17569], [-79.80375, 9.18236]]], [[[-79.84153, 9.18764], [-79.84348, 9.18764], [-79.84209, 9.18542], [-79.8407, 9.18625], [-79.84153, 9.18764]]], [[[-79.83708, 9.1882], [-79.83903, 9.18708], [-79.83903, 9.18597], [-79.83542, 9.18653], [-79.83708, 9.1882]]], [[[-79.93097, 9.19292], [-79.93375, 9.19292], [-79.93125, 9.19153], [-79.93486, 9.19181], [-79.93459, 9.18958], [-79.93014, 9.19097], [-79.93097, 9.19292]]], [[[-79.92986, 9.19403], [-79.92819, 9.19514], [-79.92819, 9.19653], [-79.93181, 9.19458], [-79.92986, 9.19403]]], [[[-79.93347, 9.19931], [-79.93347, 9.19681], [-79.92958, 9.19681], [-79.93042, 9.19847], [-79.93347, 9.19931]]], [[[-79.85931, 9.19736], [-79.85847, 9.19764], [-79.85764, 9.20097], [-79.86097, 9.19931], [-79.85931, 9.19736]]], [[[-79.81153, 9.20347], [-79.81347, 9.20153], [-79.81264, 9.19931], [-79.80986, 9.20208], [-79.81153, 9.20347]]], [[[-79.88736, 9.2107], [-79.88875, 9.20903], [-79.88847, 9.20764], [-79.88708, 9.20764], [-79.88736, 9.2107]]], [[[-79.88514, 9.21097], [-79.88597, 9.20875], [-79.88347, 9.20875], [-79.88514, 9.2093], [-79.88514, 9.21097]]], [[[-79.91625, 9.21181], [-79.91458, 9.20792], [-79.91125, 9.20847], [-79.91236, 9.21097], [-79.91625, 9.21181]]], [[[-79.90514, 9.21181], [-79.90625, 9.21181], [-79.90986, 9.20764], [-79.90569, 9.20681], [-79.90514, 9.21181]]], [[[-79.89236, 9.21375], [-79.89403, 9.21042], [-79.89181, 9.20903], [-79.88986, 9.21153], [-79.89236, 9.21375]]], [[[-79.89625, 9.21403], [-79.89986, 9.21125], [-79.89902, 9.21097], [-79.89709, 9.21125], [-79.89902, 9.20819], [-79.89375, 9.2093], [-79.89625, 9.21403]]], [[[-79.91625, 9.21514], [-79.9157, 9.21236], [-79.91264, 9.21319], [-79.91348, 9.21486], [-79.91625, 9.21514]]], [[[-79.91541, 9.22125], [-79.9182, 9.21958], [-79.91625, 9.21736], [-79.91125, 9.21319], [-79.90791, 9.21486], [-79.9082, 9.21736], [-79.91541, 9.22125]]], [[[-79.89986, 9.22431], [-79.9018, 9.22319], [-79.9018, 9.22125], [-79.90041, 9.22153], [-79.89986, 9.22431]]], [[[-79.8457, 9.22514], [-79.84597, 9.22097], [-79.84292, 9.21625], [-79.84236, 9.21931], [-79.8457, 9.22514]]], [[[-79.60875, 9.22542], [-79.61042, 9.22514], [-79.60958, 9.22264], [-79.60819, 9.22347], [-79.60875, 9.22542]]], [[[-79.88597, 9.23431], [-79.8932, 9.23153], [-79.89291, 9.22903], [-79.8968, 9.23125], [-79.89542, 9.22569], [-79.89153, 9.22375], [-79.88597, 9.23431]]], [[[-79.90875, 9.23958], [-79.91319, 9.23764], [-79.91014, 9.23431], [-79.91486, 9.23264], [-79.91348, 9.22903], [-79.91847, 9.22847], [-79.91736, 9.22569], [-79.90791, 9.23014], [-79.90875, 9.23958]]], [[[-79.93403, 9.24153], [-79.93625, 9.23903], [-79.93847, 9.24125], [-79.94014, 9.23708], [-79.93625, 9.2368], [-79.93403, 9.24153]]], [[[-79.90236, 9.24375], [-79.90681, 9.23847], [-79.90598, 9.22958], [-79.89625, 9.23903], [-79.89819, 9.24097], [-79.90125, 9.23792], [-79.90236, 9.24375]]], [[[-79.8382, 9.24681], [-79.83958, 9.24375], [-79.83736, 9.24264], [-79.83681, 9.24514], [-79.8382, 9.24681]]], [[[-79.86375, 9.23486], [-79.86347, 9.23792], [-79.86736, 9.2393], [-79.86847, 9.23458], [-79.87209, 9.2393], [-79.87375, 9.23792], [-79.87236, 9.22431], [-79.86764, 9.22264], [-79.86958, 9.20542], [-79.86708, 9.2018], [-79.86042, 9.21097], [-79.85986, 9.2093], [-79.86097, 9.20653], [-79.85125, 9.21042], [-79.84792, 9.22319], [-79.85625, 9.22875], [-79.84847, 9.23514], [-79.84319, 9.23347], [-79.84653, 9.2393], [-79.8493, 9.23764], [-79.85347, 9.24819], [-79.85736, 9.24708], [-79.85458, 9.24375], [-79.85902, 9.23903], [-79.85709, 9.23181], [-79.85931, 9.23597], [-79.86542, 9.2332], [-79.86375, 9.23486]]], [[[-79.92764, 9.25847], [-79.93181, 9.25347], [-79.92709, 9.24708], [-79.92597, 9.25097], [-79.92764, 9.25847]]], [[[-79.77708, 9.2607], [-79.7793, 9.2607], [-79.77959, 9.25986], [-79.77764, 9.25958], [-79.77708, 9.2607]]], [[[-79.85764, 9.25903], [-79.85625, 9.26097], [-79.86236, 9.25736], [-79.85736, 9.25653], [-79.85764, 9.25903]]], [[[-79.82542, 9.26097], [-79.8243, 9.25903], [-79.82208, 9.25879], [-79.82375, 9.26042], [-79.82542, 9.26097]]], [[[-79.82792, 9.26125], [-79.82958, 9.2607], [-79.82819, 9.25542], [-79.82514, 9.25764], [-79.82792, 9.26125]]], [[[-79.86069, 9.26875], [-79.86264, 9.26569], [-79.85625, 9.26431], [-79.85709, 9.2668], [-79.86014, 9.26597], [-79.86069, 9.26875]]], [[[-79.86931, 9.28097], [-79.87125, 9.27792], [-79.86764, 9.27736], [-79.86764, 9.27931], [-79.86931, 9.28097]]], [[[-79.86708, 9.28625], [-79.86903, 9.28292], [-79.86514, 9.27792], [-79.86375, 9.28181], [-79.86708, 9.28625]]], [[[-79.84348, 9.30458], [-79.84653, 9.30375], [-79.84348, 9.30153], [-79.84792, 9.29986], [-79.84875, 9.30292], [-79.85958, 9.30347], [-79.85736, 9.29708], [-79.86069, 9.29736], [-79.86042, 9.29125], [-79.86569, 9.29236], [-79.86486, 9.28736], [-79.85958, 9.28958], [-79.86208, 9.28653], [-79.85847, 9.28653], [-79.85347, 9.29292], [-79.85014, 9.29236], [-79.85375, 9.2868], [-79.86097, 9.28458], [-79.86208, 9.27958], [-79.84736, 9.27903], [-79.84653, 9.28458], [-79.83903, 9.28514], [-79.83847, 9.2957], [-79.83236, 9.29319], [-79.83125, 9.29847], [-79.84348, 9.30458]]], [[[-79.86792, 9.30875], [-79.86903, 9.30875], [-79.86931, 9.30625], [-79.86681, 9.30708], [-79.86792, 9.30875]]], [[[-79.82542, 9.32903], [-79.82736, 9.32542], [-79.8343, 9.32514], [-79.8318, 9.32292], [-79.83375, 9.31764], [-79.83736, 9.32125], [-79.84153, 9.31708], [-79.85208, 9.31764], [-79.85069, 9.31264], [-79.8532, 9.31375], [-79.85736, 9.30764], [-79.85125, 9.30875], [-79.85042, 9.30542], [-79.83903, 9.31375], [-79.83847, 9.3093], [-79.83598, 9.3093], [-79.83459, 9.31431], [-79.82903, 9.31736], [-79.82958, 9.32236], [-79.82625, 9.32042], [-79.82347, 9.32736], [-79.82542, 9.32903]]], [[[-79.8243, 9.33431], [-79.82708, 9.33403], [-79.82681, 9.33264], [-79.82542, 9.33181], [-79.8243, 9.33431]]], [[[-79.85125, 9.39681], [-79.85403, 9.39569], [-79.85208, 9.39069], [-79.84653, 9.3893], [-79.84764, 9.39431], [-79.85125, 9.39681]]], [[[-79.53445, 9.47527], [-79.54064, 9.47482], [-79.56207, 9.48533], [-79.58266, 9.47294], [-79.59507, 9.47362], [-79.61558, 9.45357], [-79.65112, 9.45377], [-79.65257, 9.44802], [-79.64851, 9.43968], [-79.658, 9.4277], [-79.65773, 9.3811], [-79.66475, 9.36702], [-79.71096, 9.36888], [-79.73372, 9.38895], [-79.74634, 9.38965], [-79.75574, 9.38274], [-79.7623, 9.38371], [-79.76844, 9.39129], [-79.78676, 9.39725], [-79.79808, 9.41028], [-79.80987, 9.41405], [-79.81792, 9.4032], [-79.81264, 9.3943], [-79.80736, 9.39347], [-79.80736, 9.39042], [-79.81069, 9.38986], [-79.80764, 9.38319], [-79.8093, 9.37597], [-79.80791, 9.37125], [-79.79625, 9.36319], [-79.79958, 9.35875], [-79.80403, 9.36486], [-79.80903, 9.35819], [-79.80597, 9.36958], [-79.81042, 9.37181], [-79.81181, 9.38208], [-79.81958, 9.37847], [-79.81486, 9.38875], [-79.81514, 9.3932], [-79.81931, 9.39625], [-79.83292, 9.38681], [-79.82986, 9.38347], [-79.83041, 9.37347], [-79.83459, 9.37681], [-79.83736, 9.37347], [-79.83847, 9.37764], [-79.8343, 9.37764], [-79.83375, 9.38069], [-79.83764, 9.38653], [-79.83569, 9.38986], [-79.84042, 9.39209], [-79.83319, 9.39375], [-79.83486, 9.40125], [-79.83958, 9.39847], [-79.84291, 9.40403], [-79.8482, 9.40097], [-79.84014, 9.38153], [-79.84153, 9.38069], [-79.84319, 9.38292], [-79.84375, 9.37847], [-79.84486, 9.38931], [-79.85042, 9.38125], [-79.85098, 9.38597], [-79.84792, 9.38736], [-79.85236, 9.39042], [-79.85875, 9.3893], [-79.85736, 9.39653], [-79.86098, 9.40292], [-79.87319, 9.40431], [-79.88486, 9.39347], [-79.88097, 9.39264], [-79.88069, 9.38902], [-79.88903, 9.38431], [-79.88097, 9.38069], [-79.88819, 9.37597], [-79.88736, 9.37208], [-79.88347, 9.37098], [-79.8868, 9.36486], [-79.88153, 9.35792], [-79.88208, 9.35486], [-79.88458, 9.35708], [-79.89042, 9.34458], [-79.88403, 9.34125], [-79.89181, 9.34404], [-79.89291, 9.34792], [-79.88903, 9.35264], [-79.89486, 9.36625], [-79.90875, 9.36431], [-79.90542, 9.35514], [-79.9118, 9.35514], [-79.91431, 9.35208], [-79.90459, 9.3507], [-79.90041, 9.34403], [-79.9032, 9.33764], [-79.90208, 9.34542], [-79.90681, 9.34986], [-79.90459, 9.34514], [-79.91653, 9.33208], [-79.91708, 9.31042], [-79.92597, 9.31264], [-79.93569, 9.31014], [-79.95042, 9.31597], [-79.95124, 9.32293], [-79.94403, 9.32708], [-79.94847, 9.32875], [-79.94736, 9.34569], [-79.95097, 9.34653], [-79.94514, 9.35375], [-79.94903, 9.35958], [-79.94653, 9.36819], [-79.94847, 9.36986], [-79.95124, 9.36653], [-79.94903, 9.37236], [-79.95208, 9.37208], [-79.96043, 9.36931], [-79.96375, 9.36458], [-79.97097, 9.36597], [-79.97903, 9.36264], [-79.98486, 9.35653], [-79.98375, 9.35375], [-79.99097, 9.34042], [-80.00347, 9.32708], [-79.99875, 9.31597], [-80.00208, 9.3182], [-80.01986, 9.31181], [-80.02125, 9.30292], [-80.03958, 9.29153], [-80.05318, 9.27404], [-80.04915, 9.27201], [-80.04174, 9.27698], [-80.03579, 9.27527], [-80.02648, 9.28286], [-80.01775, 9.27843], [-80.01291, 9.27161], [-80.0142, 9.22897], [-79.99982, 9.16693], [-80.02185, 9.16473], [-80.02615, 9.16979], [-80.02548, 9.18233], [-80.03316, 9.18676], [-80.0438, 9.18009], [-80.04545, 9.17535], [-80.0349, 9.16266], [-80.04314, 9.14441], [-80.05194, 9.10701], [-80.05773, 9.10097], [-80.05719, 9.09498], [-80.06093, 9.09247], [-80.06289, 9.08363], [-80.06849, 9.08269], [-80.08491, 9.07003], [-80.11248, 9.06082], [-80.11316, 9.05616], [-80.10449, 9.04118], [-80.11085, 9.0283], [-80.10671, 9.01974], [-80.10835, 9.01522], [-80.09219, 9.00324], [-80.05549, 8.97512], [-79.99049, 8.97239], [-79.98735, 8.97788], [-79.97666, 8.98342], [-79.97489, 8.98946], [-79.96446, 8.98399], [-79.95541, 9.00963], [-79.96042, 9.00125], [-79.96125, 9.02125], [-79.96542, 9.01792], [-79.96597, 9.01208], [-79.96819, 9.01764], [-79.97208, 9.01736], [-79.96931, 9.02375], [-79.96542, 9.02292], [-79.96819, 9.02764], [-79.96486, 9.02986], [-79.96014, 9.02653], [-79.95959, 9.03236], [-79.96264, 9.03181], [-79.96291, 9.03986], [-79.9657, 9.03903], [-79.96736, 9.04319], [-79.96625, 9.03514], [-79.96958, 9.03875], [-79.97041, 9.03569], [-79.97292, 9.03764], [-79.97486, 9.02958], [-79.97542, 9.04153], [-79.97041, 9.04625], [-79.97598, 9.05014], [-79.9743, 9.05486], [-79.98681, 9.04403], [-79.98375, 9.03736], [-79.98736, 9.03125], [-79.98236, 9.02958], [-79.98681, 9.02903], [-79.98347, 9.02542], [-79.98514, 9.02264], [-79.98014, 9.02236], [-79.98042, 9.01931], [-79.98569, 9.02069], [-79.98236, 9.01375], [-79.98209, 9.00736], [-79.98542, 9.00847], [-79.98402, 9.01569], [-79.98625, 9.0182], [-79.99264, 9.01708], [-79.98875, 9.01903], [-79.98792, 9.02403], [-79.99014, 9.02875], [-79.99014, 9.02431], [-79.99292, 9.02347], [-79.99042, 9.03069], [-79.99347, 9.03125], [-79.98736, 9.03653], [-79.99264, 9.04153], [-79.99292, 9.04847], [-79.99458, 9.04486], [-79.99736, 9.04681], [-79.99764, 9.04042], [-79.99986, 9.04319], [-80.00181, 9.04097], [-80.00097, 9.02792], [-80.00459, 9.03097], [-80.00181, 9.03597], [-80.00569, 9.03875], [-80.00347, 9.0418], [-80.00542, 9.04403], [-80.00264, 9.04208], [-80.00459, 9.0457], [-79.99958, 9.0457], [-80.00347, 9.04792], [-80.00403, 9.05292], [-79.99875, 9.05708], [-80.00181, 9.06042], [-79.99709, 9.06319], [-79.99986, 9.06486], [-79.99541, 9.07236], [-80.00181, 9.07403], [-80.00208, 9.06958], [-80.0043, 9.07153], [-80.00459, 9.06875], [-80.00097, 9.06486], [-80.00569, 9.06792], [-80.00291, 9.06264], [-80.00681, 9.06347], [-80.00625, 9.05014], [-80.00792, 9.05542], [-80.01292, 9.05625], [-80.01014, 9.05819], [-80.01208, 9.06208], [-80.00819, 9.06486], [-80.01653, 9.06125], [-80.01264, 9.06819], [-80.00819, 9.06653], [-80.00819, 9.07486], [-80.00459, 9.07486], [-80.01097, 9.07847], [-80.00681, 9.07792], [-80.00681, 9.08125], [-80.00291, 9.07847], [-80.00514, 9.08236], [-80.00181, 9.08125], [-80.00236, 9.08347], [-79.99709, 9.07875], [-79.9957, 9.0832], [-79.99208, 9.08042], [-79.99264, 9.08486], [-79.98959, 9.08264], [-79.99181, 9.08736], [-79.98708, 9.08653], [-79.98708, 9.09181], [-79.99069, 9.08847], [-79.99319, 9.09014], [-79.99514, 9.08514], [-79.99931, 9.08819], [-79.99764, 9.08458], [-80.00569, 9.08486], [-80.00653, 9.08847], [-80.00653, 9.08403], [-80.01153, 9.08486], [-80.01208, 9.08153], [-80.01625, 9.08597], [-80.01847, 9.08153], [-80.01514, 9.08014], [-80.01875, 9.08097], [-80.01903, 9.07847], [-80.01236, 9.0757], [-80.0182, 9.0693], [-80.01986, 9.07125], [-80.02431, 9.06903], [-80.01736, 9.07347], [-80.01847, 9.07708], [-80.02458, 9.07375], [-80.0293, 9.07708], [-80.0257, 9.08236], [-80.02959, 9.0832], [-80.03264, 9.07542], [-80.03653, 9.07764], [-80.03125, 9.07264], [-80.03375, 9.0732], [-80.0343, 9.06875], [-80.03625, 9.07208], [-80.03486, 9.06486], [-80.03958, 9.06347], [-80.03709, 9.05986], [-80.03931, 9.05458], [-80.03625, 9.0507], [-80.03347, 9.05264], [-80.03347, 9.04986], [-80.02875, 9.04958], [-80.03069, 9.04681], [-80.02292, 9.04069], [-80.0182, 9.04236], [-80.01986, 9.03931], [-80.01319, 9.02653], [-80.01514, 9.01597], [-80.01625, 9.01653], [-80.01569, 9.02069], [-80.01903, 9.01764], [-80.0218, 9.01903], [-80.01542, 9.0218], [-80.01598, 9.03069], [-80.02597, 9.04292], [-80.03069, 9.04097], [-80.03208, 9.04875], [-80.03764, 9.04625], [-80.04125, 9.04903], [-80.04181, 9.04014], [-80.03069, 9.03069], [-80.02847, 9.01875], [-80.03625, 9.01681], [-80.03653, 9.02236], [-80.03875, 9.02236], [-80.03819, 9.01597], [-80.04264, 9.01597], [-80.04181, 9.00597], [-80.04597, 9.01486], [-80.04459, 9.02014], [-80.04153, 9.02069], [-80.04264, 9.02542], [-80.03848, 9.02764], [-80.04264, 9.03041], [-80.04819, 9.02542], [-80.04708, 9.03236], [-80.04597, 9.02875], [-80.0443, 9.03125], [-80.04681, 9.03569], [-80.04764, 9.03041], [-80.05153, 9.0282], [-80.04931, 9.03403], [-80.05403, 9.03514], [-80.04958, 9.03792], [-80.05014, 9.04542], [-80.05486, 9.04264], [-80.05403, 9.04014], [-80.05597, 9.04125], [-80.05625, 9.04431], [-80.06014, 9.04014], [-80.06153, 9.04347], [-80.06264, 9.03903], [-80.05847, 9.03542], [-80.06375, 9.03514], [-80.05764, 9.0282], [-80.06375, 9.02625], [-80.06986, 9.03486], [-80.07208, 9.03014], [-80.07569, 9.03069], [-80.07958, 9.02403], [-80.07375, 9.01569], [-80.07514, 9.01292], [-80.07903, 9.02069], [-80.08681, 9.01958], [-80.08236, 9.02097], [-80.08681, 9.02458], [-80.08014, 9.02514], [-80.08236, 9.03292], [-80.07681, 9.03208], [-80.07458, 9.03486], [-80.0818, 9.04153], [-80.07569, 9.0418], [-80.07542, 9.04792], [-80.06903, 9.04292], [-80.07236, 9.04958], [-80.06625, 9.05014], [-80.06431, 9.04736], [-80.06541, 9.05431], [-80.05486, 9.05403], [-80.05542, 9.0557], [-80.06069, 9.05764], [-80.05681, 9.05819], [-80.05292, 9.05625], [-80.05569, 9.06181], [-80.0443, 9.05431], [-80.04542, 9.05903], [-80.04847, 9.05819], [-80.04875, 9.06514], [-80.05236, 9.06431], [-80.04931, 9.06847], [-80.05542, 9.0743], [-80.05125, 9.07042], [-80.04514, 9.07042], [-80.0507, 9.07236], [-80.04542, 9.07403], [-80.04986, 9.08042], [-80.04459, 9.08042], [-80.04264, 9.07653], [-80.0432, 9.08153], [-80.04014, 9.08014], [-80.04097, 9.08458], [-80.03709, 9.08431], [-80.04208, 9.09097], [-80.03764, 9.08958], [-80.03403, 9.08292], [-80.0332, 9.08514], [-80.04542, 9.1018], [-80.03902, 9.09792], [-80.03542, 9.10042], [-80.03375, 9.09625], [-80.03152, 9.09958], [-80.0332, 9.10514], [-80.03098, 9.10653], [-80.02708, 9.09958], [-80.02847, 9.10625], [-80.02653, 9.10486], [-80.02708, 9.10764], [-80.02402, 9.10847], [-80.02402, 9.10458], [-80.02125, 9.10431], [-80.02209, 9.10764], [-80.01903, 9.1068], [-80.01736, 9.11042], [-80.01486, 9.10653], [-80.01403, 9.11319], [-80.00958, 9.10153], [-80.01153, 9.11116], [-80.00792, 9.10792], [-80.0043, 9.10986], [-80.01486, 9.11681], [-80.00736, 9.11708], [-80.00486, 9.12125], [-80.00542, 9.11458], [-79.99875, 9.10569], [-79.99986, 9.11208], [-79.99709, 9.11292], [-79.99625, 9.10958], [-79.99486, 9.11375], [-79.99097, 9.11181], [-79.99319, 9.11653], [-79.98625, 9.11319], [-79.98486, 9.11681], [-79.98986, 9.12375], [-79.98431, 9.1218], [-79.98458, 9.11931], [-79.98264, 9.12069], [-79.98375, 9.13153], [-79.97847, 9.13181], [-79.98236, 9.1293], [-79.97958, 9.12208], [-79.97625, 9.1218], [-79.97652, 9.1257], [-79.9707, 9.12819], [-79.9718, 9.12042], [-79.96986, 9.12653], [-79.96208, 9.12819], [-79.96264, 9.13347], [-79.96458, 9.13208], [-79.96625, 9.1357], [-79.96291, 9.13542], [-79.96486, 9.13875], [-79.96181, 9.13958], [-79.96208, 9.14486], [-79.95959, 9.14347], [-79.95736, 9.15514], [-79.95819, 9.15764], [-79.96208, 9.15681], [-79.96347, 9.16125], [-79.95792, 9.17014], [-79.96152, 9.17708], [-79.95903, 9.17625], [-79.95736, 9.18625], [-79.95319, 9.1907], [-79.95458, 9.19347], [-79.95736, 9.19208], [-79.95959, 9.19819], [-79.95264, 9.21625], [-79.94375, 9.22514], [-79.94375, 9.22625], [-79.94597, 9.22681], [-79.93819, 9.23153], [-79.94431, 9.23236], [-79.94153, 9.23542], [-79.94264, 9.23958], [-79.94875, 9.23736], [-79.94292, 9.24708], [-79.9418, 9.25931], [-79.93264, 9.25736], [-79.92431, 9.26764], [-79.91514, 9.2607], [-79.89597, 9.26431], [-79.87903, 9.27875], [-79.88375, 9.28347], [-79.87236, 9.28319], [-79.87347, 9.28819], [-79.87708, 9.28792], [-79.87708, 9.2943], [-79.86875, 9.29042], [-79.8718, 9.29458], [-79.86236, 9.29458], [-79.8643, 9.29681], [-79.86181, 9.30153], [-79.86819, 9.30181], [-79.86625, 9.29931], [-79.87097, 9.29764], [-79.87514, 9.30125], [-79.87292, 9.30431], [-79.86958, 9.30236], [-79.87319, 9.31069], [-79.87125, 9.31097], [-79.86847, 9.3093], [-79.86708, 9.31625], [-79.86403, 9.31375], [-79.86597, 9.30542], [-79.85986, 9.30542], [-79.86236, 9.30986], [-79.85875, 9.30958], [-79.85542, 9.31903], [-79.84847, 9.32264], [-79.84847, 9.32958], [-79.83986, 9.32931], [-79.8457, 9.32514], [-79.84514, 9.32125], [-79.83708, 9.3232], [-79.83236, 9.33931], [-79.82597, 9.34347], [-79.82486, 9.34292], [-79.82708, 9.33986], [-79.82264, 9.34208], [-79.82597, 9.33847], [-79.83097, 9.33792], [-79.83125, 9.33431], [-79.82264, 9.33792], [-79.82375, 9.33458], [-79.81958, 9.33514], [-79.82181, 9.33264], [-79.81931, 9.33153], [-79.83153, 9.33153], [-79.83264, 9.32819], [-79.82403, 9.32958], [-79.81986, 9.32514], [-79.82069, 9.32847], [-79.81486, 9.32653], [-79.81764, 9.33014], [-79.81347, 9.32819], [-79.81431, 9.33153], [-79.81097, 9.32736], [-79.81042, 9.33264], [-79.81375, 9.33458], [-79.81014, 9.33375], [-79.80847, 9.32847], [-79.8168, 9.32375], [-79.81458, 9.31903], [-79.81069, 9.31847], [-79.81875, 9.3182], [-79.82208, 9.31153], [-79.82042, 9.31097], [-79.81875, 9.31236], [-79.81986, 9.30958], [-79.82347, 9.3093], [-79.81736, 9.30486], [-79.82014, 9.30653], [-79.82181, 9.30347], [-79.82097, 9.30597], [-79.82347, 9.30625], [-79.82236, 9.30403], [-79.82514, 9.30458], [-79.82736, 9.29958], [-79.82792, 9.28903], [-79.82042, 9.28847], [-79.82125, 9.28458], [-79.82375, 9.2868], [-79.82569, 9.28486], [-79.82125, 9.28236], [-79.82125, 9.27681], [-79.81597, 9.27625], [-79.81958, 9.27319], [-79.81264, 9.27042], [-79.82208, 9.26736], [-79.82236, 9.2618], [-79.81653, 9.25903], [-79.81986, 9.25825], [-79.81375, 9.25208], [-79.78958, 9.26375], [-79.7843, 9.26153], [-79.78653, 9.25764], [-79.78291, 9.25708], [-79.78014, 9.26292], [-79.78347, 9.26486], [-79.77959, 9.26431], [-79.7757, 9.2607], [-79.77986, 9.25458], [-79.77514, 9.25264], [-79.78347, 9.25042], [-79.78514, 9.25486], [-79.78875, 9.25264], [-79.80097, 9.25569], [-79.80264, 9.24764], [-79.80542, 9.24875], [-79.80847, 9.2443], [-79.80625, 9.23431], [-79.8007, 9.23486], [-79.80597, 9.23292], [-79.81264, 9.24847], [-79.81736, 9.24681], [-79.81819, 9.25431], [-79.82375, 9.25708], [-79.82236, 9.25208], [-79.82875, 9.25042], [-79.82625, 9.24542], [-79.82403, 9.24708], [-79.82792, 9.23236], [-79.83708, 9.23375], [-79.83375, 9.23069], [-79.83625, 9.22792], [-79.83903, 9.23208], [-79.84402, 9.23125], [-79.83791, 9.22653], [-79.83903, 9.21958], [-79.83625, 9.21931], [-79.8343, 9.22403], [-79.83375, 9.22125], [-79.82931, 9.22319], [-79.8318, 9.22681], [-79.82625, 9.22681], [-79.82819, 9.22264], [-79.82458, 9.21375], [-79.82875, 9.21458], [-79.83041, 9.21042], [-79.83208, 9.21292], [-79.8318, 9.20764], [-79.83459, 9.2107], [-79.84348, 9.20486], [-79.85152, 9.2057], [-79.84764, 9.20292], [-79.85625, 9.19847], [-79.85514, 9.19208], [-79.85902, 9.1907], [-79.85902, 9.18569], [-79.85291, 9.18542], [-79.8457, 9.19319], [-79.84431, 9.19236], [-79.84736, 9.18931], [-79.84264, 9.1882], [-79.83292, 9.19486], [-79.82958, 9.19181], [-79.82486, 9.19264], [-79.82486, 9.19625], [-79.82042, 9.19431], [-79.81458, 9.20042], [-79.81653, 9.20347], [-79.81292, 9.20319], [-79.81292, 9.20764], [-79.80875, 9.20319], [-79.80986, 9.19625], [-79.81764, 9.19708], [-79.81709, 9.19236], [-79.83041, 9.18597], [-79.82986, 9.18125], [-79.83347, 9.17903], [-79.82097, 9.1818], [-79.82458, 9.18514], [-79.8168, 9.18903], [-79.81375, 9.18764], [-79.81486, 9.18375], [-79.80653, 9.18708], [-79.80486, 9.1832], [-79.80431, 9.18431], [-79.80486, 9.18625], [-79.80097, 9.18514], [-79.79459, 9.17931], [-79.78764, 9.18236], [-79.79041, 9.17736], [-79.78736, 9.17708], [-79.79125, 9.17431], [-79.78347, 9.17375], [-79.7868, 9.17069], [-79.78542, 9.16181], [-79.79403, 9.17264], [-79.79708, 9.16819], [-79.79459, 9.16458], [-79.80014, 9.16403], [-79.80403, 9.16792], [-79.80625, 9.16014], [-79.80014, 9.15597], [-79.79736, 9.15986], [-79.79347, 9.15597], [-79.79958, 9.15042], [-79.79792, 9.1493], [-79.79403, 9.1532], [-79.79625, 9.14875], [-79.7932, 9.14264], [-79.79681, 9.14236], [-79.79652, 9.1368], [-79.79153, 9.13819], [-79.78736, 9.13542], [-79.78375, 9.14125], [-79.78014, 9.14236], [-79.78069, 9.14792], [-79.77792, 9.14792], [-79.77875, 9.14181], [-79.77431, 9.14014], [-79.78347, 9.14069], [-79.78625, 9.13042], [-79.78152, 9.12736], [-79.78014, 9.12958], [-79.77625, 9.1218], [-79.7718, 9.12403], [-79.77514, 9.11542], [-79.76542, 9.11597], [-79.75514, 9.12264], [-79.73431, 9.12319], [-79.70653, 9.11792], [-79.69708, 9.11292], [-79.68931, 9.11819], [-79.69431, 9.13264], [-79.68792, 9.13486], [-79.68653, 9.13264], [-79.67825, 9.13847], [-79.67196, 9.15223], [-79.66085, 9.15504], [-79.65844, 9.15868], [-79.65868, 9.17368], [-79.65613, 9.17778], [-79.65879, 9.18117], [-79.6532, 9.19257], [-79.64653, 9.20903], [-79.6207, 9.20347], [-79.61875, 9.21042], [-79.61375, 9.21097], [-79.61292, 9.21681], [-79.61931, 9.2143], [-79.62153, 9.22125], [-79.6132, 9.22736], [-79.60208, 9.22764], [-79.59986, 9.22014], [-79.58903, 9.22097], [-79.59014, 9.23097], [-79.58681, 9.23403], [-79.59986, 9.24569], [-79.59653, 9.24792], [-79.59402, 9.24569], [-79.58681, 9.25347], [-79.58958, 9.25458], [-79.58847, 9.26153], [-79.60042, 9.25458], [-79.59903, 9.25014], [-79.60736, 9.25153], [-79.60042, 9.25708], [-79.60042, 9.26764], [-79.59847, 9.25903], [-79.59292, 9.26292], [-79.59209, 9.27319], [-79.59625, 9.27097], [-79.59597, 9.27375], [-79.5918, 9.27792], [-79.59348, 9.28208], [-79.58569, 9.30264], [-79.5807, 9.30486], [-79.5843, 9.30681], [-79.58403, 9.31597], [-79.58014, 9.32153], [-79.58236, 9.33042], [-79.5907, 9.33236], [-79.59264, 9.33764], [-79.58625, 9.33153], [-79.58236, 9.33347], [-79.57819, 9.3243], [-79.57486, 9.32514], [-79.56541, 9.34153], [-79.55625, 9.3468], [-79.55847, 9.36125], [-79.56683, 9.36997], [-79.5669, 9.37695], [-79.55288, 9.40096], [-79.55523, 9.40483], [-79.55338, 9.41225], [-79.54226, 9.42256], [-79.54338, 9.43677], [-79.53613, 9.44963], [-79.53445, 9.47527]]]]}}, {"type": "Feature", "properties": {"admin2_pcode": "PA0403", "admin2_name": "Donoso", "admin1_name": "Col\u00f3n"}, "geometry": {"type": "Polygon", "coordinates": [[[-80.205, 9.18958], [-80.2382, 9.18375], [-80.2468, 9.17097], [-80.25375, 9.16875], [-80.28347, 9.16847], [-80.28818, 9.15986], [-80.29459, 9.15569], [-80.30542, 9.15569], [-80.30708, 9.15181], [-80.30903, 9.15708], [-80.31958, 9.15819], [-80.33903, 9.15514], [-80.35514, 9.14847], [-80.35792, 9.14375], [-80.40791, 9.14431], [-80.42319, 9.13097], [-80.43764, 9.12875], [-80.4407, 9.12542], [-80.45764, 9.12514], [-80.46208, 9.12347], [-80.46098, 9.12097], [-80.46542, 9.11653], [-80.47459, 9.11458], [-80.49541, 9.11708], [-80.50903, 9.10847], [-80.53098, 9.10431], [-80.5343, 9.09653], [-80.54819, 9.09319], [-80.55014, 9.08819], [-80.56236, 9.08597], [-80.56403, 9.08042], [-80.57208, 9.07792], [-80.57042, 9.07347], [-80.55903, 9.06958], [-80.56236, 9.06986], [-80.57125, 9.07292], [-80.57375, 9.0757], [-80.57375, 9.07986], [-80.58153, 9.07847], [-80.60847, 9.06514], [-80.61208, 9.06014], [-80.62791, 9.05542], [-80.62681, 9.05264], [-80.63764, 9.05181], [-80.66653, 9.03486], [-80.67458, 9.02514], [-80.68181, 9.02375], [-80.68236, 9.00958], [-80.6832, 9.02264], [-80.69431, 9.02069], [-80.69903, 9.00486], [-80.71042, 9.00014], [-80.7307, 8.99875], [-80.75958, 8.97542], [-80.76125, 8.96319], [-80.76681, 8.95458], [-80.78625, 8.94375], [-80.79958, 8.92042], [-80.80681, 8.91736], [-80.81042, 8.91014], [-80.82125, 8.90486], [-80.8243, 8.89486], [-80.85152, 8.88542], [-80.86044, 8.88625], [-80.87041, 8.88332], [-80.86875, 8.87931], [-80.87292, 8.87431], [-80.87319, 8.87486], [-80.87292, 8.87625], [-80.87236, 8.87708], [-80.87264, 8.87792], [-80.87125, 8.87986], [-80.87403, 8.88226], [-80.87657, 8.88152], [-80.87379, 8.87575], [-80.87405, 8.85336], [-80.86577, 8.84604], [-80.86104, 8.83547], [-80.79932, 8.80885], [-80.78214, 8.81363], [-80.76714, 8.81269], [-80.72968, 8.76461], [-80.72534, 8.75509], [-80.72597, 8.74858], [-80.74335, 8.7412], [-80.75116, 8.73517], [-80.75476, 8.72712], [-80.74618, 8.69921], [-80.72962, 8.68581], [-80.7242, 8.66536], [-80.72567, 8.6566], [-80.7434, 8.63931], [-80.72514, 8.637], [-80.71601, 8.63267], [-80.70763, 8.66148], [-80.69737, 8.66445], [-80.68562, 8.6633], [-80.69078, 8.68338], [-80.69933, 8.68889], [-80.70498, 8.70769], [-80.70203, 8.73048], [-80.69464, 8.73595], [-80.68449, 8.7572], [-80.69071, 8.76902], [-80.68818, 8.77606], [-80.6554, 8.79512], [-80.65399, 8.80752], [-80.64577, 8.80497], [-80.64074, 8.80862], [-80.62497, 8.80893], [-80.62211, 8.79678], [-80.55753, 8.79794], [-80.56386, 8.80808], [-80.55263, 8.8222], [-80.55452, 8.84764], [-80.55046, 8.85407], [-80.55029, 8.87138], [-80.55456, 8.87597], [-80.55258, 8.88396], [-80.55828, 8.88192], [-80.56284, 8.89431], [-80.55175, 8.90381], [-80.5523, 8.91516], [-80.54725, 8.91923], [-80.54478, 8.92817], [-80.54732, 8.94183], [-80.53095, 8.94738], [-80.52502, 8.93537], [-80.51356, 8.93596], [-80.51215, 8.93075], [-80.50644, 8.93186], [-80.50454, 8.92765], [-80.49693, 8.93001], [-80.48781, 8.92256], [-80.48415, 8.92482], [-80.46604, 8.924], [-80.45623, 8.91686], [-80.44662, 8.90269], [-80.4339, 8.89775], [-80.42272, 8.89428], [-80.39727, 8.89586], [-80.37627, 8.88724], [-80.36948, 8.88066], [-80.35669, 8.90856], [-80.23871, 8.96944], [-80.22912, 8.97344], [-80.21351, 8.97232], [-80.20878, 9.01699], [-80.20938, 9.03621], [-80.21472, 9.05347], [-80.2101, 9.06397], [-80.20084, 9.07132], [-80.19901, 9.07708], [-80.20365, 9.08481], [-80.20215, 9.09021], [-80.20636, 9.09233], [-80.20955, 9.10898], [-80.21697, 9.11715], [-80.20862, 9.12865], [-80.21006, 9.13668], [-80.2037, 9.14318], [-80.20832, 9.15264], [-80.20416, 9.15936], [-80.20906, 9.16391], [-80.205, 9.18958]]]}}, {"type": "Feature", "properties": {"admin2_pcode": "PA0404", "admin2_name": "Portobelo", "admin1_name": "Col\u00f3n"}, "geometry": {"type": "MultiPolygon", "coordinates": [[[[-79.80153, 9.43236], [-79.80542, 9.43042], [-79.80542, 9.42764], [-79.80097, 9.42903], [-79.80153, 9.43236]]], [[[-79.79764, 9.43792], [-79.80042, 9.43653], [-79.80042, 9.43319], [-79.79708, 9.43542], [-79.79764, 9.43792]]], [[[-79.68014, 9.54208], [-79.68208, 9.54153], [-79.68291, 9.53986], [-79.68153, 9.5393], [-79.68014, 9.54208]]], [[[-79.66375, 9.5907], [-79.66597, 9.59042], [-79.66653, 9.5893], [-79.66514, 9.58847], [-79.66375, 9.5907]]], [[[-79.66681, 9.59819], [-79.66792, 9.59625], [-79.66486, 9.59458], [-79.66458, 9.59653], [-79.66681, 9.59819]]], [[[-79.60042, 9.61958], [-79.60236, 9.61847], [-79.60209, 9.61736], [-79.5993, 9.61847], [-79.60042, 9.61958]]], [[[-79.5807, 9.62264], [-79.58958, 9.62069], [-79.58903, 9.61486], [-79.58097, 9.6157], [-79.5807, 9.62264]]], [[[-79.57736, 9.62708], [-79.57958, 9.62625], [-79.57875, 9.62431], [-79.57708, 9.62431], [-79.57736, 9.62708]]], [[[-79.5241, 9.58486], [-79.52792, 9.58597], [-79.52597, 9.59403], [-79.53736, 9.59153], [-79.54375, 9.59347], [-79.54181, 9.59764], [-79.53625, 9.59875], [-79.53458, 9.60403], [-79.52319, 9.60764], [-79.52375, 9.60903], [-79.53042, 9.60764], [-79.52792, 9.61292], [-79.52985, 9.61653], [-79.53875, 9.61736], [-79.53764, 9.6232], [-79.54153, 9.62431], [-79.53902, 9.63458], [-79.56181, 9.62542], [-79.56486, 9.61542], [-79.56847, 9.61931], [-79.57569, 9.61875], [-79.58791, 9.60486], [-79.60098, 9.61458], [-79.6068, 9.61347], [-79.60709, 9.6093], [-79.61264, 9.60986], [-79.61903, 9.61708], [-79.62431, 9.6157], [-79.62764, 9.61042], [-79.6357, 9.60903], [-79.63458, 9.59986], [-79.64208, 9.59764], [-79.6468, 9.59042], [-79.65624, 9.59376], [-79.6532, 9.58847], [-79.65681, 9.58403], [-79.66458, 9.58403], [-79.66431, 9.58042], [-79.66847, 9.58208], [-79.66764, 9.57236], [-79.67264, 9.57125], [-79.67792, 9.56403], [-79.68291, 9.56486], [-79.6757, 9.55653], [-79.65903, 9.56236], [-79.6593, 9.56847], [-79.65347, 9.56264], [-79.65764, 9.56153], [-79.6543, 9.55736], [-79.65598, 9.55431], [-79.67931, 9.54486], [-79.66903, 9.53319], [-79.68097, 9.52875], [-79.68792, 9.52125], [-79.68708, 9.51736], [-79.69209, 9.51181], [-79.68931, 9.50125], [-79.70375, 9.49542], [-79.71208, 9.48542], [-79.71875, 9.48542], [-79.72014, 9.48125], [-79.72514, 9.48347], [-79.72736, 9.47597], [-79.72486, 9.46931], [-79.73681, 9.46847], [-79.73542, 9.45986], [-79.73959, 9.45514], [-79.7382, 9.45207], [-79.74097, 9.45403], [-79.74403, 9.44708], [-79.75264, 9.44319], [-79.76986, 9.44514], [-79.77264, 9.44153], [-79.78458, 9.44181], [-79.78765, 9.43904], [-79.78542, 9.43542], [-79.79208, 9.43542], [-79.7907, 9.42875], [-79.79652, 9.43042], [-79.79514, 9.42625], [-79.80125, 9.42292], [-79.80125, 9.41875], [-79.80959, 9.41708], [-79.80987, 9.41405], [-79.79808, 9.41028], [-79.78676, 9.39725], [-79.76844, 9.39129], [-79.7623, 9.38371], [-79.75574, 9.38274], [-79.74634, 9.38965], [-79.73372, 9.38895], [-79.71096, 9.36888], [-79.66475, 9.36702], [-79.65773, 9.3811], [-79.658, 9.4277], [-79.64851, 9.43968], [-79.65257, 9.44802], [-79.65112, 9.45377], [-79.61558, 9.45357], [-79.59507, 9.47362], [-79.58266, 9.47294], [-79.56207, 9.48533], [-79.54064, 9.47482], [-79.53445, 9.47527], [-79.53147, 9.48126], [-79.51178, 9.48528], [-79.50673, 9.49077], [-79.49086, 9.49112], [-79.50937, 9.50237], [-79.52171, 9.49479], [-79.52871, 9.4957], [-79.52295, 9.51253], [-79.52439, 9.52829], [-79.53501, 9.54297], [-79.58427, 9.5542], [-79.57726, 9.56429], [-79.56449, 9.56802], [-79.54967, 9.56706], [-79.54187, 9.577], [-79.53132, 9.57882], [-79.5241, 9.58486]]], [[[-79.53069, 9.63653], [-79.53291, 9.63597], [-79.53291, 9.63347], [-79.53042, 9.63319], [-79.53069, 9.63653]]], [[[-79.52264, 9.63903], [-79.52431, 9.63847], [-79.52402, 9.63708], [-79.52236, 9.63736], [-79.52264, 9.63903]]], [[[-79.5593, 9.64097], [-79.56042, 9.6357], [-79.57097, 9.63125], [-79.56819, 9.62764], [-79.55514, 9.63681], [-79.5593, 9.64097]]], [[[-79.56125, 9.64736], [-79.56375, 9.64597], [-79.56347, 9.64458], [-79.56042, 9.64514], [-79.56125, 9.64736]]]]}}, {"type": "Feature", "properties": {"admin2_pcode": "PA0405", "admin2_name": "Santa Isabel", "admin1_name": "Col\u00f3n"}, "geometry": {"type": "Polygon", "coordinates": [[[-79.08028, 9.5582], [-79.0893, 9.56181], [-79.10764, 9.55542], [-79.11403, 9.55847], [-79.1132, 9.55653], [-79.1282, 9.55431], [-79.14514, 9.56097], [-79.15403, 9.55597], [-79.1507, 9.54986], [-79.15791, 9.54097], [-79.16264, 9.54542], [-79.15681, 9.54681], [-79.15651, 9.55264], [-79.1682, 9.55736], [-79.17431, 9.55625], [-79.1907, 9.54208], [-79.19736, 9.54069], [-79.19736, 9.53792], [-79.1993, 9.54125], [-79.21069, 9.5432], [-79.21375, 9.54986], [-79.21736, 9.54542], [-79.2318, 9.54569], [-79.26041, 9.55931], [-79.26458, 9.5568], [-79.26875, 9.5632], [-79.28015, 9.56903], [-79.28625, 9.56625], [-79.2932, 9.57069], [-79.29542, 9.56431], [-79.30708, 9.56625], [-79.31069, 9.56208], [-79.3082, 9.56819], [-79.32597, 9.58097], [-79.33459, 9.57903], [-79.33708, 9.57542], [-79.3482, 9.57958], [-79.34931, 9.57625], [-79.36097, 9.57347], [-79.37514, 9.57764], [-79.37653, 9.58236], [-79.38292, 9.5768], [-79.39403, 9.58319], [-79.42819, 9.58736], [-79.43208, 9.59376], [-79.43681, 9.59514], [-79.43847, 9.60375], [-79.44125, 9.59819], [-79.44514, 9.60014], [-79.45514, 9.59792], [-79.45875, 9.60458], [-79.46403, 9.60458], [-79.46264, 9.59931], [-79.46957, 9.59264], [-79.4668, 9.58653], [-79.47292, 9.58236], [-79.47791, 9.58403], [-79.47652, 9.58958], [-79.47903, 9.59097], [-79.49347, 9.58763], [-79.51319, 9.59319], [-79.51736, 9.58986], [-79.52042, 9.57792], [-79.52458, 9.57986], [-79.5241, 9.58486], [-79.53132, 9.57882], [-79.54187, 9.577], [-79.54967, 9.56706], [-79.56449, 9.56802], [-79.57726, 9.56429], [-79.58427, 9.5542], [-79.53501, 9.54297], [-79.52439, 9.52829], [-79.52295, 9.51253], [-79.52871, 9.4957], [-79.52171, 9.49479], [-79.50937, 9.50237], [-79.49086, 9.49112], [-79.48359, 9.48834], [-79.4741, 9.49489], [-79.4662, 9.50937], [-79.45274, 9.52334], [-79.43744, 9.50862], [-79.42278, 9.50352], [-79.41862, 9.50636], [-79.41801, 9.51459], [-79.40477, 9.51868], [-79.38727, 9.50842], [-79.3757, 9.50719], [-79.38668, 9.50096], [-79.39543, 9.48914], [-79.38276, 9.48033], [-79.37743, 9.47264], [-79.38035, 9.46155], [-79.37966, 9.44096], [-79.39107, 9.4327], [-79.41091, 9.42855], [-79.4135, 9.42162], [-79.40579, 9.42011], [-79.37929, 9.42947], [-79.37331, 9.43855], [-79.36211, 9.44396], [-79.35489, 9.44029], [-79.35194, 9.43141], [-79.34469, 9.43024], [-79.33606, 9.43404], [-79.3268, 9.44691], [-79.30956, 9.45451], [-79.29825, 9.44966], [-79.2849, 9.43514], [-79.27043, 9.44025], [-79.26364, 9.43259], [-79.26149, 9.42445], [-79.27107, 9.40963], [-79.27626, 9.39338], [-79.25864, 9.39863], [-79.2536, 9.39655], [-79.25768, 9.37545], [-79.2651, 9.36102], [-79.25944, 9.35134], [-79.25107, 9.3447], [-79.24504, 9.35394], [-79.23365, 9.35914], [-79.20846, 9.38147], [-79.19787, 9.38747], [-79.18306, 9.38652], [-79.17134, 9.39301], [-79.15474, 9.4278], [-79.14977, 9.44535], [-79.13264, 9.46769], [-79.10142, 9.48691], [-79.09586, 9.47943], [-79.09009, 9.47941], [-79.08028, 9.5582]]]}}, {"type": "Feature", "properties": {"admin2_pcode": "PA0501", "admin2_name": "Chepigana", "admin1_name": "Dari\u00e9n"}, "geometry": {"type": "MultiPolygon", "coordinates": [[[[-78.04708, 7.40708], [-78.04847, 7.40514], [-78.04569, 7.40403], [-78.04569, 7.40625], [-78.04708, 7.40708]]], [[[-78.21902, 7.54709], [-78.22014, 7.54653], [-78.22097, 7.54347], [-78.21875, 7.54458], [-78.21902, 7.54709]]], [[[-78.22791, 7.56903], [-78.22931, 7.56681], [-78.2282, 7.56431], [-78.22681, 7.56736], [-78.22791, 7.56903]]], [[[-78.27181, 7.66264], [-78.27319, 7.66208], [-78.27375, 7.65847], [-78.2718, 7.66014], [-78.27181, 7.66264]]], [[[-77.85597, 8.1918], [-77.86014, 8.19097], [-77.86042, 8.18986], [-77.8557, 8.19042], [-77.85597, 8.1918]]], [[[-78.01403, 8.23569], [-78.01347, 8.23181], [-78.00847, 8.22931], [-77.99375, 8.22931], [-78.00264, 8.23431], [-78.01403, 8.23569]]], [[[-78.37597, 8.32514], [-78.37736, 8.32514], [-78.37875, 8.32236], [-78.37514, 8.32208], [-78.37597, 8.32514]]], [[[-78.21653, 8.34458], [-78.21848, 8.34403], [-78.21736, 8.33597], [-78.2132, 8.34182], [-78.21653, 8.34458]]], [[[-78.35291, 8.34708], [-78.35486, 8.34292], [-78.3318, 8.33486], [-78.33986, 8.34264], [-78.35291, 8.34708]]], [[[-78.34514, 8.35486], [-78.34875, 8.35376], [-78.34903, 8.35125], [-78.3468, 8.3518], [-78.34514, 8.35486]]], [[[-78.12403, 8.36181], [-78.13014, 8.35986], [-78.13069, 8.35875], [-78.12514, 8.35958], [-78.12403, 8.36181]]], [[[-78.20431, 8.37653], [-78.2057, 8.37653], [-78.20486, 8.37403], [-78.20319, 8.37486], [-78.20431, 8.37653]]], [[[-78.20014, 8.37875], [-78.20181, 8.37681], [-78.19958, 8.3757], [-78.19958, 8.37708], [-78.20014, 8.37875]]], [[[-78.36486, 8.3807], [-78.36736, 8.37986], [-78.36569, 8.37653], [-78.36264, 8.37708], [-78.36486, 8.3807]]], [[[-78.1918, 8.38431], [-78.19292, 8.38431], [-78.19264, 8.38153], [-78.19125, 8.38208], [-78.1918, 8.38431]]], [[[-78.20653, 8.38569], [-78.20903, 8.38125], [-78.20541, 8.37847], [-78.20348, 8.38403], [-78.20653, 8.38569]]], [[[-78.18681, 8.38903], [-78.19014, 8.38819], [-78.19153, 8.38486], [-78.18597, 8.38653], [-78.18681, 8.38903]]], [[[-78.18625, 8.39708], [-78.18819, 8.39431], [-78.18764, 8.39292], [-78.18347, 8.39375], [-78.18625, 8.39708]]], [[[-78.18459, 8.42014], [-78.18653, 8.41931], [-78.18597, 8.41653], [-78.1832, 8.41847], [-78.18459, 8.42014]]], [[[-78.14597, 8.42514], [-78.14764, 8.42458], [-78.14653, 8.42208], [-78.14486, 8.42403], [-78.14597, 8.42514]]], [[[-78.14848, 8.42847], [-78.15041, 8.42736], [-78.14931, 8.42486], [-78.14792, 8.4257], [-78.14848, 8.42847]]], [[[-78.13875, 8.43042], [-78.13958, 8.42986], [-78.13819, 8.42792], [-78.13875, 8.42875], [-78.13875, 8.43042]]], [[[-78.14042, 8.43986], [-78.14125, 8.43764], [-78.13931, 8.43403], [-78.13875, 8.43764], [-78.14042, 8.43986]]], [[[-78.16042, 8.44514], [-78.16681, 8.44181], [-78.16708, 8.43347], [-78.16486, 8.42236], [-78.1593, 8.41819], [-78.1582, 8.42069], [-78.1507, 8.42014], [-78.15041, 8.42264], [-78.15097, 8.43014], [-78.15736, 8.43569], [-78.15764, 8.44319], [-78.16042, 8.44514]]], [[[-78.14902, 8.44569], [-78.15652, 8.44514], [-78.1543, 8.43375], [-78.14597, 8.43597], [-78.14902, 8.44569]]], [[[-78.32903, 8.45986], [-78.33014, 8.45847], [-78.32819, 8.45708], [-78.32792, 8.45875], [-78.32903, 8.45986]]], [[[-78.15208, 8.46236], [-78.1543, 8.46181], [-78.15153, 8.45958], [-78.15153, 8.46125], [-78.15208, 8.46236]]], [[[-78.27514, 8.46875], [-78.27736, 8.46819], [-78.27708, 8.46486], [-78.27402, 8.46736], [-78.27514, 8.46875]]], [[[-78.21792, 8.51819], [-78.21875, 8.51819], [-78.21875, 8.51486], [-78.21736, 8.51514], [-78.21792, 8.51819]]], [[[-78.12708, 8.53208], [-78.12764, 8.52931], [-78.12653, 8.52903], [-78.12542, 8.52986], [-78.12708, 8.53208]]], [[[-78.1218, 8.53236], [-78.12347, 8.53181], [-78.12097, 8.53014], [-78.1207, 8.53125], [-78.1218, 8.53236]]], [[[-78.40708, 8.5343], [-78.40708, 8.53097], [-78.40486, 8.52847], [-78.40403, 8.53236], [-78.40708, 8.5343]]], [[[-78.39514, 8.53458], [-78.39653, 8.53375], [-78.39597, 8.52986], [-78.39403, 8.53292], [-78.39514, 8.53458]]], [[[-78.12986, 8.53486], [-78.13042, 8.53319], [-78.1293, 8.53236], [-78.1282, 8.53319], [-78.12986, 8.53486]]], [[[-78.40459, 8.55181], [-78.40652, 8.5393], [-78.40542, 8.5357], [-78.40208, 8.54875], [-78.40459, 8.55181]]], [[[-77.72726, 7.73009], [-77.72987, 7.73853], [-77.73833, 7.74448], [-77.74314, 7.75424], [-77.7268, 7.78529], [-77.72692, 7.79799], [-77.71324, 7.81459], [-77.70458, 7.84147], [-77.68987, 7.86521], [-77.68918, 7.87717], [-77.67983, 7.8873], [-77.66678, 7.91009], [-77.66434, 7.92408], [-77.67012, 7.96157], [-77.80269, 8.11178], [-77.81396, 8.13766], [-77.83133, 8.16454], [-77.85179, 8.24565], [-77.87769, 8.3287], [-77.88122, 8.34952], [-77.90738, 8.3653], [-77.91695, 8.41053], [-77.92947, 8.41818], [-77.94097, 8.43501], [-77.96366, 8.43632], [-78.01447, 8.47166], [-78.03553, 8.46419], [-78.04175, 8.46588], [-78.05646, 8.48261], [-78.05632, 8.49255], [-78.05043, 8.50432], [-78.05341, 8.5258], [-78.06199, 8.54287], [-78.05434, 8.5486], [-78.04008, 8.54783], [-78.03722, 8.5554], [-78.03847, 8.57005], [-78.0294, 8.58464], [-78.03575, 8.59093], [-78.04935, 8.59443], [-78.05094, 8.60408], [-78.06923, 8.61362], [-78.04898, 8.65824], [-78.04785, 8.67133], [-78.06501, 8.7117], [-78.06599, 8.72941], [-78.07336, 8.74873], [-78.06253, 8.74996], [-78.0468, 8.73689], [-78.02947, 8.71052], [-78.01483, 8.69523], [-77.97519, 8.68919], [-77.96286, 8.68196], [-77.95449, 8.6857], [-77.95223, 8.70886], [-77.95605, 8.71677], [-77.95643, 8.72969], [-77.97391, 8.73962], [-77.97889, 8.73247], [-77.99575, 8.73703], [-78.01124, 8.75149], [-78.01685, 8.77112], [-78.02876, 8.77824], [-78.04941, 8.78161], [-78.06263, 8.79046], [-78.06958, 8.80809], [-78.06654, 8.8123], [-78.07118, 8.8194], [-78.07144, 8.83079], [-78.07741, 8.84637], [-78.08972, 8.85465], [-78.10439, 8.85493], [-78.11614, 8.8672], [-78.11444, 8.87961], [-78.10443, 8.9002], [-78.10915, 8.91204], [-78.11884, 8.91392], [-78.12944, 8.91173], [-78.13204, 8.91735], [-78.12127, 8.93199], [-78.11821, 8.93213], [-78.11838, 8.93702], [-78.15315, 8.92484], [-78.15101, 8.90984], [-78.16645, 8.8838], [-78.16359, 8.87043], [-78.16872, 8.86452], [-78.18249, 8.86041], [-78.20778, 8.87698], [-78.22155, 8.87704], [-78.22974, 8.87191], [-78.2345, 8.8763], [-78.24015, 8.87611], [-78.25381, 8.86481], [-78.26811, 8.84666], [-78.27496, 8.84402], [-78.28739, 8.84896], [-78.29343, 8.84781], [-78.30491, 8.83166], [-78.30255, 8.81551], [-78.31219, 8.80473], [-78.33172, 8.79594], [-78.34551, 8.79818], [-78.34914, 8.80626], [-78.34833, 8.82282], [-78.35368, 8.82847], [-78.39645, 8.83776], [-78.40397, 8.83758], [-78.42996, 8.82692], [-78.44009, 8.82834], [-78.45607, 8.8251], [-78.48284, 8.80495], [-78.47598, 8.78818], [-78.47987, 8.77613], [-78.48138, 8.75044], [-78.49181, 8.73849], [-78.50426, 8.73825], [-78.50508, 8.71947], [-78.51233, 8.69391], [-78.50739, 8.68451], [-78.49701, 8.6795], [-78.49528, 8.66092], [-78.482, 8.65528], [-78.47278, 8.64252], [-78.4761, 8.61061], [-78.48999, 8.60052], [-78.487, 8.5907], [-78.48749, 8.57269], [-78.4762, 8.5481], [-78.4771, 8.53432], [-78.46198, 8.51691], [-78.46039, 8.49768], [-78.44175, 8.47136], [-78.43018, 8.43848], [-78.4223, 8.39972], [-78.4184, 8.35889], [-78.42076, 8.34736], [-78.41625, 8.34542], [-78.41375, 8.35125], [-78.41125, 8.34903], [-78.40903, 8.35292], [-78.40236, 8.3518], [-78.39709, 8.34181], [-78.38764, 8.33653], [-78.3857, 8.36014], [-78.38287, 8.36432], [-78.38431, 8.3757], [-78.37872, 8.37793], [-78.37764, 8.38597], [-78.36708, 8.39431], [-78.36926, 8.41018], [-78.38568, 8.42169], [-78.39111, 8.43188], [-78.38831, 8.45727], [-78.3905, 8.48431], [-78.40509, 8.51709], [-78.41687, 8.52869], [-78.41632, 8.53168], [-78.40869, 8.52509], [-78.41132, 8.54291], [-78.40259, 8.56769], [-78.40082, 8.56513], [-78.4043, 8.55548], [-78.39978, 8.56048], [-78.3996, 8.53088], [-78.39722, 8.5307], [-78.39709, 8.54028], [-78.3941, 8.53589], [-78.39038, 8.53589], [-78.38849, 8.54071], [-78.39221, 8.54212], [-78.39008, 8.54547], [-78.3855, 8.54749], [-78.38263, 8.54529], [-78.38263, 8.53851], [-78.38818, 8.53772], [-78.3869, 8.53168], [-78.39111, 8.52271], [-78.38049, 8.49573], [-78.37671, 8.47168], [-78.37677, 8.42908], [-78.36932, 8.4223], [-78.36153, 8.42931], [-78.3568, 8.43931], [-78.34903, 8.44292], [-78.34962, 8.4482], [-78.33847, 8.45542], [-78.33375, 8.45236], [-78.3343, 8.46042], [-78.33041, 8.46403], [-78.32569, 8.4632], [-78.32347, 8.46851], [-78.31819, 8.46875], [-78.31264, 8.46097], [-78.3082, 8.46149], [-78.30986, 8.45403], [-78.30371, 8.44128], [-78.28709, 8.43903], [-78.2879, 8.44788], [-78.28479, 8.4469], [-78.28223, 8.4613], [-78.27899, 8.4621], [-78.27832, 8.46851], [-78.28082, 8.47028], [-78.27209, 8.46991], [-78.2583, 8.48212], [-78.26007, 8.48969], [-78.26875, 8.49711], [-78.26625, 8.49875], [-78.25542, 8.4882], [-78.25486, 8.48403], [-78.24625, 8.48486], [-78.24292, 8.48153], [-78.25514, 8.48097], [-78.26875, 8.46736], [-78.26764, 8.45486], [-78.25819, 8.4557], [-78.24958, 8.45236], [-78.24236, 8.43958], [-78.23209, 8.43708], [-78.23014, 8.45069], [-78.23264, 8.47208], [-78.22181, 8.48958], [-78.21875, 8.5057], [-78.22097, 8.51014], [-78.24069, 8.5207], [-78.24375, 8.53597], [-78.23875, 8.53319], [-78.23514, 8.54292], [-78.23458, 8.53653], [-78.2318, 8.53625], [-78.23319, 8.53208], [-78.22791, 8.52486], [-78.22347, 8.52681], [-78.2232, 8.53125], [-78.21848, 8.53069], [-78.2218, 8.52097], [-78.21986, 8.51875], [-78.21819, 8.52431], [-78.21375, 8.51292], [-78.21542, 8.50181], [-78.21208, 8.50431], [-78.20959, 8.50014], [-78.20736, 8.48986], [-78.21653, 8.49514], [-78.21625, 8.48792], [-78.22514, 8.46958], [-78.2243, 8.46458], [-78.21931, 8.4632], [-78.21069, 8.45375], [-78.21098, 8.44569], [-78.21597, 8.44097], [-78.2093, 8.44014], [-78.20736, 8.43458], [-78.21069, 8.43653], [-78.21069, 8.43069], [-78.21625, 8.42986], [-78.21625, 8.43653], [-78.21931, 8.43764], [-78.2207, 8.43292], [-78.2232, 8.43736], [-78.22708, 8.43208], [-78.23959, 8.42986], [-78.2532, 8.4368], [-78.25153, 8.42292], [-78.26708, 8.41125], [-78.26736, 8.40569], [-78.26236, 8.40236], [-78.25931, 8.38903], [-78.25542, 8.39319], [-78.25125, 8.39097], [-78.24903, 8.37847], [-78.2468, 8.38431], [-78.23736, 8.38486], [-78.23514, 8.38819], [-78.22569, 8.38617], [-78.22014, 8.39486], [-78.21736, 8.39347], [-78.21514, 8.39653], [-78.21458, 8.40347], [-78.20514, 8.40236], [-78.18958, 8.40875], [-78.18542, 8.42625], [-78.18764, 8.44208], [-78.19097, 8.44264], [-78.18875, 8.44958], [-78.18486, 8.44958], [-78.17709, 8.45903], [-78.17236, 8.45847], [-78.16292, 8.47014], [-78.1532, 8.47042], [-78.14236, 8.46542], [-78.1282, 8.44625], [-78.12209, 8.43125], [-78.11819, 8.42986], [-78.1057, 8.41181], [-78.10042, 8.41125], [-78.09792, 8.42153], [-78.10264, 8.44764], [-78.11459, 8.46014], [-78.1218, 8.48458], [-78.1207, 8.49319], [-78.10875, 8.5057], [-78.10653, 8.51292], [-78.1132, 8.51708], [-78.12125, 8.51597], [-78.12292, 8.51903], [-78.13653, 8.51292], [-78.12986, 8.52181], [-78.1357, 8.52847], [-78.13125, 8.53903], [-78.13153, 8.55486], [-78.14986, 8.58431], [-78.1507, 8.59875], [-78.14764, 8.58486], [-78.12875, 8.55986], [-78.12625, 8.53514], [-78.10264, 8.52236], [-78.09875, 8.5168], [-78.10291, 8.50208], [-78.11542, 8.48708], [-78.11208, 8.47347], [-78.09431, 8.45597], [-78.07764, 8.42625], [-78.07069, 8.42486], [-78.06819, 8.41708], [-78.05736, 8.42486], [-78.05319, 8.42403], [-78.03347, 8.41819], [-78.02097, 8.4032], [-78.02236, 8.40181], [-78.0293, 8.40847], [-78.03042, 8.41431], [-78.03514, 8.41764], [-78.0582, 8.42236], [-78.06264, 8.41514], [-78.06709, 8.41458], [-78.07764, 8.41958], [-78.07875, 8.40458], [-78.07153, 8.39208], [-78.07069, 8.38181], [-78.05708, 8.3607], [-78.05042, 8.33569], [-78.03848, 8.32153], [-78.03597, 8.31181], [-78.03098, 8.30903], [-78.03098, 8.2943], [-78.02514, 8.27042], [-78.00375, 8.25458], [-77.99014, 8.25653], [-77.9732, 8.25208], [-77.95097, 8.25097], [-77.92736, 8.23764], [-77.89069, 8.22708], [-77.87736, 8.21597], [-77.86681, 8.19653], [-77.85736, 8.19625], [-77.85014, 8.19153], [-77.84375, 8.17625], [-77.83847, 8.17347], [-77.84264, 8.16208], [-77.85098, 8.16275], [-77.85236, 8.18125], [-77.87431, 8.19153], [-77.88069, 8.20764], [-77.88875, 8.21514], [-77.91458, 8.22514], [-77.93125, 8.22681], [-77.95264, 8.23903], [-77.9732, 8.23736], [-77.97514, 8.23458], [-77.95653, 8.21292], [-77.93577, 8.20208], [-77.94319, 8.19672], [-77.95458, 8.20236], [-77.97736, 8.22431], [-77.99014, 8.22653], [-78.00014, 8.22347], [-78.01958, 8.22986], [-78.03014, 8.24153], [-78.03958, 8.26153], [-78.03848, 8.28153], [-78.04931, 8.30458], [-78.07958, 8.34069], [-78.09847, 8.34014], [-78.09486, 8.34514], [-78.11014, 8.35708], [-78.11819, 8.35708], [-78.12097, 8.36042], [-78.13347, 8.35792], [-78.12597, 8.36903], [-78.13514, 8.38736], [-78.1357, 8.40542], [-78.14709, 8.41819], [-78.15598, 8.41847], [-78.16042, 8.41375], [-78.16319, 8.39847], [-78.15903, 8.38236], [-78.17403, 8.36347], [-78.17542, 8.35375], [-78.18097, 8.35208], [-78.1768, 8.34208], [-78.1918, 8.33458], [-78.18403, 8.32125], [-78.19292, 8.31792], [-78.18653, 8.31514], [-78.18403, 8.30347], [-78.19264, 8.29903], [-78.1993, 8.28903], [-78.18903, 8.28014], [-78.20125, 8.28792], [-78.20264, 8.27958], [-78.22041, 8.2732], [-78.21792, 8.26764], [-78.22376, 8.26986], [-78.22625, 8.27486], [-78.23209, 8.27042], [-78.24153, 8.2757], [-78.25597, 8.29708], [-78.26097, 8.29597], [-78.26736, 8.28347], [-78.27875, 8.28653], [-78.27903, 8.28319], [-78.26625, 8.27431], [-78.26625, 8.26764], [-78.28347, 8.24708], [-78.28848, 8.25514], [-78.29459, 8.25514], [-78.29542, 8.25903], [-78.29847, 8.25514], [-78.30847, 8.25736], [-78.30431, 8.24237], [-78.29708, 8.23764], [-78.29514, 8.22847], [-78.29097, 8.22764], [-78.28875, 8.21986], [-78.27764, 8.21597], [-78.27708, 8.20792], [-78.27264, 8.20653], [-78.26958, 8.19764], [-78.26347, 8.19736], [-78.25236, 8.18736], [-78.24541, 8.18625], [-78.24986, 8.16014], [-78.24792, 8.14764], [-78.24958, 8.14347], [-78.25375, 8.14264], [-78.2507, 8.14013], [-78.25542, 8.12958], [-78.26153, 8.12542], [-78.25708, 8.11681], [-78.27264, 8.10903], [-78.3082, 8.07292], [-78.31097, 8.0757], [-78.33736, 8.0607], [-78.3568, 8.06458], [-78.36014, 8.06931], [-78.36764, 8.07181], [-78.37264, 8.07181], [-78.3782, 8.06569], [-78.4093, 8.07014], [-78.41348, 8.07597], [-78.40681, 8.07736], [-78.40681, 8.08653], [-78.41264, 8.09125], [-78.40625, 8.1082], [-78.42208, 8.10569], [-78.43847, 8.08458], [-78.44125, 8.08542], [-78.44736, 8.07069], [-78.44569, 8.06208], [-78.4493, 8.06097], [-78.44847, 8.05597], [-78.44514, 8.05542], [-78.44681, 8.04403], [-78.4418, 8.0407], [-78.44292, 8.03597], [-78.4407, 8.03819], [-78.43764, 8.03625], [-78.43291, 8.02153], [-78.43014, 8.02292], [-78.42152, 8.01125], [-78.4257, 8.00097], [-78.42208, 7.98403], [-78.42403, 7.9793], [-78.41959, 7.97542], [-78.41624, 7.96458], [-78.41236, 7.96264], [-78.41153, 7.94958], [-78.40764, 7.94597], [-78.39902, 7.92264], [-78.40041, 7.91597], [-78.39458, 7.91403], [-78.3932, 7.90653], [-78.38875, 7.90375], [-78.38486, 7.90514], [-78.3793, 7.89764], [-78.35931, 7.88569], [-78.35486, 7.87625], [-78.34486, 7.87236], [-78.3393, 7.85292], [-78.3418, 7.84764], [-78.33847, 7.84764], [-78.33097, 7.82597], [-78.31597, 7.80847], [-78.30542, 7.78569], [-78.2907, 7.76542], [-78.28764, 7.74903], [-78.28125, 7.74125], [-78.2793, 7.72375], [-78.28125, 7.71708], [-78.29181, 7.71125], [-78.29792, 7.70264], [-78.29819, 7.69153], [-78.2943, 7.69153], [-78.30179, 7.68875], [-78.29598, 7.68236], [-78.28736, 7.68736], [-78.27402, 7.68014], [-78.27236, 7.68431], [-78.27125, 7.68125], [-78.27625, 7.67764], [-78.27125, 7.66514], [-78.26347, 7.67403], [-78.25931, 7.67375], [-78.25236, 7.66847], [-78.25208, 7.66292], [-78.2457, 7.66431], [-78.2393, 7.65819], [-78.24125, 7.64792], [-78.23736, 7.63569], [-78.22708, 7.63597], [-78.2218, 7.6268], [-78.2168, 7.62597], [-78.21098, 7.6182], [-78.20597, 7.61875], [-78.19651, 7.60014], [-78.19791, 7.59236], [-78.20736, 7.59153], [-78.20597, 7.58431], [-78.21098, 7.5782], [-78.20625, 7.56569], [-78.20653, 7.55597], [-78.20292, 7.55625], [-78.19847, 7.56931], [-78.20181, 7.57958], [-78.20014, 7.58375], [-78.1918, 7.57681], [-78.19319, 7.58236], [-78.18236, 7.58375], [-78.17152, 7.57542], [-78.18014, 7.56542], [-78.17431, 7.55958], [-78.1768, 7.5407], [-78.18181, 7.54431], [-78.18681, 7.53903], [-78.18264, 7.53569], [-78.18542, 7.52514], [-78.18264, 7.5157], [-78.17736, 7.52015], [-78.17042, 7.51653], [-78.17208, 7.52264], [-78.17069, 7.52764], [-78.16986, 7.52764], [-78.17069, 7.52403], [-78.16708, 7.52319], [-78.15569, 7.52847], [-78.1682, 7.5182], [-78.1293, 7.49236], [-78.12847, 7.4868], [-78.13319, 7.48625], [-78.13375, 7.47903], [-78.12597, 7.47487], [-78.12403, 7.46293], [-78.11181, 7.45653], [-78.10597, 7.44764], [-78.10208, 7.44986], [-78.09764, 7.44347], [-78.09153, 7.44625], [-78.07792, 7.43125], [-78.07514, 7.42069], [-78.06958, 7.41403], [-78.06014, 7.42069], [-78.05959, 7.42681], [-78.0507, 7.42875], [-78.04542, 7.42653], [-78.04652, 7.41625], [-78.04125, 7.41375], [-78.04041, 7.40931], [-78.04736, 7.40042], [-78.04459, 7.39014], [-78.04041, 7.38931], [-78.04097, 7.38625], [-78.03597, 7.38792], [-78.03792, 7.39208], [-78.02847, 7.39292], [-78.02541, 7.38597], [-78.02236, 7.38708], [-78.02236, 7.38042], [-78.0268, 7.37986], [-78.02514, 7.37514], [-78.02903, 7.37097], [-78.02875, 7.35208], [-78.02402, 7.35154], [-78.02348, 7.33875], [-78.01958, 7.33792], [-78.01986, 7.33403], [-78.0107, 7.33125], [-78.00764, 7.3257], [-77.99903, 7.32181], [-77.9968, 7.31153], [-77.99931, 7.3057], [-77.99625, 7.30736], [-77.99764, 7.30347], [-77.99541, 7.30653], [-77.99264, 7.30542], [-77.98764, 7.29625], [-77.98458, 7.29737], [-77.98042, 7.29236], [-77.97736, 7.29375], [-77.97542, 7.28792], [-77.9657, 7.28347], [-77.96542, 7.28042], [-77.9568, 7.28042], [-77.95625, 7.27653], [-77.95181, 7.27681], [-77.94903, 7.26403], [-77.93958, 7.26347], [-77.94153, 7.25819], [-77.92653, 7.25292], [-77.92486, 7.24597], [-77.9193, 7.24458], [-77.9193, 7.24181], [-77.91125, 7.24181], [-77.90986, 7.23625], [-77.90598, 7.23931], [-77.89736, 7.23625], [-77.89848, 7.23097], [-77.89597, 7.22653], [-77.89347, 7.22736], [-77.89347, 7.22153], [-77.88736, 7.2232], [-77.88338, 7.21842], [-77.88159, 7.222], [-77.83801, 7.38561], [-77.8089, 7.4633], [-77.80191, 7.46788], [-77.79352, 7.45121], [-77.77937, 7.45435], [-77.76255, 7.44812], [-77.75001, 7.46516], [-77.72931, 7.4745], [-77.72007, 7.49624], [-77.72349, 7.49728], [-77.71902, 7.51201], [-77.74089, 7.5655], [-77.74977, 7.57901], [-77.75301, 7.59155], [-77.75156, 7.60357], [-77.76056, 7.61067], [-77.76858, 7.6367], [-77.7672, 7.64566], [-77.75703, 7.66142], [-77.74837, 7.71521], [-77.74377, 7.72439], [-77.72726, 7.73009]], [[-78.16492, 8.08068], [-78.15825, 8.07062], [-78.15587, 8.05656], [-78.1397, 8.04104], [-78.13471, 8.03971], [-78.13451, 8.03348], [-78.11991, 8.02025], [-78.11458, 7.99328], [-78.10748, 7.97789], [-78.09306, 7.97354], [-78.08656, 7.96548], [-78.0822, 7.94387], [-78.08593, 7.92714], [-78.0844, 7.91896], [-78.07719, 7.91791], [-78.03326, 7.95176], [-78.02372, 7.94747], [-78.01714, 7.92519], [-78.00629, 7.90347], [-78.00509, 7.88639], [-77.99848, 7.87235], [-77.99257, 7.8438], [-77.98432, 7.8335], [-77.98007, 7.79816], [-77.97643, 7.79506], [-77.96023, 7.79391], [-77.95617, 7.78916], [-77.94774, 7.75857], [-77.9486, 7.74549], [-77.95679, 7.7354], [-77.95124, 7.72512], [-77.94769, 7.70719], [-77.94971, 7.68937], [-77.94392, 7.67735], [-77.94482, 7.62329], [-77.96351, 7.61069], [-77.97063, 7.60022], [-77.98814, 7.59083], [-77.99502, 7.59089], [-78.00076, 7.59581], [-78.00944, 7.61954], [-78.03847, 7.61312], [-78.04328, 7.59231], [-78.05698, 7.58218], [-78.06318, 7.5812], [-78.07741, 7.6208], [-78.08238, 7.65264], [-78.09437, 7.64821], [-78.12525, 7.67361], [-78.14589, 7.67932], [-78.18175, 7.66456], [-78.18766, 7.67299], [-78.20575, 7.68407], [-78.2149, 7.6974], [-78.23354, 7.71506], [-78.26846, 7.76958], [-78.27516, 7.79024], [-78.27592, 7.8062], [-78.28207, 7.82123], [-78.29491, 7.8396], [-78.29611, 7.85845], [-78.31693, 7.85914], [-78.33568, 7.90243], [-78.33564, 7.91388], [-78.32531, 7.93073], [-78.33666, 7.94064], [-78.33744, 7.94502], [-78.32618, 7.96382], [-78.29681, 7.96531], [-78.27913, 7.98453], [-78.26447, 7.98961], [-78.25741, 7.99613], [-78.22625, 7.9831], [-78.21434, 7.98321], [-78.21018, 7.98626], [-78.20163, 8.00316], [-78.21164, 8.01907], [-78.2092, 8.03961], [-78.22023, 8.04871], [-78.23465, 8.05319], [-78.23374, 8.06573], [-78.21368, 8.07803], [-78.19732, 8.08166], [-78.18341, 8.097], [-78.16492, 8.08068]]]]}}, {"type": "Feature", "properties": {"admin2_pcode": "PA0502", "admin2_name": "Pinogana", "admin1_name": "Dari\u00e9n"}, "geometry": {"type": "Polygon", "coordinates": [[[-77.70589, 8.76791], [-77.69466, 8.76729], [-77.69094, 8.77083], [-77.69764, 8.79419], [-77.69901, 8.81392], [-77.71099, 8.82551], [-77.72283, 8.82689], [-77.73481, 8.83442], [-77.73881, 8.85597], [-77.74542, 8.86348], [-77.75541, 8.87031], [-77.80153, 8.88918], [-77.81745, 8.90715], [-77.83484, 8.90745], [-77.84617, 8.91743], [-77.86936, 8.95494], [-77.86443, 8.96252], [-77.86535, 8.96616], [-77.89323, 8.98455], [-77.90158, 8.99879], [-77.91524, 9.0013], [-77.91246, 9.01375], [-77.91552, 9.0206], [-77.93525, 9.02538], [-77.93741, 9.03631], [-77.94192, 9.03946], [-77.95763, 9.04094], [-77.96216, 9.04907], [-77.97405, 9.05637], [-77.98633, 9.07233], [-78.0051, 9.08082], [-78.01175, 9.08758], [-78.02886, 9.09275], [-78.0488, 9.08946], [-78.0528, 9.08589], [-78.05972, 9.05782], [-78.05565, 9.04829], [-78.05836, 9.04096], [-78.07211, 9.03189], [-78.08579, 9.02961], [-78.09394, 9.02111], [-78.09513, 9.00148], [-78.10742, 8.98879], [-78.11277, 8.97782], [-78.10717, 8.96318], [-78.10905, 8.94637], [-78.11838, 8.93702], [-78.11821, 8.93213], [-78.12127, 8.93199], [-78.13204, 8.91735], [-78.12944, 8.91173], [-78.11884, 8.91392], [-78.10915, 8.91204], [-78.10443, 8.9002], [-78.11444, 8.87961], [-78.11614, 8.8672], [-78.10439, 8.85493], [-78.08972, 8.85465], [-78.07741, 8.84637], [-78.07144, 8.83079], [-78.07118, 8.8194], [-78.06654, 8.8123], [-78.06958, 8.80809], [-78.06263, 8.79046], [-78.04941, 8.78161], [-78.02876, 8.77824], [-78.01685, 8.77112], [-78.01124, 8.75149], [-77.99575, 8.73703], [-77.97889, 8.73247], [-77.97391, 8.73962], [-77.95643, 8.72969], [-77.95605, 8.71677], [-77.95223, 8.70886], [-77.95449, 8.6857], [-77.96286, 8.68196], [-77.97519, 8.68919], [-78.01483, 8.69523], [-78.02947, 8.71052], [-78.0468, 8.73689], [-78.06253, 8.74996], [-78.07336, 8.74873], [-78.06599, 8.72941], [-78.06501, 8.7117], [-78.04785, 8.67133], [-78.04898, 8.65824], [-78.06923, 8.61362], [-78.05094, 8.60408], [-78.04935, 8.59443], [-78.03575, 8.59093], [-78.0294, 8.58464], [-78.03847, 8.57005], [-78.03722, 8.5554], [-78.04008, 8.54783], [-78.05434, 8.5486], [-78.06199, 8.54287], [-78.05341, 8.5258], [-78.05043, 8.50432], [-78.05632, 8.49255], [-78.05646, 8.48261], [-78.04175, 8.46588], [-78.03553, 8.46419], [-78.01447, 8.47166], [-77.96366, 8.43632], [-77.94097, 8.43501], [-77.92947, 8.41818], [-77.91695, 8.41053], [-77.90738, 8.3653], [-77.88122, 8.34952], [-77.87769, 8.3287], [-77.85179, 8.24565], [-77.83133, 8.16454], [-77.81396, 8.13766], [-77.80269, 8.11178], [-77.67012, 7.96157], [-77.66434, 7.92408], [-77.66678, 7.91009], [-77.67983, 7.8873], [-77.68918, 7.87717], [-77.68987, 7.86521], [-77.70458, 7.84147], [-77.71324, 7.81459], [-77.72692, 7.79799], [-77.7268, 7.78529], [-77.74314, 7.75424], [-77.73833, 7.74448], [-77.72987, 7.73853], [-77.72726, 7.73009], [-77.70151, 7.7213], [-77.68574, 7.70431], [-77.68444, 7.69443], [-77.65569, 7.67582], [-77.64105, 7.62402], [-77.64072, 7.60976], [-77.63288, 7.58844], [-77.62257, 7.57172], [-77.61872, 7.54764], [-77.6045, 7.53855], [-77.59596, 7.52264], [-77.57048, 7.51367], [-77.537, 7.55572], [-77.5341, 7.56193], [-77.53548, 7.5729], [-77.52306, 7.5908], [-77.51276, 7.59768], [-77.49506, 7.59781], [-77.49033, 7.60059], [-77.47456, 7.63501], [-77.47579, 7.6529], [-77.45067, 7.65943], [-77.44292, 7.67461], [-77.42421, 7.685], [-77.40819, 7.71183], [-77.40293, 7.71352], [-77.3877, 7.70796], [-77.36613, 7.72596], [-77.36243, 7.7352], [-77.34433, 7.74874], [-77.32021, 7.74619], [-77.31679, 7.74856], [-77.3201, 7.7701], [-77.34946, 7.82543], [-77.35291, 7.84311], [-77.34991, 7.87386], [-77.32736, 7.90345], [-77.30112, 7.91847], [-77.28246, 7.91453], [-77.24659, 7.92829], [-77.23603, 7.92771], [-77.23167, 7.9236], [-77.21967, 7.9215], [-77.20506, 7.92721], [-77.18679, 7.92361], [-77.17372, 7.93473], [-77.17369, 7.93887], [-77.19949, 7.9682], [-77.19517, 7.97338], [-77.17946, 7.97147], [-77.17498, 7.97788], [-77.19456, 7.99216], [-77.19927, 8.00546], [-77.21655, 8.02381], [-77.2221, 8.03666], [-77.22626, 8.05456], [-77.21804, 8.08831], [-77.21897, 8.09795], [-77.22892, 8.1287], [-77.22733, 8.14339], [-77.2437, 8.15554], [-77.24487, 8.17443], [-77.35586, 8.14915], [-77.37082, 8.13726], [-77.39212, 8.13318], [-77.40187, 8.13928], [-77.40821, 8.13215], [-77.42064, 8.13431], [-77.43267, 8.12292], [-77.44151, 8.1221], [-77.44675, 8.11794], [-77.44627, 8.10067], [-77.45385, 8.09597], [-77.45934, 8.08686], [-77.46947, 8.09505], [-77.47679, 8.09696], [-77.4849, 8.09627], [-77.49155, 8.08974], [-77.49931, 8.0989], [-77.51347, 8.09074], [-77.52137, 8.09327], [-77.52541, 8.08555], [-77.54497, 8.07733], [-77.55076, 8.0783], [-77.56578, 8.10448], [-77.57375, 8.10994], [-77.58003, 8.12056], [-77.58779, 8.1232], [-77.60833, 8.11864], [-77.60343, 8.12865], [-77.60842, 8.12861], [-77.61332, 8.1372], [-77.6093, 8.14161], [-77.61014, 8.14997], [-77.60593, 8.15171], [-77.60622, 8.15624], [-77.60944, 8.15701], [-77.61641, 8.18579], [-77.62372, 8.20095], [-77.66045, 8.22928], [-77.71443, 8.2509], [-77.72918, 8.25297], [-77.73501, 8.27388], [-77.73132, 8.28819], [-77.74734, 8.28656], [-77.75495, 8.29192], [-77.76175, 8.30872], [-77.77008, 8.31152], [-77.76555, 8.32282], [-77.78053, 8.32697], [-77.78199, 8.34349], [-77.78797, 8.34876], [-77.79506, 8.34996], [-77.79672, 8.36864], [-77.80175, 8.37751], [-77.80124, 8.38631], [-77.80637, 8.40161], [-77.81251, 8.39586], [-77.81742, 8.39638], [-77.81906, 8.41444], [-77.80924, 8.41984], [-77.80683, 8.42509], [-77.80916, 8.44419], [-77.81483, 8.45351], [-77.81585, 8.46298], [-77.82168, 8.46342], [-77.8249, 8.47032], [-77.83476, 8.47329], [-77.84, 8.48057], [-77.83431, 8.5004], [-77.83875, 8.5023], [-77.85425, 8.49757], [-77.86438, 8.50288], [-77.86306, 8.50971], [-77.8655, 8.5132], [-77.88094, 8.51882], [-77.86583, 8.53404], [-77.86469, 8.5396], [-77.87055, 8.54353], [-77.87273, 8.55657], [-77.88223, 8.55913], [-77.88779, 8.56682], [-77.8954, 8.57059], [-77.89848, 8.58387], [-77.89676, 8.59346], [-77.9058, 8.60095], [-77.90864, 8.62332], [-77.89904, 8.64374], [-77.8821, 8.64709], [-77.8691, 8.65849], [-77.86354, 8.67941], [-77.83865, 8.70262], [-77.83155, 8.7295], [-77.78453, 8.74168], [-77.77354, 8.75911], [-77.75811, 8.77015], [-77.72152, 8.7779], [-77.70589, 8.76791]]]}}, {"type": "Feature", "properties": {"admin2_pcode": "PA0601", "admin2_name": "C\u00e9maco", "admin1_name": "Ember\u00e1"}, "geometry": {"type": "Polygon", "coordinates": [[[-77.70589, 8.76791], [-77.72152, 8.7779], [-77.75811, 8.77015], [-77.77354, 8.75911], [-77.78453, 8.74168], [-77.83155, 8.7295], [-77.83865, 8.70262], [-77.86354, 8.67941], [-77.8691, 8.65849], [-77.8821, 8.64709], [-77.89904, 8.64374], [-77.90864, 8.62332], [-77.9058, 8.60095], [-77.89676, 8.59346], [-77.89848, 8.58387], [-77.8954, 8.57059], [-77.88779, 8.56682], [-77.88223, 8.55913], [-77.87273, 8.55657], [-77.87055, 8.54353], [-77.86469, 8.5396], [-77.86583, 8.53404], [-77.88094, 8.51882], [-77.8655, 8.5132], [-77.86306, 8.50971], [-77.86438, 8.50288], [-77.85425, 8.49757], [-77.83875, 8.5023], [-77.83431, 8.5004], [-77.84, 8.48057], [-77.83476, 8.47329], [-77.8249, 8.47032], [-77.82168, 8.46342], [-77.81585, 8.46298], [-77.81483, 8.45351], [-77.80916, 8.44419], [-77.80683, 8.42509], [-77.80924, 8.41984], [-77.81906, 8.41444], [-77.81742, 8.39638], [-77.81251, 8.39586], [-77.80637, 8.40161], [-77.80124, 8.38631], [-77.80175, 8.37751], [-77.79672, 8.36864], [-77.79506, 8.34996], [-77.78797, 8.34876], [-77.78199, 8.34349], [-77.78053, 8.32697], [-77.76555, 8.32282], [-77.77008, 8.31152], [-77.76175, 8.30872], [-77.75495, 8.29192], [-77.74734, 8.28656], [-77.73132, 8.28819], [-77.73501, 8.27388], [-77.72918, 8.25297], [-77.71443, 8.2509], [-77.66045, 8.22928], [-77.62372, 8.20095], [-77.61641, 8.18579], [-77.60944, 8.15701], [-77.60622, 8.15624], [-77.60593, 8.15171], [-77.61014, 8.14997], [-77.6093, 8.14161], [-77.61332, 8.1372], [-77.60842, 8.12861], [-77.60343, 8.12865], [-77.60833, 8.11864], [-77.58779, 8.1232], [-77.58003, 8.12056], [-77.57375, 8.10994], [-77.56578, 8.10448], [-77.55076, 8.0783], [-77.54497, 8.07733], [-77.52541, 8.08555], [-77.52137, 8.09327], [-77.51347, 8.09074], [-77.49931, 8.0989], [-77.49155, 8.08974], [-77.4849, 8.09627], [-77.47679, 8.09696], [-77.46947, 8.09505], [-77.45934, 8.08686], [-77.45385, 8.09597], [-77.44627, 8.10067], [-77.44675, 8.11794], [-77.44151, 8.1221], [-77.43267, 8.12292], [-77.42064, 8.13431], [-77.40821, 8.13215], [-77.40187, 8.13928], [-77.39212, 8.13318], [-77.37082, 8.13726], [-77.35586, 8.14915], [-77.24487, 8.17443], [-77.24015, 8.17653], [-77.23932, 8.18057], [-77.24458, 8.17795], [-77.25468, 8.2066], [-77.26922, 8.2214], [-77.29401, 8.22665], [-77.29817, 8.23238], [-77.30028, 8.25189], [-77.32082, 8.27322], [-77.32265, 8.29665], [-77.33633, 8.31544], [-77.34235, 8.3338], [-77.33382, 8.37103], [-77.34312, 8.38311], [-77.34493, 8.39503], [-77.36269, 8.42381], [-77.37497, 8.43809], [-77.37923, 8.43821], [-77.40308, 8.47622], [-77.42942, 8.47986], [-77.44268, 8.47745], [-77.44404, 8.49809], [-77.46151, 8.52367], [-77.48157, 8.54248], [-77.50447, 8.59612], [-77.51949, 8.60144], [-77.54277, 8.59314], [-77.5599, 8.60623], [-77.58099, 8.64005], [-77.57822, 8.65149], [-77.56845, 8.66713], [-77.57349, 8.68142], [-77.58119, 8.68332], [-77.59551, 8.69353], [-77.61148, 8.69423], [-77.62505, 8.71926], [-77.62771, 8.73299], [-77.63991, 8.73768], [-77.64327, 8.74664], [-77.66073, 8.75423], [-77.67269, 8.74924], [-77.68108, 8.76173], [-77.70138, 8.7634], [-77.70589, 8.76791]]]}}, {"type": "Feature", "properties": {"admin2_pcode": "PA0602", "admin2_name": "Samb\u00fa", "admin1_name": "Ember\u00e1"}, "geometry": {"type": "Polygon", "coordinates": [[[-78.16492, 8.08068], [-78.18341, 8.097], [-78.19732, 8.08166], [-78.21368, 8.07803], [-78.23374, 8.06573], [-78.23465, 8.05319], [-78.22023, 8.04871], [-78.2092, 8.03961], [-78.21164, 8.01907], [-78.20163, 8.00316], [-78.21018, 7.98626], [-78.21434, 7.98321], [-78.22625, 7.9831], [-78.25741, 7.99613], [-78.26447, 7.98961], [-78.27913, 7.98453], [-78.29681, 7.96531], [-78.32618, 7.96382], [-78.33744, 7.94502], [-78.33666, 7.94064], [-78.32531, 7.93073], [-78.33564, 7.91388], [-78.33568, 7.90243], [-78.31693, 7.85914], [-78.29611, 7.85845], [-78.29491, 7.8396], [-78.28207, 7.82123], [-78.27592, 7.8062], [-78.27516, 7.79024], [-78.26846, 7.76958], [-78.23354, 7.71506], [-78.2149, 7.6974], [-78.20575, 7.68407], [-78.18766, 7.67299], [-78.18175, 7.66456], [-78.14589, 7.67932], [-78.12525, 7.67361], [-78.09437, 7.64821], [-78.08238, 7.65264], [-78.07741, 7.6208], [-78.06318, 7.5812], [-78.05698, 7.58218], [-78.04328, 7.59231], [-78.03847, 7.61312], [-78.00944, 7.61954], [-78.00076, 7.59581], [-77.99502, 7.59089], [-77.98814, 7.59083], [-77.97063, 7.60022], [-77.96351, 7.61069], [-77.94482, 7.62329], [-77.94392, 7.67735], [-77.94971, 7.68937], [-77.94769, 7.70719], [-77.95124, 7.72512], [-77.95679, 7.7354], [-77.9486, 7.74549], [-77.94774, 7.75857], [-77.95617, 7.78916], [-77.96023, 7.79391], [-77.97643, 7.79506], [-77.98007, 7.79816], [-77.98432, 7.8335], [-77.99257, 7.8438], [-77.99848, 7.87235], [-78.00509, 7.88639], [-78.00629, 7.90347], [-78.01714, 7.92519], [-78.02372, 7.94747], [-78.03326, 7.95176], [-78.07719, 7.91791], [-78.0844, 7.91896], [-78.08593, 7.92714], [-78.0822, 7.94387], [-78.08656, 7.96548], [-78.09306, 7.97354], [-78.10748, 7.97789], [-78.11458, 7.99328], [-78.11991, 8.02025], [-78.13451, 8.03348], [-78.13471, 8.03971], [-78.1397, 8.04104], [-78.15587, 8.05656], [-78.15825, 8.07062], [-78.16492, 8.08068]]]}}, {"type": "Feature", "properties": {"admin2_pcode": "PA0701", "admin2_name": "Chitr\u00e9", "admin1_name": "Herrera"}, "geometry": {"type": "Polygon", "coordinates": [[[-80.44653, 8.02569], [-80.45388, 8.01437], [-80.45689, 8.01655], [-80.45472, 8.02262], [-80.45818, 8.02426], [-80.46148, 8.01555], [-80.45896, 8.01211], [-80.47626, 7.99909], [-80.4855, 7.98471], [-80.4841, 7.98051], [-80.48932, 7.97851], [-80.49084, 7.97238], [-80.49687, 7.97081], [-80.50329, 7.94218], [-80.50677, 7.92338], [-80.49894, 7.91856], [-80.488, 7.92426], [-80.47572, 7.93698], [-80.46244, 7.93495], [-80.45527, 7.92256], [-80.4549, 7.93594], [-80.44364, 7.92977], [-80.42014, 7.9408], [-80.41577, 7.93881], [-80.41039, 7.94751], [-80.39736, 7.95302], [-80.39716, 7.95837], [-80.38376, 7.9718], [-80.38478, 7.97641], [-80.3924, 7.98019], [-80.39382, 7.98764], [-80.36625, 8.00403], [-80.37153, 8.00486], [-80.38763, 7.99625], [-80.3932, 8.00292], [-80.4032, 8.00153], [-80.40542, 8.00625], [-80.4157, 8.01014], [-80.42958, 8.02125], [-80.44431, 8.02236], [-80.44653, 8.02569]]]}}, {"type": "Feature", "properties": {"admin2_pcode": "PA0702", "admin2_name": "Las Minas", "admin1_name": "Herrera"}, "geometry": {"type": "Polygon", "coordinates": [[[-80.73712, 7.84581], [-80.75109, 7.84594], [-80.75531, 7.83968], [-80.77098, 7.84099], [-80.78035, 7.80813], [-80.78505, 7.80396], [-80.80719, 7.80083], [-80.82152, 7.80902], [-80.83573, 7.79441], [-80.83437, 7.78807], [-80.83703, 7.78294], [-80.85611, 7.77793], [-80.86274, 7.78011], [-80.88637, 7.77868], [-80.89107, 7.78337], [-80.9039, 7.78517], [-80.92126, 7.77526], [-80.93604, 7.76012], [-80.9258, 7.76077], [-80.90051, 7.74404], [-80.90059, 7.73508], [-80.90739, 7.73108], [-80.89951, 7.68663], [-80.89531, 7.67856], [-80.82268, 7.55754], [-80.81062, 7.54944], [-80.79336, 7.5458], [-80.78594, 7.596], [-80.79016, 7.59886], [-80.78859, 7.60793], [-80.79253, 7.62173], [-80.78361, 7.63235], [-80.76665, 7.63165], [-80.75772, 7.62674], [-80.73598, 7.63757], [-80.70414, 7.73748], [-80.70063, 7.76578], [-80.70331, 7.7709], [-80.69872, 7.77474], [-80.69658, 7.78375], [-80.70036, 7.80516], [-80.71964, 7.8155], [-80.73712, 7.84581]]]}}, {"type": "Feature", "properties": {"admin2_pcode": "PA0703", "admin2_name": "Los Pozos", "admin1_name": "Herrera"}, "geometry": {"type": "Polygon", "coordinates": [[[-80.58356, 7.7876], [-80.59683, 7.78578], [-80.61217, 7.79358], [-80.61812, 7.80014], [-80.64432, 7.80689], [-80.66077, 7.82493], [-80.66236, 7.81964], [-80.70036, 7.80516], [-80.69658, 7.78375], [-80.69872, 7.77474], [-80.70331, 7.7709], [-80.70063, 7.76578], [-80.70414, 7.73748], [-80.73598, 7.63757], [-80.75772, 7.62674], [-80.76665, 7.63165], [-80.78361, 7.63235], [-80.79253, 7.62173], [-80.78859, 7.60793], [-80.79016, 7.59886], [-80.78594, 7.596], [-80.79336, 7.5458], [-80.76516, 7.54121], [-80.7562, 7.53432], [-80.74815, 7.52015], [-80.73465, 7.51013], [-80.72941, 7.51093], [-80.67418, 7.57717], [-80.63991, 7.63388], [-80.63906, 7.6429], [-80.62852, 7.65128], [-80.61499, 7.65514], [-80.60261, 7.65173], [-80.59666, 7.66304], [-80.58579, 7.66119], [-80.57634, 7.68633], [-80.56866, 7.6893], [-80.56351, 7.71139], [-80.57291, 7.72789], [-80.57328, 7.73646], [-80.56842, 7.74163], [-80.57321, 7.74383], [-80.57762, 7.73973], [-80.57653, 7.74891], [-80.57983, 7.75333], [-80.58594, 7.75336], [-80.59202, 7.76596], [-80.58922, 7.77082], [-80.59279, 7.78016], [-80.58356, 7.7876]]]}}, {"type": "Feature", "properties": {"admin2_pcode": "PA0704", "admin2_name": "Oc\u00fa", "admin1_name": "Herrera"}, "geometry": {"type": "Polygon", "coordinates": [[[-80.79406, 8.06231], [-80.80467, 8.06271], [-80.81108, 8.06866], [-80.81799, 8.06502], [-80.82449, 8.06619], [-80.83612, 8.06629], [-80.8426, 8.05687], [-80.83419, 8.03813], [-80.8358, 8.0296], [-80.82869, 8.02734], [-80.82128, 8.01699], [-80.81499, 7.99909], [-80.82831, 7.99669], [-80.83435, 7.97967], [-80.83983, 7.97886], [-80.84282, 7.96343], [-80.8548, 7.96023], [-80.8617, 7.94798], [-80.86633, 7.94218], [-80.87075, 7.9231], [-80.8797, 7.92467], [-80.89182, 7.92126], [-80.90268, 7.92679], [-80.91951, 7.92018], [-80.92994, 7.92322], [-80.92816, 7.9174], [-80.91432, 7.9089], [-80.92062, 7.90185], [-80.9229, 7.88618], [-80.93043, 7.87358], [-80.93215, 7.85366], [-80.93895, 7.82966], [-80.9373, 7.8203], [-80.94805, 7.79935], [-80.94895, 7.77847], [-80.9524, 7.77203], [-80.96217, 7.7696], [-80.96334, 7.76496], [-80.96016, 7.75953], [-80.93604, 7.76012], [-80.92126, 7.77526], [-80.9039, 7.78517], [-80.89107, 7.78337], [-80.88637, 7.77868], [-80.86274, 7.78011], [-80.85611, 7.77793], [-80.83703, 7.78294], [-80.83437, 7.78807], [-80.83573, 7.79441], [-80.82152, 7.80902], [-80.80719, 7.80083], [-80.78505, 7.80396], [-80.78035, 7.80813], [-80.77098, 7.84099], [-80.75531, 7.83968], [-80.75109, 7.84594], [-80.73712, 7.84581], [-80.73805, 7.85759], [-80.72607, 7.87053], [-80.72059, 7.89844], [-80.71296, 7.90538], [-80.71124, 7.91478], [-80.69557, 7.92337], [-80.67812, 7.91368], [-80.6745, 7.92384], [-80.66921, 7.92187], [-80.65677, 7.92726], [-80.65993, 7.95182], [-80.66792, 7.96297], [-80.68069, 7.97232], [-80.67223, 8.00248], [-80.6789, 8.01922], [-80.68884, 8.02627], [-80.685, 8.03134], [-80.68665, 8.0366], [-80.71439, 8.02521], [-80.72804, 8.03317], [-80.73881, 8.02857], [-80.75804, 8.04202], [-80.76653, 8.04187], [-80.77536, 8.05395], [-80.79406, 8.06231]]]}}, {"type": "Feature", "properties": {"admin2_pcode": "PA0705", "admin2_name": "Parita", "admin1_name": "Herrera"}, "geometry": {"type": "Polygon", "coordinates": [[[-80.51027, 8.10125], [-80.51204, 8.09724], [-80.51744, 8.09676], [-80.5189, 8.10299], [-80.52511, 8.10244], [-80.5245, 8.1133], [-80.52696, 8.11347], [-80.52772, 8.10722], [-80.53309, 8.10494], [-80.53276, 8.11093], [-80.53688, 8.11165], [-80.53976, 8.10177], [-80.55055, 8.10298], [-80.55587, 8.08709], [-80.55632, 8.08386], [-80.56636, 8.07757], [-80.57823, 8.07796], [-80.5838, 8.07321], [-80.5906, 8.0764], [-80.60557, 8.07451], [-80.6116, 8.07752], [-80.61694, 8.07225], [-80.62781, 8.07577], [-80.63876, 8.07352], [-80.64695, 8.07776], [-80.65824, 8.07662], [-80.6646, 8.06824], [-80.67451, 8.06929], [-80.68408, 8.06225], [-80.69247, 8.04871], [-80.68665, 8.0366], [-80.685, 8.03134], [-80.68884, 8.02627], [-80.6789, 8.01922], [-80.67223, 8.00248], [-80.68069, 7.97232], [-80.66792, 7.96297], [-80.65993, 7.95182], [-80.65677, 7.92726], [-80.64471, 7.92923], [-80.63087, 7.93747], [-80.61757, 7.93895], [-80.61035, 7.93407], [-80.60234, 7.93767], [-80.60196, 7.93987], [-80.60743, 7.94123], [-80.59583, 7.95015], [-80.59487, 7.9555], [-80.57989, 7.96457], [-80.55275, 7.94735], [-80.50329, 7.94218], [-80.49687, 7.97081], [-80.49084, 7.97238], [-80.48932, 7.97851], [-80.4841, 7.98051], [-80.4855, 7.98471], [-80.47626, 7.99909], [-80.45896, 8.01211], [-80.46148, 8.01555], [-80.45818, 8.02426], [-80.45472, 8.02262], [-80.45689, 8.01655], [-80.45388, 8.01437], [-80.44653, 8.02569], [-80.46514, 8.05097], [-80.46958, 8.07597], [-80.48319, 8.08458], [-80.48542, 8.08958], [-80.4957, 8.09181], [-80.49958, 8.09653], [-80.49902, 8.10292], [-80.50597, 8.10514], [-80.50653, 8.11097], [-80.51041, 8.10931], [-80.50819, 8.10486], [-80.51027, 8.10125]]]}}, {"type": "Feature", "properties": {"admin2_pcode": "PA0706", "admin2_name": "Pes\u00e9", "admin1_name": "Herrera"}, "geometry": {"type": "Polygon", "coordinates": [[[-80.50329, 7.94218], [-80.55275, 7.94735], [-80.57989, 7.96457], [-80.59487, 7.9555], [-80.59583, 7.95015], [-80.60743, 7.94123], [-80.60196, 7.93987], [-80.60234, 7.93767], [-80.61035, 7.93407], [-80.61757, 7.93895], [-80.63087, 7.93747], [-80.64471, 7.92923], [-80.65677, 7.92726], [-80.66921, 7.92187], [-80.6745, 7.92384], [-80.67812, 7.91368], [-80.69557, 7.92337], [-80.71124, 7.91478], [-80.71296, 7.90538], [-80.72059, 7.89844], [-80.72607, 7.87053], [-80.73805, 7.85759], [-80.73712, 7.84581], [-80.71964, 7.8155], [-80.70036, 7.80516], [-80.66236, 7.81964], [-80.66077, 7.82493], [-80.64432, 7.80689], [-80.61812, 7.80014], [-80.61217, 7.79358], [-80.59683, 7.78578], [-80.58356, 7.7876], [-80.58378, 7.78902], [-80.58771, 7.79671], [-80.59638, 7.79366], [-80.60022, 7.80207], [-80.59204, 7.80832], [-80.58724, 7.81789], [-80.57442, 7.81745], [-80.57205, 7.82381], [-80.56255, 7.82589], [-80.55875, 7.83454], [-80.55058, 7.82954], [-80.53722, 7.83155], [-80.54097, 7.83972], [-80.53075, 7.87702], [-80.52201, 7.8823], [-80.52273, 7.8946], [-80.50271, 7.90922], [-80.49894, 7.91856], [-80.50677, 7.92338], [-80.50329, 7.94218]]]}}, {"type": "Feature", "properties": {"admin2_pcode": "PA0707", "admin2_name": "Santa Mar\u00eda", "admin1_name": "Herrera"}, "geometry": {"type": "Polygon", "coordinates": [[[-80.55587, 8.08709], [-80.55976, 8.09331], [-80.55495, 8.10739], [-80.5638, 8.12019], [-80.56785, 8.11884], [-80.57231, 8.12497], [-80.57846, 8.11599], [-80.58902, 8.11921], [-80.58804, 8.12388], [-80.58031, 8.12781], [-80.58145, 8.13167], [-80.59063, 8.12601], [-80.61475, 8.12449], [-80.62914, 8.11356], [-80.63457, 8.11497], [-80.64665, 8.10708], [-80.64675, 8.11234], [-80.65105, 8.1132], [-80.65478, 8.12217], [-80.67391, 8.11776], [-80.68122, 8.11686], [-80.7037, 8.12623], [-80.71343, 8.12487], [-80.72584, 8.1122], [-80.73219, 8.09141], [-80.74557, 8.08634], [-80.75366, 8.07443], [-80.76888, 8.0734], [-80.79406, 8.06231], [-80.77536, 8.05395], [-80.76653, 8.04187], [-80.75804, 8.04202], [-80.73881, 8.02857], [-80.72804, 8.03317], [-80.71439, 8.02521], [-80.68665, 8.0366], [-80.69247, 8.04871], [-80.68408, 8.06225], [-80.67451, 8.06929], [-80.6646, 8.06824], [-80.65824, 8.07662], [-80.64695, 8.07776], [-80.63876, 8.07352], [-80.62781, 8.07577], [-80.61694, 8.07225], [-80.6116, 8.07752], [-80.60557, 8.07451], [-80.5906, 8.0764], [-80.5838, 8.07321], [-80.57823, 8.07796], [-80.56636, 8.07757], [-80.55632, 8.08386], [-80.55587, 8.08709]]]}}, {"type": "Feature", "properties": {"admin2_pcode": "PA0801", "admin2_name": "Kuna Yala", "admin1_name": "Kuna Yala"}, "geometry": {"type": "MultiPolygon", "coordinates": [[[[-77.56847, 8.79042], [-77.56709, 8.79236], [-77.57042, 8.79042], [-77.56958, 8.78847], [-77.56847, 8.79042]]], [[[-77.59986, 8.82486], [-77.60125, 8.82069], [-77.5993, 8.81847], [-77.59847, 8.82375], [-77.59986, 8.82486]]], [[[-77.59348, 8.82986], [-77.59292, 8.83125], [-77.59458, 8.82819], [-77.59292, 8.82764], [-77.59292, 8.82903], [-77.59348, 8.82986]]], [[[-77.67931, 8.90431], [-77.68625, 8.90014], [-77.68486, 8.89597], [-77.67403, 8.90153], [-77.67931, 8.90431]]], [[[-77.69625, 8.90458], [-77.69764, 8.90375], [-77.68819, 8.89708], [-77.68847, 8.90097], [-77.69625, 8.90458]]], [[[-77.68569, 8.90153], [-77.68486, 8.90208], [-77.68486, 8.90514], [-77.68792, 8.90208], [-77.68569, 8.90153]]], [[[-77.69319, 8.90958], [-77.69458, 8.90764], [-77.69403, 8.90569], [-77.69236, 8.90681], [-77.69319, 8.90958]]], [[[-77.6907, 8.90986], [-77.69236, 8.90847], [-77.69041, 8.90709], [-77.69014, 8.90847], [-77.6907, 8.90986]]], [[[-77.69514, 8.91625], [-77.69653, 8.91097], [-77.69486, 8.91514], [-77.69236, 8.9143], [-77.69514, 8.91625]]], [[[-77.7243, 8.92208], [-77.72542, 8.92014], [-77.7232, 8.9193], [-77.72264, 8.92069], [-77.7243, 8.92208]]], [[[-77.6918, 8.92764], [-77.6907, 8.92958], [-77.69014, 8.93208], [-77.69431, 8.92875], [-77.6918, 8.92764]]], [[[-77.73402, 8.94875], [-77.73764, 8.94764], [-77.73458, 8.9418], [-77.71848, 8.92542], [-77.71125, 8.92375], [-77.70597, 8.91597], [-77.69958, 8.91903], [-77.69764, 8.92486], [-77.7057, 8.92292], [-77.70792, 8.92875], [-77.71597, 8.92847], [-77.7143, 8.9343], [-77.71986, 8.93903], [-77.72459, 8.93875], [-77.72486, 8.94264], [-77.73402, 8.94875]]], [[[-77.74986, 8.94903], [-77.75181, 8.94792], [-77.75181, 8.94403], [-77.74931, 8.94625], [-77.74986, 8.94903]]], [[[-77.77069, 9.00736], [-77.77153, 9.00569], [-77.76764, 9.00431], [-77.76791, 9.00597], [-77.77069, 9.00736]]], [[[-77.76875, 9.05875], [-77.77097, 9.05514], [-77.76347, 9.05208], [-77.76542, 9.05764], [-77.76875, 9.05875]]], [[[-77.89069, 9.09681], [-77.89347, 9.09458], [-77.89153, 9.09264], [-77.88958, 9.09458], [-77.89069, 9.09681]]], [[[-77.88486, 9.13014], [-77.88403, 9.12042], [-77.87986, 9.12042], [-77.87903, 9.12292], [-77.88486, 9.13014]]], [[[-77.93512, 9.1463], [-77.93958, 9.14569], [-77.93903, 9.14069], [-77.93042, 9.13542], [-77.92761, 9.12793], [-77.92292, 9.12958], [-77.9259, 9.13958], [-77.92819, 9.13736], [-77.93512, 9.1463]]], [[[-77.93986, 9.15014], [-77.94319, 9.15014], [-77.94375, 9.14764], [-77.93792, 9.14681], [-77.93986, 9.15014]]], [[[-77.96764, 9.18958], [-77.96933, 9.18959], [-77.96986, 9.1882], [-77.96625, 9.18736], [-77.96764, 9.18958]]], [[[-77.97237, 9.19268], [-77.97461, 9.19181], [-77.9762, 9.18848], [-77.97403, 9.18792], [-77.97237, 9.19268]]], [[[-77.98347, 9.20068], [-77.98736, 9.20069], [-77.98903, 9.19708], [-77.98486, 9.19708], [-77.98347, 9.20068]]], [[[-78.00375, 9.21792], [-78.00542, 9.2157], [-78.00291, 9.21403], [-78.00291, 9.2157], [-78.00375, 9.21792]]], [[[-78.02706, 9.23015], [-78.02986, 9.22986], [-78.0282, 9.22625], [-78.02597, 9.22736], [-78.02706, 9.23015]]], [[[-78.02653, 9.24347], [-78.0296, 9.24353], [-78.03042, 9.24264], [-78.02708, 9.24157], [-78.02653, 9.24347]]], [[[-78.0332, 9.24933], [-78.03486, 9.24875], [-78.03069, 9.24292], [-78.03014, 9.24736], [-78.0332, 9.24933]]], [[[-78.12514, 9.27736], [-78.12653, 9.27486], [-78.12342, 9.27376], [-78.12431, 9.27681], [-78.12514, 9.27736]]], [[[-78.12708, 9.28931], [-78.1293, 9.28819], [-78.12875, 9.28653], [-78.12597, 9.28792], [-78.12708, 9.28931]]], [[[-78.13875, 9.29153], [-78.14069, 9.28958], [-78.13764, 9.28875], [-78.13708, 9.29132], [-78.13875, 9.29153]]], [[[-78.14899, 9.29572], [-78.1507, 9.29492], [-78.15039, 9.29187], [-78.14653, 9.29375], [-78.14899, 9.29572]]], [[[-78.15625, 9.29636], [-78.1582, 9.29542], [-78.15236, 9.2943], [-78.15345, 9.29598], [-78.15625, 9.29636]]], [[[-78.1709, 9.30908], [-78.17401, 9.30768], [-78.17264, 9.30347], [-78.16764, 9.30542], [-78.1709, 9.30908]]], [[[-78.17902, 9.31073], [-78.18125, 9.30875], [-78.17819, 9.30625], [-78.17798, 9.30736], [-78.17902, 9.31073]]], [[[-78.2326, 9.31348], [-78.23347, 9.31042], [-78.23097, 9.31042], [-78.23148, 9.3132], [-78.2326, 9.31348]]], [[[-78.22486, 9.32251], [-78.2276, 9.32269], [-78.22791, 9.32042], [-78.2243, 9.32042], [-78.22486, 9.32251]]], [[[-78.22876, 9.32375], [-78.23014, 9.32347], [-78.22821, 9.32147], [-78.2282, 9.32264], [-78.22876, 9.32375]]], [[[-78.23541, 9.32489], [-78.23569, 9.32097], [-78.23236, 9.32125], [-78.23181, 9.3241], [-78.23486, 9.32236], [-78.23541, 9.32489]]], [[[-78.25568, 9.3299], [-78.25875, 9.32931], [-78.26009, 9.32654], [-78.25625, 9.32764], [-78.25568, 9.3299]]], [[[-78.24622, 9.33051], [-78.25012, 9.32928], [-78.24514, 9.32597], [-78.24597, 9.32847], [-78.24622, 9.33051]]], [[[-78.25234, 9.33181], [-78.2535, 9.33181], [-78.25514, 9.32819], [-78.25098, 9.32849], [-78.25234, 9.33181]]], [[[-78.25427, 9.3335], [-78.25569, 9.33347], [-78.25739, 9.33148], [-78.25514, 9.33069], [-78.25427, 9.3335]]], [[[-78.25931, 9.37189], [-78.26153, 9.37125], [-78.25653, 9.36681], [-78.25653, 9.37097], [-78.25931, 9.37189]]], [[[-78.48097, 9.42708], [-78.48265, 9.42347], [-78.48014, 9.42125], [-78.47931, 9.42514], [-78.48097, 9.42708]]], [[[-78.66015, 9.42764], [-78.66264, 9.42764], [-78.66319, 9.42569], [-78.66125, 9.42542], [-78.66015, 9.42764]]], [[[-78.66597, 9.42903], [-78.6682, 9.42903], [-78.6693, 9.42792], [-78.66625, 9.42653], [-78.66597, 9.42903]]], [[[-78.47986, 9.43014], [-78.4818, 9.42958], [-78.48153, 9.42764], [-78.47931, 9.42764], [-78.47986, 9.43014]]], [[[-78.62597, 9.43236], [-78.62736, 9.43208], [-78.62708, 9.42958], [-78.62514, 9.43097], [-78.62597, 9.43236]]], [[[-78.52125, 9.43292], [-78.52236, 9.43069], [-78.51958, 9.43014], [-78.5193, 9.43126], [-78.52125, 9.43292]]], [[[-78.59903, 9.43375], [-78.60042, 9.43347], [-78.60042, 9.43069], [-78.59875, 9.43236], [-78.59903, 9.43375]]], [[[-78.59264, 9.43625], [-78.5982, 9.43208], [-78.59847, 9.42736], [-78.59153, 9.43319], [-78.59264, 9.43625]]], [[[-78.68153, 9.43736], [-78.68291, 9.43569], [-78.67847, 9.43347], [-78.67986, 9.43625], [-78.68153, 9.43736]]], [[[-78.5982, 9.43736], [-78.59986, 9.43736], [-78.60181, 9.43514], [-78.5982, 9.43458], [-78.5982, 9.43736]]], [[[-78.59097, 9.44042], [-78.59431, 9.43875], [-78.58875, 9.43486], [-78.58764, 9.43681], [-78.59097, 9.44042]]], [[[-78.80014, 9.44097], [-78.80292, 9.43986], [-78.80153, 9.43792], [-78.79931, 9.43847], [-78.80014, 9.44097]]], [[[-78.58292, 9.44736], [-78.5843, 9.44542], [-78.58986, 9.44375], [-78.5843, 9.44292], [-78.58292, 9.44736]]], [[[-78.56486, 9.44736], [-78.5668, 9.44708], [-78.56709, 9.44569], [-78.56486, 9.44486], [-78.56486, 9.44736]]], [[[-78.57375, 9.4482], [-78.57903, 9.44736], [-78.56764, 9.44236], [-78.56709, 9.44458], [-78.57375, 9.4482]]], [[[-78.83292, 9.45347], [-78.83403, 9.45292], [-78.83375, 9.45014], [-78.83236, 9.45014], [-78.83292, 9.45347]]], [[[-78.55292, 9.45375], [-78.55625, 9.45347], [-78.55597, 9.45181], [-78.55097, 9.45153], [-78.55292, 9.45375]]], [[[-78.61347, 9.45875], [-78.61569, 9.45597], [-78.61014, 9.45458], [-78.60902, 9.45736], [-78.61347, 9.45875]]], [[[-78.98014, 9.46125], [-78.98347, 9.46125], [-78.98375, 9.46014], [-78.98014, 9.45958], [-78.98014, 9.46125]]], [[[-78.61931, 9.46625], [-78.62041, 9.46597], [-78.62041, 9.4632], [-78.61875, 9.46458], [-78.61931, 9.46625]]], [[[-78.96069, 9.47153], [-78.96264, 9.47153], [-78.96264, 9.47014], [-78.96014, 9.46958], [-78.96069, 9.47153]]], [[[-78.84097, 9.47264], [-78.84348, 9.47097], [-78.84319, 9.46903], [-78.84097, 9.47125], [-78.84097, 9.47264]]], [[[-78.57792, 9.47347], [-78.5807, 9.47347], [-78.58097, 9.47181], [-78.57764, 9.47097], [-78.57792, 9.47347]]], [[[-78.58375, 9.47403], [-78.58625, 9.47347], [-78.58459, 9.47042], [-78.5818, 9.47153], [-78.58375, 9.47403]]], [[[-78.51736, 9.47653], [-78.51986, 9.47542], [-78.51125, 9.47319], [-78.51208, 9.47458], [-78.51736, 9.47653]]], [[[-78.68681, 9.47708], [-78.69375, 9.47319], [-78.69542, 9.46958], [-78.68708, 9.47569], [-78.68681, 9.47708]]], [[[-78.65208, 9.47736], [-78.6532, 9.47736], [-78.65542, 9.47569], [-78.65264, 9.47458], [-78.65208, 9.47736]]], [[[-78.71014, 9.47903], [-78.71264, 9.47875], [-78.71375, 9.47708], [-78.71042, 9.47569], [-78.71014, 9.47903]]], [[[-78.62959, 9.47958], [-78.6293, 9.47458], [-78.62486, 9.47181], [-78.62486, 9.47347], [-78.62959, 9.47958]]], [[[-78.71819, 9.47986], [-78.71875, 9.47792], [-78.71625, 9.47847], [-78.71709, 9.47958], [-78.71819, 9.47986]]], [[[-78.61847, 9.48042], [-78.62098, 9.48042], [-78.62125, 9.47847], [-78.61736, 9.47792], [-78.61847, 9.48042]]], [[[-78.66875, 9.48403], [-78.67181, 9.48403], [-78.67181, 9.48347], [-78.6682, 9.48153], [-78.66875, 9.48403]]], [[[-78.63541, 9.48403], [-78.63958, 9.48375], [-78.63958, 9.48292], [-78.63541, 9.48125], [-78.63541, 9.48403]]], [[[-78.81736, 9.48486], [-78.81986, 9.48431], [-78.82069, 9.48264], [-78.81819, 9.4818], [-78.81736, 9.48486]]], [[[-78.67319, 9.48486], [-78.67875, 9.4832], [-78.67931, 9.48125], [-78.67486, 9.48208], [-78.67319, 9.48486]]], [[[-78.56541, 9.48597], [-78.56709, 9.48514], [-78.56653, 9.48375], [-78.56403, 9.48458], [-78.56541, 9.48597]]], [[[-78.74069, 9.49486], [-78.73209, 9.48486], [-78.72375, 9.48125], [-78.72598, 9.48597], [-78.74069, 9.49486]]], [[[-78.75542, 9.49958], [-78.75736, 9.49708], [-78.75181, 9.49597], [-78.75264, 9.49792], [-78.75542, 9.49958]]], [[[-78.76431, 9.49986], [-78.76403, 9.49708], [-78.76235, 9.49708], [-78.76235, 9.49792], [-78.76431, 9.49986]]], [[[-78.79875, 9.51014], [-78.80375, 9.50875], [-78.80403, 9.50764], [-78.80125, 9.50736], [-78.79875, 9.51014]]], [[[-78.79486, 9.51125], [-78.79708, 9.5107], [-78.79708, 9.50764], [-78.7932, 9.50903], [-78.79486, 9.51125]]], [[[-78.90292, 9.54431], [-78.90542, 9.54347], [-78.90569, 9.54236], [-78.90264, 9.54208], [-78.90292, 9.54431]]], [[[-78.89848, 9.54431], [-78.90014, 9.54403], [-78.90014, 9.54236], [-78.89709, 9.54264], [-78.89848, 9.54431]]], [[[-78.96958, 9.54847], [-78.97153, 9.54847], [-78.97208, 9.54681], [-78.96902, 9.54681], [-78.96958, 9.54847]]], [[[-78.88792, 9.54847], [-78.89042, 9.54708], [-78.88958, 9.54458], [-78.8857, 9.54569], [-78.88792, 9.54847]]], [[[-78.89905, 9.54875], [-78.9007, 9.54819], [-78.90097, 9.54569], [-78.89848, 9.54653], [-78.89905, 9.54875]]], [[[-78.95403, 9.55153], [-78.95653, 9.55153], [-78.95708, 9.55014], [-78.95514, 9.54931], [-78.95403, 9.55153]]], [[[-78.88986, 9.55153], [-78.89264, 9.54931], [-78.89264, 9.54846], [-78.88819, 9.54931], [-78.88986, 9.55153]]], [[[-78.88764, 9.55403], [-78.88903, 9.55125], [-78.88597, 9.55125], [-78.88597, 9.55236], [-78.88764, 9.55403]]], [[[-78.94514, 9.55958], [-78.94431, 9.56069], [-78.95014, 9.55903], [-78.94681, 9.55736], [-78.94514, 9.55958]]], [[[-78.87903, 9.56236], [-78.88042, 9.55986], [-78.87791, 9.55903], [-78.87791, 9.56153], [-78.87903, 9.56236]]], [[[-78.86014, 9.56875], [-78.8618, 9.56682], [-78.86153, 9.56542], [-78.86069, 9.56569], [-78.86014, 9.56875]]], [[[-77.46151, 8.52367], [-77.45933, 8.53386], [-77.44445, 8.55778], [-77.44212, 8.5685], [-77.39609, 8.61491], [-77.39388, 8.64527], [-77.38861, 8.64947], [-77.3629, 8.65335], [-77.36097, 8.65681], [-77.3643, 8.65486], [-77.36569, 8.65931], [-77.35985, 8.66236], [-77.35764, 8.67514], [-77.36291, 8.67542], [-77.3643, 8.67264], [-77.37125, 8.67819], [-77.36792, 8.66875], [-77.37403, 8.66125], [-77.38014, 8.66097], [-77.38264, 8.66708], [-77.38486, 8.66542], [-77.38597, 8.67042], [-77.39181, 8.67208], [-77.39486, 8.67681], [-77.40236, 8.67625], [-77.4043, 8.6707], [-77.41847, 8.67319], [-77.42069, 8.66319], [-77.42403, 8.66125], [-77.43875, 8.66653], [-77.44431, 8.66208], [-77.45236, 8.66264], [-77.49736, 8.68236], [-77.54459, 8.71014], [-77.55097, 8.7282], [-77.54514, 8.73875], [-77.54208, 8.73681], [-77.53931, 8.73958], [-77.53514, 8.7557], [-77.53764, 8.75792], [-77.53542, 8.76125], [-77.53958, 8.76097], [-77.54097, 8.76986], [-77.54569, 8.77542], [-77.55625, 8.77736], [-77.55569, 8.76931], [-77.55986, 8.76403], [-77.56514, 8.76792], [-77.56792, 8.76486], [-77.57291, 8.76681], [-77.57931, 8.77542], [-77.57931, 8.78403], [-77.5732, 8.78792], [-77.57708, 8.79792], [-77.59541, 8.80597], [-77.59486, 8.80986], [-77.60625, 8.81958], [-77.61292, 8.81931], [-77.61292, 8.82736], [-77.61736, 8.82819], [-77.62153, 8.83736], [-77.63181, 8.84514], [-77.63292, 8.85181], [-77.63903, 8.84931], [-77.6368, 8.8443], [-77.63986, 8.83958], [-77.63458, 8.83681], [-77.62375, 8.81875], [-77.6207, 8.81986], [-77.61931, 8.81708], [-77.62486, 8.81486], [-77.63486, 8.82597], [-77.63875, 8.81958], [-77.64403, 8.81931], [-77.64653, 8.82792], [-77.6532, 8.83153], [-77.65208, 8.84181], [-77.66292, 8.84653], [-77.66375, 8.85069], [-77.66681, 8.85069], [-77.67931, 8.86569], [-77.69625, 8.87125], [-77.6982, 8.87819], [-77.69597, 8.88681], [-77.70014, 8.88736], [-77.70264, 8.88264], [-77.71792, 8.88986], [-77.71848, 8.89458], [-77.71486, 8.89597], [-77.7282, 8.90764], [-77.72652, 8.91625], [-77.74125, 8.93152], [-77.74264, 8.93681], [-77.75236, 8.94042], [-77.76236, 8.95181], [-77.76208, 8.95792], [-77.75569, 8.96597], [-77.74486, 8.96097], [-77.74125, 8.96597], [-77.74403, 8.97181], [-77.75403, 8.97319], [-77.75569, 8.97875], [-77.76403, 8.97486], [-77.76236, 8.98153], [-77.75681, 8.98014], [-77.75542, 8.98347], [-77.76264, 8.98431], [-77.7607, 8.99014], [-77.7693, 8.99236], [-77.77209, 8.99875], [-77.74764, 8.99736], [-77.74486, 8.99986], [-77.74709, 9.01014], [-77.75958, 9.01514], [-77.76486, 9.00736], [-77.75958, 9.00014], [-77.7718, 9.00292], [-77.77736, 9.00097], [-77.77402, 9.00292], [-77.77597, 9.00458], [-77.77986, 9.00292], [-77.77903, 9.00681], [-77.77236, 9.00458], [-77.77348, 9.00792], [-77.79542, 9.02264], [-77.80403, 9.02514], [-77.80847, 9.03125], [-77.81153, 9.04542], [-77.80791, 9.05014], [-77.80959, 9.05458], [-77.82875, 9.06708], [-77.83125, 9.06597], [-77.83208, 9.07042], [-77.84402, 9.07653], [-77.84653, 9.08097], [-77.84486, 9.08764], [-77.8482, 9.08375], [-77.85652, 9.09903], [-77.86265, 9.09736], [-77.85986, 9.09958], [-77.86153, 9.10653], [-77.87347, 9.11569], [-77.87875, 9.11431], [-77.87514, 9.10792], [-77.87764, 9.10569], [-77.87597, 9.1018], [-77.87097, 9.09792], [-77.87403, 9.08181], [-77.87014, 9.07625], [-77.86542, 9.07514], [-77.85736, 9.06125], [-77.86653, 9.06402], [-77.87041, 9.06931], [-77.8782, 9.07015], [-77.88014, 9.07514], [-77.88514, 9.07542], [-77.88653, 9.08097], [-77.89042, 9.07958], [-77.88541, 9.08431], [-77.88597, 9.09431], [-77.88958, 9.09319], [-77.89014, 9.08569], [-77.89848, 9.08681], [-77.89653, 9.09069], [-77.89125, 9.08986], [-77.89542, 9.09709], [-77.9193, 9.11597], [-77.92264, 9.12347], [-77.93403, 9.12792], [-77.93623, 9.13597], [-77.94208, 9.13928], [-77.94427, 9.14569], [-77.95458, 9.14819], [-77.9593, 9.15431], [-77.95819, 9.15851], [-77.94319, 9.15181], [-77.94097, 9.15597], [-77.94678, 9.1557], [-77.94846, 9.16181], [-77.96259, 9.17407], [-77.96792, 9.17569], [-77.96931, 9.17153], [-77.97375, 9.17236], [-77.98042, 9.18736], [-77.97625, 9.19292], [-77.98375, 9.19375], [-77.98375, 9.18931], [-77.98761, 9.18934], [-78.00347, 9.19542], [-78.0043, 9.20403], [-78.00931, 9.21236], [-78.01486, 9.2149], [-78.01736, 9.21264], [-78.02069, 9.22014], [-78.02409, 9.21738], [-78.02236, 9.22181], [-78.02458, 9.22347], [-78.02959, 9.22153], [-78.03236, 9.22431], [-78.03241, 9.23712], [-78.0423, 9.24432], [-78.07181, 9.25264], [-78.07569, 9.24903], [-78.09625, 9.25514], [-78.11264, 9.25319], [-78.11625, 9.26375], [-78.10875, 9.2677], [-78.11121, 9.27097], [-78.11819, 9.2707], [-78.11736, 9.27403], [-78.12293, 9.27403], [-78.11823, 9.26709], [-78.12681, 9.26764], [-78.13181, 9.27431], [-78.13736, 9.27292], [-78.13875, 9.27653], [-78.14902, 9.27737], [-78.1593, 9.28514], [-78.17097, 9.28653], [-78.17625, 9.29264], [-78.19292, 9.28764], [-78.21375, 9.29125], [-78.22041, 9.29597], [-78.21986, 9.30069], [-78.22347, 9.29875], [-78.22347, 9.30347], [-78.22681, 9.29958], [-78.2337, 9.30072], [-78.2337, 9.30908], [-78.2384, 9.30792], [-78.23816, 9.311], [-78.24208, 9.31014], [-78.24014, 9.31264], [-78.24625, 9.31431], [-78.25568, 9.31293], [-78.25597, 9.31847], [-78.26599, 9.31989], [-78.27236, 9.32542], [-78.2771, 9.32629], [-78.28458, 9.31903], [-78.28542, 9.33069], [-78.30791, 9.33542], [-78.31037, 9.34155], [-78.32458, 9.34764], [-78.33153, 9.35597], [-78.341, 9.35492], [-78.34463, 9.35847], [-78.35514, 9.35736], [-78.3707, 9.36264], [-78.37653, 9.36625], [-78.3782, 9.37486], [-78.39403, 9.37681], [-78.39709, 9.37402], [-78.40459, 9.37958], [-78.40375, 9.38431], [-78.41681, 9.38181], [-78.42347, 9.38625], [-78.4257, 9.39931], [-78.43264, 9.40486], [-78.45181, 9.40653], [-78.45653, 9.41069], [-78.46098, 9.40569], [-78.46958, 9.40597], [-78.47292, 9.41042], [-78.47041, 9.41625], [-78.47931, 9.41431], [-78.48347, 9.41932], [-78.49514, 9.41958], [-78.49792, 9.41458], [-78.5043, 9.41736], [-78.50959, 9.41597], [-78.53347, 9.42458], [-78.53347, 9.42847], [-78.54125, 9.43236], [-78.54819, 9.43069], [-78.55403, 9.43931], [-78.56181, 9.43903], [-78.56153, 9.44292], [-78.56374, 9.44013], [-78.57264, 9.4432], [-78.57625, 9.44097], [-78.57625, 9.44375], [-78.58208, 9.44208], [-78.58264, 9.43403], [-78.59402, 9.43069], [-78.5982, 9.41986], [-78.59875, 9.42514], [-78.6032, 9.42236], [-78.61097, 9.42681], [-78.61014, 9.42458], [-78.61792, 9.41847], [-78.63097, 9.43097], [-78.63596, 9.42847], [-78.63541, 9.43181], [-78.64875, 9.43264], [-78.6468, 9.43653], [-78.65347, 9.43292], [-78.65736, 9.43486], [-78.65681, 9.42653], [-78.66431, 9.42375], [-78.68208, 9.43208], [-78.68569, 9.43653], [-78.68375, 9.44292], [-78.69292, 9.44014], [-78.69153, 9.43736], [-78.69569, 9.43764], [-78.69431, 9.43486], [-78.69875, 9.43847], [-78.70375, 9.43736], [-78.70403, 9.43986], [-78.71875, 9.44486], [-78.71597, 9.45125], [-78.71902, 9.44792], [-78.72542, 9.4507], [-78.72708, 9.4582], [-78.74847, 9.45097], [-78.74903, 9.44847], [-78.75291, 9.45097], [-78.75208, 9.44681], [-78.76375, 9.44458], [-78.77653, 9.44736], [-78.77486, 9.45208], [-78.77903, 9.44986], [-78.78819, 9.45292], [-78.78986, 9.44819], [-78.79514, 9.4482], [-78.79764, 9.4432], [-78.79708, 9.43958], [-78.79292, 9.44319], [-78.79292, 9.43681], [-78.80152, 9.43375], [-78.80875, 9.43764], [-78.81597, 9.43653], [-78.82291, 9.42958], [-78.8318, 9.43569], [-78.83236, 9.44181], [-78.84014, 9.44292], [-78.84125, 9.43958], [-78.8468, 9.44014], [-78.8493, 9.42958], [-78.8532, 9.43014], [-78.85236, 9.4207], [-78.85902, 9.42292], [-78.87097, 9.41875], [-78.87486, 9.42764], [-78.8793, 9.42736], [-78.87847, 9.43014], [-78.88069, 9.42597], [-78.89625, 9.42625], [-78.89848, 9.42153], [-78.90292, 9.42239], [-78.90486, 9.42681], [-78.91292, 9.4268], [-78.91959, 9.43375], [-78.92347, 9.44403], [-78.91486, 9.43903], [-78.91153, 9.44486], [-78.92431, 9.44681], [-78.92014, 9.45208], [-78.92847, 9.44653], [-78.93597, 9.44681], [-78.96042, 9.4593], [-78.97014, 9.45458], [-78.97542, 9.4543], [-78.98209, 9.45903], [-78.99042, 9.45597], [-78.99097, 9.44903], [-78.99986, 9.44292], [-78.99986, 9.45486], [-78.9968, 9.4557], [-78.99875, 9.45736], [-79.00097, 9.45597], [-79.00014, 9.44264], [-79.01431, 9.44153], [-79.03014, 9.45125], [-79.02986, 9.4482], [-79.03764, 9.44875], [-79.04847, 9.43931], [-79.05681, 9.43903], [-79.06375, 9.44764], [-79.06903, 9.44875], [-79.06153, 9.45958], [-79.07458, 9.48014], [-79.06653, 9.49125], [-79.06875, 9.49708], [-79.07542, 9.50153], [-79.07235, 9.50875], [-79.07486, 9.51292], [-79.06736, 9.51292], [-79.06819, 9.51708], [-79.05209, 9.53486], [-79.03792, 9.53569], [-79.04041, 9.54236], [-79.03514, 9.53653], [-79.02014, 9.53597], [-79.00626, 9.54014], [-78.99847, 9.53736], [-78.99014, 9.54514], [-78.9968, 9.55181], [-78.97903, 9.54653], [-78.96542, 9.56153], [-78.9732, 9.56708], [-78.98597, 9.56153], [-78.99347, 9.57042], [-78.99958, 9.56625], [-78.99931, 9.56208], [-78.9957, 9.56542], [-78.99597, 9.56208], [-78.99875, 9.56097], [-79.0043, 9.56375], [-79.00459, 9.56708], [-79.0193, 9.56458], [-79.0207, 9.56711], [-79.02431, 9.56375], [-79.03152, 9.56625], [-79.05347, 9.56458], [-79.06069, 9.56153], [-79.07514, 9.56153], [-79.08028, 9.5582], [-79.09009, 9.47941], [-79.09586, 9.47943], [-79.10142, 9.48691], [-79.13264, 9.46769], [-79.14977, 9.44535], [-79.15474, 9.4278], [-79.17134, 9.39301], [-79.18306, 9.38652], [-79.19787, 9.38747], [-79.20846, 9.38147], [-79.23365, 9.35914], [-79.24504, 9.35394], [-79.25107, 9.3447], [-79.25371, 9.34066], [-79.27049, 9.335], [-79.2828, 9.31749], [-79.2712, 9.31071], [-79.24653, 9.31104], [-79.23928, 9.30774], [-79.21514, 9.32006], [-79.20208, 9.33051], [-79.17647, 9.33858], [-79.15551, 9.33178], [-79.1253, 9.33983], [-79.10593, 9.33469], [-79.09302, 9.32236], [-79.09069, 9.31521], [-79.1014, 9.31046], [-79.10043, 9.30628], [-79.07271, 9.29879], [-79.05046, 9.2997], [-79.02309, 9.29513], [-78.98909, 9.30222], [-78.96226, 9.314], [-78.93373, 9.30665], [-78.9244, 9.31019], [-78.90783, 9.32555], [-78.90586, 9.33021], [-78.91018, 9.34349], [-78.89095, 9.36775], [-78.88162, 9.3684], [-78.8703, 9.35551], [-78.863, 9.35427], [-78.83654, 9.36845], [-78.81625, 9.3836], [-78.74307, 9.36207], [-78.73201, 9.36705], [-78.72045, 9.38469], [-78.71487, 9.38411], [-78.71092, 9.3754], [-78.70464, 9.3724], [-78.69179, 9.37744], [-78.68569, 9.3692], [-78.67397, 9.36471], [-78.66577, 9.34962], [-78.63645, 9.33588], [-78.62163, 9.3198], [-78.61196, 9.32331], [-78.59786, 9.32045], [-78.58926, 9.32671], [-78.57187, 9.32304], [-78.55859, 9.32804], [-78.54681, 9.3271], [-78.52295, 9.34918], [-78.50437, 9.34764], [-78.50155, 9.33879], [-78.49618, 9.33543], [-78.50362, 9.32789], [-78.50083, 9.3127], [-78.48897, 9.3034], [-78.4767, 9.30003], [-78.47517, 9.29106], [-78.46585, 9.27799], [-78.46297, 9.2625], [-78.44593, 9.23928], [-78.43377, 9.24499], [-78.41591, 9.23281], [-78.4146, 9.25669], [-78.39958, 9.27168], [-78.38826, 9.27423], [-78.37848, 9.26831], [-78.37202, 9.25355], [-78.35339, 9.25208], [-78.34039, 9.24487], [-78.32959, 9.25592], [-78.31937, 9.25634], [-78.30993, 9.26343], [-78.30341, 9.26331], [-78.30139, 9.25049], [-78.29534, 9.2435], [-78.28808, 9.22524], [-78.28748, 9.21808], [-78.29218, 9.21149], [-78.25044, 9.18628], [-78.23297, 9.18628], [-78.22278, 9.19592], [-78.17969, 9.1933], [-78.14899, 9.18347], [-78.12622, 9.17987], [-78.12141, 9.17249], [-78.11029, 9.16888], [-78.09806, 9.16967], [-78.08309, 9.16106], [-78.08557, 9.1507], [-78.08197, 9.13709], [-78.07867, 9.13269], [-78.0697, 9.13233], [-78.06598, 9.1261], [-78.06952, 9.10028], [-78.0488, 9.08946], [-78.02886, 9.09275], [-78.01175, 9.08758], [-78.0051, 9.08082], [-77.98633, 9.07233], [-77.97405, 9.05637], [-77.96216, 9.04907], [-77.95763, 9.04094], [-77.94192, 9.03946], [-77.93741, 9.03631], [-77.93525, 9.02538], [-77.91552, 9.0206], [-77.91246, 9.01375], [-77.91524, 9.0013], [-77.90158, 8.99879], [-77.89323, 8.98455], [-77.86535, 8.96616], [-77.86443, 8.96252], [-77.86936, 8.95494], [-77.84617, 8.91743], [-77.83484, 8.90745], [-77.81745, 8.90715], [-77.80153, 8.88918], [-77.75541, 8.87031], [-77.74542, 8.86348], [-77.73881, 8.85597], [-77.73481, 8.83442], [-77.72283, 8.82689], [-77.71099, 8.82551], [-77.69901, 8.81392], [-77.69764, 8.79419], [-77.69094, 8.77083], [-77.69466, 8.76729], [-77.70589, 8.76791], [-77.70138, 8.7634], [-77.68108, 8.76173], [-77.67269, 8.74924], [-77.66073, 8.75423], [-77.64327, 8.74664], [-77.63991, 8.73768], [-77.62771, 8.73299], [-77.62505, 8.71926], [-77.61148, 8.69423], [-77.59551, 8.69353], [-77.58119, 8.68332], [-77.57349, 8.68142], [-77.56845, 8.66713], [-77.57822, 8.65149], [-77.58099, 8.64005], [-77.5599, 8.60623], [-77.54277, 8.59314], [-77.51949, 8.60144], [-77.50447, 8.59612], [-77.48157, 8.54248], [-77.46151, 8.52367]]], [[[-78.82097, 9.57264], [-78.82931, 9.56736], [-78.82347, 9.56625], [-78.81903, 9.56986], [-78.82097, 9.57264]]], [[[-78.71848, 9.57931], [-78.72375, 9.57903], [-78.72403, 9.57819], [-78.71848, 9.57736], [-78.71848, 9.57931]]], [[[-78.72681, 9.58014], [-78.73042, 9.58014], [-78.73042, 9.57931], [-78.72569, 9.57764], [-78.72681, 9.58014]]], [[[-78.67125, 9.58014], [-78.67319, 9.57986], [-78.67458, 9.57736], [-78.67125, 9.57736], [-78.67125, 9.58014]]], [[[-78.68542, 9.58375], [-78.68707, 9.58236], [-78.68264, 9.58042], [-78.68264, 9.58208], [-78.68542, 9.58375]]], [[[-78.74709, 9.58708], [-78.74903, 9.58514], [-78.7457, 9.58458], [-78.74541, 9.58653], [-78.74709, 9.58708]]], [[[-78.87708, 9.58736], [-78.88042, 9.58708], [-78.88181, 9.58542], [-78.87736, 9.5843], [-78.87708, 9.58736]]], [[[-78.67319, 9.58819], [-78.6768, 9.58514], [-78.67069, 9.58319], [-78.67125, 9.58681], [-78.67319, 9.58819]]], [[[-78.71264, 9.5907], [-78.7168, 9.58875], [-78.71792, 9.58625], [-78.71403, 9.58708], [-78.71264, 9.5907]]], [[[-78.68792, 9.59264], [-78.69347, 9.59153], [-78.69125, 9.58708], [-78.69514, 9.58736], [-78.69097, 9.58403], [-78.67958, 9.59042], [-78.68153, 9.59125], [-78.68542, 9.58958], [-78.68792, 9.59264]]], [[[-78.6993, 9.59431], [-78.7068, 9.59208], [-78.70792, 9.58903], [-78.69653, 9.58763], [-78.6993, 9.59431]]], [[[-78.75653, 9.59486], [-78.75819, 9.59376], [-78.75486, 9.59181], [-78.75486, 9.59431], [-78.75653, 9.59486]]], [[[-78.7468, 9.59708], [-78.75347, 9.59264], [-78.74764, 9.59292], [-78.74514, 9.58986], [-78.74319, 9.59514], [-78.7468, 9.59708]]], [[[-78.7782, 9.60042], [-78.78181, 9.59931], [-78.78098, 9.59708], [-78.77541, 9.59958], [-78.7782, 9.60042]]], [[[-78.77348, 9.60042], [-78.77458, 9.59431], [-78.76903, 9.59403], [-78.76903, 9.59597], [-78.77348, 9.60042]]]]}}, {"type": "Feature", "properties": {"admin2_pcode": "PA0901", "admin2_name": "Guarar\u00e9", "admin1_name": "Los Santos"}, "geometry": {"type": "Polygon", "coordinates": [[[-80.23882, 7.83403], [-80.26153, 7.84653], [-80.27458, 7.86181], [-80.28125, 7.86597], [-80.28597, 7.86514], [-80.30125, 7.88681], [-80.31653, 7.90069], [-80.31549, 7.88348], [-80.32098, 7.87669], [-80.32565, 7.85853], [-80.32094, 7.84779], [-80.32433, 7.8382], [-80.33904, 7.8323], [-80.34771, 7.81547], [-80.35985, 7.81133], [-80.36379, 7.80168], [-80.36233, 7.79689], [-80.36531, 7.79484], [-80.37229, 7.79253], [-80.37808, 7.79897], [-80.40661, 7.79188], [-80.41736, 7.77862], [-80.42495, 7.77768], [-80.42694, 7.76492], [-80.4334, 7.75589], [-80.43657, 7.73309], [-80.42924, 7.73087], [-80.42562, 7.72121], [-80.41692, 7.71558], [-80.41337, 7.70705], [-80.42701, 7.69398], [-80.42203, 7.67333], [-80.42712, 7.66599], [-80.42877, 7.65567], [-80.4358, 7.64864], [-80.43135, 7.63843], [-80.4157, 7.638], [-80.3991, 7.6463], [-80.39212, 7.65442], [-80.38821, 7.6648], [-80.38976, 7.67918], [-80.37451, 7.70356], [-80.36146, 7.7166], [-80.35989, 7.72459], [-80.34176, 7.74644], [-80.33151, 7.74592], [-80.32809, 7.75332], [-80.3168, 7.75802], [-80.31817, 7.7655], [-80.31044, 7.77091], [-80.30423, 7.78131], [-80.28878, 7.78112], [-80.28479, 7.78631], [-80.26149, 7.78997], [-80.25395, 7.80575], [-80.25758, 7.81658], [-80.25034, 7.81936], [-80.23882, 7.83403]]]}}, {"type": "Feature", "properties": {"admin2_pcode": "PA0902", "admin2_name": "Las Tablas", "admin1_name": "Los Santos"}, "geometry": {"type": "Polygon", "coordinates": [[[-80.1654, 7.74458], [-80.16597, 7.74014], [-80.17514, 7.74431], [-80.18097, 7.74042], [-80.17764, 7.74486], [-80.17403, 7.74486], [-80.1693, 7.74292], [-80.16653, 7.74597], [-80.17014, 7.76764], [-80.18986, 7.78181], [-80.19319, 7.78014], [-80.19764, 7.79736], [-80.20486, 7.80625], [-80.22264, 7.82208], [-80.22513, 7.82792], [-80.23882, 7.83403], [-80.25034, 7.81936], [-80.25758, 7.81658], [-80.25395, 7.80575], [-80.26149, 7.78997], [-80.28479, 7.78631], [-80.28878, 7.78112], [-80.30423, 7.78131], [-80.31044, 7.77091], [-80.31817, 7.7655], [-80.3168, 7.75802], [-80.32809, 7.75332], [-80.33151, 7.74592], [-80.34176, 7.74644], [-80.35989, 7.72459], [-80.36146, 7.7166], [-80.37451, 7.70356], [-80.38976, 7.67918], [-80.38821, 7.6648], [-80.39212, 7.65442], [-80.3991, 7.6463], [-80.4157, 7.638], [-80.51091, 7.53614], [-80.42936, 7.53813], [-80.37452, 7.53488], [-80.36544, 7.49419], [-80.35374, 7.47705], [-80.34583, 7.47211], [-80.32084, 7.51046], [-80.27212, 7.51369], [-80.26046, 7.5071], [-80.25541, 7.50053], [-80.25937, 7.48905], [-80.25706, 7.48019], [-80.23661, 7.47845], [-80.21546, 7.51828], [-80.21564, 7.5278], [-80.2188, 7.53148], [-80.20746, 7.54845], [-80.20645, 7.55491], [-80.21228, 7.56352], [-80.21694, 7.55894], [-80.23032, 7.55869], [-80.23365, 7.60665], [-80.23895, 7.6183], [-80.23298, 7.63384], [-80.22468, 7.63538], [-80.21683, 7.64116], [-80.22149, 7.65319], [-80.2186, 7.66516], [-80.20686, 7.66935], [-80.19299, 7.68267], [-80.17529, 7.68132], [-80.17668, 7.68783], [-80.1874, 7.70034], [-80.18168, 7.71115], [-80.18343, 7.7248], [-80.17976, 7.73023], [-80.1651, 7.73228], [-80.1654, 7.74458]]]}}, {"type": "Feature", "properties": {"admin2_pcode": "PA0903", "admin2_name": "Los Santos", "admin1_name": "Los Santos"}, "geometry": {"type": "MultiPolygon", "coordinates": [[[[-79.99986, 7.99986], [-79.99986, 8.00014], [-80.00014, 8.00014], [-80.00014, 7.99986], [-79.99986, 7.99986]]], [[[-80.36625, 8.00403], [-80.39382, 7.98764], [-80.3924, 7.98019], [-80.38478, 7.97641], [-80.38376, 7.9718], [-80.39716, 7.95837], [-80.39736, 7.95302], [-80.41039, 7.94751], [-80.41577, 7.93881], [-80.42014, 7.9408], [-80.44364, 7.92977], [-80.4549, 7.93594], [-80.45527, 7.92256], [-80.46244, 7.93495], [-80.47572, 7.93698], [-80.488, 7.92426], [-80.49894, 7.91856], [-80.50271, 7.90922], [-80.52273, 7.8946], [-80.52201, 7.8823], [-80.53075, 7.87702], [-80.54097, 7.83972], [-80.53722, 7.83155], [-80.55058, 7.82954], [-80.55875, 7.83454], [-80.56255, 7.82589], [-80.57205, 7.82381], [-80.57442, 7.81745], [-80.58724, 7.81789], [-80.59204, 7.80832], [-80.60022, 7.80207], [-80.59638, 7.79366], [-80.58771, 7.79671], [-80.58378, 7.78902], [-80.56919, 7.79392], [-80.54825, 7.77638], [-80.49783, 7.7695], [-80.43657, 7.73309], [-80.4334, 7.75589], [-80.42694, 7.76492], [-80.42495, 7.77768], [-80.41736, 7.77862], [-80.40661, 7.79188], [-80.37808, 7.79897], [-80.37229, 7.79253], [-80.36531, 7.79484], [-80.36233, 7.79689], [-80.36379, 7.80168], [-80.35985, 7.81133], [-80.34771, 7.81547], [-80.33904, 7.8323], [-80.32433, 7.8382], [-80.32094, 7.84779], [-80.32565, 7.85853], [-80.32098, 7.87669], [-80.31549, 7.88348], [-80.31653, 7.90069], [-80.32236, 7.90264], [-80.32542, 7.90792], [-80.32347, 7.90986], [-80.32042, 7.90681], [-80.31792, 7.91042], [-80.32625, 7.93931], [-80.33903, 7.96264], [-80.33764, 7.96625], [-80.36625, 8.00403]]]]}}, {"type": "Feature", "properties": {"admin2_pcode": "PA0904", "admin2_name": "Macaracas", "admin1_name": "Los Santos"}, "geometry": {"type": "Polygon", "coordinates": [[[-80.43657, 7.73309], [-80.49783, 7.7695], [-80.54825, 7.77638], [-80.56919, 7.79392], [-80.58378, 7.78902], [-80.58356, 7.7876], [-80.59279, 7.78016], [-80.58922, 7.77082], [-80.59202, 7.76596], [-80.58594, 7.75336], [-80.57983, 7.75333], [-80.57653, 7.74891], [-80.57762, 7.73973], [-80.57321, 7.74383], [-80.56842, 7.74163], [-80.57328, 7.73646], [-80.57291, 7.72789], [-80.56351, 7.71139], [-80.56866, 7.6893], [-80.57634, 7.68633], [-80.58579, 7.66119], [-80.59666, 7.66304], [-80.60261, 7.65173], [-80.61499, 7.65514], [-80.62852, 7.65128], [-80.63906, 7.6429], [-80.63991, 7.63388], [-80.67418, 7.57717], [-80.72941, 7.51093], [-80.63958, 7.51589], [-80.51976, 7.53841], [-80.51091, 7.53614], [-80.4157, 7.638], [-80.43135, 7.63843], [-80.4358, 7.64864], [-80.42877, 7.65567], [-80.42712, 7.66599], [-80.42203, 7.67333], [-80.42701, 7.69398], [-80.41337, 7.70705], [-80.41692, 7.71558], [-80.42562, 7.72121], [-80.42924, 7.73087], [-80.43657, 7.73309]]]}}, {"type": "Feature", "properties": {"admin2_pcode": "PA0905", "admin2_name": "Pedas\u00ed", "admin1_name": "Los Santos"}, "geometry": {"type": "MultiPolygon", "coordinates": [[[[-80.18736, 7.42431], [-80.18986, 7.42376], [-80.19041, 7.42208], [-80.18764, 7.42153], [-80.18736, 7.42431]]], [[[-79.99847, 7.63597], [-80.00181, 7.63208], [-80.00208, 7.62125], [-79.99931, 7.62097], [-79.99514, 7.62736], [-79.99514, 7.63347], [-79.99847, 7.63597]]], [[[-80.22958, 7.42586], [-80.22708, 7.42069], [-80.21875, 7.41653], [-80.21347, 7.42486], [-80.20486, 7.42208], [-80.20458, 7.43125], [-80.19515, 7.43292], [-80.18625, 7.42764], [-80.18736, 7.41792], [-80.18181, 7.41514], [-80.17903, 7.41875], [-80.17375, 7.41569], [-80.17625, 7.41431], [-80.17486, 7.41153], [-80.16097, 7.4107], [-80.16097, 7.41681], [-80.14514, 7.41681], [-80.14486, 7.42376], [-80.13375, 7.42486], [-80.12959, 7.43208], [-80.10291, 7.42986], [-80.09847, 7.42708], [-80.0907, 7.4357], [-80.08125, 7.43458], [-80.07848, 7.44097], [-80.06847, 7.44014], [-80.07042, 7.44403], [-80.06458, 7.45042], [-80.05153, 7.45319], [-80.03069, 7.44903], [-80.02431, 7.45569], [-80.01375, 7.4582], [-80.00291, 7.46597], [-79.99931, 7.46514], [-79.99764, 7.47347], [-80.00125, 7.47347], [-80.00236, 7.47819], [-79.99931, 7.48069], [-79.99375, 7.47875], [-80.00208, 7.50181], [-79.99125, 7.51458], [-79.99709, 7.52597], [-80.00291, 7.52931], [-80.00847, 7.54736], [-80.0282, 7.56847], [-80.03291, 7.57931], [-80.03098, 7.59153], [-80.04903, 7.62792], [-80.04652, 7.63569], [-80.06042, 7.64819], [-80.06541, 7.64347], [-80.08606, 7.61791], [-80.09072, 7.59463], [-80.11419, 7.58699], [-80.12214, 7.57701], [-80.11595, 7.56035], [-80.12306, 7.5483], [-80.13123, 7.54355], [-80.13519, 7.53108], [-80.14583, 7.52803], [-80.16026, 7.53062], [-80.16867, 7.52631], [-80.16968, 7.53589], [-80.18248, 7.56072], [-80.21546, 7.51828], [-80.23661, 7.47845], [-80.25706, 7.48019], [-80.20579, 7.45214], [-80.22958, 7.42586]]]]}}, {"type": "Feature", "properties": {"admin2_pcode": "PA0906", "admin2_name": "Pocr\u00ed", "admin1_name": "Los Santos"}, "geometry": {"type": "Polygon", "coordinates": [[[-80.06541, 7.64347], [-80.06903, 7.64458], [-80.06847, 7.65042], [-80.07903, 7.66014], [-80.08957, 7.67903], [-80.1057, 7.69708], [-80.11903, 7.69958], [-80.1143, 7.7032], [-80.12209, 7.71097], [-80.12736, 7.72653], [-80.14125, 7.74625], [-80.15569, 7.75708], [-80.16485, 7.75764], [-80.1654, 7.74458], [-80.1651, 7.73228], [-80.17976, 7.73023], [-80.18343, 7.7248], [-80.18168, 7.71115], [-80.1874, 7.70034], [-80.17668, 7.68783], [-80.17529, 7.68132], [-80.19299, 7.68267], [-80.20686, 7.66935], [-80.2186, 7.66516], [-80.22149, 7.65319], [-80.21683, 7.64116], [-80.22468, 7.63538], [-80.23298, 7.63384], [-80.23895, 7.6183], [-80.23365, 7.60665], [-80.23032, 7.55869], [-80.21694, 7.55894], [-80.21228, 7.56352], [-80.20645, 7.55491], [-80.20746, 7.54845], [-80.2188, 7.53148], [-80.21564, 7.5278], [-80.21546, 7.51828], [-80.18248, 7.56072], [-80.16968, 7.53589], [-80.16867, 7.52631], [-80.16026, 7.53062], [-80.14583, 7.52803], [-80.13519, 7.53108], [-80.13123, 7.54355], [-80.12306, 7.5483], [-80.11595, 7.56035], [-80.12214, 7.57701], [-80.11419, 7.58699], [-80.09072, 7.59463], [-80.08606, 7.61791], [-80.06541, 7.64347]]]}}, {"type": "Feature", "properties": {"admin2_pcode": "PA0907", "admin2_name": "Tonos\u00ed", "admin1_name": "Los Santos"}, "geometry": {"type": "Polygon", "coordinates": [[[-80.51091, 7.53614], [-80.51976, 7.53841], [-80.63958, 7.51589], [-80.72941, 7.51093], [-80.73465, 7.51013], [-80.73822, 7.49692], [-80.72353, 7.47068], [-80.73502, 7.44728], [-80.71954, 7.43275], [-80.70836, 7.41285], [-80.71755, 7.39158], [-80.68614, 7.37577], [-80.67351, 7.35982], [-80.67195, 7.31967], [-80.6617, 7.30503], [-80.64922, 7.29292], [-80.6189, 7.28156], [-80.61582, 7.2718], [-80.61474, 7.23014], [-80.61236, 7.23236], [-80.60236, 7.23014], [-80.60181, 7.23292], [-80.59402, 7.23569], [-80.58403, 7.23264], [-80.58041, 7.22736], [-80.56347, 7.24236], [-80.54569, 7.2432], [-80.52125, 7.23764], [-80.51653, 7.24514], [-80.50764, 7.25097], [-80.45431, 7.24625], [-80.44181, 7.24125], [-80.43681, 7.24153], [-80.4343, 7.2457], [-80.43069, 7.24375], [-80.43097, 7.24736], [-80.42625, 7.24958], [-80.42736, 7.25625], [-80.41986, 7.26126], [-80.42431, 7.26486], [-80.42152, 7.27208], [-80.39764, 7.27903], [-80.40041, 7.28625], [-80.39208, 7.30514], [-80.37486, 7.31375], [-80.3418, 7.31986], [-80.35486, 7.33403], [-80.35264, 7.34903], [-80.36764, 7.35653], [-80.36153, 7.35736], [-80.36264, 7.36125], [-80.36764, 7.36208], [-80.36042, 7.38292], [-80.36069, 7.39153], [-80.36597, 7.39125], [-80.35069, 7.39764], [-80.35098, 7.39569], [-80.35514, 7.39153], [-80.36014, 7.39042], [-80.35847, 7.38069], [-80.36347, 7.36431], [-80.34736, 7.38569], [-80.32264, 7.40514], [-80.29681, 7.41681], [-80.26486, 7.42236], [-80.26014, 7.42597], [-80.27458, 7.42736], [-80.2943, 7.41847], [-80.30236, 7.42014], [-80.31709, 7.41625], [-80.31486, 7.41819], [-80.29819, 7.42208], [-80.28736, 7.42986], [-80.28152, 7.43014], [-80.28069, 7.4332], [-80.27264, 7.43486], [-80.26569, 7.4307], [-80.26097, 7.43597], [-80.23959, 7.42376], [-80.22958, 7.42586], [-80.20579, 7.45214], [-80.25706, 7.48019], [-80.25937, 7.48905], [-80.25541, 7.50053], [-80.26046, 7.5071], [-80.27212, 7.51369], [-80.32084, 7.51046], [-80.34583, 7.47211], [-80.35374, 7.47705], [-80.36544, 7.49419], [-80.37452, 7.53488], [-80.42936, 7.53813], [-80.51091, 7.53614]]]}}, {"type": "Feature", "properties": {"admin2_pcode": "PA1001", "admin2_name": "Besiko", "admin1_name": "Ng\u00f6be Bugl\u00e9"}, "geometry": {"type": "Polygon", "coordinates": [[[-81.9043, 8.65468], [-81.91797, 8.64767], [-81.92694, 8.64838], [-81.94008, 8.66024], [-81.96029, 8.65032], [-81.97981, 8.65271], [-82.00121, 8.64321], [-82.01995, 8.64356], [-82.04294, 8.62829], [-82.07466, 8.62258], [-82.08923, 8.638], [-82.11333, 8.64752], [-82.11891, 8.6581], [-82.10851, 8.67921], [-82.11254, 8.69148], [-82.1114, 8.69863], [-82.10161, 8.70916], [-82.09372, 8.72635], [-82.09343, 8.7352], [-82.10067, 8.74349], [-82.10095, 8.7547], [-82.14698, 8.75983], [-82.14441, 8.65609], [-82.14944, 8.61698], [-82.14657, 8.6006], [-82.15152, 8.58555], [-82.15824, 8.58424], [-82.1614, 8.56892], [-82.14809, 8.56533], [-82.14433, 8.55505], [-82.13014, 8.56274], [-82.1266, 8.54468], [-82.13808, 8.55138], [-82.14496, 8.54391], [-82.15038, 8.52948], [-82.16574, 8.53132], [-82.15358, 8.52011], [-82.15239, 8.51204], [-82.16404, 8.50259], [-82.16631, 8.49463], [-82.17682, 8.48468], [-82.17984, 8.47137], [-82.17593, 8.46235], [-82.18478, 8.4487], [-82.18266, 8.44434], [-82.17292, 8.44275], [-82.15775, 8.44786], [-82.12966, 8.44965], [-82.12349, 8.45474], [-82.1175, 8.45037], [-82.10287, 8.45581], [-82.09832, 8.46076], [-82.09241, 8.45897], [-82.08896, 8.46506], [-82.09036, 8.47021], [-82.07864, 8.48055], [-82.06562, 8.47568], [-82.07128, 8.46625], [-82.05804, 8.45374], [-82.05613, 8.44052], [-82.04938, 8.43556], [-82.05235, 8.42407], [-82.04398, 8.42184], [-82.04109, 8.41579], [-82.02626, 8.42598], [-82.02104, 8.42336], [-82.01941, 8.40558], [-82.03104, 8.39421], [-82.03219, 8.38664], [-82.02863, 8.38481], [-82.00771, 8.38941], [-82.02297, 8.37138], [-82.01655, 8.36668], [-82.01953, 8.35904], [-81.99764, 8.33569], [-81.98129, 8.33528], [-81.96466, 8.34511], [-81.95954, 8.35552], [-81.94543, 8.36548], [-81.93695, 8.38083], [-81.91514, 8.3978], [-81.89686, 8.42405], [-81.90068, 8.43458], [-81.89329, 8.44765], [-81.89535, 8.46831], [-81.90675, 8.47677], [-81.90752, 8.48845], [-81.9043, 8.65468]]]}}, {"type": "Feature", "properties": {"admin2_pcode": "PA1002", "admin2_name": "Miron\u00f3", "admin1_name": "Ng\u00f6be Bugl\u00e9"}, "geometry": {"type": "Polygon", "coordinates": [[[-81.8279, 8.33081], [-81.8252, 8.33666], [-81.80935, 8.342], [-81.80752, 8.3494], [-81.79055, 8.37208], [-81.79626, 8.38935], [-81.79287, 8.41111], [-81.79428, 8.4262], [-81.80498, 8.44328], [-81.81612, 8.45124], [-81.82751, 8.46663], [-81.81632, 8.50331], [-81.82413, 8.5248], [-81.82823, 8.55558], [-81.81504, 8.58029], [-81.832, 8.59113], [-81.84386, 8.60331], [-81.86567, 8.6138], [-81.86778, 8.61894], [-81.86437, 8.65367], [-81.86628, 8.65987], [-81.87568, 8.66917], [-81.9043, 8.65468], [-81.90752, 8.48845], [-81.90675, 8.47677], [-81.89535, 8.46831], [-81.89329, 8.44765], [-81.90068, 8.43458], [-81.89686, 8.42405], [-81.91514, 8.3978], [-81.93695, 8.38083], [-81.94543, 8.36548], [-81.95954, 8.35552], [-81.96466, 8.34511], [-81.98129, 8.33528], [-81.97707, 8.32551], [-81.97481, 8.31906], [-81.96899, 8.3287], [-81.96248, 8.32469], [-81.94697, 8.32533], [-81.93857, 8.33268], [-81.93292, 8.32561], [-81.92645, 8.32355], [-81.92573, 8.32999], [-81.91529, 8.32761], [-81.91082, 8.33509], [-81.89292, 8.33143], [-81.89118, 8.3211], [-81.88441, 8.31907], [-81.87262, 8.33237], [-81.86147, 8.32834], [-81.84821, 8.33146], [-81.8279, 8.33081]]]}}, {"type": "Feature", "properties": {"admin2_pcode": "PA1003", "admin2_name": "M\u00fcna", "admin1_name": "Ng\u00f6be Bugl\u00e9"}, "geometry": {"type": "MultiPolygon", "coordinates": [[[[-81.5677, 8.26344], [-81.58572, 8.25744], [-81.5996, 8.25687], [-81.59964, 8.24135], [-81.57892, 8.23633], [-81.57614, 8.23067], [-81.56638, 8.23382], [-81.56297, 8.24244], [-81.56629, 8.2518], [-81.57178, 8.24499], [-81.57788, 8.24347], [-81.59565, 8.24628], [-81.5981, 8.25029], [-81.58921, 8.25432], [-81.57994, 8.25352], [-81.5656, 8.25801], [-81.56243, 8.25588], [-81.5677, 8.26344]]], [[[-81.60007, 8.26785], [-81.60712, 8.25584], [-81.60346, 8.24642], [-81.60292, 8.25085], [-81.60568, 8.25413], [-81.59692, 8.26412], [-81.60007, 8.26785]]], [[[-81.60007, 8.26785], [-81.59492, 8.2681], [-81.59201, 8.2763], [-81.59699, 8.27519], [-81.60007, 8.26785]]], [[[-81.6238, 8.27584], [-81.61399, 8.2687], [-81.60909, 8.27534], [-81.60231, 8.27532], [-81.59392, 8.28118], [-81.59736, 8.28845], [-81.59427, 8.29926], [-81.60455, 8.29455], [-81.60009, 8.29133], [-81.60113, 8.28747], [-81.6238, 8.27584]]], [[[-81.57094, 8.36525], [-81.58217, 8.34268], [-81.57413, 8.31994], [-81.58616, 8.31529], [-81.59464, 8.32758], [-81.60943, 8.33051], [-81.61093, 8.32684], [-81.59977, 8.31374], [-81.59702, 8.29934], [-81.57504, 8.31505], [-81.58515, 8.3052], [-81.58227, 8.29706], [-81.57452, 8.29292], [-81.56672, 8.2977], [-81.56704, 8.301], [-81.57155, 8.30003], [-81.57521, 8.30349], [-81.57128, 8.31202], [-81.57155, 8.321], [-81.56502, 8.32923], [-81.55353, 8.33175], [-81.5486, 8.32719], [-81.54238, 8.31221], [-81.55339, 8.29962], [-81.55779, 8.28156], [-81.55448, 8.2777], [-81.54973, 8.2781], [-81.54798, 8.27264], [-81.53627, 8.27416], [-81.52955, 8.26378], [-81.52755, 8.27217], [-81.51168, 8.2787], [-81.50959, 8.27623], [-81.51544, 8.29997], [-81.52845, 8.31383], [-81.54066, 8.32586], [-81.53513, 8.34031], [-81.5457, 8.34597], [-81.55434, 8.35801], [-81.55933, 8.34774], [-81.56521, 8.34614], [-81.57087, 8.35251], [-81.57094, 8.36525]]], [[[-81.57094, 8.36525], [-81.55675, 8.378], [-81.55049, 8.3768], [-81.54398, 8.384], [-81.53631, 8.38563], [-81.53273, 8.3853], [-81.53246, 8.39042], [-81.52721, 8.39213], [-81.53538, 8.4078], [-81.52237, 8.41657], [-81.53441, 8.42602], [-81.52986, 8.45689], [-81.53546, 8.4779], [-81.53294, 8.5063], [-81.52807, 8.52351], [-81.51895, 8.53415], [-81.50412, 8.56176], [-81.5063, 8.56976], [-81.50204, 8.58619], [-81.48977, 8.60341], [-81.49197, 8.62623], [-81.48906, 8.64579], [-81.51501, 8.64443], [-81.56244, 8.62671], [-81.58873, 8.62469], [-81.59336, 8.60969], [-81.61486, 8.60661], [-81.62228, 8.59653], [-81.6254, 8.58299], [-81.63289, 8.57412], [-81.63886, 8.57473], [-81.66078, 8.55994], [-81.66257, 8.54027], [-81.67508, 8.51169], [-81.68772, 8.50687], [-81.70093, 8.50896], [-81.70818, 8.50774], [-81.71178, 8.50368], [-81.71722, 8.50524], [-81.71761, 8.50008], [-81.73573, 8.48049], [-81.74739, 8.4404], [-81.74623, 8.43371], [-81.75168, 8.42897], [-81.74237, 8.41625], [-81.74065, 8.40473], [-81.74381, 8.38935], [-81.75926, 8.3619], [-81.76356, 8.33915], [-81.76383, 8.31873], [-81.75165, 8.30613], [-81.74049, 8.27699], [-81.74597, 8.26062], [-81.73767, 8.26274], [-81.73155, 8.27193], [-81.72899, 8.25768], [-81.71546, 8.26109], [-81.71511, 8.26751], [-81.72002, 8.27784], [-81.71595, 8.2899], [-81.70608, 8.29464], [-81.70118, 8.31312], [-81.6927, 8.30833], [-81.69522, 8.29564], [-81.68851, 8.29707], [-81.69275, 8.28479], [-81.67868, 8.28923], [-81.67505, 8.28733], [-81.66584, 8.29468], [-81.66027, 8.29419], [-81.6651, 8.28699], [-81.66485, 8.273], [-81.65482, 8.27934], [-81.6424, 8.30149], [-81.63444, 8.30114], [-81.62907, 8.3051], [-81.62835, 8.28918], [-81.62227, 8.29079], [-81.62049, 8.30298], [-81.62488, 8.3042], [-81.62496, 8.31132], [-81.61833, 8.32185], [-81.62035, 8.32894], [-81.61656, 8.33316], [-81.61437, 8.35274], [-81.60254, 8.35817], [-81.59907, 8.36545], [-81.60148, 8.3695], [-81.59172, 8.38176], [-81.58694, 8.38009], [-81.58178, 8.37117], [-81.57094, 8.36525]]]]}}, {"type": "Feature", "properties": {"admin2_pcode": "PA1004", "admin2_name": "Nole Duima", "admin1_name": "Ng\u00f6be Bugl\u00e9"}, "geometry": {"type": "Polygon", "coordinates": [[[-81.71722, 8.50524], [-81.72846, 8.49331], [-81.74422, 8.49031], [-81.74831, 8.49811], [-81.7683, 8.51212], [-81.77831, 8.53581], [-81.80612, 8.55572], [-81.81206, 8.56548], [-81.81504, 8.58029], [-81.82823, 8.55558], [-81.82413, 8.5248], [-81.81632, 8.50331], [-81.82751, 8.46663], [-81.81612, 8.45124], [-81.80498, 8.44328], [-81.79428, 8.4262], [-81.79287, 8.41111], [-81.79626, 8.38935], [-81.79055, 8.37208], [-81.80752, 8.3494], [-81.80935, 8.342], [-81.8252, 8.33666], [-81.8279, 8.33081], [-81.82328, 8.32568], [-81.83141, 8.30574], [-81.83906, 8.30327], [-81.828, 8.29578], [-81.81713, 8.30062], [-81.81158, 8.29905], [-81.81672, 8.28715], [-81.80261, 8.27135], [-81.78586, 8.2686], [-81.77914, 8.27349], [-81.76855, 8.2743], [-81.76681, 8.27056], [-81.77128, 8.26629], [-81.76814, 8.26028], [-81.76222, 8.2581], [-81.75847, 8.26086], [-81.76192, 8.26176], [-81.76092, 8.26494], [-81.7492, 8.27452], [-81.74049, 8.27699], [-81.75165, 8.30613], [-81.76383, 8.31873], [-81.76356, 8.33915], [-81.75926, 8.3619], [-81.74381, 8.38935], [-81.74065, 8.40473], [-81.74237, 8.41625], [-81.75168, 8.42897], [-81.74623, 8.43371], [-81.74739, 8.4404], [-81.73573, 8.48049], [-81.71761, 8.50008], [-81.71722, 8.50524]]]}}, {"type": "Feature", "properties": {"admin2_pcode": "PA1005", "admin2_name": "\u00d1\u00fcr\u00fcm", "admin1_name": "Ng\u00f6be Bugl\u00e9"}, "geometry": {"type": "MultiPolygon", "coordinates": [[[[-81.58052, 8.18641], [-81.57844, 8.17024], [-81.57288, 8.1666], [-81.57327, 8.1606], [-81.56847, 8.1551], [-81.537, 8.15643], [-81.52968, 8.15232], [-81.52834, 8.14595], [-81.51786, 8.14816], [-81.4964, 8.16128], [-81.49608, 8.17676], [-81.51525, 8.19634], [-81.52357, 8.19752], [-81.52529, 8.18771], [-81.53505, 8.1805], [-81.54065, 8.18964], [-81.55827, 8.18585], [-81.56843, 8.19634], [-81.57622, 8.19427], [-81.58052, 8.18641]]], [[[-81.5164, 8.24627], [-81.52212, 8.23388], [-81.538, 8.23839], [-81.53758, 8.23349], [-81.53228, 8.22944], [-81.53212, 8.2161], [-81.52879, 8.21737], [-81.52958, 8.22118], [-81.51624, 8.22864], [-81.50862, 8.23737], [-81.50592, 8.24912], [-81.51799, 8.26135], [-81.51942, 8.25357], [-81.51323, 8.24849], [-81.5164, 8.24627]]], [[[-81.44801, 8.2579], [-81.43738, 8.27339], [-81.4371, 8.27971], [-81.45818, 8.29033], [-81.45822, 8.30493], [-81.47181, 8.32038], [-81.48951, 8.28718], [-81.4924, 8.27525], [-81.50692, 8.27145], [-81.49789, 8.26107], [-81.48927, 8.24373], [-81.47605, 8.25659], [-81.4727, 8.24757], [-81.4614, 8.24244], [-81.45603, 8.24761], [-81.45517, 8.25635], [-81.44801, 8.2579]]], [[[-81.38776, 8.39788], [-81.39809, 8.38151], [-81.40064, 8.36384], [-81.4158, 8.35767], [-81.42996, 8.37068], [-81.43375, 8.37091], [-81.43794, 8.36505], [-81.43253, 8.35252], [-81.42825, 8.35552], [-81.39624, 8.339], [-81.39235, 8.34049], [-81.3786, 8.32789], [-81.37308, 8.32938], [-81.37388, 8.34933], [-81.35857, 8.33222], [-81.35162, 8.33732], [-81.34764, 8.33375], [-81.33714, 8.35556], [-81.326, 8.35905], [-81.31957, 8.36539], [-81.31752, 8.38725], [-81.34211, 8.3749], [-81.35358, 8.38758], [-81.37639, 8.38378], [-81.38105, 8.39765], [-81.38776, 8.39788]]], [[[-81.1775, 8.51322], [-81.23108, 8.51374], [-81.25422, 8.53426], [-81.27288, 8.53558], [-81.29511, 8.53164], [-81.31128, 8.55549], [-81.3456, 8.58093], [-81.3523, 8.58442], [-81.36251, 8.58422], [-81.38773, 8.59993], [-81.4089, 8.60627], [-81.42754, 8.62332], [-81.43585, 8.62267], [-81.4582, 8.63444], [-81.47785, 8.63542], [-81.48906, 8.64579], [-81.49197, 8.62623], [-81.48977, 8.60341], [-81.50204, 8.58619], [-81.5063, 8.56976], [-81.50412, 8.56176], [-81.51895, 8.53415], [-81.52807, 8.52351], [-81.53294, 8.5063], [-81.53546, 8.4779], [-81.52986, 8.45689], [-81.53441, 8.42602], [-81.52237, 8.41657], [-81.49933, 8.40825], [-81.48619, 8.41074], [-81.47823, 8.40811], [-81.47359, 8.40994], [-81.46638, 8.40024], [-81.45733, 8.39782], [-81.45792, 8.40711], [-81.44872, 8.4171], [-81.45057, 8.42108], [-81.45912, 8.4229], [-81.46136, 8.42942], [-81.45162, 8.43087], [-81.44846, 8.43596], [-81.43581, 8.42875], [-81.42993, 8.41829], [-81.42486, 8.42417], [-81.42496, 8.43647], [-81.41248, 8.4383], [-81.42014, 8.46298], [-81.40852, 8.47034], [-81.39927, 8.49494], [-81.39388, 8.49912], [-81.38366, 8.49544], [-81.37013, 8.47496], [-81.36335, 8.45875], [-81.36383, 8.45088], [-81.35072, 8.44125], [-81.34604, 8.44358], [-81.34667, 8.46362], [-81.35643, 8.46891], [-81.35613, 8.47824], [-81.33002, 8.47968], [-81.31876, 8.47341], [-81.31399, 8.4759], [-81.31648, 8.48057], [-81.33148, 8.48643], [-81.34106, 8.49553], [-81.35501, 8.49291], [-81.36257, 8.49741], [-81.36264, 8.50938], [-81.34948, 8.52198], [-81.34003, 8.53965], [-81.32691, 8.52095], [-81.33015, 8.50761], [-81.33966, 8.49639], [-81.32442, 8.50164], [-81.31731, 8.51283], [-81.31413, 8.52749], [-81.30847, 8.53308], [-81.30466, 8.53275], [-81.29176, 8.52064], [-81.28288, 8.4968], [-81.28574, 8.49107], [-81.29767, 8.49228], [-81.30194, 8.47629], [-81.29763, 8.46999], [-81.28165, 8.47559], [-81.26364, 8.46726], [-81.25958, 8.47041], [-81.26404, 8.48711], [-81.27571, 8.50382], [-81.27696, 8.51643], [-81.26899, 8.51682], [-81.25409, 8.50612], [-81.24728, 8.48246], [-81.23285, 8.45776], [-81.19396, 8.45521], [-81.17207, 8.47218], [-81.16695, 8.46795], [-81.16308, 8.4565], [-81.14869, 8.45186], [-81.13266, 8.4361], [-81.13814, 8.45554], [-81.15088, 8.46364], [-81.17088, 8.48441], [-81.17434, 8.51109], [-81.1775, 8.51322]]]]}}, {"type": "Feature", "properties": {"admin2_pcode": "PA1006", "admin2_name": "Kankint\u00fa", "admin1_name": "Ng\u00f6be Bugl\u00e9"}, "geometry": {"type": "MultiPolygon", "coordinates": [[[[-81.89514, 8.96708], [-81.89486, 8.96457], [-81.89208, 8.96097], [-81.89208, 8.96458], [-81.89514, 8.96708]]], [[[-81.99986, 8.99986], [-81.99986, 9.00014], [-82.00014, 9.00014], [-82.00014, 8.99986], [-81.99986, 8.99986]]], [[[-82.08403, 8.92766], [-82.08644, 8.91681], [-82.09272, 8.911], [-82.09061, 8.90636], [-82.09269, 8.90286], [-82.10215, 8.90151], [-82.12435, 8.90602], [-82.129, 8.90121], [-82.14512, 8.89777], [-82.15761, 8.88946], [-82.16169, 8.87817], [-82.16861, 8.87021], [-82.16752, 8.85488], [-82.17975, 8.8477], [-82.18944, 8.8631], [-82.18614, 8.88034], [-82.19263, 8.89464], [-82.21251, 8.89586], [-82.21697, 8.89973], [-82.21475, 8.92191], [-82.20095, 8.91443], [-82.19771, 8.91626], [-82.19673, 8.9305], [-82.19937, 8.93566], [-82.19329, 8.94289], [-82.19445, 8.94951], [-82.20573, 8.95391], [-82.21268, 8.96252], [-82.22736, 8.96734], [-82.23673, 8.97476], [-82.27203, 8.97808], [-82.26762, 8.98928], [-82.27363, 8.98764], [-82.27885, 8.99154], [-82.27547, 8.99965], [-82.28002, 9.0058], [-82.28574, 9.00252], [-82.29509, 9.00641], [-82.30065, 8.99863], [-82.30845, 8.99887], [-82.32578, 9.0097], [-82.32564, 9.01325], [-82.31899, 9.01647], [-82.32967, 9.02498], [-82.32645, 9.03479], [-82.32012, 9.03854], [-82.30846, 9.03466], [-82.31467, 9.04566], [-82.3033, 9.05001], [-82.29293, 9.06057], [-82.28214, 9.06357], [-82.27781, 9.06853], [-82.28055, 9.07453], [-82.27442, 9.08051], [-82.27571, 9.08687], [-82.28327, 9.08761], [-82.2899, 9.07785], [-82.2931, 9.07914], [-82.294, 9.08675], [-82.30055, 9.0863], [-82.30083, 9.09136], [-82.32046, 9.09331], [-82.31126, 9.1026], [-82.30982, 9.09902], [-82.30506, 9.09897], [-82.30081, 9.10875], [-82.30044, 9.11639], [-82.30329, 9.11743], [-82.30888, 9.11189], [-82.30942, 9.11954], [-82.31376, 9.12542], [-82.31789, 9.13546], [-82.32344, 9.12412], [-82.34048, 9.11563], [-82.34538, 9.09236], [-82.35838, 9.08373], [-82.34855, 9.07318], [-82.3561, 9.07054], [-82.35685, 9.06501], [-82.37272, 9.04194], [-82.38472, 9.03856], [-82.37977, 9.02871], [-82.38374, 9.02597], [-82.40638, 9.02583], [-82.41502, 9.01258], [-82.43551, 9.00699], [-82.44535, 8.99692], [-82.42581, 8.98469], [-82.36606, 8.97005], [-82.34526, 8.95046], [-82.33698, 8.92392], [-82.3296, 8.91717], [-82.32767, 8.91049], [-82.32773, 8.90304], [-82.34354, 8.88929], [-82.34954, 8.86147], [-82.34902, 8.8407], [-82.35727, 8.8283], [-82.37317, 8.831], [-82.36438, 8.82595], [-82.34021, 8.82183], [-82.3314, 8.81704], [-82.32234, 8.81873], [-82.3146, 8.81581], [-82.31106, 8.81799], [-82.30052, 8.81465], [-82.27188, 8.77638], [-82.26082, 8.76644], [-82.25682, 8.76744], [-82.25512, 8.77461], [-82.25161, 8.77191], [-82.24261, 8.77468], [-82.2363, 8.76872], [-82.22569, 8.76771], [-82.22368, 8.77003], [-82.2014, 8.76252], [-82.20722, 8.77666], [-82.20383, 8.78207], [-82.17661, 8.76369], [-82.16742, 8.76281], [-82.16135, 8.75867], [-82.14698, 8.75983], [-82.10095, 8.7547], [-82.10067, 8.74349], [-82.09343, 8.7352], [-82.09372, 8.72635], [-82.10161, 8.70916], [-82.1114, 8.69863], [-82.11254, 8.69148], [-82.10851, 8.67921], [-82.11891, 8.6581], [-82.11333, 8.64752], [-82.08923, 8.638], [-82.07466, 8.62258], [-82.04294, 8.62829], [-82.01995, 8.64356], [-82.00121, 8.64321], [-81.97981, 8.65271], [-81.96029, 8.65032], [-81.94008, 8.66024], [-81.92694, 8.64838], [-81.91797, 8.64767], [-81.9043, 8.65468], [-81.87568, 8.66917], [-81.86628, 8.65987], [-81.86437, 8.65367], [-81.86778, 8.61894], [-81.86567, 8.6138], [-81.84386, 8.60331], [-81.832, 8.59113], [-81.81504, 8.58029], [-81.81206, 8.56548], [-81.80612, 8.55572], [-81.77831, 8.53581], [-81.7683, 8.51212], [-81.74831, 8.49811], [-81.74422, 8.49031], [-81.72846, 8.49331], [-81.71722, 8.50524], [-81.71178, 8.50368], [-81.70818, 8.50774], [-81.70093, 8.50896], [-81.68772, 8.50687], [-81.67508, 8.51169], [-81.66257, 8.54027], [-81.66078, 8.55994], [-81.63886, 8.57473], [-81.63289, 8.57412], [-81.6254, 8.58299], [-81.62228, 8.59653], [-81.61486, 8.60661], [-81.62064, 8.61146], [-81.62367, 8.63293], [-81.62297, 8.64515], [-81.61631, 8.65994], [-81.61802, 8.6771], [-81.63796, 8.70214], [-81.6682, 8.7224], [-81.68154, 8.74656], [-81.67905, 8.75593], [-81.68089, 8.76012], [-81.71067, 8.76534], [-81.71836, 8.7712], [-81.72012, 8.78138], [-81.73418, 8.7885], [-81.74075, 8.8278], [-81.74912, 8.8334], [-81.7544, 8.85225], [-81.75142, 8.89861], [-81.75401, 8.91139], [-81.74284, 8.92414], [-81.75467, 8.94272], [-81.75531, 8.95592], [-81.75077, 8.96985], [-81.75545, 8.98127], [-81.76958, 8.97842], [-81.77319, 8.96153], [-81.78098, 8.94903], [-81.7907, 8.94069], [-81.80292, 8.93597], [-81.80875, 8.94181], [-81.81153, 8.94097], [-81.81097, 8.93736], [-81.82069, 8.94125], [-81.82208, 8.94514], [-81.81153, 8.94431], [-81.82792, 8.95847], [-81.83569, 8.96182], [-81.85042, 8.96042], [-81.86097, 8.96931], [-81.86236, 8.9657], [-81.87569, 8.96042], [-81.89181, 8.96014], [-81.89403, 8.95625], [-81.89986, 8.95597], [-81.89625, 8.96736], [-81.89986, 8.97125], [-81.89931, 8.97653], [-81.89069, 8.96903], [-81.89236, 8.97319], [-81.90125, 8.98125], [-81.91402, 8.98292], [-81.92014, 8.99097], [-81.93069, 8.97875], [-81.92208, 8.97181], [-81.92625, 8.95375], [-81.93708, 8.94486], [-81.94875, 8.94264], [-81.94986, 8.93875], [-81.95431, 8.94264], [-81.96014, 8.93903], [-81.96125, 8.94208], [-81.96736, 8.94097], [-81.97403, 8.94403], [-81.98125, 8.94097], [-81.9893, 8.95125], [-82.00051, 8.95708], [-82.01267, 8.94649], [-82.01776, 8.92163], [-82.05304, 8.89511], [-82.06262, 8.90111], [-82.07443, 8.89932], [-82.07719, 8.9232], [-82.08403, 8.92766]]]]}}, {"type": "Feature", "properties": {"admin2_pcode": "PA1007", "admin2_name": "Kusap\u00edn", "admin1_name": "Ng\u00f6be Bugl\u00e9"}, "geometry": {"type": "MultiPolygon", "coordinates": [[[[-81.53819, 9.08986], [-81.53848, 9.08819], [-81.53514, 9.08764], [-81.5368, 9.08931], [-81.53819, 9.08986]]], [[[-81.90041, 9.10097], [-81.90791, 9.09681], [-81.90014, 9.09153], [-81.89208, 9.09292], [-81.90041, 9.09597], [-81.90041, 9.10097]]], [[[-81.55375, 9.10736], [-81.55959, 9.1032], [-81.56903, 9.10708], [-81.57597, 9.10569], [-81.57236, 9.09181], [-81.54041, 9.08875], [-81.54597, 9.10264], [-81.55014, 9.10264], [-81.55375, 9.10736]]], [[[-81.81042, 9.12931], [-81.81264, 9.12792], [-81.81097, 9.1257], [-81.80847, 9.12707], [-81.81042, 9.12931]]], [[[-81.80125, 9.13597], [-81.80681, 9.13264], [-81.80681, 9.13125], [-81.80014, 9.13097], [-81.80125, 9.13597]]], [[[-81.95292, 9.15264], [-81.95292, 9.15042], [-81.95097, 9.14875], [-81.95125, 9.15014], [-81.95292, 9.15264]]], [[[-81.21375, 8.78542], [-81.21736, 8.78653], [-81.21208, 8.78903], [-81.21848, 8.79208], [-81.24486, 8.79625], [-81.25569, 8.79264], [-81.2843, 8.79264], [-81.29597, 8.78181], [-81.32153, 8.78681], [-81.33514, 8.78292], [-81.34597, 8.78514], [-81.35125, 8.78292], [-81.38125, 8.79903], [-81.38514, 8.79708], [-81.3857, 8.78958], [-81.38708, 8.79597], [-81.38458, 8.79959], [-81.41098, 8.80375], [-81.41625, 8.79653], [-81.43097, 8.79569], [-81.45514, 8.80653], [-81.46709, 8.80458], [-81.47707, 8.80931], [-81.49709, 8.79959], [-81.51736, 8.80736], [-81.54236, 8.82486], [-81.54847, 8.82292], [-81.54652, 8.81875], [-81.54736, 8.81097], [-81.54764, 8.81792], [-81.55153, 8.82292], [-81.54459, 8.82708], [-81.56903, 8.84708], [-81.57181, 8.84653], [-81.6468, 8.92625], [-81.71486, 9.01292], [-81.71514, 9.02236], [-81.72208, 9.03792], [-81.73209, 9.03569], [-81.7393, 9.04431], [-81.74792, 9.04431], [-81.76015, 9.05485], [-81.76208, 9.06431], [-81.77097, 9.06181], [-81.78098, 9.06292], [-81.78181, 9.06625], [-81.78736, 9.06736], [-81.79403, 9.06431], [-81.80486, 9.06542], [-81.80903, 9.0693], [-81.80708, 9.07431], [-81.81597, 9.06542], [-81.81958, 9.06542], [-81.82125, 9.06931], [-81.82291, 9.06375], [-81.82597, 9.08403], [-81.83041, 9.08847], [-81.82792, 9.09653], [-81.83598, 9.09819], [-81.83986, 9.11125], [-81.8468, 9.11514], [-81.83459, 9.11514], [-81.83125, 9.11903], [-81.82069, 9.12126], [-81.81847, 9.1257], [-81.82848, 9.12625], [-81.8307, 9.13236], [-81.82764, 9.1332], [-81.85375, 9.14347], [-81.85514, 9.15042], [-81.86486, 9.15764], [-81.86708, 9.16653], [-81.87319, 9.16875], [-81.87319, 9.17431], [-81.88153, 9.18431], [-81.8868, 9.18236], [-81.89291, 9.18653], [-81.90403, 9.18347], [-81.91042, 9.18597], [-81.91959, 9.18458], [-81.91597, 9.16264], [-81.90625, 9.15792], [-81.89625, 9.16069], [-81.89265, 9.15737], [-81.87625, 9.15681], [-81.87014, 9.15514], [-81.86931, 9.15069], [-81.87292, 9.14736], [-81.88125, 9.14736], [-81.87903, 9.14458], [-81.88069, 9.13875], [-81.89236, 9.14014], [-81.89236, 9.14375], [-81.90292, 9.14681], [-81.90569, 9.14458], [-81.90208, 9.14042], [-81.90681, 9.13792], [-81.92208, 9.15042], [-81.9257, 9.15014], [-81.92876, 9.14403], [-81.93875, 9.14264], [-81.93708, 9.15042], [-81.94014, 9.15181], [-81.94682, 9.14264], [-81.94736, 9.13653], [-81.92291, 9.12487], [-81.91319, 9.11375], [-81.91069, 9.11653], [-81.90236, 9.11208], [-81.89709, 9.10292], [-81.88986, 9.10069], [-81.89042, 9.09569], [-81.88736, 9.09709], [-81.87653, 9.08958], [-81.87236, 9.07764], [-81.86235, 9.07042], [-81.86486, 9.05736], [-81.84348, 9.04236], [-81.84264, 9.03653], [-81.82792, 9.02264], [-81.80736, 9.01875], [-81.80431, 9.01486], [-81.79236, 9.01264], [-81.79097, 9.00903], [-81.78264, 9.00819], [-81.77402, 8.99708], [-81.77653, 8.98514], [-81.76958, 8.97842], [-81.75545, 8.98127], [-81.75077, 8.96985], [-81.75531, 8.95592], [-81.75467, 8.94272], [-81.74284, 8.92414], [-81.75401, 8.91139], [-81.75142, 8.89861], [-81.7544, 8.85225], [-81.74912, 8.8334], [-81.74075, 8.8278], [-81.73418, 8.7885], [-81.72012, 8.78138], [-81.71836, 8.7712], [-81.71067, 8.76534], [-81.68089, 8.76012], [-81.67905, 8.75593], [-81.68154, 8.74656], [-81.6682, 8.7224], [-81.63796, 8.70214], [-81.61802, 8.6771], [-81.61631, 8.65994], [-81.62297, 8.64515], [-81.62367, 8.63293], [-81.62064, 8.61146], [-81.61486, 8.60661], [-81.59336, 8.60969], [-81.58873, 8.62469], [-81.56244, 8.62671], [-81.51501, 8.64443], [-81.48906, 8.64579], [-81.47785, 8.63542], [-81.4582, 8.63444], [-81.43585, 8.62267], [-81.42754, 8.62332], [-81.4089, 8.60627], [-81.38773, 8.59993], [-81.36251, 8.58422], [-81.3523, 8.58442], [-81.3456, 8.58093], [-81.31128, 8.55549], [-81.29511, 8.53164], [-81.27288, 8.53558], [-81.25422, 8.53426], [-81.23108, 8.51374], [-81.1775, 8.51322], [-81.17081, 8.52094], [-81.17164, 8.52447], [-81.18362, 8.53397], [-81.2018, 8.53153], [-81.21062, 8.5564], [-81.22849, 8.58129], [-81.23511, 8.5981], [-81.23138, 8.61764], [-81.23538, 8.62582], [-81.23467, 8.6508], [-81.22716, 8.65955], [-81.23106, 8.66432], [-81.22904, 8.67084], [-81.23104, 8.67755], [-81.22881, 8.68418], [-81.22138, 8.6882], [-81.22087, 8.69466], [-81.21569, 8.70037], [-81.21753, 8.70486], [-81.22821, 8.71047], [-81.22273, 8.72042], [-81.22511, 8.73132], [-81.21995, 8.74383], [-81.22582, 8.74449], [-81.22773, 8.75424], [-81.2212, 8.76398], [-81.22349, 8.78055], [-81.21375, 8.78542]]]]}}, {"type": "Feature", "properties": {"admin2_pcode": "PA1101", "admin2_name": "Arraij\u00e1n", "admin1_name": "Panam\u00e1 Oeste"}, "geometry": {"type": "MultiPolygon", "coordinates": [[[[-79.56403, 8.86097], [-79.5657, 8.86014], [-79.56514, 8.85875], [-79.56375, 8.86014], [-79.56403, 8.86097]]], [[[-79.69486, 8.86486], [-79.69653, 8.86208], [-79.69375, 8.85847], [-79.69431, 8.86458], [-79.69486, 8.86486]]], [[[-79.59319, 8.87875], [-79.59431, 8.87875], [-79.59431, 8.87569], [-79.59264, 8.87681], [-79.59319, 8.87875]]], [[[-79.76264, 9.10597], [-79.76347, 9.10292], [-79.76208, 9.10208], [-79.76125, 9.10458], [-79.76264, 9.10597]]], [[[-79.7618, 9.11292], [-79.76458, 9.11042], [-79.76319, 9.10792], [-79.76125, 9.11125], [-79.7618, 9.11292]]], [[[-79.72208, 9.11708], [-79.72652, 9.11403], [-79.7232, 9.11097], [-79.72041, 9.11458], [-79.72208, 9.11708]]], [[[-79.6918, 9.10653], [-79.69791, 9.10958], [-79.70403, 9.10625], [-79.70792, 9.10986], [-79.70514, 9.11403], [-79.70847, 9.11486], [-79.71264, 9.11486], [-79.71125, 9.11236], [-79.71931, 9.11486], [-79.72375, 9.10986], [-79.74264, 9.11958], [-79.74625, 9.11847], [-79.74292, 9.11125], [-79.74847, 9.11236], [-79.7468, 9.1068], [-79.75347, 9.11264], [-79.75125, 9.11681], [-79.75403, 9.11931], [-79.75986, 9.11125], [-79.75236, 9.09542], [-79.75931, 9.1018], [-79.76264, 9.09625], [-79.76125, 9.10208], [-79.76681, 9.10125], [-79.76875, 9.10625], [-79.77458, 9.09875], [-79.77541, 9.11264], [-79.78208, 9.11097], [-79.78458, 9.11347], [-79.78875, 9.11042], [-79.78514, 9.10069], [-79.79403, 9.09681], [-79.79347, 9.08875], [-79.79486, 9.09149], [-79.79911, 9.08929], [-79.7978, 9.08208], [-79.79236, 9.08431], [-79.79764, 9.08146], [-79.78915, 9.06271], [-79.76946, 9.0503], [-79.76923, 9.03478], [-79.75636, 9.02272], [-79.77453, 8.9902], [-79.75371, 8.97315], [-79.74579, 8.9528], [-79.76831, 8.93075], [-79.76766, 8.915], [-79.76154, 8.90681], [-79.74587, 8.91071], [-79.73297, 8.90081], [-79.71469, 8.90414], [-79.70531, 8.89229], [-79.70359, 8.87653], [-79.70292, 8.87292], [-79.69903, 8.87486], [-79.69569, 8.86764], [-79.69041, 8.87486], [-79.68264, 8.87653], [-79.67986, 8.8643], [-79.67125, 8.85931], [-79.66597, 8.86458], [-79.67014, 8.86958], [-79.67208, 8.88375], [-79.66209, 8.89375], [-79.65958, 8.89375], [-79.65847, 8.88875], [-79.65514, 8.89181], [-79.65236, 8.87958], [-79.64986, 8.88125], [-79.64709, 8.87847], [-79.64458, 8.87903], [-79.64569, 8.88514], [-79.62986, 8.88375], [-79.61931, 8.88736], [-79.61625, 8.89236], [-79.60597, 8.89431], [-79.59375, 8.89319], [-79.58153, 8.88708], [-79.58264, 8.89597], [-79.57903, 8.89819], [-79.57208, 8.89653], [-79.56625, 8.90014], [-79.5593, 8.92097], [-79.56819, 8.93125], [-79.56541, 8.94208], [-79.57403, 8.94375], [-79.57125, 8.95681], [-79.58459, 8.97625], [-79.58319, 8.97708], [-79.58153, 8.97431], [-79.57958, 8.97542], [-79.58514, 8.99125], [-79.58014, 8.98597], [-79.57757, 8.97569], [-79.57541, 8.98506], [-79.58015, 8.99391], [-79.60458, 9.00624], [-79.6122, 9.01817], [-79.64514, 9.03823], [-79.65506, 9.05297], [-79.67058, 9.06536], [-79.69316, 9.10375], [-79.6918, 9.10653]]]]}}, {"type": "Feature", "properties": {"admin2_pcode": "PA1102", "admin2_name": "Capira", "admin1_name": "Panam\u00e1 Oeste"}, "geometry": {"type": "MultiPolygon", "coordinates": [[[[-79.82848, 8.64569], [-79.83264, 8.64264], [-79.83014, 8.63986], [-79.82875, 8.64042], [-79.82848, 8.64569]]], [[[-79.74292, 8.67542], [-79.74375, 8.67236], [-79.74125, 8.66931], [-79.73986, 8.67319], [-79.74292, 8.67542]]], [[[-79.74486, 8.70264], [-79.74486, 8.69764], [-79.74236, 8.69681], [-79.74181, 8.70014], [-79.74486, 8.70264]]], [[[-79.73959, 8.71236], [-79.74153, 8.71208], [-79.74125, 8.70958], [-79.73903, 8.70986], [-79.73959, 8.71236]]], [[[-79.74347, 8.74319], [-79.74819, 8.74014], [-79.74736, 8.73764], [-79.74292, 8.73847], [-79.74347, 8.74319]]], [[[-79.75347, 8.74486], [-79.75569, 8.74375], [-79.75514, 8.74208], [-79.75236, 8.74319], [-79.75347, 8.74486]]], [[[-79.73319, 8.77931], [-79.73209, 8.77597], [-79.73097, 8.77625], [-79.73097, 8.77792], [-79.73319, 8.77931]]], [[[-79.99049, 8.97239], [-80.05549, 8.97512], [-80.09219, 9.00324], [-80.11566, 8.97316], [-80.13621, 8.96585], [-80.14498, 8.94518], [-80.13685, 8.93468], [-80.13897, 8.92633], [-80.14748, 8.9195], [-80.14939, 8.91055], [-80.15409, 8.91093], [-80.15499, 8.90356], [-80.16001, 8.89746], [-80.16901, 8.89031], [-80.16407, 8.84658], [-80.17037, 8.83175], [-80.16203, 8.81956], [-80.15589, 8.78124], [-80.15099, 8.77738], [-80.14353, 8.75901], [-80.12643, 8.74613], [-80.1242, 8.72704], [-80.11984, 8.71612], [-80.11487, 8.71232], [-80.11648, 8.70288], [-80.11092, 8.67573], [-80.11279, 8.66403], [-80.11827, 8.65549], [-80.11702, 8.63749], [-80.11152, 8.62698], [-80.11285, 8.61401], [-80.10906, 8.61144], [-80.08056, 8.63615], [-80.05911, 8.6563], [-80.04364, 8.68047], [-80.01528, 8.69547], [-79.99562, 8.69642], [-79.9736, 8.6905], [-79.95794, 8.69811], [-79.95036, 8.69682], [-79.937, 8.69067], [-79.9124, 8.66854], [-79.88027, 8.69112], [-79.85718, 8.69463], [-79.84519, 8.68486], [-79.84821, 8.66625], [-79.84653, 8.66125], [-79.85208, 8.65431], [-79.8343, 8.64263], [-79.82125, 8.65625], [-79.80514, 8.65292], [-79.79514, 8.66653], [-79.76542, 8.67736], [-79.75263, 8.69208], [-79.75958, 8.69597], [-79.75958, 8.70264], [-79.75708, 8.7082], [-79.75069, 8.70681], [-79.74986, 8.71153], [-79.74541, 8.71153], [-79.75236, 8.71847], [-79.74236, 8.72404], [-79.74597, 8.72792], [-79.75291, 8.7268], [-79.75263, 8.73042], [-79.74709, 8.73403], [-79.75542, 8.73708], [-79.75986, 8.74347], [-79.75764, 8.75347], [-79.76458, 8.75819], [-79.7618, 8.76181], [-79.76236, 8.76986], [-79.76791, 8.77125], [-79.7721, 8.77876], [-79.78562, 8.78371], [-79.7924, 8.80187], [-79.80141, 8.79823], [-79.81683, 8.79796], [-79.82547, 8.8041], [-79.83208, 8.81409], [-79.82764, 8.83053], [-79.8402, 8.82713], [-79.84971, 8.81682], [-79.85302, 8.8179], [-79.85718, 8.81108], [-79.8805, 8.81911], [-79.89874, 8.81519], [-79.90803, 8.80722], [-79.92259, 8.82076], [-79.93867, 8.8199], [-79.93834, 8.83498], [-79.95093, 8.83002], [-79.96865, 8.83967], [-79.97716, 8.86036], [-79.98005, 8.88283], [-79.97565, 8.90639], [-79.98457, 8.92309], [-79.97142, 8.93001], [-79.99049, 8.97239]]]]}}, {"type": "Feature", "properties": {"admin2_pcode": "PA1103", "admin2_name": "Chame", "admin1_name": "Panam\u00e1 Oeste"}, "geometry": {"type": "Polygon", "coordinates": [[[-79.84821, 8.66625], [-79.84519, 8.68486], [-79.85718, 8.69463], [-79.88027, 8.69112], [-79.9124, 8.66854], [-79.937, 8.69067], [-79.95036, 8.69682], [-79.95794, 8.69811], [-79.9736, 8.6905], [-79.99562, 8.69642], [-80.01528, 8.69547], [-80.04364, 8.68047], [-80.05911, 8.6563], [-80.08056, 8.63615], [-80.06568, 8.63941], [-80.05584, 8.63302], [-80.02926, 8.63243], [-80.02202, 8.62496], [-80.01557, 8.60936], [-80.00067, 8.59898], [-79.98667, 8.56523], [-79.9601, 8.56021], [-79.94626, 8.55335], [-79.93249, 8.55359], [-79.91544, 8.5464], [-79.90167, 8.53607], [-79.89471, 8.52264], [-79.87514, 8.53042], [-79.87791, 8.54208], [-79.86764, 8.54847], [-79.86542, 8.55403], [-79.78403, 8.57654], [-79.75819, 8.59458], [-79.69848, 8.64792], [-79.70042, 8.65681], [-79.71514, 8.64208], [-79.72652, 8.63736], [-79.73319, 8.62792], [-79.7457, 8.62319], [-79.74514, 8.61514], [-79.74959, 8.61014], [-79.75625, 8.60986], [-79.75208, 8.61403], [-79.75875, 8.61736], [-79.78042, 8.61265], [-79.80987, 8.62375], [-79.82903, 8.63682], [-79.83598, 8.63597], [-79.84209, 8.64681], [-79.85291, 8.65319], [-79.85709, 8.65182], [-79.85375, 8.64681], [-79.85514, 8.63931], [-79.85458, 8.64681], [-79.85902, 8.65042], [-79.84736, 8.66125], [-79.84821, 8.66625]]]}}, {"type": "Feature", "properties": {"admin2_pcode": "PA1104", "admin2_name": "La Chorrera", "admin1_name": "Panam\u00e1 Oeste"}, "geometry": {"type": "MultiPolygon", "coordinates": [[[[-79.72514, 8.84847], [-79.72736, 8.84819], [-79.72403, 8.84625], [-79.72375, 8.84737], [-79.72514, 8.84847]]], [[[-79.91708, 9.08569], [-79.91875, 9.08514], [-79.91764, 9.08292], [-79.91597, 9.08347], [-79.91708, 9.08569]]], [[[-79.92292, 9.09347], [-79.92319, 9.09208], [-79.92097, 9.09181], [-79.92097, 9.09319], [-79.92292, 9.09347]]], [[[-79.92042, 9.09458], [-79.92014, 9.09569], [-79.92347, 9.09542], [-79.92347, 9.09458], [-79.92042, 9.09458]]], [[[-79.92875, 9.09931], [-79.92958, 9.09903], [-79.92931, 9.09653], [-79.92764, 9.09681], [-79.92875, 9.09931]]], [[[-79.93153, 9.1082], [-79.93403, 9.10736], [-79.93236, 9.10514], [-79.92986, 9.10569], [-79.93153, 9.1082]]], [[[-79.79486, 9.09149], [-79.79736, 9.09236], [-79.79347, 9.10042], [-79.79681, 9.10097], [-79.7932, 9.11375], [-79.79958, 9.11681], [-79.79819, 9.09792], [-79.80431, 9.09764], [-79.80319, 9.09125], [-79.80597, 9.08792], [-79.80653, 9.09736], [-79.81097, 9.09681], [-79.81431, 9.08736], [-79.80986, 9.08764], [-79.81292, 9.08431], [-79.80875, 9.0832], [-79.80791, 9.0793], [-79.80514, 9.08375], [-79.7978, 9.08208], [-79.79911, 9.08929], [-79.79486, 9.09149]]], [[[-79.87014, 9.12792], [-79.86931, 9.12403], [-79.86764, 9.12375], [-79.86736, 9.12458], [-79.87014, 9.12792]]], [[[-79.8418, 9.1293], [-79.84264, 9.12708], [-79.83958, 9.12819], [-79.83958, 9.12903], [-79.8418, 9.1293]]], [[[-79.87486, 9.13208], [-79.87542, 9.13042], [-79.87736, 9.1293], [-79.87375, 9.13042], [-79.87486, 9.13208]]], [[[-79.8418, 9.13208], [-79.84292, 9.13097], [-79.83986, 9.12958], [-79.83958, 9.1307], [-79.8418, 9.13208]]], [[[-79.85625, 9.13847], [-79.85736, 9.13764], [-79.85458, 9.13653], [-79.85458, 9.13764], [-79.85625, 9.13847]]], [[[-79.83403, 9.13653], [-79.83319, 9.13708], [-79.83292, 9.13875], [-79.83486, 9.13792], [-79.83403, 9.13653]]], [[[-79.89819, 9.16514], [-79.89931, 9.16375], [-79.89709, 9.16069], [-79.89709, 9.1632], [-79.89819, 9.16514]]], [[[-79.92931, 9.17042], [-79.93069, 9.17042], [-79.93042, 9.16764], [-79.92819, 9.16792], [-79.92931, 9.17042]]], [[[-79.92764, 9.17458], [-79.92958, 9.17319], [-79.92903, 9.17097], [-79.9268, 9.17208], [-79.92764, 9.17458]]], [[[-79.84458, 9.17958], [-79.84736, 9.17097], [-79.85597, 9.17653], [-79.85819, 9.17153], [-79.85403, 9.16958], [-79.85875, 9.16958], [-79.85875, 9.16625], [-79.86236, 9.16569], [-79.86125, 9.17542], [-79.86375, 9.17181], [-79.86597, 9.17431], [-79.86986, 9.17125], [-79.86569, 9.16569], [-79.86847, 9.16347], [-79.87041, 9.14847], [-79.86097, 9.13931], [-79.84986, 9.14181], [-79.85208, 9.13819], [-79.84792, 9.13292], [-79.84375, 9.13542], [-79.84209, 9.14431], [-79.84153, 9.14208], [-79.8393, 9.14486], [-79.83542, 9.14292], [-79.83708, 9.14819], [-79.82848, 9.14764], [-79.82819, 9.13986], [-79.82486, 9.14569], [-79.82625, 9.15097], [-79.81903, 9.16014], [-79.82458, 9.16542], [-79.82986, 9.16236], [-79.83125, 9.16569], [-79.83569, 9.16347], [-79.83319, 9.17458], [-79.8407, 9.17069], [-79.84458, 9.17958]]], [[[-79.79764, 9.08146], [-79.80209, 9.07986], [-79.80236, 9.08208], [-79.80347, 9.07653], [-79.80653, 9.0757], [-79.80458, 9.07153], [-79.80903, 9.07181], [-79.80403, 9.06819], [-79.80875, 9.06764], [-79.8082, 9.06292], [-79.81069, 9.06486], [-79.8082, 9.06986], [-79.81014, 9.07042], [-79.80847, 9.0757], [-79.81153, 9.0757], [-79.81097, 9.08014], [-79.81541, 9.07819], [-79.81847, 9.08181], [-79.82097, 9.07597], [-79.82347, 9.07708], [-79.82042, 9.06958], [-79.82403, 9.07181], [-79.82375, 9.05514], [-79.82625, 9.05319], [-79.82597, 9.06236], [-79.83236, 9.05514], [-79.82764, 9.05125], [-79.82458, 9.04069], [-79.82986, 9.03625], [-79.83764, 9.0457], [-79.83264, 9.04875], [-79.83459, 9.05375], [-79.83958, 9.05208], [-79.83903, 9.04819], [-79.84348, 9.0518], [-79.84375, 9.03986], [-79.84625, 9.04208], [-79.84875, 9.03681], [-79.85347, 9.04097], [-79.85042, 9.04264], [-79.8532, 9.04514], [-79.84959, 9.05097], [-79.85542, 9.05042], [-79.85347, 9.05292], [-79.85597, 9.05681], [-79.85875, 9.04875], [-79.86181, 9.05042], [-79.86153, 9.05542], [-79.86486, 9.05125], [-79.86181, 9.04764], [-79.86681, 9.04625], [-79.86958, 9.05014], [-79.86486, 9.05625], [-79.87041, 9.06486], [-79.87625, 9.06514], [-79.87319, 9.06958], [-79.88014, 9.07042], [-79.88042, 9.07403], [-79.87625, 9.07264], [-79.87514, 9.07486], [-79.87209, 9.06958], [-79.86792, 9.07292], [-79.86264, 9.06403], [-79.86347, 9.05903], [-79.85625, 9.06042], [-79.86097, 9.06514], [-79.85597, 9.06792], [-79.85486, 9.06514], [-79.85236, 9.07181], [-79.85125, 9.06958], [-79.84792, 9.07125], [-79.84708, 9.06486], [-79.84348, 9.06708], [-79.8418, 9.06069], [-79.83681, 9.06264], [-79.84264, 9.07069], [-79.83264, 9.06542], [-79.83041, 9.06847], [-79.83097, 9.06264], [-79.82681, 9.06347], [-79.82597, 9.07792], [-79.81875, 9.08403], [-79.81847, 9.08875], [-79.8243, 9.09097], [-79.82153, 9.09292], [-79.82236, 9.09736], [-79.81458, 9.09458], [-79.80403, 9.10097], [-79.80847, 9.10792], [-79.80542, 9.1107], [-79.80903, 9.11292], [-79.80875, 9.11986], [-79.81431, 9.1218], [-79.81986, 9.11486], [-79.81931, 9.11875], [-79.83125, 9.13347], [-79.83736, 9.13347], [-79.83236, 9.11792], [-79.83764, 9.12736], [-79.83847, 9.12458], [-79.84402, 9.1257], [-79.84431, 9.12292], [-79.84792, 9.12458], [-79.84736, 9.12153], [-79.85125, 9.12542], [-79.84959, 9.12903], [-79.85514, 9.1257], [-79.85431, 9.12819], [-79.86125, 9.13236], [-79.86459, 9.12903], [-79.86236, 9.11542], [-79.87014, 9.11458], [-79.8707, 9.11847], [-79.87514, 9.11847], [-79.8707, 9.1218], [-79.87791, 9.12319], [-79.87431, 9.12653], [-79.8793, 9.12736], [-79.87791, 9.13236], [-79.88236, 9.13792], [-79.87959, 9.14236], [-79.87542, 9.14181], [-79.87736, 9.14014], [-79.87458, 9.13653], [-79.87347, 9.14042], [-79.86958, 9.14125], [-79.87014, 9.14514], [-79.87625, 9.14875], [-79.88292, 9.14597], [-79.88014, 9.1632], [-79.88153, 9.16681], [-79.88514, 9.16736], [-79.88236, 9.16542], [-79.88541, 9.16486], [-79.88875, 9.16764], [-79.88764, 9.17125], [-79.88014, 9.17431], [-79.88125, 9.17847], [-79.88514, 9.18125], [-79.89069, 9.17431], [-79.88931, 9.17153], [-79.89542, 9.16736], [-79.89069, 9.16569], [-79.89542, 9.16403], [-79.8943, 9.16014], [-79.89875, 9.15236], [-79.89597, 9.14764], [-79.9018, 9.14319], [-79.90375, 9.14514], [-79.9018, 9.15264], [-79.90736, 9.14792], [-79.9032, 9.15625], [-79.90875, 9.15569], [-79.90598, 9.15875], [-79.91125, 9.15847], [-79.90625, 9.16097], [-79.90903, 9.16347], [-79.90986, 9.16097], [-79.90986, 9.16764], [-79.91792, 9.16792], [-79.92042, 9.17764], [-79.9268, 9.16431], [-79.9343, 9.16292], [-79.93236, 9.15514], [-79.92347, 9.15819], [-79.92875, 9.15431], [-79.92375, 9.14792], [-79.93625, 9.15069], [-79.93514, 9.14403], [-79.93847, 9.14292], [-79.93291, 9.14236], [-79.93181, 9.13708], [-79.93042, 9.13958], [-79.92514, 9.13875], [-79.92625, 9.13319], [-79.92319, 9.13458], [-79.92208, 9.13014], [-79.91708, 9.13236], [-79.92069, 9.12875], [-79.92625, 9.12736], [-79.93153, 9.13125], [-79.93181, 9.12625], [-79.92042, 9.12708], [-79.9182, 9.12403], [-79.92319, 9.12153], [-79.90764, 9.11319], [-79.91014, 9.11292], [-79.91319, 9.11403], [-79.91348, 9.11181], [-79.92292, 9.11597], [-79.9193, 9.10875], [-79.92319, 9.10847], [-79.9193, 9.10542], [-79.92403, 9.10708], [-79.92819, 9.11236], [-79.92792, 9.10708], [-79.92292, 9.10347], [-79.92736, 9.10347], [-79.92875, 9.1018], [-79.92625, 9.10264], [-79.92292, 9.09681], [-79.91903, 9.09875], [-79.92042, 9.08903], [-79.91597, 9.08931], [-79.91625, 9.09208], [-79.91236, 9.08514], [-79.90375, 9.08792], [-79.89902, 9.0832], [-79.90625, 9.08625], [-79.91792, 9.07764], [-79.91986, 9.08153], [-79.92152, 9.07264], [-79.92347, 9.08542], [-79.9268, 9.08653], [-79.92571, 9.08986], [-79.92931, 9.09014], [-79.92625, 9.09597], [-79.92819, 9.09375], [-79.93597, 9.09764], [-79.93597, 9.09375], [-79.93986, 9.09375], [-79.93958, 9.09764], [-79.94153, 9.09597], [-79.94403, 9.10153], [-79.94292, 9.08431], [-79.94625, 9.08375], [-79.94209, 9.08014], [-79.93625, 9.08042], [-79.94041, 9.07625], [-79.9268, 9.06736], [-79.93486, 9.06403], [-79.93514, 9.06847], [-79.94153, 9.06597], [-79.93875, 9.06958], [-79.94569, 9.08042], [-79.94745, 9.07681], [-79.95014, 9.07986], [-79.95458, 9.07792], [-79.9493, 9.08181], [-79.95653, 9.08542], [-79.95348, 9.08792], [-79.9493, 9.08625], [-79.95292, 9.08958], [-79.95125, 9.09486], [-79.95597, 9.08875], [-79.95875, 9.09681], [-79.96098, 9.09458], [-79.95819, 9.08569], [-79.96291, 9.08431], [-79.96181, 9.08014], [-79.96542, 9.07875], [-79.95986, 9.07792], [-79.96014, 9.07486], [-79.9568, 9.07375], [-79.96125, 9.07236], [-79.96098, 9.06681], [-79.95319, 9.06403], [-79.95264, 9.05681], [-79.9557, 9.05653], [-79.95653, 9.05125], [-79.95208, 9.05319], [-79.95375, 9.04736], [-79.94681, 9.04708], [-79.95153, 9.04292], [-79.95042, 9.03903], [-79.94458, 9.04069], [-79.94375, 9.03736], [-79.94764, 9.03514], [-79.93681, 9.02903], [-79.93736, 9.02847], [-79.9418, 9.02986], [-79.94625, 9.03319], [-79.94903, 9.03319], [-79.94764, 9.02792], [-79.95208, 9.0282], [-79.95069, 9.01931], [-79.9568, 9.02153], [-79.95541, 9.00963], [-79.96446, 8.98399], [-79.97489, 8.98946], [-79.97666, 8.98342], [-79.98735, 8.97788], [-79.99049, 8.97239], [-79.97142, 8.93001], [-79.98457, 8.92309], [-79.97565, 8.90639], [-79.98005, 8.88283], [-79.97716, 8.86036], [-79.96865, 8.83967], [-79.95093, 8.83002], [-79.93834, 8.83498], [-79.93867, 8.8199], [-79.92259, 8.82076], [-79.90803, 8.80722], [-79.89874, 8.81519], [-79.8805, 8.81911], [-79.85718, 8.81108], [-79.85302, 8.8179], [-79.84971, 8.81682], [-79.8402, 8.82713], [-79.82764, 8.83053], [-79.83208, 8.81409], [-79.82547, 8.8041], [-79.81683, 8.79796], [-79.80141, 8.79823], [-79.7924, 8.80187], [-79.78562, 8.78371], [-79.7721, 8.77876], [-79.76986, 8.78181], [-79.77209, 8.78625], [-79.76708, 8.79181], [-79.76903, 8.79569], [-79.76569, 8.79958], [-79.76653, 8.80458], [-79.75681, 8.81319], [-79.75903, 8.81764], [-79.75125, 8.81847], [-79.75291, 8.82903], [-79.74653, 8.82627], [-79.74541, 8.83181], [-79.74875, 8.83764], [-79.7468, 8.84125], [-79.74236, 8.84486], [-79.7393, 8.84375], [-79.74042, 8.84903], [-79.72986, 8.85014], [-79.72958, 8.85514], [-79.72014, 8.86237], [-79.70597, 8.85597], [-79.70486, 8.85875], [-79.71014, 8.86069], [-79.71236, 8.86597], [-79.71014, 8.87042], [-79.7068, 8.86986], [-79.7068, 8.87597], [-79.70359, 8.87653], [-79.70531, 8.89229], [-79.71469, 8.90414], [-79.73297, 8.90081], [-79.74587, 8.91071], [-79.76154, 8.90681], [-79.76766, 8.915], [-79.76831, 8.93075], [-79.74579, 8.9528], [-79.75371, 8.97315], [-79.77453, 8.9902], [-79.75636, 9.02272], [-79.76923, 9.03478], [-79.76946, 9.0503], [-79.78915, 9.06271], [-79.79764, 9.08146]]], [[[-79.84431, 9.18264], [-79.8482, 9.18069], [-79.85042, 9.17569], [-79.84597, 9.17875], [-79.84431, 9.18264]]]]}}, {"type": "Feature", "properties": {"admin2_pcode": "PA1105", "admin2_name": "San Carlos", "admin1_name": "Panam\u00e1 Oeste"}, "geometry": {"type": "Polygon", "coordinates": [[[-79.89471, 8.52264], [-79.90167, 8.53607], [-79.91544, 8.5464], [-79.93249, 8.55359], [-79.94626, 8.55335], [-79.9601, 8.56021], [-79.98667, 8.56523], [-80.00067, 8.59898], [-80.01557, 8.60936], [-80.02202, 8.62496], [-80.02926, 8.63243], [-80.05584, 8.63302], [-80.06568, 8.63941], [-80.08056, 8.63615], [-80.10906, 8.61144], [-80.10547, 8.61032], [-80.10019, 8.58784], [-80.10365, 8.56371], [-80.12209, 8.56661], [-80.11166, 8.55458], [-80.11102, 8.54174], [-80.1073, 8.53496], [-80.1016, 8.53107], [-80.09225, 8.51525], [-80.09982, 8.48507], [-80.09809, 8.4709], [-80.07421, 8.44121], [-80.07213, 8.42827], [-80.06442, 8.41598], [-80.05841, 8.41531], [-80.05266, 8.40744], [-80.05975, 8.40125], [-80.04597, 8.40597], [-80.03986, 8.41236], [-80.00764, 8.43014], [-80.00125, 8.43708], [-79.97569, 8.44903], [-79.97041, 8.45597], [-79.95125, 8.46764], [-79.95042, 8.47931], [-79.94319, 8.49292], [-79.91375, 8.50764], [-79.91348, 8.51181], [-79.90791, 8.51653], [-79.9007, 8.52208], [-79.89471, 8.52264]]]}}, {"type": "Feature", "properties": {"admin2_pcode": "PA1201", "admin2_name": "Balboa", "admin1_name": "Panam\u00e1"}, "geometry": {"type": "MultiPolygon", "coordinates": [[[[-78.99986, 7.99986], [-78.99986, 8.00014], [-79.00014, 8.00014], [-79.00014, 7.99986], [-78.99986, 7.99986]]], [[[-78.77597, 8.19958], [-78.77792, 8.19458], [-78.77653, 8.19264], [-78.77154, 8.19597], [-78.77597, 8.19958]]], [[[-79.09736, 8.20708], [-79.09847, 8.20542], [-79.09597, 8.20458], [-79.0968, 8.20681], [-79.09736, 8.20708]]], [[[-79.12431, 8.2107], [-79.12597, 8.21014], [-79.12486, 8.20819], [-79.12292, 8.20931], [-79.12431, 8.2107]]], [[[-79.10764, 8.21125], [-79.10958, 8.21097], [-79.10931, 8.20486], [-79.10625, 8.20764], [-79.10764, 8.21125]]], [[[-79.09597, 8.21264], [-79.09792, 8.21208], [-79.09792, 8.20931], [-79.0957, 8.20958], [-79.09597, 8.21264]]], [[[-78.90791, 8.21931], [-78.90847, 8.21764], [-78.90598, 8.21764], [-78.90598, 8.21792], [-78.90791, 8.21931]]], [[[-78.9343, 8.27625], [-78.93459, 8.27486], [-78.93208, 8.27264], [-78.93236, 8.27375], [-78.9343, 8.27625]]], [[[-78.84125, 8.28347], [-78.85375, 8.27764], [-78.85098, 8.26764], [-78.84764, 8.27042], [-78.84014, 8.26847], [-78.83708, 8.27597], [-78.84125, 8.27708], [-78.84125, 8.28347]]], [[[-78.88903, 8.29458], [-78.88986, 8.29431], [-78.89069, 8.29069], [-78.88847, 8.29236], [-78.88903, 8.29458]]], [[[-79.1032, 8.31736], [-79.11736, 8.31625], [-79.12292, 8.30403], [-79.12959, 8.29958], [-79.12736, 8.29681], [-79.12986, 8.29542], [-79.12959, 8.28542], [-79.12653, 8.28486], [-79.1293, 8.28097], [-79.12542, 8.27903], [-79.13097, 8.26208], [-79.12569, 8.25847], [-79.13431, 8.25514], [-79.1368, 8.25958], [-79.14291, 8.25097], [-79.14458, 8.24125], [-79.14236, 8.23764], [-79.14014, 8.24319], [-79.13792, 8.24237], [-79.13347, 8.22847], [-79.13486, 8.22319], [-79.12791, 8.22625], [-79.13097, 8.22236], [-79.12986, 8.21403], [-79.12041, 8.20819], [-79.1132, 8.21208], [-79.11125, 8.20958], [-79.10902, 8.21264], [-79.11042, 8.22597], [-79.10597, 8.23043], [-79.09959, 8.22792], [-79.09708, 8.22986], [-79.09875, 8.23958], [-79.10653, 8.24597], [-79.10125, 8.25569], [-79.0907, 8.26042], [-79.08375, 8.25875], [-79.08264, 8.25403], [-79.07764, 8.25514], [-79.07819, 8.25819], [-79.06597, 8.25735], [-79.06958, 8.26431], [-79.07597, 8.26292], [-79.07625, 8.26931], [-79.08292, 8.27208], [-79.08292, 8.28708], [-79.08903, 8.29847], [-79.10181, 8.31042], [-79.1032, 8.31736]]], [[[-79.00208, 8.33486], [-79.0043, 8.33403], [-79.00486, 8.33181], [-79.00236, 8.33125], [-79.00208, 8.33486]]], [[[-79.0043, 8.33569], [-79.00764, 8.33542], [-79.00819, 8.33375], [-79.00597, 8.33375], [-79.0043, 8.33569]]], [[[-78.98653, 8.33847], [-78.98875, 8.33847], [-78.98903, 8.33736], [-78.98653, 8.33708], [-78.98653, 8.33847]]], [[[-79.01014, 8.36486], [-79.01236, 8.36319], [-79.01543, 8.36264], [-79.01319, 8.36208], [-79.01014, 8.36486]]], [[[-78.80986, 8.36986], [-78.81097, 8.35875], [-78.80375, 8.36486], [-78.80486, 8.3718], [-78.80986, 8.36986]]], [[[-78.9632, 8.39569], [-78.9643, 8.39569], [-78.9668, 8.39153], [-78.9632, 8.39181], [-78.9632, 8.39569]]], [[[-78.80986, 8.36986], [-78.80791, 8.37986], [-78.81764, 8.39293], [-78.82764, 8.39903], [-78.83875, 8.37597], [-78.83014, 8.36736], [-78.81514, 8.36569], [-78.80986, 8.36986]]], [[[-79.1068, 8.42403], [-79.10986, 8.42375], [-79.10847, 8.42042], [-79.1068, 8.42097], [-79.1068, 8.42403]]], [[[-78.98153, 8.42792], [-78.98292, 8.42708], [-78.98236, 8.42458], [-78.97958, 8.42569], [-78.98153, 8.42792]]], [[[-79.1143, 8.42931], [-79.12569, 8.42403], [-79.12959, 8.41681], [-79.12736, 8.41153], [-79.13181, 8.40403], [-79.12791, 8.40014], [-79.12153, 8.4032], [-79.11653, 8.39736], [-79.11681, 8.39125], [-79.10431, 8.38875], [-79.0957, 8.38236], [-79.09597, 8.37764], [-79.08598, 8.37736], [-79.08041, 8.39569], [-79.08652, 8.40097], [-79.08236, 8.41404], [-79.08708, 8.41958], [-79.09014, 8.41903], [-79.09042, 8.40431], [-79.09431, 8.40208], [-79.09653, 8.40986], [-79.10208, 8.40764], [-79.10125, 8.41569], [-79.11459, 8.42125], [-79.1143, 8.42931]]], [[[-78.85375, 8.4332], [-78.85486, 8.42847], [-78.84903, 8.42292], [-78.85208, 8.42708], [-78.85375, 8.4332]]], [[[-78.84708, 8.44347], [-78.84875, 8.44319], [-78.84903, 8.44097], [-78.84653, 8.44098], [-78.84708, 8.44347]]], [[[-78.99069, 8.44431], [-78.99153, 8.44403], [-78.99236, 8.44125], [-78.99069, 8.44153], [-78.99069, 8.44431]]], [[[-79.00597, 8.44708], [-79.01125, 8.44236], [-79.01097, 8.44125], [-79.00569, 8.44347], [-79.00597, 8.44708]]], [[[-79.1068, 8.44736], [-79.11069, 8.44542], [-79.10875, 8.44014], [-79.10625, 8.44208], [-79.1068, 8.44736]]], [[[-78.9893, 8.45542], [-78.99069, 8.45514], [-78.99126, 8.45319], [-78.9893, 8.45375], [-78.9893, 8.45542]]], [[[-78.8532, 8.46042], [-78.85486, 8.4593], [-78.85181, 8.45653], [-78.85152, 8.45736], [-78.8532, 8.46042]]], [[[-78.93653, 8.46431], [-78.93931, 8.4632], [-78.93764, 8.46125], [-78.93542, 8.46153], [-78.93653, 8.46431]]], [[[-78.93958, 8.46708], [-78.94209, 8.46375], [-78.9418, 8.46208], [-78.93931, 8.46403], [-78.93958, 8.46708]]], [[[-78.91291, 8.47096], [-78.91348, 8.47264], [-78.91486, 8.47014], [-78.91375, 8.46986], [-78.91291, 8.47096]]], [[[-78.90764, 8.47486], [-78.90708, 8.47096], [-78.90264, 8.46597], [-78.90153, 8.47014], [-78.90764, 8.47486]]], [[[-78.91291, 8.47096], [-78.9182, 8.46208], [-78.92069, 8.46264], [-78.91986, 8.46708], [-78.92514, 8.46375], [-78.92986, 8.46486], [-78.92514, 8.45792], [-78.9268, 8.45627], [-78.93208, 8.45653], [-78.93403, 8.46014], [-78.94847, 8.45292], [-78.95125, 8.45875], [-78.96486, 8.45653], [-78.9668, 8.4607], [-78.97292, 8.45625], [-78.97542, 8.44514], [-78.97208, 8.44098], [-78.97375, 8.43069], [-78.96653, 8.43042], [-78.9707, 8.42291], [-78.96458, 8.42069], [-78.96486, 8.41347], [-78.96792, 8.41069], [-78.95959, 8.39042], [-78.96014, 8.38153], [-78.96514, 8.37514], [-78.96931, 8.37708], [-78.96819, 8.37264], [-78.9732, 8.36819], [-78.95736, 8.3532], [-78.95319, 8.34292], [-78.94847, 8.34236], [-78.95708, 8.33931], [-78.95625, 8.32653], [-78.95264, 8.32708], [-78.94542, 8.32097], [-78.94764, 8.32042], [-78.95292, 8.32458], [-78.95541, 8.31708], [-78.95986, 8.31625], [-78.95986, 8.32986], [-78.96236, 8.33153], [-78.96208, 8.32819], [-78.9657, 8.32764], [-78.96458, 8.31264], [-78.9718, 8.30875], [-78.9657, 8.29403], [-78.96181, 8.29403], [-78.96291, 8.29153], [-78.95208, 8.2907], [-78.9418, 8.28486], [-78.93514, 8.27681], [-78.93291, 8.28042], [-78.93264, 8.27569], [-78.92764, 8.27125], [-78.93264, 8.26931], [-78.9332, 8.26458], [-78.92819, 8.25264], [-78.92403, 8.25042], [-78.92792, 8.24153], [-78.92319, 8.23653], [-78.92875, 8.23653], [-78.90542, 8.21903], [-78.90264, 8.22292], [-78.8968, 8.22236], [-78.89597, 8.22875], [-78.89819, 8.23097], [-78.9018, 8.22792], [-78.90791, 8.22958], [-78.91236, 8.23736], [-78.91236, 8.25514], [-78.92236, 8.26542], [-78.91903, 8.27542], [-78.92152, 8.28375], [-78.91681, 8.29153], [-78.91959, 8.29708], [-78.91348, 8.29903], [-78.9118, 8.29348], [-78.90986, 8.2943], [-78.91014, 8.29792], [-78.90125, 8.30847], [-78.89764, 8.30542], [-78.90041, 8.29986], [-78.89792, 8.29597], [-78.87764, 8.30125], [-78.86764, 8.29514], [-78.85625, 8.29542], [-78.85152, 8.30125], [-78.85431, 8.30597], [-78.85181, 8.31375], [-78.84236, 8.32014], [-78.84597, 8.32736], [-78.84264, 8.33708], [-78.83319, 8.34014], [-78.83097, 8.34403], [-78.84319, 8.34457], [-78.84097, 8.34763], [-78.84264, 8.35597], [-78.8393, 8.35708], [-78.83847, 8.36208], [-78.84402, 8.36708], [-78.85208, 8.36792], [-78.8482, 8.37319], [-78.8532, 8.37514], [-78.85431, 8.37986], [-78.84792, 8.37958], [-78.85542, 8.38374], [-78.85042, 8.38653], [-78.8482, 8.38319], [-78.84097, 8.38431], [-78.83347, 8.39681], [-78.84125, 8.39681], [-78.83652, 8.40181], [-78.84264, 8.41292], [-78.84541, 8.40625], [-78.84792, 8.40681], [-78.84847, 8.41347], [-78.85347, 8.41431], [-78.86069, 8.40764], [-78.85597, 8.41681], [-78.85819, 8.42208], [-78.86542, 8.41292], [-78.85958, 8.43264], [-78.86236, 8.44153], [-78.85736, 8.44402], [-78.85819, 8.44736], [-78.86125, 8.44597], [-78.86153, 8.45015], [-78.86708, 8.4518], [-78.86681, 8.45542], [-78.87041, 8.44958], [-78.87292, 8.45319], [-78.87125, 8.45819], [-78.87708, 8.45736], [-78.87319, 8.46069], [-78.8768, 8.46764], [-78.87847, 8.46764], [-78.87875, 8.46319], [-78.88319, 8.46486], [-78.88125, 8.47236], [-78.89264, 8.47431], [-78.89597, 8.46569], [-78.89403, 8.45903], [-78.89931, 8.45542], [-78.90014, 8.45653], [-78.89931, 8.45792], [-78.89542, 8.45819], [-78.89597, 8.46014], [-78.90375, 8.45986], [-78.90542, 8.46931], [-78.91291, 8.47096]]], [[[-78.89931, 8.47569], [-78.9018, 8.47403], [-78.90208, 8.47208], [-78.90014, 8.47319], [-78.89931, 8.47569]]], [[[-78.90958, 8.47597], [-78.9118, 8.47542], [-78.9118, 8.47375], [-78.90985, 8.47375], [-78.90958, 8.47597]]], [[[-78.90292, 8.48097], [-78.90514, 8.47597], [-78.90208, 8.47458], [-78.90236, 8.47931], [-78.90292, 8.48097]]], [[[-79.04264, 8.48347], [-79.04403, 8.48236], [-79.04403, 8.48042], [-79.04236, 8.48125], [-79.04264, 8.48347]]], [[[-79.04875, 8.48986], [-79.05319, 8.48569], [-79.05125, 8.48125], [-79.04819, 8.4832], [-79.04875, 8.48986]]], [[[-78.99931, 8.49236], [-79.00653, 8.49125], [-79.01014, 8.48792], [-79.00819, 8.48486], [-79.01264, 8.48264], [-79.00653, 8.47903], [-79.00014, 8.48375], [-79.0032, 8.47153], [-79.00847, 8.47097], [-79.00931, 8.46792], [-79.01153, 8.47319], [-79.01708, 8.46958], [-79.02014, 8.47153], [-79.02319, 8.46597], [-79.01403, 8.46625], [-79.00819, 8.45819], [-79.00291, 8.46264], [-78.9893, 8.46014], [-78.98681, 8.44986], [-78.97958, 8.44986], [-78.98236, 8.44486], [-78.98042, 8.44125], [-78.97625, 8.44625], [-78.97958, 8.45681], [-78.97292, 8.46347], [-78.98542, 8.46097], [-78.98792, 8.46958], [-78.99432, 8.47042], [-78.98959, 8.47542], [-78.9807, 8.47764], [-78.97986, 8.48375], [-78.9743, 8.48903], [-78.98236, 8.48875], [-78.98402, 8.48264], [-78.99347, 8.47958], [-78.99653, 8.47431], [-78.99653, 8.47764], [-78.99986, 8.47625], [-78.99931, 8.49236]]], [[[-79.00819, 8.49458], [-79.01041, 8.49431], [-79.01125, 8.49319], [-79.00847, 8.49292], [-79.00819, 8.49458]]], [[[-79.04764, 8.49569], [-79.0518, 8.49403], [-79.05319, 8.49097], [-79.04736, 8.49292], [-79.04764, 8.49569]]], [[[-78.95348, 8.49986], [-78.95486, 8.49903], [-78.95541, 8.49764], [-78.95375, 8.49847], [-78.95348, 8.49986]]], [[[-79.05708, 8.50514], [-79.06847, 8.49458], [-79.06597, 8.48932], [-79.06764, 8.48125], [-79.06319, 8.48458], [-79.05875, 8.4818], [-79.05264, 8.48764], [-79.05514, 8.49208], [-79.04931, 8.50069], [-79.05764, 8.49375], [-79.05514, 8.50042], [-79.05708, 8.50514]]], [[[-79.05569, 8.50931], [-79.0582, 8.50931], [-79.05847, 8.50875], [-79.05569, 8.50736], [-79.05569, 8.50931]]], [[[-79.02653, 8.51626], [-79.02653, 8.51181], [-79.02153, 8.51042], [-79.02209, 8.51347], [-79.02653, 8.51626]]], [[[-79.02014, 8.52347], [-79.0257, 8.52014], [-79.01875, 8.51792], [-79.01458, 8.52042], [-79.01514, 8.52319], [-79.01764, 8.52097], [-79.02014, 8.52347]]], [[[-79.02959, 8.52375], [-79.03347, 8.52208], [-79.04375, 8.50181], [-79.03181, 8.50097], [-79.03043, 8.49819], [-79.03375, 8.49458], [-79.02903, 8.49542], [-79.02736, 8.49153], [-79.0218, 8.49569], [-79.02401, 8.50181], [-79.03208, 8.50264], [-79.03236, 8.51236], [-79.02625, 8.52014], [-79.02959, 8.52375]]], [[[-79.03958, 8.52569], [-79.0507, 8.52236], [-79.04708, 8.51764], [-79.05097, 8.50986], [-79.04125, 8.51431], [-79.03764, 8.52181], [-79.04347, 8.52236], [-79.03958, 8.52569]]], [[[-79.00792, 8.53069], [-79.00792, 8.52819], [-79.00708, 8.52819], [-79.00542, 8.53069], [-79.00792, 8.53069]]], [[[-79.00792, 8.53069], [-79.00819, 8.53264], [-79.00986, 8.53236], [-79.01041, 8.53014], [-79.00792, 8.53069]]], [[[-79.0332, 8.53986], [-79.03709, 8.53792], [-79.03597, 8.53347], [-79.03043, 8.53792], [-79.0332, 8.53986]]], [[[-79.03236, 8.55125], [-79.0357, 8.54875], [-79.0357, 8.54681], [-79.03236, 8.54875], [-79.03236, 8.55125]]], [[[-79.02375, 8.57903], [-79.03042, 8.57736], [-79.03264, 8.57348], [-79.03125, 8.57236], [-79.02792, 8.57514], [-79.02514, 8.57375], [-79.02764, 8.56431], [-79.01764, 8.56764], [-79.02097, 8.57069], [-79.01708, 8.57542], [-79.02458, 8.57431], [-79.02375, 8.57903]]], [[[-79.02486, 8.59736], [-79.03653, 8.59264], [-79.03458, 8.58375], [-79.03125, 8.58431], [-79.03043, 8.58153], [-79.02236, 8.58403], [-79.01736, 8.58986], [-79.02458, 8.59264], [-79.02486, 8.59736]]], [[[-79.06041, 8.60292], [-79.06403, 8.60208], [-79.06403, 8.59792], [-79.06069, 8.59847], [-79.06041, 8.60292]]], [[[-79.03236, 8.63514], [-79.04459, 8.62597], [-79.04597, 8.61875], [-79.02736, 8.62736], [-79.03264, 8.63069], [-79.03236, 8.63514]]], [[[-79.06431, 8.63653], [-79.06709, 8.63569], [-79.07236, 8.61958], [-79.06597, 8.61625], [-79.06208, 8.60764], [-79.06069, 8.61403], [-79.05153, 8.62486], [-79.05736, 8.62458], [-79.05986, 8.62819], [-79.05875, 8.63514], [-79.06431, 8.63653]]], [[[-79.0343, 8.65153], [-79.03542, 8.65153], [-79.03764, 8.64819], [-79.03458, 8.64903], [-79.0343, 8.65153]]], [[[-79.05125, 8.67014], [-79.0593, 8.66931], [-79.05735, 8.66319], [-79.04792, 8.66292], [-79.05125, 8.67014]]], [[[-79.06264, 8.67292], [-79.06486, 8.67236], [-79.06514, 8.67153], [-79.06125, 8.67125], [-79.06264, 8.67292]]]]}}, {"type": "Feature", "properties": {"admin2_pcode": "PA1202", "admin2_name": "Chepo", "admin1_name": "Panam\u00e1"}, "geometry": {"type": "MultiPolygon", "coordinates": [[[[-79.13208, 8.95903], [-79.13319, 8.95069], [-79.12903, 8.94764], [-79.13319, 8.94292], [-79.12653, 8.94097], [-79.12764, 8.94708], [-79.12292, 8.95014], [-79.13208, 8.95903]]], [[[-79.13708, 8.96486], [-79.14208, 8.9618], [-79.13986, 8.9618], [-79.13792, 8.96264], [-79.13708, 8.96486]]], [[[-79.09958, 8.97875], [-79.09847, 8.97458], [-79.09764, 8.97431], [-79.09764, 8.97681], [-79.09958, 8.97875]]], [[[-79.09958, 8.97875], [-79.09986, 8.98125], [-79.10098, 8.98181], [-79.10042, 8.97903], [-79.09958, 8.97875]]], [[[-78.0488, 9.08946], [-78.06952, 9.10028], [-78.06598, 9.1261], [-78.0697, 9.13233], [-78.07867, 9.13269], [-78.08197, 9.13709], [-78.08557, 9.1507], [-78.08309, 9.16106], [-78.09806, 9.16967], [-78.11029, 9.16888], [-78.12141, 9.17249], [-78.12622, 9.17987], [-78.14899, 9.18347], [-78.17969, 9.1933], [-78.22278, 9.19592], [-78.23297, 9.18628], [-78.25044, 9.18628], [-78.29218, 9.21149], [-78.28748, 9.21808], [-78.28808, 9.22524], [-78.29534, 9.2435], [-78.30139, 9.25049], [-78.30341, 9.26331], [-78.30993, 9.26343], [-78.31937, 9.25634], [-78.32959, 9.25592], [-78.34039, 9.24487], [-78.35339, 9.25208], [-78.37202, 9.25355], [-78.37848, 9.26831], [-78.38826, 9.27423], [-78.39958, 9.27168], [-78.4146, 9.25669], [-78.41591, 9.23281], [-78.43377, 9.24499], [-78.44593, 9.23928], [-78.46297, 9.2625], [-78.46585, 9.27799], [-78.47517, 9.29106], [-78.4767, 9.30003], [-78.48897, 9.3034], [-78.50083, 9.3127], [-78.50362, 9.32789], [-78.49618, 9.33543], [-78.50155, 9.33879], [-78.50437, 9.34764], [-78.52295, 9.34918], [-78.54681, 9.3271], [-78.55859, 9.32804], [-78.57187, 9.32304], [-78.58926, 9.32671], [-78.59786, 9.32045], [-78.61196, 9.32331], [-78.62163, 9.3198], [-78.63645, 9.33588], [-78.66577, 9.34962], [-78.67397, 9.36471], [-78.68569, 9.3692], [-78.69179, 9.37744], [-78.70464, 9.3724], [-78.71092, 9.3754], [-78.71487, 9.38411], [-78.72045, 9.38469], [-78.73201, 9.36705], [-78.74307, 9.36207], [-78.81625, 9.3836], [-78.83654, 9.36845], [-78.863, 9.35427], [-78.8703, 9.35551], [-78.88162, 9.3684], [-78.89095, 9.36775], [-78.91018, 9.34349], [-78.90586, 9.33021], [-78.90783, 9.32555], [-78.9244, 9.31019], [-78.93373, 9.30665], [-78.96226, 9.314], [-78.98909, 9.30222], [-79.02309, 9.29513], [-79.05046, 9.2997], [-79.07271, 9.29879], [-79.10043, 9.30628], [-79.1014, 9.31046], [-79.09069, 9.31521], [-79.09302, 9.32236], [-79.10593, 9.33469], [-79.1253, 9.33983], [-79.15551, 9.33178], [-79.17647, 9.33858], [-79.20208, 9.33051], [-79.21514, 9.32006], [-79.23928, 9.30774], [-79.24653, 9.31104], [-79.2712, 9.31071], [-79.2828, 9.31749], [-79.29066, 9.31683], [-79.29693, 9.31145], [-79.29319, 9.291], [-79.28271, 9.27424], [-79.23826, 9.25684], [-79.22737, 9.25603], [-79.22012, 9.26387], [-79.2158, 9.26405], [-79.19508, 9.25632], [-79.1759, 9.23777], [-79.18863, 9.23684], [-79.20113, 9.2312], [-79.22373, 9.21245], [-79.23532, 9.20768], [-79.25022, 9.18145], [-79.25317, 9.16893], [-79.24358, 9.13834], [-79.23223, 9.1282], [-79.20949, 9.12299], [-79.19201, 9.1083], [-79.17523, 9.10342], [-79.16097, 9.10813], [-79.14835, 9.10073], [-79.1365, 9.05998], [-79.12828, 9.05184], [-79.13604, 9.0452], [-79.13379, 9.03459], [-79.14048, 9.02791], [-79.14409, 9.03254], [-79.13941, 9.03528], [-79.13961, 9.03931], [-79.15405, 9.04156], [-79.15299, 9.0308], [-79.15758, 9.0212], [-79.16734, 9.02061], [-79.16451, 9.01466], [-79.1579, 9.01213], [-79.13486, 9.00653], [-79.12458, 8.99958], [-79.1057, 8.99625], [-79.10042, 8.98792], [-79.08764, 8.99153], [-79.07541, 8.99014], [-79.04708, 8.97597], [-79.0432, 8.97597], [-79.03958, 8.98125], [-79.04681, 8.98708], [-79.0443, 8.98681], [-79.03848, 8.98292], [-79.0368, 8.97903], [-79.03125, 8.97764], [-79.02708, 8.97014], [-79.00014, 8.96097], [-78.97652, 8.94458], [-78.97041, 8.94653], [-78.96375, 8.94014], [-78.95959, 8.94153], [-78.95792, 8.93765], [-78.95264, 8.93875], [-78.94209, 8.93236], [-78.93291, 8.93653], [-78.93291, 8.93069], [-78.92875, 8.92597], [-78.92625, 8.92847], [-78.91541, 8.92792], [-78.91681, 8.92486], [-78.9107, 8.92514], [-78.90736, 8.91958], [-78.9107, 8.91597], [-78.90875, 8.91203], [-78.90055, 8.91428], [-78.89758, 8.92693], [-78.88587, 8.94073], [-78.83649, 8.9476], [-78.81162, 8.96371], [-78.80066, 8.97587], [-78.79365, 8.97772], [-78.7599, 8.915], [-78.7405, 8.91044], [-78.72123, 8.91826], [-78.69757, 8.91259], [-78.65716, 8.9265], [-78.64112, 8.91697], [-78.62007, 8.92708], [-78.60988, 8.92601], [-78.61022, 8.91345], [-78.60545, 8.90512], [-78.58971, 8.89882], [-78.58054, 8.88628], [-78.56035, 8.87788], [-78.55325, 8.85493], [-78.55213, 8.82697], [-78.54145, 8.82318], [-78.54086, 8.8273], [-78.5383, 8.82686], [-78.51507, 8.81508], [-78.50579, 8.81906], [-78.48284, 8.80495], [-78.45607, 8.8251], [-78.44009, 8.82834], [-78.42996, 8.82692], [-78.40397, 8.83758], [-78.39645, 8.83776], [-78.35368, 8.82847], [-78.34833, 8.82282], [-78.34914, 8.80626], [-78.34551, 8.79818], [-78.33172, 8.79594], [-78.31219, 8.80473], [-78.30255, 8.81551], [-78.30491, 8.83166], [-78.29343, 8.84781], [-78.28739, 8.84896], [-78.27496, 8.84402], [-78.26811, 8.84666], [-78.25381, 8.86481], [-78.24015, 8.87611], [-78.2345, 8.8763], [-78.22974, 8.87191], [-78.22155, 8.87704], [-78.20778, 8.87698], [-78.18249, 8.86041], [-78.16872, 8.86452], [-78.16359, 8.87043], [-78.16645, 8.8838], [-78.15101, 8.90984], [-78.15315, 8.92484], [-78.11838, 8.93702], [-78.10905, 8.94637], [-78.10717, 8.96318], [-78.11277, 8.97782], [-78.10742, 8.98879], [-78.09513, 9.00148], [-78.09394, 9.02111], [-78.08579, 9.02961], [-78.07211, 9.03189], [-78.05836, 9.04096], [-78.05565, 9.04829], [-78.05972, 9.05782], [-78.0528, 9.08589], [-78.0488, 9.08946]]]]}}, {"type": "Feature", "properties": {"admin2_pcode": "PA1203", "admin2_name": "Chim\u00e1n", "admin1_name": "Panam\u00e1"}, "geometry": {"type": "MultiPolygon", "coordinates": [[[[-78.4657, 8.41236], [-78.46792, 8.41125], [-78.46764, 8.40875], [-78.46542, 8.41125], [-78.4657, 8.41236]]], [[[-78.53792, 8.53486], [-78.53931, 8.53042], [-78.5368, 8.52986], [-78.53625, 8.53292], [-78.53792, 8.53486]]], [[[-78.5443, 8.54569], [-78.54708, 8.54486], [-78.54625, 8.54208], [-78.54597, 8.54431], [-78.5443, 8.54569]]], [[[-78.7057, 8.63486], [-78.7057, 8.63236], [-78.70319, 8.63292], [-78.70375, 8.63431], [-78.7057, 8.63486]]], [[[-78.62681, 8.64264], [-78.63375, 8.64042], [-78.63403, 8.63236], [-78.62708, 8.63542], [-78.62681, 8.63931], [-78.62431, 8.63847], [-78.62681, 8.64264]]], [[[-78.63153, 8.66292], [-78.63819, 8.65986], [-78.63708, 8.65653], [-78.63292, 8.65847], [-78.63375, 8.65542], [-78.63069, 8.65514], [-78.63153, 8.66292]]], [[[-78.76236, 8.81236], [-78.76347, 8.81069], [-78.76097, 8.80819], [-78.76041, 8.81042], [-78.76236, 8.81236]]], [[[-78.48284, 8.80495], [-78.50579, 8.81906], [-78.51507, 8.81508], [-78.5383, 8.82686], [-78.54086, 8.8273], [-78.54145, 8.82318], [-78.55213, 8.82697], [-78.55325, 8.85493], [-78.56035, 8.87788], [-78.58054, 8.88628], [-78.58971, 8.89882], [-78.60545, 8.90512], [-78.61022, 8.91345], [-78.60988, 8.92601], [-78.62007, 8.92708], [-78.64112, 8.91697], [-78.65716, 8.9265], [-78.69757, 8.91259], [-78.72123, 8.91826], [-78.7405, 8.91044], [-78.7599, 8.915], [-78.79365, 8.97772], [-78.80066, 8.97587], [-78.81162, 8.96371], [-78.83649, 8.9476], [-78.88587, 8.94073], [-78.89758, 8.92693], [-78.90055, 8.91428], [-78.90875, 8.91203], [-78.90625, 8.90819], [-78.89875, 8.90736], [-78.89875, 8.90375], [-78.89208, 8.90264], [-78.88958, 8.89403], [-78.88458, 8.89347], [-78.87791, 8.87514], [-78.88014, 8.86792], [-78.87569, 8.86625], [-78.87375, 8.85403], [-78.86514, 8.84125], [-78.86459, 8.83319], [-78.84597, 8.81653], [-78.83598, 8.81264], [-78.82958, 8.82014], [-78.81069, 8.81708], [-78.80708, 8.80931], [-78.81125, 8.80097], [-78.80791, 8.79569], [-78.78597, 8.80986], [-78.7832, 8.81847], [-78.7843, 8.83403], [-78.78098, 8.83236], [-78.77319, 8.83543], [-78.78042, 8.83042], [-78.78236, 8.82208], [-78.77014, 8.81819], [-78.75875, 8.80986], [-78.7543, 8.81432], [-78.75375, 8.82097], [-78.75291, 8.81375], [-78.75819, 8.80125], [-78.75486, 8.77708], [-78.75291, 8.77403], [-78.74653, 8.77515], [-78.74375, 8.76902], [-78.74097, 8.77014], [-78.74125, 8.76431], [-78.73431, 8.76403], [-78.72542, 8.75681], [-78.71291, 8.75625], [-78.71152, 8.76125], [-78.71125, 8.7557], [-78.70458, 8.75819], [-78.70431, 8.74986], [-78.6932, 8.74708], [-78.68625, 8.74764], [-78.68153, 8.75708], [-78.68126, 8.74736], [-78.67625, 8.74736], [-78.67513, 8.73958], [-78.67125, 8.73792], [-78.67514, 8.73097], [-78.66402, 8.73236], [-78.66597, 8.73875], [-78.66264, 8.73625], [-78.66236, 8.73403], [-78.66375, 8.73125], [-78.67375, 8.72958], [-78.68264, 8.72236], [-78.66431, 8.70625], [-78.66153, 8.7082], [-78.66514, 8.71542], [-78.65264, 8.72931], [-78.64291, 8.73264], [-78.63458, 8.7282], [-78.63292, 8.72181], [-78.64098, 8.70653], [-78.63625, 8.69987], [-78.63875, 8.69236], [-78.63458, 8.68819], [-78.62791, 8.68958], [-78.62319, 8.67264], [-78.61542, 8.6743], [-78.61459, 8.68347], [-78.61181, 8.67764], [-78.60764, 8.6768], [-78.60902, 8.68458], [-78.6057, 8.68292], [-78.5993, 8.68931], [-78.59959, 8.68542], [-78.58347, 8.67681], [-78.58041, 8.66319], [-78.5668, 8.65431], [-78.5443, 8.64625], [-78.53931, 8.64153], [-78.53792, 8.64458], [-78.53264, 8.64208], [-78.52486, 8.64375], [-78.52014, 8.63681], [-78.53069, 8.63986], [-78.51653, 8.61403], [-78.51764, 8.61236], [-78.51958, 8.61792], [-78.52486, 8.61514], [-78.52431, 8.60292], [-78.5268, 8.60125], [-78.5182, 8.60236], [-78.51598, 8.59708], [-78.50986, 8.59653], [-78.51208, 8.59208], [-78.50153, 8.58069], [-78.50569, 8.57458], [-78.50514, 8.56903], [-78.50208, 8.56708], [-78.4968, 8.57125], [-78.50069, 8.56625], [-78.49431, 8.56014], [-78.49541, 8.55597], [-78.50208, 8.56514], [-78.50653, 8.56069], [-78.50875, 8.57708], [-78.51486, 8.58069], [-78.51514, 8.57958], [-78.51208, 8.57625], [-78.51653, 8.57819], [-78.51681, 8.58264], [-78.52292, 8.58708], [-78.52903, 8.58903], [-78.53542, 8.58486], [-78.54652, 8.58708], [-78.54292, 8.58431], [-78.54236, 8.57764], [-78.53208, 8.56931], [-78.5343, 8.56653], [-78.53069, 8.56458], [-78.52875, 8.55653], [-78.53236, 8.55458], [-78.50847, 8.54236], [-78.5118, 8.53375], [-78.51542, 8.53403], [-78.51486, 8.52986], [-78.50375, 8.52543], [-78.50208, 8.52097], [-78.49819, 8.52347], [-78.4957, 8.52042], [-78.49792, 8.51792], [-78.4968, 8.50736], [-78.50347, 8.5057], [-78.50514, 8.49792], [-78.50347, 8.49264], [-78.50042, 8.49208], [-78.49819, 8.47597], [-78.50681, 8.47458], [-78.50819, 8.46486], [-78.4968, 8.44708], [-78.48986, 8.44486], [-78.47791, 8.43403], [-78.47459, 8.42486], [-78.47014, 8.43069], [-78.47097, 8.43403], [-78.47569, 8.43514], [-78.4743, 8.44347], [-78.47264, 8.44764], [-78.4668, 8.44847], [-78.46347, 8.45875], [-78.46403, 8.44681], [-78.45597, 8.43986], [-78.46486, 8.44347], [-78.47153, 8.44042], [-78.46069, 8.42486], [-78.45097, 8.41792], [-78.45319, 8.41264], [-78.45042, 8.40597], [-78.45097, 8.38292], [-78.44903, 8.38597], [-78.43875, 8.38514], [-78.43097, 8.36597], [-78.42347, 8.36153], [-78.42076, 8.34736], [-78.4184, 8.35889], [-78.4223, 8.39972], [-78.43018, 8.43848], [-78.44175, 8.47136], [-78.46039, 8.49768], [-78.46198, 8.51691], [-78.4771, 8.53432], [-78.4762, 8.5481], [-78.48749, 8.57269], [-78.487, 8.5907], [-78.48999, 8.60052], [-78.4761, 8.61061], [-78.47278, 8.64252], [-78.482, 8.65528], [-78.49528, 8.66092], [-78.49701, 8.6795], [-78.50739, 8.68451], [-78.51233, 8.69391], [-78.50508, 8.71947], [-78.50426, 8.73825], [-78.49181, 8.73849], [-78.48138, 8.75044], [-78.47987, 8.77613], [-78.47598, 8.78818], [-78.48284, 8.80495]]]]}}, {"type": "Feature", "properties": {"admin2_pcode": "PA1204", "admin2_name": "Panam\u00e1", "admin1_name": "Panam\u00e1"}, "geometry": {"type": "MultiPolygon", "coordinates": [[[[-79.51486, 8.91125], [-79.52153, 8.91014], [-79.52153, 8.90514], [-79.51486, 8.90514], [-79.51486, 8.91125]]], [[[-79.52264, 8.91653], [-79.52625, 8.91542], [-79.52486, 8.91264], [-79.5218, 8.91458], [-79.52264, 8.91653]]], [[[-79.5343, 8.91847], [-79.5343, 8.91458], [-79.52959, 8.91347], [-79.52959, 8.9157], [-79.5343, 8.91847]]], [[[-79.18653, 9.00987], [-79.18958, 9.00875], [-79.18986, 9.00764], [-79.18486, 9.00875], [-79.18653, 9.00987]]], [[[-79.68681, 9.12764], [-79.68764, 9.12431], [-79.68569, 9.12264], [-79.68681, 9.12458], [-79.68681, 9.12764]]], [[[-79.68208, 9.13347], [-79.68459, 9.13319], [-79.68486, 9.13181], [-79.68181, 9.13208], [-79.68208, 9.13347]]], [[[-79.57486, 9.20653], [-79.57708, 9.20375], [-79.57291, 9.20208], [-79.57291, 9.2057], [-79.57486, 9.20653]]], [[[-79.56625, 9.21042], [-79.56597, 9.21125], [-79.56875, 9.2107], [-79.56792, 9.20986], [-79.56625, 9.21042]]], [[[-79.58014, 9.21514], [-79.58153, 9.21153], [-79.57848, 9.20653], [-79.57764, 9.20819], [-79.58014, 9.21514]]], [[[-79.60514, 9.22431], [-79.60625, 9.22097], [-79.60403, 9.21986], [-79.60375, 9.22264], [-79.60514, 9.22431]]], [[[-79.57681, 9.2618], [-79.57792, 9.26014], [-79.57542, 9.25958], [-79.57542, 9.26097], [-79.57681, 9.2618]]], [[[-79.25107, 9.3447], [-79.25944, 9.35134], [-79.2651, 9.36102], [-79.25768, 9.37545], [-79.2536, 9.39655], [-79.25864, 9.39863], [-79.27626, 9.39338], [-79.27107, 9.40963], [-79.26149, 9.42445], [-79.26364, 9.43259], [-79.27043, 9.44025], [-79.2849, 9.43514], [-79.29825, 9.44966], [-79.30956, 9.45451], [-79.3268, 9.44691], [-79.33606, 9.43404], [-79.34469, 9.43024], [-79.35194, 9.43141], [-79.35489, 9.44029], [-79.36211, 9.44396], [-79.37331, 9.43855], [-79.37929, 9.42947], [-79.40579, 9.42011], [-79.4135, 9.42162], [-79.41091, 9.42855], [-79.39107, 9.4327], [-79.37966, 9.44096], [-79.38035, 9.46155], [-79.37743, 9.47264], [-79.38276, 9.48033], [-79.39543, 9.48914], [-79.38668, 9.50096], [-79.3757, 9.50719], [-79.38727, 9.50842], [-79.40477, 9.51868], [-79.41801, 9.51459], [-79.41862, 9.50636], [-79.42278, 9.50352], [-79.43744, 9.50862], [-79.45274, 9.52334], [-79.4662, 9.50937], [-79.4741, 9.49489], [-79.48359, 9.48834], [-79.49086, 9.49112], [-79.50673, 9.49077], [-79.51178, 9.48528], [-79.53147, 9.48126], [-79.53445, 9.47527], [-79.53613, 9.44963], [-79.54338, 9.43677], [-79.54226, 9.42256], [-79.55338, 9.41225], [-79.55523, 9.40483], [-79.55288, 9.40096], [-79.5669, 9.37695], [-79.56683, 9.36997], [-79.55847, 9.36125], [-79.55514, 9.35486], [-79.54903, 9.35569], [-79.54931, 9.35125], [-79.55347, 9.33736], [-79.55764, 9.33875], [-79.56847, 9.32542], [-79.57208, 9.31569], [-79.58097, 9.30847], [-79.57958, 9.30347], [-79.58292, 9.30069], [-79.57792, 9.29847], [-79.57514, 9.30069], [-79.58236, 9.29097], [-79.57569, 9.27986], [-79.57931, 9.27097], [-79.57625, 9.26931], [-79.56958, 9.27292], [-79.57264, 9.26736], [-79.57681, 9.26625], [-79.56931, 9.25625], [-79.57125, 9.25097], [-79.56819, 9.25264], [-79.56625, 9.24958], [-79.56875, 9.24736], [-79.56458, 9.24903], [-79.56125, 9.24125], [-79.5582, 9.24819], [-79.55681, 9.24569], [-79.55403, 9.24764], [-79.55486, 9.24458], [-79.55097, 9.24681], [-79.54931, 9.2432], [-79.55653, 9.24347], [-79.55736, 9.23792], [-79.54819, 9.23042], [-79.54514, 9.23236], [-79.54681, 9.22958], [-79.54375, 9.22431], [-79.54125, 9.22403], [-79.53902, 9.22903], [-79.53375, 9.23208], [-79.53042, 9.22903], [-79.5332, 9.23125], [-79.53792, 9.22958], [-79.53486, 9.22236], [-79.5407, 9.22042], [-79.55014, 9.22569], [-79.54903, 9.22819], [-79.55542, 9.22764], [-79.55681, 9.22458], [-79.56403, 9.22681], [-79.5657, 9.22042], [-79.57069, 9.22264], [-79.57125, 9.21903], [-79.56764, 9.21958], [-79.5668, 9.21542], [-79.56014, 9.21764], [-79.56625, 9.20819], [-79.56541, 9.19625], [-79.57792, 9.20069], [-79.57625, 9.19736], [-79.58236, 9.18736], [-79.58598, 9.18903], [-79.58208, 9.19097], [-79.58375, 9.19569], [-79.58986, 9.19097], [-79.58459, 9.20153], [-79.59236, 9.19986], [-79.58875, 9.2057], [-79.59209, 9.20681], [-79.59458, 9.21486], [-79.61292, 9.22292], [-79.61542, 9.22014], [-79.61125, 9.21792], [-79.61069, 9.2107], [-79.60847, 9.21264], [-79.6057, 9.20653], [-79.61514, 9.20292], [-79.61681, 9.2107], [-79.62014, 9.20292], [-79.6443, 9.20625], [-79.64403, 9.20014], [-79.64736, 9.20014], [-79.6532, 9.19257], [-79.65879, 9.18117], [-79.65613, 9.17778], [-79.65868, 9.17368], [-79.65844, 9.15868], [-79.66085, 9.15504], [-79.67196, 9.15223], [-79.67825, 9.13847], [-79.68264, 9.13542], [-79.67792, 9.13625], [-79.67625, 9.13319], [-79.68681, 9.12903], [-79.68181, 9.12431], [-79.68569, 9.12069], [-79.68208, 9.11875], [-79.68291, 9.11569], [-79.69486, 9.1114], [-79.69014, 9.10847], [-79.6918, 9.10653], [-79.69316, 9.10375], [-79.67058, 9.06536], [-79.65506, 9.05297], [-79.64514, 9.03823], [-79.6122, 9.01817], [-79.60458, 9.00624], [-79.58015, 8.99391], [-79.57541, 8.98506], [-79.57757, 8.97569], [-79.57375, 8.96542], [-79.56653, 8.96097], [-79.56792, 8.94736], [-79.5443, 8.93014], [-79.54542, 8.94292], [-79.55292, 8.94486], [-79.53792, 8.95014], [-79.53152, 8.94931], [-79.53069, 8.95319], [-79.53709, 8.95903], [-79.53291, 8.96708], [-79.52875, 8.97125], [-79.52541, 8.97014], [-79.52486, 8.9757], [-79.51875, 8.97514], [-79.51764, 8.96903], [-79.50653, 8.97486], [-79.50792, 8.98042], [-79.49097, 8.99681], [-79.49458, 8.99903], [-79.49292, 9.00375], [-79.48514, 9.00208], [-79.47958, 9.00681], [-79.44514, 9.01264], [-79.43708, 9.0182], [-79.43236, 9.01264], [-79.40598, 9.01792], [-79.40071, 9.01597], [-79.39931, 9.02403], [-79.39264, 9.01903], [-79.39347, 9.01653], [-79.39014, 9.01653], [-79.35875, 9.0218], [-79.35458, 9.02597], [-79.34792, 9.02292], [-79.28848, 9.02569], [-79.26708, 9.02236], [-79.26681, 9.01931], [-79.25931, 9.01569], [-79.24403, 9.01847], [-79.18958, 9.00958], [-79.18903, 9.01097], [-79.1918, 9.01347], [-79.17793, 9.01125], [-79.17736, 9.01514], [-79.17292, 9.01569], [-79.17431, 9.02736], [-79.17264, 9.02014], [-79.16736, 9.01681], [-79.17042, 9.01625], [-79.16875, 9.01292], [-79.1579, 9.01213], [-79.16451, 9.01466], [-79.16734, 9.02061], [-79.15758, 9.0212], [-79.15299, 9.0308], [-79.15405, 9.04156], [-79.13961, 9.03931], [-79.13941, 9.03528], [-79.14409, 9.03254], [-79.14048, 9.02791], [-79.13379, 9.03459], [-79.13604, 9.0452], [-79.12828, 9.05184], [-79.1365, 9.05998], [-79.14835, 9.10073], [-79.16097, 9.10813], [-79.17523, 9.10342], [-79.19201, 9.1083], [-79.20949, 9.12299], [-79.23223, 9.1282], [-79.24358, 9.13834], [-79.25317, 9.16893], [-79.25022, 9.18145], [-79.23532, 9.20768], [-79.22373, 9.21245], [-79.20113, 9.2312], [-79.18863, 9.23684], [-79.1759, 9.23777], [-79.19508, 9.25632], [-79.2158, 9.26405], [-79.22012, 9.26387], [-79.22737, 9.25603], [-79.23826, 9.25684], [-79.28271, 9.27424], [-79.29319, 9.291], [-79.29693, 9.31145], [-79.29066, 9.31683], [-79.2828, 9.31749], [-79.27049, 9.335], [-79.25371, 9.34066], [-79.25107, 9.3447]], [[-79.4635, 9.09162], [-79.44137, 9.08355], [-79.4332, 9.07224], [-79.42932, 9.05949], [-79.44039, 9.0537], [-79.4551, 9.05255], [-79.46665, 9.04454], [-79.47315, 9.0371], [-79.47594, 9.02751], [-79.48956, 9.01732], [-79.49522, 9.02275], [-79.50175, 9.02396], [-79.50233, 9.02859], [-79.5058, 9.02637], [-79.51215, 9.03017], [-79.51312, 9.03526], [-79.51704, 9.03328], [-79.54248, 9.05829], [-79.52375, 9.06425], [-79.51198, 9.07978], [-79.5031, 9.08113], [-79.50077, 9.07672], [-79.48931, 9.0871], [-79.47408, 9.09189], [-79.4635, 9.09162]]]]}}, {"type": "Feature", "properties": {"admin2_pcode": "PA1205", "admin2_name": "San Miguelito", "admin1_name": "Panam\u00e1"}, "geometry": {"type": "Polygon", "coordinates": [[[-79.4635, 9.09162], [-79.47408, 9.09189], [-79.48931, 9.0871], [-79.50077, 9.07672], [-79.5031, 9.08113], [-79.51198, 9.07978], [-79.52375, 9.06425], [-79.54248, 9.05829], [-79.51704, 9.03328], [-79.51312, 9.03526], [-79.51215, 9.03017], [-79.5058, 9.02637], [-79.50233, 9.02859], [-79.50175, 9.02396], [-79.49522, 9.02275], [-79.48956, 9.01732], [-79.47594, 9.02751], [-79.47315, 9.0371], [-79.46665, 9.04454], [-79.4551, 9.05255], [-79.44039, 9.0537], [-79.42932, 9.05949], [-79.4332, 9.07224], [-79.44137, 9.08355], [-79.4635, 9.09162]]]}}, {"type": "Feature", "properties": {"admin2_pcode": "PA1206", "admin2_name": "Taboga", "admin1_name": "Panam\u00e1"}, "geometry": {"type": "MultiPolygon", "coordinates": [[[[-79.59292, 8.58069], [-79.59653, 8.57208], [-79.5893, 8.56792], [-79.58542, 8.57542], [-79.58681, 8.57931], [-79.59292, 8.58069]]], [[[-79.61264, 8.58653], [-79.6132, 8.58347], [-79.61208, 8.58264], [-79.61097, 8.58431], [-79.61264, 8.58653]]], [[[-79.60597, 8.61153], [-79.6068, 8.60181], [-79.61181, 8.60208], [-79.61097, 8.59236], [-79.60264, 8.59764], [-79.59153, 8.59153], [-79.5918, 8.60125], [-79.59959, 8.60958], [-79.60597, 8.61153]]], [[[-79.57819, 8.74208], [-79.57958, 8.73736], [-79.57486, 8.73347], [-79.57486, 8.74125], [-79.57819, 8.74208]]], [[[-79.5343, 8.78125], [-79.53819, 8.77875], [-79.53625, 8.76875], [-79.53098, 8.77458], [-79.5343, 8.78125]]], [[[-79.55209, 8.80347], [-79.55486, 8.79986], [-79.56625, 8.8032], [-79.57069, 8.79792], [-79.57153, 8.78653], [-79.56181, 8.77986], [-79.55125, 8.78125], [-79.54958, 8.77403], [-79.54347, 8.7743], [-79.5407, 8.77736], [-79.54153, 8.78514], [-79.54569, 8.7882], [-79.54903, 8.78681], [-79.55514, 8.79514], [-79.55209, 8.80347]]], [[[-79.5107, 8.81375], [-79.52264, 8.80542], [-79.52402, 8.79903], [-79.5193, 8.80208], [-79.51653, 8.79875], [-79.51181, 8.80125], [-79.50903, 8.8082], [-79.5107, 8.81375]]], [[[-79.60653, 8.81486], [-79.60709, 8.81625], [-79.60847, 8.81347], [-79.60709, 8.81347], [-79.60653, 8.81486]]]]}}, {"type": "Feature", "properties": {"admin2_pcode": "PA1301", "admin2_name": "Atalaya", "admin1_name": "Veraguas"}, "geometry": {"type": "Polygon", "coordinates": [[[-80.82449, 8.06619], [-80.84011, 8.07962], [-80.86333, 8.09167], [-80.89137, 8.09025], [-80.90664, 8.08175], [-80.91192, 8.10036], [-80.91548, 8.10305], [-80.92441, 8.08784], [-80.92611, 8.07396], [-80.93947, 8.046], [-80.93861, 8.03592], [-80.94713, 8.00035], [-80.9357, 7.97027], [-80.92523, 7.95939], [-80.91023, 7.96118], [-80.89721, 7.96764], [-80.88535, 7.95229], [-80.8617, 7.94798], [-80.8548, 7.96023], [-80.84282, 7.96343], [-80.83983, 7.97886], [-80.83435, 7.97967], [-80.82831, 7.99669], [-80.81499, 7.99909], [-80.82128, 8.01699], [-80.82869, 8.02734], [-80.8358, 8.0296], [-80.83419, 8.03813], [-80.8426, 8.05687], [-80.83612, 8.06629], [-80.82449, 8.06619]]]}}, {"type": "Feature", "properties": {"admin2_pcode": "PA1302", "admin2_name": "Calobre", "admin1_name": "Veraguas"}, "geometry": {"type": "Polygon", "coordinates": [[[-80.82287, 8.54677], [-80.84608, 8.54655], [-80.85878, 8.55758], [-80.86255, 8.56524], [-80.86017, 8.57656], [-80.86289, 8.58802], [-80.86757, 8.59458], [-80.87924, 8.60065], [-80.92182, 8.55427], [-80.93188, 8.5403], [-80.9323, 8.53344], [-80.92853, 8.52442], [-80.90762, 8.50022], [-80.89988, 8.4652], [-80.90747, 8.45356], [-80.90021, 8.44504], [-80.90073, 8.44012], [-80.91244, 8.43472], [-80.90751, 8.3337], [-80.88706, 8.32232], [-80.88153, 8.31431], [-80.88276, 8.29963], [-80.89565, 8.26507], [-80.89487, 8.25963], [-80.89926, 8.25627], [-80.89215, 8.2384], [-80.88931, 8.21933], [-80.88102, 8.21242], [-80.85979, 8.2122], [-80.8445, 8.20082], [-80.82719, 8.19909], [-80.81504, 8.18939], [-80.78964, 8.18064], [-80.78642, 8.17022], [-80.77187, 8.16178], [-80.75467, 8.16124], [-80.74239, 8.16434], [-80.73075, 8.16137], [-80.70954, 8.16615], [-80.68698, 8.22582], [-80.68432, 8.23996], [-80.6891, 8.25735], [-80.66959, 8.28966], [-80.66124, 8.31957], [-80.67509, 8.32487], [-80.69657, 8.33266], [-80.70753, 8.34201], [-80.71151, 8.35328], [-80.71287, 8.38765], [-80.73588, 8.4126], [-80.74482, 8.45072], [-80.7744, 8.4752], [-80.77526, 8.49642], [-80.78763, 8.51594], [-80.82287, 8.54677]]]}}, {"type": "Feature", "properties": {"admin2_pcode": "PA1303", "admin2_name": "Ca\u00f1azas", "admin1_name": "Veraguas"}, "geometry": {"type": "Polygon", "coordinates": [[[-81.13266, 8.4361], [-81.14869, 8.45186], [-81.16308, 8.4565], [-81.16695, 8.46795], [-81.17207, 8.47218], [-81.19396, 8.45521], [-81.23285, 8.45776], [-81.24728, 8.48246], [-81.25409, 8.50612], [-81.26899, 8.51682], [-81.27696, 8.51643], [-81.27571, 8.50382], [-81.26404, 8.48711], [-81.25958, 8.47041], [-81.26364, 8.46726], [-81.28165, 8.47559], [-81.29763, 8.46999], [-81.30194, 8.47629], [-81.29767, 8.49228], [-81.28574, 8.49107], [-81.28288, 8.4968], [-81.29176, 8.52064], [-81.30466, 8.53275], [-81.30847, 8.53308], [-81.31413, 8.52749], [-81.31731, 8.51283], [-81.32442, 8.50164], [-81.33966, 8.49639], [-81.33015, 8.50761], [-81.32691, 8.52095], [-81.34003, 8.53965], [-81.34948, 8.52198], [-81.36264, 8.50938], [-81.36257, 8.49741], [-81.35501, 8.49291], [-81.34106, 8.49553], [-81.33148, 8.48643], [-81.31648, 8.48057], [-81.31399, 8.4759], [-81.31876, 8.47341], [-81.33002, 8.47968], [-81.35613, 8.47824], [-81.35643, 8.46891], [-81.34667, 8.46362], [-81.34604, 8.44358], [-81.35072, 8.44125], [-81.36383, 8.45088], [-81.36335, 8.45875], [-81.37013, 8.47496], [-81.38366, 8.49544], [-81.39388, 8.49912], [-81.39927, 8.49494], [-81.40852, 8.47034], [-81.42014, 8.46298], [-81.41248, 8.4383], [-81.42496, 8.43647], [-81.42486, 8.42417], [-81.42993, 8.41829], [-81.43581, 8.42875], [-81.44846, 8.43596], [-81.45162, 8.43087], [-81.46136, 8.42942], [-81.45912, 8.4229], [-81.45057, 8.42108], [-81.44872, 8.4171], [-81.45792, 8.40711], [-81.45733, 8.39782], [-81.46638, 8.40024], [-81.47359, 8.40994], [-81.47823, 8.40811], [-81.48619, 8.41074], [-81.48464, 8.39393], [-81.47699, 8.36776], [-81.46061, 8.35843], [-81.44537, 8.32047], [-81.45006, 8.3181], [-81.47181, 8.32038], [-81.45822, 8.30493], [-81.45818, 8.29033], [-81.4371, 8.27971], [-81.43738, 8.27339], [-81.44801, 8.2579], [-81.42619, 8.2681], [-81.4131, 8.28323], [-81.40406, 8.28605], [-81.38814, 8.28157], [-81.38577, 8.2613], [-81.21013, 8.27701], [-81.19818, 8.27589], [-81.18103, 8.26452], [-81.14513, 8.26613], [-81.1362, 8.27316], [-81.11219, 8.26737], [-81.06105, 8.28189], [-81.05852, 8.29811], [-81.06957, 8.30985], [-81.08224, 8.31304], [-81.0892, 8.32131], [-81.09802, 8.3601], [-81.1031, 8.40845], [-81.11978, 8.42993], [-81.13266, 8.4361]], [[-81.38776, 8.39788], [-81.38105, 8.39765], [-81.37639, 8.38378], [-81.35358, 8.38758], [-81.34211, 8.3749], [-81.31752, 8.38725], [-81.31957, 8.36539], [-81.326, 8.35905], [-81.33714, 8.35556], [-81.34764, 8.33375], [-81.35162, 8.33732], [-81.35857, 8.33222], [-81.37388, 8.34933], [-81.37308, 8.32938], [-81.3786, 8.32789], [-81.39235, 8.34049], [-81.39624, 8.339], [-81.42825, 8.35552], [-81.43253, 8.35252], [-81.43794, 8.36505], [-81.43375, 8.37091], [-81.42996, 8.37068], [-81.4158, 8.35767], [-81.40064, 8.36384], [-81.39809, 8.38151], [-81.38776, 8.39788]]]}}, {"type": "Feature", "properties": {"admin2_pcode": "PA1304", "admin2_name": "La Mesa", "admin1_name": "Veraguas"}, "geometry": {"type": "Polygon", "coordinates": [[[-81.1362, 8.27316], [-81.14513, 8.26613], [-81.18103, 8.26452], [-81.19818, 8.27589], [-81.21013, 8.27701], [-81.38577, 8.2613], [-81.39415, 8.23737], [-81.39014, 8.22898], [-81.37343, 8.2148], [-81.37227, 8.20872], [-81.37686, 8.19665], [-81.37416, 8.18625], [-81.36216, 8.17816], [-81.35478, 8.16108], [-81.33553, 8.16583], [-81.2993, 8.15166], [-81.2585, 8.15393], [-81.18194, 8.07523], [-81.17537, 8.06384], [-81.15644, 8.06873], [-81.13495, 8.08826], [-81.09623, 8.0954], [-81.08653, 8.08868], [-81.08337, 8.07284], [-81.06934, 8.06955], [-81.06723, 8.10006], [-81.07304, 8.14575], [-81.07234, 8.16875], [-81.05557, 8.19002], [-81.08032, 8.21851], [-81.11076, 8.22983], [-81.1362, 8.27316]]]}}, {"type": "Feature", "properties": {"admin2_pcode": "PA1305", "admin2_name": "Las Palmas", "admin1_name": "Veraguas"}, "geometry": {"type": "MultiPolygon", "coordinates": [[[[-81.73959, 7.8132], [-81.74097, 7.81292], [-81.74209, 7.80847], [-81.73986, 7.80958], [-81.73959, 7.8132]]], [[[-81.73875, 7.81847], [-81.74014, 7.81708], [-81.73903, 7.8132], [-81.7382, 7.81485], [-81.73875, 7.81847]]], [[[-81.77209, 7.81569], [-81.77153, 7.81875], [-81.77292, 7.81819], [-81.77375, 7.81375], [-81.77209, 7.81569]]], [[[-81.75847, 7.82542], [-81.76041, 7.82292], [-81.75819, 7.81347], [-81.76791, 7.81375], [-81.76598, 7.80681], [-81.76875, 7.80042], [-81.76319, 7.79792], [-81.75875, 7.80653], [-81.75625, 7.80208], [-81.75459, 7.80375], [-81.7543, 7.82458], [-81.75792, 7.82292], [-81.75847, 7.82542]]], [[[-81.75709, 7.84042], [-81.76041, 7.83764], [-81.7607, 7.83486], [-81.75764, 7.83653], [-81.75709, 7.84042]]], [[[-81.75291, 7.84264], [-81.75542, 7.84097], [-81.75542, 7.83986], [-81.75236, 7.84125], [-81.75291, 7.84264]]], [[[-81.77653, 7.87014], [-81.77959, 7.86932], [-81.78069, 7.86069], [-81.77653, 7.8618], [-81.77653, 7.87014]]], [[[-81.79486, 7.87264], [-81.79764, 7.86792], [-81.79569, 7.8593], [-81.80153, 7.85375], [-81.79819, 7.84931], [-81.79625, 7.85486], [-81.78736, 7.84986], [-81.78347, 7.86458], [-81.7868, 7.86569], [-81.7868, 7.87014], [-81.79014, 7.86458], [-81.79459, 7.86514], [-81.79486, 7.87264]]], [[[-81.48619, 8.41074], [-81.49933, 8.40825], [-81.52237, 8.41657], [-81.53538, 8.4078], [-81.52721, 8.39213], [-81.53246, 8.39042], [-81.53273, 8.3853], [-81.53631, 8.38563], [-81.51391, 8.35651], [-81.51214, 8.3396], [-81.50739, 8.32836], [-81.50985, 8.30449], [-81.52227, 8.3077], [-81.52845, 8.31383], [-81.51544, 8.29997], [-81.50959, 8.27623], [-81.51168, 8.2787], [-81.52755, 8.27217], [-81.52955, 8.26378], [-81.53562, 8.25581], [-81.53856, 8.24487], [-81.5468, 8.24729], [-81.55727, 8.2335], [-81.55856, 8.21706], [-81.55492, 8.20631], [-81.56843, 8.19634], [-81.55827, 8.18585], [-81.54065, 8.18964], [-81.53505, 8.1805], [-81.52529, 8.18771], [-81.52357, 8.19752], [-81.51525, 8.19634], [-81.49608, 8.17676], [-81.4964, 8.16128], [-81.51786, 8.14816], [-81.52834, 8.14595], [-81.52968, 8.15232], [-81.537, 8.15643], [-81.56847, 8.1551], [-81.57327, 8.1606], [-81.57288, 8.1666], [-81.57844, 8.17024], [-81.58052, 8.18641], [-81.59625, 8.17877], [-81.59831, 8.16882], [-81.6079, 8.1644], [-81.61182, 8.1586], [-81.61148, 8.14203], [-81.61967, 8.13411], [-81.61663, 8.12821], [-81.61894, 8.11428], [-81.61378, 8.10557], [-81.61626, 8.1006], [-81.62521, 8.09608], [-81.62864, 8.07832], [-81.62707, 8.07083], [-81.63117, 8.05889], [-81.64098, 8.05737], [-81.6437, 8.054], [-81.63136, 8.03791], [-81.63369, 8.03309], [-81.64371, 8.03083], [-81.63792, 8.0215], [-81.65418, 7.99846], [-81.67347, 8.00712], [-81.65403, 7.98486], [-81.63986, 7.94903], [-81.63181, 7.94014], [-81.62708, 7.94208], [-81.62457, 7.94986], [-81.63181, 7.96236], [-81.6293, 7.97764], [-81.63875, 7.98153], [-81.64125, 7.98764], [-81.62569, 7.99986], [-81.62653, 7.99625], [-81.63847, 7.98708], [-81.62209, 7.98153], [-81.60486, 7.99458], [-81.61264, 7.98569], [-81.62431, 7.97903], [-81.62625, 7.96736], [-81.62292, 7.96403], [-81.61847, 7.97264], [-81.61153, 7.97681], [-81.61208, 7.97403], [-81.61819, 7.97208], [-81.62014, 7.96792], [-81.61931, 7.96292], [-81.61653, 7.96597], [-81.61181, 7.95208], [-81.61292, 7.94403], [-81.60375, 7.93486], [-81.59847, 7.93597], [-81.59986, 7.94208], [-81.59625, 7.93597], [-81.5907, 7.93653], [-81.58847, 7.93542], [-81.58375, 7.92792], [-81.59014, 7.93569], [-81.60375, 7.93264], [-81.62041, 7.94154], [-81.62514, 7.93153], [-81.62347, 7.92125], [-81.61876, 7.91737], [-81.61681, 7.91014], [-81.62653, 7.90486], [-81.62319, 7.90069], [-81.61792, 7.90236], [-81.61181, 7.89542], [-81.60736, 7.89986], [-81.59348, 7.89375], [-81.59597, 7.88458], [-81.60458, 7.88042], [-81.5993, 7.87319], [-81.60375, 7.87207], [-81.61042, 7.87681], [-81.61125, 7.86347], [-81.6057, 7.86792], [-81.60152, 7.86403], [-81.58625, 7.87208], [-81.57958, 7.87097], [-81.57903, 7.86569], [-81.57291, 7.86097], [-81.56403, 7.86153], [-81.57097, 7.85181], [-81.57736, 7.85486], [-81.58569, 7.85181], [-81.57986, 7.84264], [-81.58208, 7.84042], [-81.57625, 7.83819], [-81.57848, 7.83236], [-81.58903, 7.8332], [-81.58514, 7.8222], [-81.55162, 7.83501], [-81.52267, 7.83617], [-81.4871, 7.86896], [-81.47953, 7.89233], [-81.45166, 7.92605], [-81.43856, 7.96378], [-81.41966, 7.97449], [-81.41106, 7.99168], [-81.40718, 8.01378], [-81.39578, 8.03095], [-81.4071, 8.05641], [-81.39106, 8.06797], [-81.37703, 8.0875], [-81.37313, 8.11761], [-81.36792, 8.12257], [-81.37538, 8.12987], [-81.37109, 8.13943], [-81.36393, 8.14278], [-81.35478, 8.16108], [-81.36216, 8.17816], [-81.37416, 8.18625], [-81.37686, 8.19665], [-81.37227, 8.20872], [-81.37343, 8.2148], [-81.39014, 8.22898], [-81.39415, 8.23737], [-81.38577, 8.2613], [-81.38814, 8.28157], [-81.40406, 8.28605], [-81.4131, 8.28323], [-81.42619, 8.2681], [-81.44801, 8.2579], [-81.45517, 8.25635], [-81.45603, 8.24761], [-81.4614, 8.24244], [-81.4727, 8.24757], [-81.47605, 8.25659], [-81.48927, 8.24373], [-81.49789, 8.26107], [-81.50692, 8.27145], [-81.4924, 8.27525], [-81.48951, 8.28718], [-81.47181, 8.32038], [-81.45006, 8.3181], [-81.44537, 8.32047], [-81.46061, 8.35843], [-81.47699, 8.36776], [-81.48464, 8.39393], [-81.48619, 8.41074]], [[-81.5164, 8.24627], [-81.51323, 8.24849], [-81.51942, 8.25357], [-81.51799, 8.26135], [-81.50592, 8.24912], [-81.50862, 8.23737], [-81.51624, 8.22864], [-81.52958, 8.22118], [-81.52879, 8.21737], [-81.53212, 8.2161], [-81.53228, 8.22944], [-81.53758, 8.23349], [-81.538, 8.23839], [-81.52212, 8.23388], [-81.5164, 8.24627]]]]}}, {"type": "Feature", "properties": {"admin2_pcode": "PA1306", "admin2_name": "Mariato", "admin1_name": "Veraguas"}, "geometry": {"type": "MultiPolygon", "coordinates": [[[[-80.90514, 7.23681], [-80.91097, 7.23542], [-80.9107, 7.23153], [-80.9043, 7.23375], [-80.90514, 7.23681]]], [[[-80.94431, 7.26875], [-80.95486, 7.26236], [-80.95403, 7.25986], [-80.94542, 7.26542], [-80.94431, 7.26875]]], [[[-80.93181, 7.40292], [-80.93486, 7.40181], [-80.93514, 7.39931], [-80.93153, 7.40097], [-80.93181, 7.40292]]], [[[-80.93986, 7.40319], [-80.94542, 7.39847], [-80.94625, 7.39569], [-80.93792, 7.40069], [-80.93986, 7.40319]]], [[[-80.94875, 7.48208], [-80.95069, 7.47875], [-80.94958, 7.47597], [-80.94736, 7.47708], [-80.94875, 7.48208]]], [[[-81.06181, 7.70682], [-81.06236, 7.70514], [-81.05903, 7.70319], [-81.0593, 7.70486], [-81.06181, 7.70682]]], [[[-81.06764, 7.7082], [-81.07042, 7.7082], [-81.07153, 7.70736], [-81.06764, 7.70625], [-81.06764, 7.7082]]], [[[-81.07404, 7.71181], [-81.07625, 7.71042], [-81.07264, 7.70875], [-81.07264, 7.71042], [-81.07404, 7.71181]]], [[[-80.79336, 7.5458], [-80.81062, 7.54944], [-80.82268, 7.55754], [-80.89531, 7.67856], [-80.89951, 7.68663], [-80.90739, 7.73108], [-80.90059, 7.73508], [-80.90051, 7.74404], [-80.9258, 7.76077], [-80.93604, 7.76012], [-80.96016, 7.75953], [-80.96948, 7.73802], [-80.9907, 7.72469], [-81.00553, 7.73156], [-81.02417, 7.73054], [-81.03764, 7.74542], [-81.04403, 7.73819], [-81.04125, 7.73431], [-81.04347, 7.73319], [-81.03291, 7.73319], [-81.02959, 7.72958], [-81.04819, 7.73097], [-81.05097, 7.72319], [-81.04652, 7.71097], [-81.03902, 7.71569], [-81.04375, 7.71097], [-81.04236, 7.70264], [-81.03152, 7.69542], [-81.02348, 7.69875], [-81.01097, 7.69875], [-81.00681, 7.69569], [-81.00597, 7.68846], [-81.0032, 7.68708], [-81.00819, 7.68903], [-81.00903, 7.69597], [-81.01542, 7.69569], [-81.01569, 7.68292], [-81.01264, 7.6782], [-81.01625, 7.68208], [-81.01847, 7.69569], [-81.03653, 7.69264], [-81.04014, 7.68931], [-81.04236, 7.67847], [-81.05097, 7.68042], [-81.05042, 7.66403], [-81.03653, 7.65042], [-81.00597, 7.63681], [-81.00375, 7.62403], [-80.98569, 7.61764], [-80.9743, 7.60375], [-80.9807, 7.58847], [-80.97236, 7.57847], [-80.96347, 7.57347], [-80.95069, 7.55486], [-80.94958, 7.54709], [-80.95986, 7.53431], [-80.9593, 7.51625], [-80.96819, 7.51514], [-80.97208, 7.50208], [-80.97625, 7.50042], [-80.9707, 7.49904], [-80.96653, 7.49347], [-80.96152, 7.49458], [-80.94735, 7.48653], [-80.9407, 7.47875], [-80.94347, 7.47597], [-80.94125, 7.47097], [-80.92847, 7.46097], [-80.91708, 7.43986], [-80.91597, 7.4418], [-80.91708, 7.43458], [-80.92292, 7.4357], [-80.92597, 7.42681], [-80.93236, 7.42319], [-80.93347, 7.41486], [-80.92958, 7.40819], [-80.92403, 7.41236], [-80.93014, 7.40014], [-80.91735, 7.39153], [-80.9043, 7.37153], [-80.90097, 7.37236], [-80.89403, 7.34958], [-80.89153, 7.32958], [-80.90236, 7.3282], [-80.9093, 7.31875], [-80.92042, 7.32097], [-80.91792, 7.31569], [-80.92152, 7.31375], [-80.92042, 7.30792], [-80.92764, 7.29681], [-80.92403, 7.28819], [-80.92069, 7.28875], [-80.92597, 7.28097], [-80.92152, 7.27819], [-80.92208, 7.27458], [-80.92347, 7.27125], [-80.93181, 7.27153], [-80.93986, 7.25986], [-80.94014, 7.25625], [-80.9343, 7.25458], [-80.93514, 7.24932], [-80.92319, 7.2457], [-80.91625, 7.24932], [-80.90708, 7.23986], [-80.89902, 7.23931], [-80.89542, 7.22708], [-80.88708, 7.22125], [-80.89181, 7.21403], [-80.88819, 7.20431], [-80.88042, 7.20764], [-80.8782, 7.20402], [-80.87014, 7.20375], [-80.86653, 7.21208], [-80.86403, 7.20708], [-80.85875, 7.20681], [-80.85514, 7.20986], [-80.8557, 7.21403], [-80.85014, 7.21569], [-80.84764, 7.20903], [-80.83708, 7.20736], [-80.83542, 7.21181], [-80.82709, 7.21431], [-80.80596, 7.20625], [-80.80209, 7.20819], [-80.79903, 7.20236], [-80.79569, 7.20708], [-80.7868, 7.20819], [-80.78542, 7.21319], [-80.77847, 7.21681], [-80.75375, 7.21319], [-80.75236, 7.20986], [-80.74847, 7.21486], [-80.73319, 7.20958], [-80.7307, 7.21125], [-80.73042, 7.20875], [-80.7243, 7.21153], [-80.71542, 7.20625], [-80.70597, 7.21097], [-80.70208, 7.20958], [-80.70097, 7.21319], [-80.69597, 7.21486], [-80.68459, 7.21097], [-80.66681, 7.22292], [-80.65736, 7.22292], [-80.65514, 7.22597], [-80.63653, 7.23125], [-80.62125, 7.23292], [-80.61474, 7.23014], [-80.61582, 7.2718], [-80.6189, 7.28156], [-80.64922, 7.29292], [-80.6617, 7.30503], [-80.67195, 7.31967], [-80.67351, 7.35982], [-80.68614, 7.37577], [-80.71755, 7.39158], [-80.70836, 7.41285], [-80.71954, 7.43275], [-80.73502, 7.44728], [-80.72353, 7.47068], [-80.73822, 7.49692], [-80.73465, 7.51013], [-80.74815, 7.52015], [-80.7562, 7.53432], [-80.76516, 7.54121], [-80.79336, 7.5458]]]]}}, {"type": "Feature", "properties": {"admin2_pcode": "PA1307", "admin2_name": "Montijo", "admin1_name": "Veraguas"}, "geometry": {"type": "MultiPolygon", "coordinates": [[[[-81.80347, 7.22236], [-81.80653, 7.22125], [-81.80543, 7.20792], [-81.79931, 7.20347], [-81.79569, 7.20792], [-81.80125, 7.21458], [-81.80014, 7.21792], [-81.79652, 7.21708], [-81.80347, 7.22236]]], [[[-81.81986, 7.29458], [-81.82458, 7.27208], [-81.82125, 7.27097], [-81.81208, 7.25236], [-81.81097, 7.24264], [-81.80236, 7.22625], [-81.79847, 7.23292], [-81.80236, 7.24153], [-81.78486, 7.26681], [-81.7857, 7.27458], [-81.76847, 7.28347], [-81.7693, 7.29069], [-81.77653, 7.29125], [-81.78458, 7.28681], [-81.78875, 7.29181], [-81.81597, 7.28931], [-81.81986, 7.29458]]], [[[-81.67375, 7.31875], [-81.67486, 7.31736], [-81.67319, 7.31514], [-81.67208, 7.31736], [-81.67375, 7.31875]]], [[[-81.64514, 7.38597], [-81.64542, 7.38597], [-81.64542, 7.38236], [-81.64403, 7.38431], [-81.64514, 7.38597]]], [[[-81.79403, 7.38459], [-81.80014, 7.38847], [-81.79875, 7.38542], [-81.79514, 7.38403], [-81.79403, 7.38459]]], [[[-81.25208, 7.46986], [-81.25708, 7.46875], [-81.25736, 7.46653], [-81.25429, 7.46597], [-81.25208, 7.46986]]], [[[-82.25875, 7.47819], [-82.26403, 7.47653], [-82.26319, 7.47125], [-82.25764, 7.47403], [-82.25847, 7.46847], [-82.25403, 7.46903], [-82.25459, 7.47708], [-82.25875, 7.47819]]], [[[-82.24292, 7.47819], [-82.24875, 7.47681], [-82.2468, 7.46986], [-82.25097, 7.47097], [-82.24069, 7.46069], [-82.23264, 7.46403], [-82.22958, 7.47236], [-82.24292, 7.47819]]], [[[-81.24431, 7.47903], [-81.25097, 7.47542], [-81.24903, 7.47264], [-81.25153, 7.47069], [-81.2457, 7.47264], [-81.24431, 7.47903]]], [[[-81.20986, 7.57625], [-81.22208, 7.56736], [-81.22375, 7.54847], [-81.20348, 7.54986], [-81.19514, 7.55597], [-81.1843, 7.55875], [-81.19375, 7.56847], [-81.20986, 7.57625]]], [[[-81.09597, 7.58264], [-81.11708, 7.57514], [-81.12125, 7.57097], [-81.14375, 7.56681], [-81.16402, 7.54625], [-81.17181, 7.53264], [-81.19264, 7.53153], [-81.20125, 7.52625], [-81.21291, 7.52819], [-81.21902, 7.52097], [-81.2318, 7.5182], [-81.24903, 7.49681], [-81.25986, 7.48875], [-81.25875, 7.48625], [-81.24848, 7.48014], [-81.24153, 7.48458], [-81.24403, 7.48875], [-81.2382, 7.49403], [-81.2243, 7.49819], [-81.21958, 7.4932], [-81.22625, 7.48653], [-81.22347, 7.48458], [-81.21597, 7.48486], [-81.20458, 7.49153], [-81.19653, 7.48985], [-81.19653, 7.49347], [-81.18736, 7.49181], [-81.18514, 7.49347], [-81.18653, 7.50375], [-81.17236, 7.50847], [-81.17319, 7.51069], [-81.16653, 7.51625], [-81.15875, 7.5182], [-81.15736, 7.52403], [-81.14625, 7.52736], [-81.14569, 7.53764], [-81.12264, 7.54792], [-81.10625, 7.54347], [-81.09208, 7.53515], [-81.08791, 7.52847], [-81.08208, 7.52792], [-81.07736, 7.53181], [-81.07848, 7.53542], [-81.05708, 7.54458], [-81.05375, 7.55014], [-81.05542, 7.55375], [-81.05097, 7.55625], [-81.04649, 7.56792], [-81.03986, 7.56819], [-81.03764, 7.57181], [-81.04347, 7.57292], [-81.05125, 7.58014], [-81.06819, 7.5782], [-81.07236, 7.57847], [-81.0732, 7.58153], [-81.09597, 7.58264]]], [[[-81.71152, 7.59486], [-81.71264, 7.59375], [-81.71236, 7.59207], [-81.71042, 7.59264], [-81.71152, 7.59486]]], [[[-81.71236, 7.61875], [-81.71486, 7.61736], [-81.71486, 7.61625], [-81.71208, 7.61624], [-81.71236, 7.61875]]], [[[-81.70598, 7.61903], [-81.70819, 7.61875], [-81.70875, 7.61708], [-81.7068, 7.61653], [-81.70598, 7.61903]]], [[[-81.71152, 7.62458], [-81.7132, 7.62208], [-81.70904, 7.62264], [-81.7093, 7.62375], [-81.71152, 7.62458]]], [[[-81.77903, 7.63292], [-81.78208, 7.63154], [-81.78181, 7.62986], [-81.77875, 7.63014], [-81.77903, 7.63292]]], [[[-81.69458, 7.63486], [-81.69736, 7.63403], [-81.69653, 7.63208], [-81.69514, 7.63236], [-81.69458, 7.63486]]], [[[-81.79403, 7.38459], [-81.78347, 7.37319], [-81.77847, 7.36014], [-81.77153, 7.36014], [-81.76041, 7.35125], [-81.73458, 7.34736], [-81.72459, 7.34931], [-81.72402, 7.34653], [-81.70486, 7.34042], [-81.69292, 7.33986], [-81.69097, 7.34542], [-81.68903, 7.33764], [-81.67152, 7.3307], [-81.66903, 7.32431], [-81.66375, 7.32597], [-81.64403, 7.31653], [-81.63458, 7.31708], [-81.62847, 7.32319], [-81.61569, 7.32764], [-81.59042, 7.32764], [-81.5918, 7.33431], [-81.60098, 7.33654], [-81.6032, 7.34014], [-81.60181, 7.35931], [-81.60653, 7.36042], [-81.60709, 7.36514], [-81.61125, 7.36486], [-81.61097, 7.3757], [-81.62097, 7.37847], [-81.62514, 7.38847], [-81.63264, 7.39542], [-81.64291, 7.39625], [-81.64347, 7.38931], [-81.63819, 7.38958], [-81.64208, 7.38765], [-81.64264, 7.38236], [-81.6543, 7.37014], [-81.66236, 7.37181], [-81.66264, 7.37236], [-81.65403, 7.37181], [-81.64653, 7.38125], [-81.65041, 7.39514], [-81.65208, 7.38958], [-81.65847, 7.38681], [-81.66875, 7.38597], [-81.68014, 7.39236], [-81.68764, 7.38736], [-81.69875, 7.40014], [-81.70236, 7.41819], [-81.69764, 7.42042], [-81.69875, 7.42431], [-81.72598, 7.43792], [-81.72791, 7.44681], [-81.72236, 7.45347], [-81.72402, 7.45931], [-81.71958, 7.45875], [-81.71736, 7.46542], [-81.71875, 7.48708], [-81.71291, 7.49431], [-81.70125, 7.49708], [-81.69569, 7.50236], [-81.68181, 7.50264], [-81.67542, 7.51514], [-81.67653, 7.52681], [-81.68042, 7.54319], [-81.69597, 7.54375], [-81.70764, 7.53986], [-81.71264, 7.54542], [-81.72403, 7.57403], [-81.72375, 7.58542], [-81.72708, 7.58847], [-81.72125, 7.5982], [-81.72764, 7.61403], [-81.73431, 7.62097], [-81.72708, 7.62597], [-81.73014, 7.63181], [-81.74014, 7.62736], [-81.74125, 7.63181], [-81.73625, 7.63653], [-81.74597, 7.63875], [-81.7457, 7.64458], [-81.75069, 7.64931], [-81.7532, 7.63958], [-81.75958, 7.64207], [-81.76041, 7.64654], [-81.76458, 7.64319], [-81.76292, 7.63931], [-81.77014, 7.63431], [-81.76292, 7.63125], [-81.75792, 7.62014], [-81.76569, 7.61986], [-81.77402, 7.62681], [-81.77653, 7.62208], [-81.78264, 7.62486], [-81.78875, 7.61736], [-81.78709, 7.61403], [-81.7907, 7.61403], [-81.80097, 7.60292], [-81.80292, 7.59653], [-81.81292, 7.58986], [-81.82764, 7.59292], [-81.82764, 7.58931], [-81.83375, 7.58708], [-81.83208, 7.58319], [-81.8418, 7.57486], [-81.84292, 7.54847], [-81.8468, 7.54347], [-81.85403, 7.54597], [-81.85875, 7.54347], [-81.85542, 7.52903], [-81.86208, 7.51708], [-81.86736, 7.5157], [-81.88153, 7.52375], [-81.89153, 7.52236], [-81.8857, 7.51847], [-81.89069, 7.51236], [-81.88486, 7.51347], [-81.88042, 7.50875], [-81.88348, 7.50014], [-81.88125, 7.49569], [-81.88819, 7.49097], [-81.88792, 7.48764], [-81.87569, 7.49181], [-81.87347, 7.48875], [-81.87542, 7.48153], [-81.86848, 7.47681], [-81.87154, 7.47181], [-81.86181, 7.46403], [-81.86541, 7.46264], [-81.86542, 7.44514], [-81.8532, 7.43736], [-81.84264, 7.42458], [-81.82542, 7.41653], [-81.82014, 7.4107], [-81.82069, 7.40736], [-81.80986, 7.40264], [-81.80319, 7.39514], [-81.80264, 7.38903], [-81.79875, 7.39042], [-81.79403, 7.38459]]], [[[-81.69791, 7.65153], [-81.70431, 7.65042], [-81.70653, 7.64654], [-81.71403, 7.64875], [-81.71736, 7.6457], [-81.71042, 7.63819], [-81.6982, 7.63431], [-81.69653, 7.63792], [-81.69903, 7.64153], [-81.6907, 7.64542], [-81.69542, 7.64654], [-81.69791, 7.65153]]], [[[-81.10125, 7.73376], [-81.10208, 7.73264], [-81.09959, 7.73125], [-81.0993, 7.73208], [-81.10125, 7.73376]]], [[[-81.13042, 7.76458], [-81.13264, 7.76014], [-81.13069, 7.74264], [-81.15264, 7.74347], [-81.14542, 7.73319], [-81.12986, 7.72653], [-81.12403, 7.72014], [-81.1057, 7.71819], [-81.10152, 7.72736], [-81.10597, 7.74792], [-81.12347, 7.76236], [-81.13042, 7.76458]]], [[[-81.04375, 7.93736], [-81.04764, 7.93653], [-81.04819, 7.93431], [-81.04292, 7.93542], [-81.04375, 7.93736]]], [[[-81.03958, 7.94597], [-81.04014, 7.94458], [-81.03875, 7.94319], [-81.03875, 7.94458], [-81.03958, 7.94597]]], [[[-81.05772, 7.88514], [-81.04214, 7.89888], [-80.97916, 7.93389], [-80.98158, 7.94458], [-80.97847, 7.9537], [-80.982, 7.96577], [-81.00466, 7.97493], [-80.99667, 8.00472], [-80.97961, 8.01744], [-80.97761, 8.02229], [-80.97912, 8.02673], [-81.0213, 8.04395], [-81.02982, 8.08715], [-81.05694, 8.05801], [-81.0642, 8.05413], [-81.06803, 8.03825], [-81.07929, 8.03661], [-81.09584, 8.02205], [-81.08705, 7.96775], [-81.07896, 7.96014], [-81.07052, 7.94402], [-81.05873, 7.93528], [-81.06165, 7.92069], [-81.05542, 7.91847], [-81.05542, 7.92681], [-81.04931, 7.93181], [-81.04875, 7.93681], [-81.03875, 7.94042], [-81.03958, 7.94764], [-81.03764, 7.94014], [-81.05375, 7.92597], [-81.05431, 7.90431], [-81.06181, 7.89542], [-81.06597, 7.88403], [-81.05772, 7.88514]]]]}}, {"type": "Feature", "properties": {"admin2_pcode": "PA1308", "admin2_name": "R\u00edo de Jes\u00fas", "admin1_name": "Veraguas"}, "geometry": {"type": "MultiPolygon", "coordinates": [[[[-81.08459, 7.84097], [-81.09153, 7.83903], [-81.0982, 7.82931], [-81.09125, 7.81875], [-81.07403, 7.82347], [-81.07708, 7.83681], [-81.08459, 7.84097]]], [[[-81.11042, 7.89958], [-81.11569, 7.89819], [-81.11792, 7.89375], [-81.11597, 7.88931], [-81.10431, 7.89514], [-81.11042, 7.89958]]], [[[-81.06042, 7.90208], [-81.06458, 7.8993], [-81.06458, 7.89736], [-81.06153, 7.89903], [-81.06042, 7.90208]]], [[[-81.11569, 7.91542], [-81.11736, 7.91403], [-81.11486, 7.91014], [-81.1143, 7.91431], [-81.11569, 7.91542]]], [[[-81.10902, 7.91708], [-81.11181, 7.91597], [-81.11153, 7.91292], [-81.10875, 7.91514], [-81.10902, 7.91708]]], [[[-81.06934, 8.06955], [-81.08337, 8.07284], [-81.08653, 8.08868], [-81.09623, 8.0954], [-81.13495, 8.08826], [-81.15644, 8.06873], [-81.17537, 8.06384], [-81.18695, 8.05366], [-81.19459, 8.03905], [-81.19124, 8.0191], [-81.20637, 8.01069], [-81.22215, 8.00922], [-81.22624, 7.99866], [-81.21824, 7.98415], [-81.21477, 7.93365], [-81.20383, 7.9237], [-81.18787, 7.91873], [-81.18334, 7.91331], [-81.18352, 7.90312], [-81.20737, 7.90048], [-81.20925, 7.88257], [-81.19923, 7.87597], [-81.18302, 7.85325], [-81.17986, 7.85407], [-81.17625, 7.86069], [-81.17097, 7.86069], [-81.15764, 7.85292], [-81.15014, 7.85264], [-81.14069, 7.85792], [-81.14153, 7.85625], [-81.14709, 7.85403], [-81.14764, 7.85042], [-81.14069, 7.84486], [-81.12569, 7.84597], [-81.11847, 7.85042], [-81.11653, 7.84375], [-81.09264, 7.84514], [-81.09208, 7.85153], [-81.10958, 7.86153], [-81.11847, 7.87181], [-81.11819, 7.87681], [-81.11542, 7.87347], [-81.11403, 7.88514], [-81.12319, 7.89986], [-81.11986, 7.91097], [-81.12292, 7.91792], [-81.11681, 7.91931], [-81.1132, 7.91514], [-81.10597, 7.91931], [-81.10597, 7.91403], [-81.11403, 7.90847], [-81.1143, 7.90486], [-81.10736, 7.90208], [-81.10098, 7.90431], [-81.10264, 7.90042], [-81.10014, 7.89764], [-81.09597, 7.90181], [-81.09792, 7.89153], [-81.09014, 7.8907], [-81.09014, 7.88653], [-81.09375, 7.88792], [-81.09264, 7.88403], [-81.09541, 7.88514], [-81.08847, 7.87875], [-81.09319, 7.87847], [-81.09625, 7.88347], [-81.09431, 7.87681], [-81.0982, 7.87625], [-81.0982, 7.88736], [-81.10042, 7.88264], [-81.10042, 7.88903], [-81.10902, 7.88958], [-81.11153, 7.88764], [-81.11125, 7.87014], [-81.10597, 7.86347], [-81.08847, 7.85792], [-81.07653, 7.87347], [-81.07653, 7.88292], [-81.06875, 7.89958], [-81.05736, 7.90736], [-81.05708, 7.91486], [-81.06097, 7.91931], [-81.06764, 7.92264], [-81.07764, 7.91875], [-81.08014, 7.92043], [-81.06847, 7.92375], [-81.06165, 7.92069], [-81.05873, 7.93528], [-81.07052, 7.94402], [-81.07896, 7.96014], [-81.08705, 7.96775], [-81.09584, 8.02205], [-81.07929, 8.03661], [-81.06803, 8.03825], [-81.0642, 8.05413], [-81.06934, 8.06955]]]]}}, {"type": "Feature", "properties": {"admin2_pcode": "PA1309", "admin2_name": "San Francisco", "admin1_name": "Veraguas"}, "geometry": {"type": "Polygon", "coordinates": [[[-80.78964, 8.18064], [-80.81504, 8.18939], [-80.82719, 8.19909], [-80.8445, 8.20082], [-80.85979, 8.2122], [-80.88102, 8.21242], [-80.88931, 8.21933], [-80.89215, 8.2384], [-80.89926, 8.25627], [-80.89487, 8.25963], [-80.89565, 8.26507], [-80.88276, 8.29963], [-80.88153, 8.31431], [-80.88706, 8.32232], [-80.90751, 8.3337], [-80.91244, 8.43472], [-80.93283, 8.4193], [-80.94504, 8.41682], [-81.00279, 8.41506], [-81.03662, 8.42279], [-81.07304, 8.42683], [-81.0907, 8.4187], [-81.1031, 8.40845], [-81.09802, 8.3601], [-81.0892, 8.32131], [-81.08224, 8.31304], [-81.06957, 8.30985], [-81.05852, 8.29811], [-81.06105, 8.28189], [-81.06083, 8.26715], [-81.05499, 8.25439], [-80.97012, 8.21736], [-80.96167, 8.22741], [-80.95539, 8.22936], [-80.93023, 8.2224], [-80.9156, 8.21162], [-80.90424, 8.21532], [-80.89298, 8.19098], [-80.8802, 8.19356], [-80.86524, 8.18661], [-80.85224, 8.19086], [-80.84363, 8.17861], [-80.82318, 8.16779], [-80.78964, 8.18064]]]}}, {"type": "Feature", "properties": {"admin2_pcode": "PA1310", "admin2_name": "Santa Fe", "admin1_name": "Veraguas"}, "geometry": {"type": "MultiPolygon", "coordinates": [[[[-80.86044, 8.88625], [-80.86819, 8.88654], [-80.87041, 8.88332], [-80.86044, 8.88625]]], [[[-80.87403, 8.88226], [-80.87236, 8.88708], [-80.88847, 8.8882], [-80.89486, 8.88542], [-80.9018, 8.88014], [-80.90292, 8.87375], [-80.91292, 8.8618], [-80.91402, 8.86264], [-80.91097, 8.86792], [-80.94292, 8.86625], [-80.95153, 8.86125], [-80.95375, 8.85542], [-80.96848, 8.84903], [-80.9732, 8.83597], [-80.97459, 8.83708], [-80.97375, 8.84458], [-80.98458, 8.84431], [-80.98875, 8.84292], [-80.99347, 8.83514], [-81.02597, 8.83319], [-81.02959, 8.82764], [-81.03764, 8.82792], [-81.04208, 8.81958], [-81.0432, 8.82292], [-81.05625, 8.82375], [-81.06847, 8.81153], [-81.08347, 8.80875], [-81.07708, 8.80681], [-81.07542, 8.80347], [-81.07736, 8.80597], [-81.08125, 8.80458], [-81.08569, 8.81014], [-81.09179, 8.81153], [-81.09597, 8.80792], [-81.11403, 8.80903], [-81.14764, 8.79597], [-81.17709, 8.79681], [-81.19847, 8.78764], [-81.21069, 8.78875], [-81.21375, 8.78542], [-81.22349, 8.78055], [-81.2212, 8.76398], [-81.22773, 8.75424], [-81.22582, 8.74449], [-81.21995, 8.74383], [-81.22511, 8.73132], [-81.22273, 8.72042], [-81.22821, 8.71047], [-81.21753, 8.70486], [-81.21569, 8.70037], [-81.22087, 8.69466], [-81.22138, 8.6882], [-81.22881, 8.68418], [-81.23104, 8.67755], [-81.22904, 8.67084], [-81.23106, 8.66432], [-81.22716, 8.65955], [-81.23467, 8.6508], [-81.23538, 8.62582], [-81.23138, 8.61764], [-81.23511, 8.5981], [-81.22849, 8.58129], [-81.21062, 8.5564], [-81.2018, 8.53153], [-81.18362, 8.53397], [-81.17164, 8.52447], [-81.17081, 8.52094], [-81.1775, 8.51322], [-81.17434, 8.51109], [-81.17088, 8.48441], [-81.15088, 8.46364], [-81.13814, 8.45554], [-81.13266, 8.4361], [-81.11978, 8.42993], [-81.1031, 8.40845], [-81.0907, 8.4187], [-81.07304, 8.42683], [-81.03662, 8.42279], [-81.00279, 8.41506], [-80.94504, 8.41682], [-80.93283, 8.4193], [-80.91244, 8.43472], [-80.90073, 8.44012], [-80.90021, 8.44504], [-80.90747, 8.45356], [-80.89988, 8.4652], [-80.90762, 8.50022], [-80.92853, 8.52442], [-80.9323, 8.53344], [-80.93188, 8.5403], [-80.92182, 8.55427], [-80.87924, 8.60065], [-80.86757, 8.59458], [-80.86289, 8.58802], [-80.86017, 8.57656], [-80.86255, 8.56524], [-80.85878, 8.55758], [-80.84608, 8.54655], [-80.82287, 8.54677], [-80.82138, 8.56178], [-80.80947, 8.56623], [-80.79003, 8.5518], [-80.77856, 8.55128], [-80.76315, 8.56816], [-80.75561, 8.59123], [-80.746, 8.6059], [-80.7434, 8.63931], [-80.72567, 8.6566], [-80.7242, 8.66536], [-80.72962, 8.68581], [-80.74618, 8.69921], [-80.75476, 8.72712], [-80.75116, 8.73517], [-80.74335, 8.7412], [-80.72597, 8.74858], [-80.72534, 8.75509], [-80.72968, 8.76461], [-80.76714, 8.81269], [-80.78214, 8.81363], [-80.79932, 8.80885], [-80.86104, 8.83547], [-80.86577, 8.84604], [-80.87405, 8.85336], [-80.87379, 8.87575], [-80.87657, 8.88152], [-80.87403, 8.88226]]], [[[-80.99986, 8.99986], [-80.99986, 9.00014], [-81.00014, 9.00014], [-81.00014, 8.99986], [-80.99986, 8.99986]]]]}}, {"type": "Feature", "properties": {"admin2_pcode": "PA1311", "admin2_name": "Santiago", "admin1_name": "Veraguas"}, "geometry": {"type": "Polygon", "coordinates": [[[-80.78964, 8.18064], [-80.82318, 8.16779], [-80.84363, 8.17861], [-80.85224, 8.19086], [-80.86524, 8.18661], [-80.8802, 8.19356], [-80.89298, 8.19098], [-80.90424, 8.21532], [-80.9156, 8.21162], [-80.93023, 8.2224], [-80.95539, 8.22936], [-80.96167, 8.22741], [-80.97012, 8.21736], [-81.05499, 8.25439], [-81.06083, 8.26715], [-81.06105, 8.28189], [-81.11219, 8.26737], [-81.1362, 8.27316], [-81.11076, 8.22983], [-81.08032, 8.21851], [-81.05557, 8.19002], [-81.07234, 8.16875], [-81.07304, 8.14575], [-81.06723, 8.10006], [-81.06934, 8.06955], [-81.0642, 8.05413], [-81.05694, 8.05801], [-81.02982, 8.08715], [-81.0213, 8.04395], [-80.97912, 8.02673], [-80.97761, 8.02229], [-80.97961, 8.01744], [-80.99667, 8.00472], [-81.00466, 7.97493], [-80.982, 7.96577], [-80.97847, 7.9537], [-80.98158, 7.94458], [-80.97916, 7.93389], [-81.04214, 7.89888], [-81.05772, 7.88514], [-81.05375, 7.88432], [-81.04847, 7.87792], [-81.03902, 7.88181], [-81.03653, 7.87764], [-81.04014, 7.88069], [-81.04374, 7.87653], [-81.04847, 7.87681], [-81.05542, 7.88347], [-81.06625, 7.87958], [-81.06097, 7.86014], [-81.06181, 7.85792], [-81.06458, 7.86069], [-81.06597, 7.84875], [-81.06236, 7.82514], [-81.05569, 7.82208], [-81.03042, 7.82208], [-81.02125, 7.83015], [-81.02153, 7.84042], [-81.02597, 7.84375], [-81.02069, 7.84209], [-81.02042, 7.82819], [-81.01681, 7.82542], [-81.02236, 7.82736], [-81.0343, 7.81903], [-81.06875, 7.81764], [-81.07848, 7.80986], [-81.08625, 7.79653], [-81.09042, 7.77347], [-81.07986, 7.7657], [-81.07514, 7.75625], [-81.06541, 7.7568], [-81.06069, 7.76375], [-81.05264, 7.75875], [-81.05347, 7.75847], [-81.05708, 7.76069], [-81.06042, 7.76069], [-81.06486, 7.75486], [-81.06458, 7.74681], [-81.05569, 7.75069], [-81.04014, 7.74986], [-81.0332, 7.75292], [-81.02847, 7.74319], [-81.01958, 7.74403], [-81.02875, 7.74208], [-81.03486, 7.75125], [-81.03764, 7.74542], [-81.02417, 7.73054], [-81.00553, 7.73156], [-80.9907, 7.72469], [-80.96948, 7.73802], [-80.96016, 7.75953], [-80.96334, 7.76496], [-80.96217, 7.7696], [-80.9524, 7.77203], [-80.94895, 7.77847], [-80.94805, 7.79935], [-80.9373, 7.8203], [-80.93895, 7.82966], [-80.93215, 7.85366], [-80.93043, 7.87358], [-80.9229, 7.88618], [-80.92062, 7.90185], [-80.91432, 7.9089], [-80.92816, 7.9174], [-80.92994, 7.92322], [-80.91951, 7.92018], [-80.90268, 7.92679], [-80.89182, 7.92126], [-80.8797, 7.92467], [-80.87075, 7.9231], [-80.86633, 7.94218], [-80.8617, 7.94798], [-80.88535, 7.95229], [-80.89721, 7.96764], [-80.91023, 7.96118], [-80.92523, 7.95939], [-80.9357, 7.97027], [-80.94713, 8.00035], [-80.93861, 8.03592], [-80.93947, 8.046], [-80.92611, 8.07396], [-80.92441, 8.08784], [-80.91548, 8.10305], [-80.91192, 8.10036], [-80.90664, 8.08175], [-80.89137, 8.09025], [-80.86333, 8.09167], [-80.84011, 8.07962], [-80.82449, 8.06619], [-80.81799, 8.06502], [-80.81108, 8.06866], [-80.80467, 8.06271], [-80.79406, 8.06231], [-80.76888, 8.0734], [-80.75366, 8.07443], [-80.74557, 8.08634], [-80.73219, 8.09141], [-80.72584, 8.1122], [-80.71343, 8.12487], [-80.7037, 8.12623], [-80.68122, 8.11686], [-80.67391, 8.11776], [-80.6702, 8.12263], [-80.67675, 8.13536], [-80.68725, 8.14117], [-80.69451, 8.15304], [-80.70954, 8.16615], [-80.73075, 8.16137], [-80.74239, 8.16434], [-80.75467, 8.16124], [-80.77187, 8.16178], [-80.78642, 8.17022], [-80.78964, 8.18064]]]}}, {"type": "Feature", "properties": {"admin2_pcode": "PA1312", "admin2_name": "Son\u00e1", "admin1_name": "Veraguas"}, "geometry": {"type": "MultiPolygon", "coordinates": [[[[-81.27792, 7.6257], [-81.27903, 7.6232], [-81.27153, 7.6182], [-81.27125, 7.62181], [-81.27792, 7.6257]]], [[[-81.34486, 7.65097], [-81.35597, 7.64931], [-81.35597, 7.64792], [-81.34431, 7.64764], [-81.34486, 7.65097]]], [[[-81.37014, 7.65819], [-81.37347, 7.65819], [-81.37458, 7.65681], [-81.37125, 7.65597], [-81.37014, 7.65819]]], [[[-81.38068, 7.67153], [-81.38404, 7.67153], [-81.38541, 7.67069], [-81.38042, 7.66819], [-81.38068, 7.67153]]], [[[-81.4832, 7.68431], [-81.48514, 7.68375], [-81.47625, 7.68208], [-81.47681, 7.68403], [-81.4832, 7.68431]]], [[[-81.61542, 7.69931], [-81.63764, 7.69514], [-81.63957, 7.69208], [-81.63403, 7.69153], [-81.6293, 7.68375], [-81.62542, 7.68819], [-81.61347, 7.68653], [-81.61542, 7.69931]]], [[[-81.62458, 7.70375], [-81.62486, 7.70236], [-81.62209, 7.70208], [-81.62209, 7.7032], [-81.62458, 7.70375]]], [[[-81.63319, 7.70653], [-81.64042, 7.70153], [-81.64014, 7.69903], [-81.63625, 7.69765], [-81.63319, 7.70653]]], [[[-81.20624, 7.72042], [-81.21486, 7.71319], [-81.21069, 7.71097], [-81.20403, 7.71597], [-81.20292, 7.71903], [-81.20624, 7.72042]]], [[[-81.54125, 7.72542], [-81.5432, 7.72431], [-81.54403, 7.72236], [-81.54041, 7.72292], [-81.54125, 7.72542]]], [[[-81.58041, 7.73458], [-81.58319, 7.73458], [-81.58486, 7.73347], [-81.5818, 7.73319], [-81.58041, 7.73458]]], [[[-81.17514, 7.74986], [-81.17626, 7.74764], [-81.17431, 7.74569], [-81.17236, 7.74764], [-81.17514, 7.74986]]], [[[-81.51764, 7.75458], [-81.52348, 7.75125], [-81.51847, 7.74125], [-81.51403, 7.74458], [-81.51624, 7.74764], [-81.51431, 7.75181], [-81.51764, 7.75458]]], [[[-81.57681, 7.75847], [-81.58347, 7.75514], [-81.57708, 7.75375], [-81.57708, 7.75069], [-81.59097, 7.74819], [-81.58903, 7.74292], [-81.58292, 7.74403], [-81.58097, 7.74069], [-81.57625, 7.74264], [-81.57736, 7.74514], [-81.57236, 7.74542], [-81.56986, 7.75542], [-81.57681, 7.75847]]], [[[-81.5843, 7.78681], [-81.58652, 7.78653], [-81.5882, 7.78431], [-81.58375, 7.78375], [-81.5843, 7.78681]]], [[[-81.1693, 7.83986], [-81.17292, 7.83819], [-81.17847, 7.82597], [-81.17709, 7.81903], [-81.16986, 7.81931], [-81.16348, 7.82681], [-81.16209, 7.83514], [-81.1693, 7.83986]]], [[[-81.17537, 8.06384], [-81.18194, 8.07523], [-81.2585, 8.15393], [-81.2993, 8.15166], [-81.33553, 8.16583], [-81.35478, 8.16108], [-81.36393, 8.14278], [-81.37109, 8.13943], [-81.37538, 8.12987], [-81.36792, 8.12257], [-81.37313, 8.11761], [-81.37703, 8.0875], [-81.39106, 8.06797], [-81.4071, 8.05641], [-81.39578, 8.03095], [-81.40718, 8.01378], [-81.41106, 7.99168], [-81.41966, 7.97449], [-81.43856, 7.96378], [-81.45166, 7.92605], [-81.47953, 7.89233], [-81.4871, 7.86896], [-81.52267, 7.83617], [-81.55162, 7.83501], [-81.58514, 7.8222], [-81.58791, 7.81208], [-81.59209, 7.81097], [-81.59264, 7.80153], [-81.58958, 7.79625], [-81.57848, 7.79514], [-81.57764, 7.78931], [-81.58292, 7.78597], [-81.58259, 7.78236], [-81.57542, 7.78792], [-81.57125, 7.7857], [-81.57458, 7.77986], [-81.57153, 7.77293], [-81.5818, 7.77181], [-81.5843, 7.76792], [-81.58014, 7.76347], [-81.57347, 7.7657], [-81.5732, 7.76264], [-81.56597, 7.75986], [-81.56709, 7.75597], [-81.56264, 7.75153], [-81.55959, 7.75014], [-81.55653, 7.75375], [-81.5507, 7.75042], [-81.55403, 7.74708], [-81.5507, 7.74681], [-81.54625, 7.73986], [-81.54181, 7.73931], [-81.54041, 7.74208], [-81.54403, 7.74403], [-81.54182, 7.75042], [-81.54986, 7.75375], [-81.54542, 7.76042], [-81.54958, 7.76403], [-81.54347, 7.76708], [-81.53375, 7.76403], [-81.52875, 7.76597], [-81.52653, 7.76181], [-81.51903, 7.76069], [-81.51875, 7.76653], [-81.51486, 7.76374], [-81.50819, 7.76764], [-81.50181, 7.75819], [-81.49125, 7.75875], [-81.49208, 7.7543], [-81.50347, 7.7457], [-81.49653, 7.74125], [-81.49653, 7.73542], [-81.51847, 7.73319], [-81.52597, 7.73042], [-81.5268, 7.72736], [-81.53042, 7.72903], [-81.53848, 7.71847], [-81.52625, 7.71263], [-81.51875, 7.71264], [-81.51514, 7.70764], [-81.50708, 7.70986], [-81.50792, 7.70486], [-81.50208, 7.70431], [-81.4968, 7.70792], [-81.49541, 7.70486], [-81.49181, 7.71181], [-81.48431, 7.70986], [-81.48736, 7.70375], [-81.48125, 7.70431], [-81.48014, 7.7007], [-81.47931, 7.70764], [-81.46931, 7.70597], [-81.4707, 7.70346], [-81.46736, 7.70236], [-81.46736, 7.70542], [-81.46347, 7.70431], [-81.46458, 7.70875], [-81.45541, 7.70458], [-81.45458, 7.70847], [-81.45125, 7.7082], [-81.44708, 7.69958], [-81.44125, 7.70292], [-81.44041, 7.69792], [-81.4332, 7.69319], [-81.43347, 7.68958], [-81.43792, 7.68958], [-81.43736, 7.68403], [-81.44153, 7.6782], [-81.42431, 7.6782], [-81.41681, 7.6832], [-81.41541, 7.67681], [-81.40986, 7.67847], [-81.40847, 7.67458], [-81.40208, 7.67264], [-81.39625, 7.67625], [-81.39848, 7.68292], [-81.39014, 7.68236], [-81.38625, 7.67569], [-81.37708, 7.67097], [-81.37681, 7.66681], [-81.37375, 7.67042], [-81.36708, 7.67014], [-81.36486, 7.66708], [-81.35987, 7.66903], [-81.33736, 7.65765], [-81.33403, 7.66014], [-81.31986, 7.65625], [-81.31347, 7.64986], [-81.30903, 7.65181], [-81.31292, 7.65597], [-81.30875, 7.65875], [-81.30791, 7.66597], [-81.30653, 7.66208], [-81.2943, 7.65736], [-81.29514, 7.65235], [-81.28902, 7.65208], [-81.28986, 7.64792], [-81.28098, 7.64125], [-81.2832, 7.63736], [-81.2782, 7.63264], [-81.26153, 7.63458], [-81.25708, 7.62736], [-81.25014, 7.62514], [-81.24625, 7.62819], [-81.23875, 7.62153], [-81.23903, 7.61569], [-81.22735, 7.60764], [-81.20847, 7.62292], [-81.20318, 7.63097], [-81.19736, 7.65236], [-81.20931, 7.66903], [-81.19403, 7.69765], [-81.19458, 7.71097], [-81.20375, 7.71486], [-81.21709, 7.70653], [-81.2157, 7.71069], [-81.21986, 7.71236], [-81.22542, 7.70875], [-81.22347, 7.7057], [-81.22791, 7.69875], [-81.22958, 7.70153], [-81.22681, 7.7057], [-81.23431, 7.6993], [-81.24069, 7.71486], [-81.2468, 7.71653], [-81.25069, 7.72153], [-81.24848, 7.72153], [-81.2457, 7.71736], [-81.23903, 7.71708], [-81.23319, 7.7082], [-81.21653, 7.71625], [-81.2157, 7.72069], [-81.22875, 7.73125], [-81.22598, 7.73208], [-81.22652, 7.74903], [-81.24014, 7.74847], [-81.24375, 7.74958], [-81.24181, 7.75153], [-81.24986, 7.75236], [-81.23903, 7.75319], [-81.24208, 7.75486], [-81.24514, 7.75319], [-81.2457, 7.76069], [-81.23708, 7.75347], [-81.23125, 7.75347], [-81.23764, 7.75653], [-81.23542, 7.76069], [-81.23264, 7.75736], [-81.2307, 7.76014], [-81.2243, 7.75597], [-81.22125, 7.75764], [-81.21792, 7.74514], [-81.22236, 7.74403], [-81.2207, 7.74708], [-81.2232, 7.74875], [-81.22347, 7.73042], [-81.21902, 7.7257], [-81.21514, 7.73125], [-81.20875, 7.73347], [-81.2057, 7.74681], [-81.19403, 7.75625], [-81.19431, 7.75875], [-81.21014, 7.76431], [-81.20597, 7.76514], [-81.19569, 7.76069], [-81.19153, 7.76181], [-81.19375, 7.75458], [-81.20541, 7.74347], [-81.20653, 7.73819], [-81.19569, 7.73986], [-81.18514, 7.74986], [-81.17653, 7.74931], [-81.17819, 7.75542], [-81.17181, 7.76431], [-81.1682, 7.77764], [-81.17319, 7.78375], [-81.16959, 7.80958], [-81.17792, 7.81485], [-81.18347, 7.82347], [-81.18181, 7.83708], [-81.1768, 7.84319], [-81.17709, 7.84847], [-81.18236, 7.84931], [-81.17986, 7.85407], [-81.18302, 7.85325], [-81.19923, 7.87597], [-81.20925, 7.88257], [-81.20737, 7.90048], [-81.18352, 7.90312], [-81.18334, 7.91331], [-81.18787, 7.91873], [-81.20383, 7.9237], [-81.21477, 7.93365], [-81.21824, 7.98415], [-81.22624, 7.99866], [-81.22215, 8.00922], [-81.20637, 8.01069], [-81.19124, 8.0191], [-81.19459, 8.03905], [-81.18695, 8.05366], [-81.17537, 8.06384]]]]}}]}