{"type": "FeatureCollection", "features": [{"type": "Feature", "properties": {"admin2_pcode": "PE0301", "admin2_name": "Abancay", "admin1_name": "Apurimac"}, "geometry": {"type": "Polygon", "coordinates": [[[-72.77286, -13.44888], [-72.79085, -13.45753], [-72.79759, -13.44935], [-72.79749, -13.42216], [-72.83827, -13.42707], [-72.86579, -13.41588], [-72.88407, -13.41698], [-72.89484, -13.38946], [-72.92501, -13.38303], [-72.97706, -13.38817], [-73.01513, -13.42667], [-73.04405, -13.41196], [-73.05938, -13.43721], [-73.07651, -13.44369], [-73.10338, -13.44859], [-73.10935, -13.4353], [-73.12609, -13.44005], [-73.14366, -13.41906], [-73.16016, -13.44334], [-73.14164, -13.44963], [-73.1264, -13.48646], [-73.04848, -13.5311], [-73.04199, -13.56248], [-73.01596, -13.56481], [-72.98656, -13.61764], [-72.94463, -13.65213], [-72.97774, -13.70027], [-73.06053, -13.72044], [-73.07786, -13.73303], [-73.07669, -13.74922], [-73.09178, -13.74337], [-73.10103, -13.76303], [-73.11892, -13.7528], [-73.13152, -13.76672], [-73.1603, -13.77679], [-73.1719, -13.80364], [-73.14327, -13.8223], [-73.07374, -13.89699], [-73.05553, -13.89634], [-73.03689, -13.90623], [-73.03583, -13.97136], [-73.02449, -13.99204], [-73.0293, -14.01178], [-73.02177, -14.02271], [-73.02894, -14.06794], [-73.0266, -14.08783], [-73.01664, -14.09589], [-73.01974, -14.11262], [-73.00474, -14.12052], [-72.98029, -14.11834], [-72.97498, -14.13041], [-72.94361, -14.15131], [-72.92928, -14.13625], [-72.91368, -14.14729], [-72.90779, -14.16734], [-72.89235, -14.17039], [-72.88701, -14.14628], [-72.87476, -14.13493], [-72.87634, -14.12386], [-72.85729, -14.11258], [-72.85801, -14.09672], [-72.81721, -14.09545], [-72.79852, -14.07126], [-72.79438, -14.05474], [-72.80613, -14.03107], [-72.79096, -14.00298], [-72.79104, -13.98293], [-72.76325, -13.97897], [-72.75798, -13.96345], [-72.74741, -13.9665], [-72.72685, -13.94732], [-72.74091, -13.925], [-72.7358, -13.9145], [-72.68361, -13.88796], [-72.6624, -13.86487], [-72.64725, -13.85706], [-72.63795, -13.86223], [-72.64505, -13.83692], [-72.63787, -13.83049], [-72.64011, -13.81888], [-72.65591, -13.81119], [-72.67892, -13.776], [-72.64435, -13.77079], [-72.64057, -13.7567], [-72.60857, -13.74871], [-72.59159, -13.72996], [-72.57591, -13.72986], [-72.57708, -13.7433], [-72.55404, -13.75072], [-72.49178, -13.75061], [-72.46817, -13.7723], [-72.46038, -13.79021], [-72.44712, -13.75806], [-72.43722, -13.68083], [-72.42248, -13.65121], [-72.39982, -13.64185], [-72.4218, -13.60587], [-72.45129, -13.59997], [-72.46588, -13.58783], [-72.48896, -13.59182], [-72.49484, -13.57935], [-72.52317, -13.5666], [-72.53616, -13.5721], [-72.54354, -13.55797], [-72.56048, -13.55181], [-72.57431, -13.56251], [-72.59339, -13.56217], [-72.60143, -13.5443], [-72.61343, -13.54605], [-72.62655, -13.53537], [-72.6408, -13.5396], [-72.65587, -13.5135], [-72.67207, -13.5221], [-72.71629, -13.49043], [-72.74847, -13.48112], [-72.77286, -13.44888]]]}}, {"type": "Feature", "properties": {"admin2_pcode": "PE0902", "admin2_name": "Acobamba", "admin1_name": "Huancavelica"}, "geometry": {"type": "Polygon", "coordinates": [[[-74.32362, -12.83251], [-74.36126, -12.83454], [-74.3765, -12.81563], [-74.38971, -12.81464], [-74.38946, -12.80791], [-74.40406, -12.81217], [-74.441, -12.79934], [-74.46561, -12.80489], [-74.49111, -12.78582], [-74.50154, -12.78722], [-74.49903, -12.77082], [-74.54252, -12.74496], [-74.54863, -12.71544], [-74.59068, -12.6908], [-74.59428, -12.67544], [-74.60593, -12.67892], [-74.61459, -12.67146], [-74.62912, -12.64599], [-74.63937, -12.64679], [-74.67248, -12.59186], [-74.68646, -12.58986], [-74.68777, -12.61865], [-74.71163, -12.63427], [-74.73573, -12.62829], [-74.74516, -12.61575], [-74.75557, -12.62559], [-74.77788, -12.6283], [-74.77758, -12.66913], [-74.76717, -12.67748], [-74.77049, -12.71344], [-74.78597, -12.78411], [-74.7957, -12.79154], [-74.76894, -12.80724], [-74.7503, -12.80224], [-74.74369, -12.82648], [-74.72607, -12.84145], [-74.69918, -12.84364], [-74.67833, -12.82337], [-74.65358, -12.85567], [-74.68046, -12.89987], [-74.64982, -12.88207], [-74.63417, -12.84782], [-74.62416, -12.84225], [-74.59505, -12.89245], [-74.57991, -12.89745], [-74.57476, -12.91408], [-74.55794, -12.89369], [-74.5346, -12.90016], [-74.50287, -12.92389], [-74.47575, -12.92972], [-74.45241, -12.96681], [-74.43236, -12.95171], [-74.37439, -12.93576], [-74.31945, -12.88728], [-74.33325, -12.85175], [-74.32362, -12.83251]]]}}, {"type": "Feature", "properties": {"admin2_pcode": "PE0802", "admin2_name": "Acomayo", "admin1_name": "Cusco"}, "geometry": {"type": "Polygon", "coordinates": [[[-71.51688, -13.96722], [-71.52681, -13.96292], [-71.53725, -13.94105], [-71.54765, -13.94495], [-71.56415, -13.93326], [-71.56722, -13.92334], [-71.55802, -13.92174], [-71.56538, -13.90328], [-71.60085, -13.90627], [-71.62148, -13.89603], [-71.64653, -13.82379], [-71.7121, -13.82067], [-71.69596, -13.79574], [-71.71296, -13.74279], [-71.72767, -13.73286], [-71.73686, -13.73646], [-71.74837, -13.71033], [-71.78976, -13.69836], [-71.82959, -13.78001], [-71.83444, -13.81142], [-71.80718, -13.82814], [-71.79892, -13.86799], [-71.80797, -13.87137], [-71.80914, -13.89452], [-71.77985, -13.90657], [-71.77697, -13.93973], [-71.7287, -13.9765], [-71.71848, -14.05927], [-71.69971, -14.11629], [-71.62491, -14.13668], [-71.6092, -14.15388], [-71.59573, -14.14989], [-71.58429, -14.10182], [-71.55739, -14.08346], [-71.49365, -14.13835], [-71.46722, -14.12881], [-71.46092, -14.10874], [-71.44034, -14.10367], [-71.43925, -14.07387], [-71.44803, -14.05491], [-71.47809, -14.03625], [-71.48991, -14.01212], [-71.49121, -13.98827], [-71.51416, -13.98278], [-71.51688, -13.96722]]]}}, {"type": "Feature", "properties": {"admin2_pcode": "PE0202", "admin2_name": "Aija", "admin1_name": "Ancash"}, "geometry": {"type": "Polygon", "coordinates": [[[-77.53625, -9.73787], [-77.54707, -9.71252], [-77.54161, -9.70589], [-77.56921, -9.66915], [-77.59203, -9.65878], [-77.59817, -9.63974], [-77.61368, -9.649], [-77.60905, -9.62989], [-77.6213, -9.62083], [-77.66428, -9.66046], [-77.66169, -9.68655], [-77.67975, -9.68489], [-77.69861, -9.69721], [-77.71212, -9.69002], [-77.72369, -9.69483], [-77.73369, -9.71335], [-77.73381, -9.73721], [-77.74875, -9.75265], [-77.759, -9.78657], [-77.7808, -9.80067], [-77.86577, -9.7638], [-77.95381, -9.77159], [-77.9614, -9.78024], [-77.90853, -9.82166], [-77.87542, -9.81116], [-77.85389, -9.81709], [-77.83374, -9.83634], [-77.84372, -9.84405], [-77.82694, -9.87809], [-77.82587, -9.91428], [-77.81376, -9.90576], [-77.77979, -9.90506], [-77.77446, -9.89112], [-77.76561, -9.88974], [-77.76375, -9.87243], [-77.73793, -9.84842], [-77.71205, -9.8371], [-77.70355, -9.84835], [-77.66433, -9.86486], [-77.64125, -9.85605], [-77.6214, -9.86778], [-77.60588, -9.8604], [-77.57606, -9.87244], [-77.55249, -9.87218], [-77.53773, -9.86127], [-77.50797, -9.86628], [-77.50328, -9.87476], [-77.4789, -9.87377], [-77.48436, -9.83962], [-77.49428, -9.83752], [-77.48895, -9.81984], [-77.52145, -9.79227], [-77.53625, -9.73787]]]}}, {"type": "Feature", "properties": {"admin2_pcode": "PE1602", "admin2_name": "Alto Amazonas", "admin1_name": "Loreto"}, "geometry": {"type": "Polygon", "coordinates": [[[-75.49748, -5.72803], [-75.45439, -5.57419], [-75.49732, -5.58818], [-75.51825, -5.58735], [-75.61078, -5.56077], [-75.60028, -5.53464], [-75.63899, -5.50385], [-75.61813, -5.45436], [-75.65227, -5.40186], [-75.65319, -5.36685], [-75.62305, -5.31978], [-75.63257, -5.27624], [-75.59749, -5.27555], [-75.59004, -5.25845], [-75.59289, -5.23623], [-75.61815, -5.20848], [-75.61355, -5.19422], [-75.51163, -5.11315], [-75.46957, -5.05765], [-75.44283, -5.04781], [-75.38681, -5.05008], [-75.4239, -4.98809], [-75.49011, -4.95119], [-75.53275, -4.93907], [-75.58108, -4.93903], [-75.60409, -4.92249], [-75.64216, -4.93095], [-75.67344, -4.92481], [-75.68748, -4.88937], [-75.66429, -4.84124], [-75.7257, -4.81317], [-75.7216, -4.78966], [-75.74028, -4.73785], [-75.84305, -4.68709], [-75.85218, -4.65874], [-75.84548, -4.62581], [-75.85189, -4.59996], [-75.89169, -4.58418], [-75.8772, -4.54413], [-75.87891, -4.49045], [-75.86333, -4.45524], [-75.86785, -4.42995], [-75.95235, -4.37505], [-75.97495, -4.37201], [-76.02524, -4.3234], [-76.03021, -4.29683], [-76.00959, -4.27388], [-76.00941, -4.25785], [-76.02185, -4.2204], [-76.07031, -4.1797], [-76.06127, -4.1222], [-76.06537, -4.0892], [-76.07947, -4.07485], [-76.07848, -4.04939], [-76.12002, -4.0356], [-76.13871, -4.00269], [-76.14451, -3.95904], [-76.20431, -3.92388], [-76.21183, -3.83456], [-76.24764, -3.78784], [-76.24887, -3.74477], [-76.25744, -3.74346], [-76.27583, -3.76174], [-76.28032, -3.74702], [-76.27279, -3.7305], [-76.28873, -3.69839], [-76.31403, -3.69555], [-76.32514, -3.68153], [-76.33554, -3.72095], [-76.33109, -3.76142], [-76.34766, -3.7774], [-76.37102, -3.77736], [-76.38677, -3.78652], [-76.38144, -3.82063], [-76.39335, -3.85284], [-76.41759, -3.86897], [-76.42234, -3.92831], [-76.39205, -4.00104], [-76.34997, -4.04389], [-76.33216, -4.1129], [-76.29342, -4.13451], [-76.31091, -4.15677], [-76.28022, -4.16054], [-76.23806, -4.18411], [-76.24617, -4.19596], [-76.24454, -4.2193], [-76.22737, -4.25006], [-76.23399, -4.27068], [-76.29719, -4.31906], [-76.29699, -4.34127], [-76.31978, -4.35605], [-76.30792, -4.39017], [-76.33479, -4.41168], [-76.33817, -4.43612], [-76.29731, -4.51745], [-76.26923, -4.52379], [-76.25728, -4.54547], [-76.22881, -4.55556], [-76.24691, -4.56134], [-76.21786, -4.60795], [-76.19828, -4.62335], [-76.20586, -4.67227], [-76.17418, -4.68952], [-76.1634, -4.70461], [-76.17414, -4.75025], [-76.16739, -4.77955], [-76.14165, -4.79762], [-76.10181, -4.7893], [-76.07073, -4.83353], [-76.02592, -4.81504], [-76.00713, -4.85198], [-75.96443, -4.87304], [-75.92509, -4.91114], [-75.8685, -4.93798], [-75.82954, -4.97658], [-75.79959, -4.97913], [-75.75462, -5.00427], [-75.7468, -5.01295], [-75.74873, -5.03845], [-75.78945, -5.01808], [-75.804, -5.01842], [-75.85058, -5.02806], [-75.88915, -5.04834], [-75.91922, -5.02139], [-75.91904, -5.08449], [-75.96408, -5.08091], [-76.00073, -5.10081], [-76.02368, -5.1004], [-76.06889, -5.08513], [-76.18336, -5.01706], [-76.37095, -5.03246], [-76.4212, -5.05245], [-76.42882, -5.04631], [-76.43009, -5.01663], [-76.45404, -4.9866], [-76.44683, -5.06428], [-76.4806, -5.08907], [-76.49707, -5.12131], [-76.51297, -5.13128], [-76.50488, -5.16617], [-76.52837, -5.18643], [-76.50879, -5.23618], [-76.56229, -5.23436], [-76.5853, -5.21289], [-76.60553, -5.22777], [-76.60436, -5.24829], [-76.59546, -5.25141], [-76.59312, -5.27224], [-76.58252, -5.27931], [-76.58782, -5.31345], [-76.57592, -5.33613], [-76.58852, -5.34389], [-76.60433, -5.3349], [-76.6254, -5.36742], [-76.63459, -5.41966], [-76.6266, -5.43597], [-76.64145, -5.44802], [-76.6404, -5.46273], [-76.6596, -5.45789], [-76.70285, -5.49203], [-76.72621, -5.4728], [-76.74113, -5.44673], [-76.75934, -5.45493], [-76.75967, -5.43612], [-76.83221, -5.49851], [-76.85082, -5.53211], [-76.83495, -5.56773], [-76.81101, -5.5946], [-76.84345, -5.60764], [-76.84545, -5.63879], [-76.81566, -5.63766], [-76.81274, -5.65512], [-76.82402, -5.66184], [-76.82577, -5.67284], [-76.81033, -5.68851], [-76.82153, -5.69549], [-76.84741, -5.68942], [-76.86278, -5.69474], [-76.86951, -5.70356], [-76.86649, -5.72553], [-76.88999, -5.7363], [-76.89454, -5.74623], [-76.84407, -5.74253], [-76.8246, -5.7573], [-76.82942, -5.77734], [-76.81633, -5.80757], [-76.82634, -5.81785], [-76.82065, -5.85787], [-76.77771, -5.89932], [-76.76463, -5.94662], [-76.74777, -5.95221], [-76.74555, -5.97556], [-76.75642, -5.99956], [-76.71077, -6.01367], [-76.64001, -6.0026], [-76.60434, -6.01715], [-76.56296, -6.00157], [-76.54888, -6.01275], [-76.51799, -6.00341], [-76.48092, -6.01396], [-76.43018, -6.00277], [-76.41435, -5.966], [-76.40016, -5.95356], [-76.37279, -5.97376], [-76.33401, -6.04211], [-76.31534, -6.05407], [-76.3183, -6.08609], [-76.26521, -6.11969], [-76.14599, -6.14667], [-76.08848, -6.10757], [-76.04272, -6.101], [-76.01353, -6.08358], [-76.00575, -6.09522], [-75.95845, -6.09838], [-75.91655, -6.14076], [-75.89587, -6.13202], [-75.83798, -6.14051], [-75.85152, -6.10175], [-75.83472, -6.10701], [-75.82768, -6.09858], [-75.79878, -6.10483], [-75.78309, -6.12334], [-75.77478, -6.12039], [-75.76774, -6.12756], [-75.77116, -6.14765], [-75.71883, -6.14123], [-75.68005, -6.09531], [-75.6517, -6.09791], [-75.62921, -6.08299], [-75.62107, -6.02938], [-75.57111, -6.00399], [-75.56701, -5.95837], [-75.54671, -5.93608], [-75.5124, -5.86709], [-75.53936, -5.79466], [-75.50722, -5.75356], [-75.49748, -5.72803]]]}}, {"type": "Feature", "properties": {"admin2_pcode": "PE1002", "admin2_name": "Ambo", "admin1_name": "Huanuco"}, "geometry": {"type": "Polygon", "coordinates": [[[-76.13621, -9.98628], [-76.16425, -9.98132], [-76.18895, -10.00659], [-76.22952, -10.01746], [-76.22879, -10.03676], [-76.29274, -10.07535], [-76.34757, -10.1259], [-76.35473, -10.12195], [-76.36938, -10.13084], [-76.37359, -10.15058], [-76.41061, -10.13714], [-76.41637, -10.14914], [-76.41101, -10.17872], [-76.43019, -10.20036], [-76.43608, -10.23353], [-76.44975, -10.21416], [-76.44755, -10.1873], [-76.46119, -10.14922], [-76.48052, -10.1569], [-76.51001, -10.15227], [-76.51382, -10.16086], [-76.5048, -10.17913], [-76.51765, -10.18707], [-76.5247, -10.21934], [-76.51229, -10.24239], [-76.51746, -10.27259], [-76.51289, -10.29184], [-76.49398, -10.31053], [-76.42494, -10.31922], [-76.40068, -10.30843], [-76.38722, -10.28929], [-76.3645, -10.29947], [-76.33579, -10.28632], [-76.32576, -10.30553], [-76.33068, -10.31612], [-76.31694, -10.34023], [-76.32341, -10.35958], [-76.30588, -10.41217], [-76.28529, -10.41642], [-76.27471, -10.40246], [-76.26847, -10.36874], [-76.2256, -10.39693], [-76.23089, -10.37179], [-76.20282, -10.37758], [-76.20717, -10.38871], [-76.1854, -10.39546], [-76.17195, -10.41155], [-76.1413, -10.4093], [-76.12963, -10.4308], [-76.1188, -10.42637], [-76.10419, -10.43555], [-76.09289, -10.42928], [-76.07827, -10.43415], [-76.07828, -10.45199], [-76.05704, -10.46542], [-76.03167, -10.45593], [-76.03236, -10.43164], [-76.02579, -10.42557], [-76.02897, -10.40598], [-76.04012, -10.39597], [-76.03321, -10.38409], [-76.04128, -10.37365], [-76.03788, -10.34608], [-76.04227, -10.33043], [-76.0662, -10.31664], [-76.04657, -10.30672], [-76.05001, -10.26911], [-76.03495, -10.25832], [-76.04253, -10.22858], [-76.05959, -10.21795], [-76.05481, -10.20454], [-76.06736, -10.19521], [-76.05337, -10.15811], [-76.05476, -10.14029], [-76.0647, -10.13241], [-76.04085, -10.10485], [-76.04844, -10.0961], [-76.0724, -10.09485], [-76.07377, -10.08637], [-76.08853, -10.07879], [-76.12396, -10.07102], [-76.11734, -10.04971], [-76.12728, -10.03658], [-76.12403, -10.0146], [-76.13563, -10.00183], [-76.13621, -9.98628]]]}}, {"type": "Feature", "properties": {"admin2_pcode": "PE0302", "admin2_name": "Andahuaylas", "admin1_name": "Apurimac"}, "geometry": {"type": "Polygon", "coordinates": [[[-73.16016, -13.44334], [-73.17557, -13.45151], [-73.18612, -13.44113], [-73.1868, -13.41661], [-73.20482, -13.41172], [-73.21188, -13.41906], [-73.20954, -13.43196], [-73.22371, -13.45062], [-73.22064, -13.46511], [-73.23532, -13.47669], [-73.24543, -13.46535], [-73.26051, -13.46794], [-73.31167, -13.4466], [-73.33179, -13.45638], [-73.33323, -13.444], [-73.34716, -13.43483], [-73.40398, -13.44479], [-73.41046, -13.43595], [-73.44539, -13.43036], [-73.47677, -13.47425], [-73.47012, -13.48552], [-73.48367, -13.50662], [-73.46081, -13.54621], [-73.45106, -13.59296], [-73.49208, -13.57733], [-73.50048, -13.59619], [-73.5304, -13.61676], [-73.5704, -13.59626], [-73.58677, -13.60929], [-73.60443, -13.60993], [-73.60698, -13.62222], [-73.59268, -13.65018], [-73.61466, -13.70009], [-73.60618, -13.72877], [-73.62896, -13.73658], [-73.67371, -13.73074], [-73.66954, -13.73823], [-73.68648, -13.7386], [-73.68744, -13.74718], [-73.73467, -13.75413], [-73.74789, -13.76337], [-73.72869, -13.81612], [-73.69778, -13.84742], [-73.68509, -13.90593], [-73.65647, -13.92995], [-73.64276, -13.97854], [-73.62589, -13.99491], [-73.618, -14.02553], [-73.62578, -14.04902], [-73.61107, -14.08994], [-73.58663, -14.11034], [-73.57728, -14.14718], [-73.51874, -14.24222], [-73.51225, -14.26816], [-73.51719, -14.30936], [-73.52801, -14.32256], [-73.53552, -14.3578], [-73.55351, -14.37751], [-73.55386, -14.40122], [-73.58175, -14.41613], [-73.57064, -14.45657], [-73.5514, -14.465], [-73.55456, -14.4807], [-73.53506, -14.49154], [-73.53246, -14.50724], [-73.52284, -14.51379], [-73.52075, -14.53355], [-73.50701, -14.54431], [-73.48547, -14.53376], [-73.49183, -14.52254], [-73.49024, -14.49105], [-73.47201, -14.47535], [-73.47299, -14.44652], [-73.4602, -14.44034], [-73.44952, -14.42139], [-73.45313, -14.40255], [-73.42715, -14.3763], [-73.42125, -14.34597], [-73.36997, -14.31899], [-73.37992, -14.23179], [-73.39592, -14.21116], [-73.39492, -14.18904], [-73.41548, -14.17915], [-73.41118, -14.16606], [-73.39654, -14.15943], [-73.4108, -14.10918], [-73.38144, -14.0962], [-73.37068, -14.06488], [-73.37844, -14.03068], [-73.35428, -13.99098], [-73.35952, -13.96469], [-73.34509, -13.93989], [-73.35454, -13.92656], [-73.33185, -13.90658], [-73.28444, -13.89315], [-73.27991, -13.86772], [-73.24501, -13.81506], [-73.22103, -13.82809], [-73.19569, -13.81695], [-73.19583, -13.80787], [-73.1824, -13.80012], [-73.1719, -13.80364], [-73.1603, -13.77679], [-73.13152, -13.76672], [-73.11892, -13.7528], [-73.10103, -13.76303], [-73.09178, -13.74337], [-73.07669, -13.74922], [-73.07786, -13.73303], [-73.06053, -13.72044], [-72.97774, -13.70027], [-72.94463, -13.65213], [-72.98656, -13.61764], [-73.01596, -13.56481], [-73.04199, -13.56248], [-73.04848, -13.5311], [-73.1264, -13.48646], [-73.14164, -13.44963], [-73.16016, -13.44334]]]}}, {"type": "Feature", "properties": {"admin2_pcode": "PE0903", "admin2_name": "Angaraes", "admin1_name": "Huancavelica"}, "geometry": {"type": "Polygon", "coordinates": [[[-74.31945, -12.88728], [-74.37439, -12.93576], [-74.43236, -12.95171], [-74.45241, -12.96681], [-74.47575, -12.92972], [-74.50287, -12.92389], [-74.5346, -12.90016], [-74.55794, -12.89369], [-74.57476, -12.91408], [-74.57991, -12.89745], [-74.59505, -12.89245], [-74.62416, -12.84225], [-74.63417, -12.84782], [-74.64982, -12.88207], [-74.68046, -12.89987], [-74.65358, -12.85567], [-74.67833, -12.82337], [-74.69918, -12.84364], [-74.72174, -12.85989], [-74.73367, -12.87967], [-74.76157, -12.86753], [-74.78294, -12.87795], [-74.80764, -12.90791], [-74.8041, -12.91526], [-74.8171, -12.92215], [-74.81887, -12.93995], [-74.82957, -12.94229], [-74.85135, -12.92066], [-74.87773, -12.91903], [-74.88699, -12.929], [-74.89606, -12.94539], [-74.88952, -12.94885], [-74.89042, -12.96844], [-74.83829, -12.97488], [-74.87704, -12.99926], [-74.88223, -13.01468], [-74.90143, -13.02306], [-74.90766, -13.03455], [-74.90877, -13.09346], [-74.92018, -13.09959], [-74.91042, -13.13429], [-74.91326, -13.16747], [-74.89445, -13.15928], [-74.87507, -13.16227], [-74.84005, -13.14375], [-74.80255, -13.16787], [-74.78116, -13.15704], [-74.76052, -13.16096], [-74.74695, -13.17677], [-74.72327, -13.17799], [-74.7157, -13.19602], [-74.73078, -13.2311], [-74.72048, -13.25819], [-74.72683, -13.2709], [-74.72306, -13.28817], [-74.68941, -13.28646], [-74.6635, -13.27148], [-74.64465, -13.27414], [-74.60069, -13.22739], [-74.59563, -13.21285], [-74.58595, -13.21076], [-74.57233, -13.18473], [-74.5578, -13.18556], [-74.54221, -13.2005], [-74.52561, -13.18959], [-74.51706, -13.19669], [-74.49417, -13.1866], [-74.45844, -13.19004], [-74.42043, -13.15954], [-74.39601, -13.16883], [-74.38872, -13.12966], [-74.41087, -13.1197], [-74.41127, -13.07939], [-74.38623, -13.02931], [-74.36804, -13.02117], [-74.34588, -13.02584], [-74.31145, -13.05887], [-74.2789, -13.0741], [-74.26986, -13.06515], [-74.27905, -13.00273], [-74.29749, -12.96794], [-74.29655, -12.93501], [-74.32767, -12.92839], [-74.31945, -12.88728]]]}}, {"type": "Feature", "properties": {"admin2_pcode": "PE0803", "admin2_name": "Anta", "admin1_name": "Cusco"}, "geometry": {"type": "Polygon", "coordinates": [[[-72.0006, -13.44404], [-72.01727, -13.43867], [-72.04172, -13.45268], [-72.05938, -13.45184], [-72.07265, -13.43639], [-72.10829, -13.42292], [-72.11767, -13.39649], [-72.13314, -13.38918], [-72.1702, -13.39233], [-72.20996, -13.36678], [-72.21286, -13.32972], [-72.26629, -13.33049], [-72.28242, -13.31314], [-72.30201, -13.3179], [-72.3135, -13.30767], [-72.33663, -13.31448], [-72.36247, -13.28477], [-72.3858, -13.30449], [-72.38126, -13.34244], [-72.37349, -13.34251], [-72.36914, -13.35831], [-72.38082, -13.36548], [-72.40484, -13.34634], [-72.44056, -13.34403], [-72.4518, -13.36283], [-72.53335, -13.3729], [-72.54089, -13.36742], [-72.53523, -13.34991], [-72.54668, -13.33261], [-72.55852, -13.33659], [-72.57866, -13.36158], [-72.59402, -13.36077], [-72.61438, -13.38362], [-72.62972, -13.37465], [-72.65253, -13.39659], [-72.68534, -13.40667], [-72.6938, -13.42095], [-72.72123, -13.40479], [-72.74593, -13.4156], [-72.77286, -13.44888], [-72.74847, -13.48112], [-72.71629, -13.49043], [-72.67207, -13.5221], [-72.65587, -13.5135], [-72.6408, -13.5396], [-72.62655, -13.53537], [-72.61343, -13.54605], [-72.60143, -13.5443], [-72.59339, -13.56217], [-72.57431, -13.56251], [-72.56048, -13.55181], [-72.54354, -13.55797], [-72.53616, -13.5721], [-72.52317, -13.5666], [-72.49484, -13.57935], [-72.48896, -13.59182], [-72.46588, -13.58783], [-72.45129, -13.59997], [-72.4218, -13.60587], [-72.39982, -13.64185], [-72.40248, -13.65909], [-72.36944, -13.66566], [-72.35464, -13.68163], [-72.315, -13.69832], [-72.31234, -13.70849], [-72.29775, -13.70366], [-72.29028, -13.69006], [-72.26137, -13.68219], [-72.25059, -13.69295], [-72.24438, -13.68769], [-72.24478, -13.69821], [-72.22867, -13.71406], [-72.16724, -13.64904], [-72.13221, -13.6393], [-72.13542, -13.62462], [-72.16458, -13.60628], [-72.16019, -13.54573], [-72.1468, -13.53681], [-72.10572, -13.55399], [-72.07824, -13.52838], [-72.06146, -13.52794], [-72.05142, -13.48984], [-72.03855, -13.47829], [-72.01817, -13.47484], [-72.0006, -13.44404]]]}}, {"type": "Feature", "properties": {"admin2_pcode": "PE0303", "admin2_name": "Antabamba", "admin1_name": "Apurimac"}, "geometry": {"type": "Polygon", "coordinates": [[[-73.01974, -14.11262], [-73.03208, -14.10732], [-73.03458, -14.11814], [-73.05187, -14.12459], [-73.05316, -14.136], [-73.07908, -14.14618], [-73.06852, -14.16237], [-73.07646, -14.20626], [-73.0566, -14.22325], [-73.04173, -14.25471], [-73.0522, -14.2682], [-73.06975, -14.27392], [-73.06979, -14.30935], [-73.08264, -14.32878], [-73.06733, -14.3417], [-73.04752, -14.34503], [-73.03806, -14.39018], [-73.02282, -14.39726], [-73.01317, -14.42191], [-72.9805, -14.44115], [-72.98728, -14.47247], [-72.99786, -14.48384], [-72.99117, -14.51962], [-72.99641, -14.5336], [-72.98434, -14.54338], [-72.99543, -14.5511], [-72.99014, -14.56402], [-72.99701, -14.58094], [-73.01427, -14.58539], [-73.0174, -14.63071], [-72.99849, -14.66247], [-72.97456, -14.65182], [-72.95531, -14.68268], [-72.93573, -14.69527], [-72.91781, -14.68526], [-72.91036, -14.69758], [-72.86688, -14.70831], [-72.84682, -14.75982], [-72.83355, -14.7369], [-72.82825, -14.70156], [-72.7897, -14.65021], [-72.77041, -14.66471], [-72.7412, -14.64452], [-72.72543, -14.64387], [-72.72442, -14.6767], [-72.69763, -14.67906], [-72.69064, -14.68866], [-72.64482, -14.66728], [-72.61102, -14.67613], [-72.59931, -14.69011], [-72.60216, -14.70279], [-72.59438, -14.71368], [-72.57877, -14.68787], [-72.56078, -14.67838], [-72.47177, -14.6614], [-72.4617, -14.60587], [-72.50301, -14.55184], [-72.4876, -14.52937], [-72.44444, -14.49703], [-72.44131, -14.48237], [-72.39495, -14.48301], [-72.36549, -14.46177], [-72.35763, -14.43596], [-72.36929, -14.42761], [-72.37093, -14.3687], [-72.35833, -14.33611], [-72.33859, -14.32634], [-72.34469, -14.30604], [-72.35721, -14.30287], [-72.36739, -14.28487], [-72.37711, -14.29917], [-72.38708, -14.29897], [-72.41851, -14.27858], [-72.44344, -14.22638], [-72.46106, -14.22223], [-72.47976, -14.20167], [-72.50771, -14.20715], [-72.51796, -14.22171], [-72.54607, -14.23095], [-72.56989, -14.25458], [-72.60079, -14.23851], [-72.61385, -14.2815], [-72.62617, -14.28279], [-72.62333, -14.3073], [-72.6365, -14.31953], [-72.6272, -14.34405], [-72.63622, -14.35623], [-72.66425, -14.3539], [-72.67308, -14.36203], [-72.68874, -14.34773], [-72.70969, -14.34222], [-72.69549, -14.3195], [-72.70888, -14.30748], [-72.70838, -14.2764], [-72.7304, -14.26047], [-72.75923, -14.26161], [-72.76854, -14.27777], [-72.79527, -14.29243], [-72.79928, -14.27032], [-72.81302, -14.26519], [-72.83148, -14.27908], [-72.86334, -14.27759], [-72.87287, -14.26897], [-72.86726, -14.25911], [-72.87299, -14.24977], [-72.902, -14.2241], [-72.88688, -14.20149], [-72.89235, -14.17039], [-72.90779, -14.16734], [-72.91368, -14.14729], [-72.92928, -14.13625], [-72.94361, -14.15131], [-72.97498, -14.13041], [-72.98029, -14.11834], [-73.00474, -14.12052], [-73.01974, -14.11262]]]}}, {"type": "Feature", "properties": {"admin2_pcode": "PE0203", "admin2_name": "Antonio Raymondi", "admin1_name": "Ancash"}, "geometry": {"type": "Polygon", "coordinates": [[[-76.94496, -9.07442], [-76.96645, -9.06041], [-76.98039, -9.0627], [-77.00279, -9.03262], [-77.03263, -9.01423], [-77.03571, -8.99996], [-77.10314, -8.97243], [-77.12279, -8.97805], [-77.11162, -9.00884], [-77.15239, -9.03372], [-77.14139, -9.0556], [-77.14102, -9.09134], [-77.16547, -9.10579], [-77.16835, -9.12206], [-77.15428, -9.14273], [-77.17387, -9.15996], [-77.15741, -9.17269], [-77.14221, -9.20242], [-77.08441, -9.18248], [-77.09377, -9.21138], [-77.08254, -9.23412], [-77.08643, -9.26441], [-77.02886, -9.30051], [-77.01232, -9.29878], [-76.95956, -9.20741], [-76.96119, -9.1535], [-76.94181, -9.12899], [-76.94496, -9.07442]]]}}, {"type": "Feature", "properties": {"admin2_pcode": "PE0401", "admin2_name": "Arequipa", "admin1_name": "Arequipa"}, "geometry": {"type": "Polygon", "coordinates": [[[-70.8202, -15.97847], [-70.84195, -15.971], [-70.8322, -15.9491], [-70.84534, -15.92193], [-70.86519, -15.92841], [-70.87798, -15.94798], [-70.90625, -15.94326], [-70.96135, -15.9696], [-71.0308, -15.9753], [-71.06768, -16.00417], [-71.08693, -15.99728], [-71.08709, -15.98091], [-71.11594, -15.98824], [-71.14353, -15.98322], [-71.15263, -16.00188], [-71.18778, -16.01198], [-71.20168, -16.0256], [-71.2688, -15.98163], [-71.27421, -15.95444], [-71.30859, -15.9549], [-71.32478, -15.93988], [-71.3371, -15.94173], [-71.37051, -15.92692], [-71.42506, -15.93149], [-71.44198, -15.92596], [-71.45137, -15.93512], [-71.46829, -15.92652], [-71.52917, -15.92996], [-71.53158, -15.94415], [-71.57759, -15.99086], [-71.62734, -15.97908], [-71.65061, -15.98841], [-71.66466, -15.95957], [-71.692, -15.9334], [-71.70434, -15.93371], [-71.71163, -15.94722], [-71.70756, -15.98453], [-71.72485, -15.9893], [-71.73796, -16.0162], [-71.75542, -16.03043], [-71.81516, -16.05082], [-71.81829, -16.06235], [-71.82697, -16.05875], [-71.84077, -16.08637], [-71.8641, -16.10322], [-71.86987, -16.13018], [-71.90692, -16.1582], [-71.96413, -16.13714], [-71.99465, -16.13827], [-72.05721, -16.20814], [-72.09132, -16.18932], [-72.07348, -16.20946], [-72.07475, -16.22206], [-72.13182, -16.31187], [-72.19951, -16.45872], [-72.19769, -16.49145], [-72.27409, -16.6008], [-72.28335, -16.6373], [-72.27382, -16.65661], [-72.25192, -16.66756], [-72.229, -16.66658], [-72.19565, -16.68682], [-72.19589, -16.7026], [-72.17305, -16.71165], [-72.14582, -16.74364], [-72.13216, -16.74409], [-72.1319, -16.76666], [-72.12126, -16.77944], [-72.09382, -16.7678], [-72.06763, -16.78456], [-72.04836, -16.77954], [-72.03834, -16.79224], [-71.9967, -16.79955], [-71.90997, -16.67504], [-71.87073, -16.71343], [-71.86951, -16.78598], [-71.75481, -16.70102], [-71.703, -16.69859], [-71.67094, -16.70569], [-71.64932, -16.69495], [-71.64056, -16.70587], [-71.62197, -16.68191], [-71.59369, -16.68658], [-71.57256, -16.69989], [-71.55465, -16.68428], [-71.54512, -16.68931], [-71.5306, -16.71324], [-71.52932, -16.73401], [-71.51539, -16.74063], [-71.5149, -16.75224], [-71.50062, -16.76662], [-71.45577, -16.75791], [-71.45168, -16.7327], [-71.43994, -16.73039], [-71.42593, -16.74138], [-71.36943, -16.71968], [-71.35329, -16.72495], [-71.34698, -16.74224], [-71.32717, -16.75245], [-71.28909, -16.72646], [-71.28581, -16.71635], [-71.29601, -16.70627], [-71.2839, -16.68224], [-71.27915, -16.61582], [-71.26041, -16.6052], [-71.26284, -16.58491], [-71.2491, -16.5641], [-71.2375, -16.51459], [-71.24934, -16.48236], [-71.2421, -16.46306], [-71.21914, -16.46057], [-71.19703, -16.47166], [-71.13952, -16.47497], [-71.12473, -16.46107], [-71.10846, -16.46571], [-71.08194, -16.45686], [-71.07265, -16.46576], [-71.0472, -16.4544], [-71.03726, -16.48569], [-71.01924, -16.48689], [-71.01257, -16.49858], [-70.99345, -16.49655], [-70.97952, -16.48057], [-70.95609, -16.47252], [-70.95323, -16.45995], [-70.97562, -16.41832], [-70.96383, -16.39974], [-70.9751, -16.39103], [-70.9694, -16.36961], [-70.98629, -16.30995], [-70.94361, -16.31441], [-70.93911, -16.29893], [-70.91579, -16.2824], [-70.90147, -16.2777], [-70.88081, -16.28454], [-70.84447, -16.23588], [-70.86696, -16.22458], [-70.85389, -16.19669], [-70.86024, -16.17557], [-70.87859, -16.16662], [-70.86783, -16.15387], [-70.86711, -16.12848], [-70.89571, -16.10628], [-70.87506, -16.09458], [-70.87811, -16.08144], [-70.86681, -16.08008], [-70.85674, -16.05634], [-70.80451, -16.05513], [-70.80736, -16.04083], [-70.82095, -16.02975], [-70.81656, -16.00276], [-70.82861, -15.99921], [-70.8202, -15.97847]]]}}, {"type": "Feature", "properties": {"admin2_pcode": "PE1302", "admin2_name": "Ascope", "admin1_name": "La Libertad"}, "geometry": {"type": "Polygon", "coordinates": [[[-78.94275, -7.62267], [-78.95992, -7.65874], [-78.9954, -7.65886], [-79.04123, -7.59989], [-79.0386, -7.56206], [-79.05985, -7.54668], [-79.05701, -7.5277], [-79.07155, -7.50535], [-79.06536, -7.4727], [-79.12276, -7.44164], [-79.15449, -7.43913], [-79.16177, -7.41838], [-79.18779, -7.39688], [-79.18734, -7.38872], [-79.20724, -7.40173], [-79.21177, -7.42207], [-79.24168, -7.45005], [-79.23906, -7.45842], [-79.25377, -7.46267], [-79.26783, -7.48972], [-79.26178, -7.50471], [-79.29606, -7.51295], [-79.29172, -7.54547], [-79.30037, -7.54976], [-79.31059, -7.57833], [-79.31877, -7.58373], [-79.3292, -7.57459], [-79.33602, -7.58228], [-79.35844, -7.55909], [-79.38559, -7.59765], [-79.45576, -7.63664], [-79.43486, -7.69077], [-79.46546, -7.71657], [-79.38957, -7.79121], [-79.37448, -7.84444], [-79.3111, -7.91239], [-79.30786, -7.92543], [-79.2108, -7.99882], [-79.17848, -7.97771], [-79.14997, -7.94382], [-79.12592, -7.93699], [-79.10589, -7.98198], [-79.03994, -7.98834], [-79.03681, -7.97051], [-79.01228, -7.9597], [-78.98509, -7.89349], [-78.95521, -7.90285], [-78.94387, -7.89217], [-78.90383, -7.88768], [-78.88845, -7.86712], [-78.88092, -7.83665], [-78.85584, -7.82528], [-78.83831, -7.80413], [-78.81677, -7.79672], [-78.82136, -7.7871], [-78.85913, -7.78886], [-78.86307, -7.77426], [-78.89011, -7.77181], [-78.88786, -7.75232], [-78.90073, -7.7262], [-78.91427, -7.71906], [-78.9077, -7.70919], [-78.91229, -7.68608], [-78.89951, -7.67829], [-78.89544, -7.64489], [-78.80377, -7.63411], [-78.79355, -7.60863], [-78.80763, -7.57345], [-78.82428, -7.57499], [-78.83335, -7.58749], [-78.85781, -7.59492], [-78.90776, -7.59807], [-78.94275, -7.62267]]]}}, {"type": "Feature", "properties": {"admin2_pcode": "PE0204", "admin2_name": "Asuncion", "admin1_name": "Ancash"}, "geometry": {"type": "Polygon", "coordinates": [[[-77.362, -9.06499], [-77.39033, -9.0568], [-77.43489, -9.05789], [-77.44874, -9.08671], [-77.49046, -9.10667], [-77.50305, -9.1275], [-77.51876, -9.1366], [-77.53352, -9.17281], [-77.53238, -9.1986], [-77.51653, -9.20578], [-77.51278, -9.25193], [-77.48094, -9.25498], [-77.47904, -9.27052], [-77.45096, -9.26399], [-77.43213, -9.27551], [-77.40898, -9.27313], [-77.38894, -9.28894], [-77.32568, -9.31005], [-77.31918, -9.32411], [-77.30898, -9.2833], [-77.29169, -9.28851], [-77.2753, -9.27827], [-77.27559, -9.24733], [-77.26267, -9.23825], [-77.26205, -9.20779], [-77.27765, -9.18154], [-77.29267, -9.1834], [-77.2927, -9.17461], [-77.31024, -9.16332], [-77.31928, -9.13724], [-77.36602, -9.11388], [-77.362, -9.06499]]]}}, {"type": "Feature", "properties": {"admin2_pcode": "PE2502", "admin2_name": "Atalaya", "admin1_name": "Ucayali"}, "geometry": {"type": "Polygon", "coordinates": [[[-72.1804, -9.99967], [-72.17717, -9.9855], [-72.15885, -9.97918], [-72.14999, -9.96634], [-72.16205, -9.95358], [-72.15583, -9.94223], [-72.17434, -9.93093], [-72.16533, -9.90896], [-72.15071, -9.90574], [-72.13594, -9.87487], [-72.1482, -9.87223], [-72.1543, -9.83526], [-72.16283, -9.8304], [-72.15136, -9.79742], [-72.18691, -9.77821], [-72.21487, -9.77882], [-72.24562, -9.75083], [-72.26296, -9.75086], [-72.24539, -9.65874], [-72.26031, -9.64176], [-72.25282, -9.61633], [-72.26843, -9.62076], [-72.28821, -9.60316], [-72.2829, -9.53995], [-72.30048, -9.53325], [-72.31859, -9.54379], [-72.34248, -9.52053], [-72.3405, -9.50692], [-72.35688, -9.4946], [-72.3864, -9.49235], [-72.40749, -9.47715], [-72.42647, -9.4857], [-72.44078, -9.47703], [-72.45462, -9.48977], [-72.50094, -9.48045], [-72.51953, -9.49128], [-72.54214, -9.46702], [-72.55702, -9.46586], [-72.56132, -9.47251], [-72.56783, -9.45995], [-72.57734, -9.46418], [-72.57678, -9.45587], [-72.61995, -9.45346], [-72.62782, -9.44236], [-72.64332, -9.4422], [-72.65502, -9.45205], [-72.68264, -9.43345], [-72.69515, -9.43936], [-72.69893, -9.42922], [-72.71158, -9.43], [-72.71629, -9.41224], [-73.20044, -9.4114], [-73.19123, -9.42663], [-73.20464, -9.44435], [-73.19362, -9.4629], [-73.20746, -9.48133], [-73.18963, -9.5268], [-73.20294, -9.54559], [-73.20015, -9.56845], [-73.21339, -9.57634], [-73.22496, -9.63237], [-73.21555, -9.65292], [-73.21926, -9.66337], [-73.23551, -9.65602], [-73.27282, -9.66426], [-73.26763, -9.67888], [-73.27658, -9.68421], [-73.243, -9.7304], [-73.24732, -9.74965], [-73.23864, -9.78743], [-73.21776, -9.82747], [-73.22785, -9.84781], [-73.20936, -9.85357], [-73.19848, -9.87023], [-73.16446, -9.86361], [-73.10068, -9.87669], [-73.09737, -9.88997], [-73.11404, -9.90284], [-73.11151, -9.92022], [-73.09412, -9.94851], [-73.06659, -9.9714], [-73.07993, -9.98839], [-73.09849, -9.98713], [-73.10302, -10.01072], [-73.15191, -10.03801], [-73.17947, -10.09385], [-73.19476, -10.07906], [-73.19703, -10.04765], [-73.18716, -10.01834], [-73.21874, -10.00017], [-73.22143, -9.9722], [-73.26795, -9.95227], [-73.30922, -9.89299], [-73.37038, -9.86162], [-73.37256, -9.8252], [-73.45935, -9.79561], [-73.46938, -9.75078], [-73.51781, -9.715], [-73.53627, -9.70962], [-73.56873, -9.65835], [-73.60919, -9.64441], [-73.6414, -9.59228], [-73.66531, -9.57197], [-73.66042, -9.54608], [-73.69049, -9.52775], [-73.74339, -9.54035], [-73.76475, -9.53088], [-73.81722, -9.52957], [-73.87554, -9.59656], [-73.95975, -9.61079], [-73.98578, -9.63518], [-74.04937, -9.65686], [-74.06946, -9.68661], [-74.06579, -9.70554], [-74.1038, -9.71234], [-74.14443, -9.70464], [-74.18599, -9.76535], [-74.21632, -9.77334], [-74.25342, -9.77173], [-74.28767, -9.79007], [-74.29546, -9.80649], [-74.31696, -9.80158], [-74.31991, -9.82729], [-74.33338, -9.83819], [-74.33831, -9.86586], [-74.37011, -9.84804], [-74.37591, -9.871], [-74.35922, -9.89291], [-74.36082, -9.90121], [-74.41233, -9.95396], [-74.42459, -9.98533], [-74.4124, -10.00824], [-74.41883, -10.02575], [-74.40432, -10.0506], [-74.3899, -10.05135], [-74.37039, -10.10974], [-74.35565, -10.11877], [-74.33127, -10.10855], [-74.31502, -10.11316], [-74.30287, -10.16484], [-74.24325, -10.17747], [-74.22752, -10.19394], [-74.23517, -10.21826], [-74.2264, -10.2305], [-74.22716, -10.27733], [-74.23437, -10.29544], [-74.25219, -10.30513], [-74.23691, -10.32161], [-74.26274, -10.36366], [-74.242, -10.38317], [-74.24424, -10.41045], [-74.25288, -10.41714], [-74.23929, -10.44119], [-74.22577, -10.44387], [-74.17872, -10.48865], [-74.18235, -10.50333], [-74.1341, -10.59911], [-74.1394, -10.6252], [-74.13126, -10.65666], [-74.13622, -10.67169], [-74.14045, -10.65677], [-74.15672, -10.6501], [-74.15986, -10.64059], [-74.19276, -10.63918], [-74.20368, -10.63014], [-74.22966, -10.6346], [-74.22758, -10.65184], [-74.25281, -10.65948], [-74.25892, -10.68043], [-74.28688, -10.67041], [-74.28757, -10.68431], [-74.31716, -10.7155], [-74.31644, -10.72593], [-74.33702, -10.73386], [-74.3503, -10.75473], [-74.35972, -10.75941], [-74.3839, -10.74748], [-74.38521, -10.76448], [-74.3744, -10.78857], [-74.38676, -10.81312], [-74.43106, -10.81296], [-74.4673, -10.83666], [-74.48268, -10.83539], [-74.49193, -10.84461], [-74.48454, -10.85587], [-74.48708, -10.88903], [-74.50671, -10.89952], [-74.548, -10.891], [-74.56923, -10.90404], [-74.56996, -10.91521], [-74.56236, -10.91368], [-74.50838, -10.9503], [-74.49647, -11.00024], [-74.45031, -11.00187], [-74.37317, -11.05662], [-74.34163, -11.05477], [-74.31645, -11.03671], [-74.28151, -11.03313], [-74.25644, -11.01822], [-74.20277, -11.02101], [-74.19087, -10.986], [-74.15565, -10.99876], [-74.13738, -10.98869], [-74.10291, -10.9864], [-74.06136, -10.99574], [-74.0072, -10.99131], [-73.97884, -11.06904], [-73.98372, -11.09244], [-73.97593, -11.1255], [-73.95455, -11.1504], [-73.91649, -11.1431], [-73.89061, -11.16965], [-73.86306, -11.16912], [-73.8527, -11.16426], [-73.86565, -11.09868], [-73.8622, -10.97877], [-73.85575, -10.95697], [-73.82366, -10.92158], [-73.82675, -10.91135], [-73.813, -10.88924], [-73.82077, -10.87901], [-73.81601, -10.85737], [-73.82216, -10.83607], [-73.81422, -10.7999], [-73.78694, -10.79414], [-73.77837, -10.77453], [-73.78199, -10.75062], [-73.74212, -10.73401], [-73.73174, -10.75382], [-73.66803, -10.79111], [-73.66657, -10.80264], [-73.6104, -10.84657], [-73.56055, -10.85995], [-73.56426, -10.93403], [-73.57258, -10.9545], [-73.55878, -10.97496], [-73.55301, -11.01405], [-73.54099, -11.0221], [-73.54258, -11.04742], [-73.4826, -11.06524], [-73.47108, -11.08849], [-73.46678, -11.11907], [-73.47519, -11.12836], [-73.44981, -11.23677], [-73.46323, -11.28441], [-73.45919, -11.30092], [-73.48413, -11.31853], [-73.48456, -11.35026], [-73.47953, -11.35397], [-73.46787, -11.34365], [-73.44976, -11.36808], [-73.41975, -11.38394], [-73.40805, -11.38598], [-73.38626, -11.37127], [-73.37866, -11.35074], [-73.35296, -11.33418], [-73.3417, -11.311], [-73.256, -11.31254], [-73.23713, -11.29951], [-73.21319, -11.29908], [-73.206, -11.2902], [-73.19373, -11.29316], [-73.18497, -11.2859], [-73.13166, -11.29393], [-73.08214, -11.27328], [-73.06504, -11.28435], [-73.02555, -11.26416], [-73.01572, -11.23137], [-72.97706, -11.21229], [-72.96618, -11.21732], [-72.97548, -11.22435], [-72.96794, -11.26623], [-72.95588, -11.26338], [-72.95627, -11.27287], [-72.94519, -11.27544], [-72.93563, -11.29082], [-72.95282, -11.29328], [-72.95556, -11.30462], [-72.93246, -11.30735], [-72.94045, -11.32269], [-72.94443, -11.30987], [-72.95951, -11.3142], [-72.95093, -11.32463], [-72.9649, -11.3295], [-72.96167, -11.33485], [-72.94952, -11.3305], [-72.94474, -11.33991], [-72.92435, -11.32741], [-72.92079, -11.33384], [-72.93284, -11.35038], [-72.92092, -11.35544], [-72.92637, -11.34825], [-72.91989, -11.34364], [-72.89468, -11.35826], [-72.89037, -11.34318], [-72.88723, -11.3565], [-72.87618, -11.35529], [-72.87706, -11.36431], [-72.85917, -11.35543], [-72.85286, -11.36528], [-72.84444, -11.36328], [-72.84441, -11.37335], [-72.83397, -11.3743], [-72.84246, -11.38684], [-72.82268, -11.38961], [-72.8162, -11.37508], [-72.79973, -11.38557], [-72.79704, -11.36443], [-72.78946, -11.3686], [-72.79498, -11.38456], [-72.76335, -11.37161], [-72.73824, -11.34743], [-72.72326, -11.35075], [-72.71768, -11.36211], [-72.71238, -11.34735], [-72.70974, -11.37881], [-72.69862, -11.38041], [-72.6923, -11.3957], [-72.66569, -11.38591], [-72.64557, -11.41277], [-72.63422, -11.40505], [-72.63189, -11.41567], [-72.61717, -11.41778], [-72.62433, -11.42561], [-72.60751, -11.42925], [-72.60869, -11.44014], [-72.60115, -11.41843], [-72.59104, -11.43209], [-72.59412, -11.44084], [-72.58082, -11.4308], [-72.58182, -11.43912], [-72.55367, -11.43208], [-72.54713, -11.44831], [-72.54885, -11.43689], [-72.53632, -11.4348], [-72.53369, -11.42484], [-72.5342, -11.43851], [-72.52531, -11.43924], [-72.52403, -11.43104], [-72.51598, -11.43072], [-72.51776, -11.41768], [-72.51184, -11.42503], [-72.50719, -11.42071], [-72.50982, -11.41151], [-72.50121, -11.40902], [-72.49895, -11.39502], [-72.49306, -11.40401], [-72.48221, -11.39812], [-72.48752, -11.39334], [-72.48112, -11.38756], [-72.47434, -11.39235], [-72.46936, -11.38526], [-72.46486, -11.39061], [-72.44903, -11.38577], [-72.44985, -11.37148], [-72.42513, -11.36849], [-72.42359, -11.35517], [-72.40338, -11.35711], [-72.39933, -11.34315], [-72.3965, -11.34976], [-72.39344, -11.3421], [-72.3871, -11.34766], [-72.38116, -11.33402], [-72.36102, -11.33386], [-72.33829, -11.31708], [-72.315, -11.32178], [-72.30771, -11.307], [-72.28375, -11.31689], [-72.28006, -11.33961], [-72.25319, -11.33008], [-72.24783, -11.34484], [-72.23926, -11.34506], [-72.20462, -11.34743], [-72.21888, -11.29686], [-72.19941, -11.26424], [-72.20518, -11.2399], [-72.19706, -11.22786], [-72.19941, -11.19781], [-72.18652, -11.18489], [-72.20678, -11.17229], [-72.19386, -11.15666], [-72.18794, -11.16373], [-72.18432, -11.15554], [-72.17648, -11.15911], [-72.167, -11.14222], [-72.13502, -11.13556], [-72.12025, -11.11811], [-72.12325, -11.10359], [-72.14815, -11.08778], [-72.17877, -11.09755], [-72.1833, -11.09259], [-72.18251, -11.0578], [-72.19306, -11.04968], [-72.17761, -11.04067], [-72.1746, -11.0277], [-72.18519, -11.00893], [-72.19418, -11.00449], [-72.21629, -11.01311], [-72.23998, -10.98353], [-72.26213, -10.97168], [-72.31263, -10.98351], [-72.33158, -10.96835], [-72.36081, -10.96181], [-72.39805, -10.93266], [-72.4008, -10.91595], [-72.41904, -10.90629], [-72.43721, -10.84259], [-72.47232, -10.81707], [-72.48439, -10.78775], [-72.48087, -10.76642], [-72.46679, -10.75053], [-72.46686, -10.71627], [-72.4458, -10.63832], [-72.4061, -10.64946], [-72.38794, -10.59466], [-72.39228, -10.5745], [-72.37884, -10.5477], [-72.3808, -10.53783], [-72.40942, -10.51628], [-72.46443, -10.509], [-72.42767, -10.48955], [-72.41966, -10.47363], [-72.42334, -10.44391], [-72.47717, -10.37869], [-72.47777, -10.36611], [-72.46514, -10.34953], [-72.47816, -10.33164], [-72.47238, -10.29978], [-72.44472, -10.25504], [-72.41889, -10.23344], [-72.36807, -10.21349], [-72.36446, -10.20046], [-72.33432, -10.17816], [-72.24255, -10.18881], [-72.22942, -10.16307], [-72.15651, -10.16502], [-72.14268, -10.13948], [-72.14657, -10.09846], [-72.14107, -10.09055], [-72.16289, -10.07609], [-72.18923, -10.02213], [-72.18978, -10.0067], [-72.1804, -9.99967]]]}}, {"type": "Feature", "properties": {"admin2_pcode": "PE2002", "admin2_name": "Ayabaca", "admin1_name": "Piura"}, "geometry": {"type": "Polygon", "coordinates": [[[-79.38914, -4.83428], [-79.43044, -4.74001], [-79.45595, -4.70422], [-79.46446, -4.65046], [-79.48825, -4.62599], [-79.49521, -4.5799], [-79.47802, -4.56785], [-79.48941, -4.52983], [-79.50624, -4.51821], [-79.54026, -4.52692], [-79.55253, -4.51396], [-79.56339, -4.51427], [-79.60165, -4.45628], [-79.62753, -4.43936], [-79.65546, -4.43416], [-79.70627, -4.47074], [-79.72592, -4.46985], [-79.79016, -4.49274], [-79.81302, -4.4911], [-79.853, -4.45131], [-79.85405, -4.43447], [-79.87064, -4.41331], [-79.91928, -4.38543], [-79.93867, -4.39671], [-79.96298, -4.39448], [-80.0345, -4.34875], [-80.06148, -4.31022], [-80.10424, -4.29096], [-80.10863, -4.29815], [-80.13496, -4.29628], [-80.13628, -4.28516], [-80.15541, -4.30434], [-80.16581, -4.3007], [-80.16479, -4.2899], [-80.17916, -4.29751], [-80.18686, -4.33511], [-80.20548, -4.33867], [-80.19637, -4.35057], [-80.20808, -4.35155], [-80.21135, -4.35925], [-80.21829, -4.35347], [-80.22048, -4.37812], [-80.23176, -4.37281], [-80.23469, -4.38701], [-80.24736, -4.39124], [-80.26205, -4.41043], [-80.27708, -4.4041], [-80.29555, -4.42397], [-80.28988, -4.43324], [-80.28376, -4.42577], [-80.27223, -4.43871], [-80.26408, -4.42921], [-80.24102, -4.44316], [-80.24138, -4.43563], [-80.2357, -4.43704], [-80.22713, -4.45417], [-80.21225, -4.46316], [-80.22506, -4.47602], [-80.21425, -4.48447], [-80.21262, -4.50602], [-80.22403, -4.51446], [-80.22337, -4.53227], [-80.20833, -4.54564], [-80.20159, -4.57385], [-80.22139, -4.59539], [-80.20123, -4.61041], [-80.18586, -4.60336], [-80.15342, -4.60419], [-80.12608, -4.66988], [-80.11305, -4.67757], [-80.1013, -4.66359], [-80.03768, -4.65524], [-80.00831, -4.67865], [-80.02577, -4.71939], [-80.04969, -4.73074], [-80.07984, -4.73257], [-80.0961, -4.74707], [-80.0768, -4.77885], [-80.08506, -4.79428], [-80.11476, -4.80497], [-80.10278, -4.82184], [-80.10397, -4.83532], [-80.09343, -4.84295], [-80.09613, -4.86266], [-80.12195, -4.89152], [-80.11054, -4.91236], [-80.10245, -4.92904], [-80.07852, -4.94154], [-80.09029, -4.96944], [-80.0834, -5.00365], [-80.0496, -5.01423], [-80.0388, -5.02636], [-80.00082, -5.01572], [-79.95664, -5.03661], [-79.92528, -5.01938], [-79.91342, -5.02159], [-79.9005, -5.00903], [-79.8995, -4.99363], [-79.86398, -4.9756], [-79.86425, -4.96509], [-79.85281, -4.9536], [-79.84956, -4.97237], [-79.83844, -4.97559], [-79.83091, -4.99429], [-79.80637, -4.99789], [-79.78848, -4.99082], [-79.75463, -5.02484], [-79.73152, -5.01779], [-79.72528, -5.0568], [-79.67481, -5.09559], [-79.64883, -5.09059], [-79.65044, -5.1031], [-79.64221, -5.10722], [-79.60004, -5.08438], [-79.59525, -5.05665], [-79.57922, -5.06051], [-79.57561, -5.07246], [-79.51819, -5.08476], [-79.49686, -5.10819], [-79.48782, -5.11079], [-79.49648, -5.09745], [-79.47461, -5.0536], [-79.4821, -5.02475], [-79.46518, -4.98927], [-79.46687, -4.97359], [-79.4514, -4.95474], [-79.45129, -4.92756], [-79.42444, -4.92237], [-79.39736, -4.89012], [-79.38914, -4.83428]]]}}, {"type": "Feature", "properties": {"admin2_pcode": "PE0304", "admin2_name": "Aymaraes", "admin1_name": "Apurimac"}, "geometry": {"type": "Polygon", "coordinates": [[[-73.01974, -14.11262], [-73.01664, -14.09589], [-73.0266, -14.08783], [-73.02894, -14.06794], [-73.02177, -14.02271], [-73.0293, -14.01178], [-73.02449, -13.99204], [-73.03583, -13.97136], [-73.03689, -13.90623], [-73.05553, -13.89634], [-73.07374, -13.89699], [-73.14327, -13.8223], [-73.1719, -13.80364], [-73.1824, -13.80012], [-73.19583, -13.80787], [-73.19569, -13.81695], [-73.22103, -13.82809], [-73.24501, -13.81506], [-73.27991, -13.86772], [-73.28444, -13.89315], [-73.33185, -13.90658], [-73.35454, -13.92656], [-73.34509, -13.93989], [-73.35952, -13.96469], [-73.35428, -13.99098], [-73.37844, -14.03068], [-73.37068, -14.06488], [-73.38144, -14.0962], [-73.4108, -14.10918], [-73.39654, -14.15943], [-73.41118, -14.16606], [-73.41548, -14.17915], [-73.39492, -14.18904], [-73.39592, -14.21116], [-73.37992, -14.23179], [-73.36997, -14.31899], [-73.42125, -14.34597], [-73.42715, -14.3763], [-73.45313, -14.40255], [-73.44952, -14.42139], [-73.4602, -14.44034], [-73.47299, -14.44652], [-73.47201, -14.47535], [-73.49024, -14.49105], [-73.49183, -14.52254], [-73.48547, -14.53376], [-73.50701, -14.54431], [-73.51228, -14.56586], [-73.53359, -14.58408], [-73.51006, -14.6501], [-73.52308, -14.67305], [-73.5711, -14.68727], [-73.57714, -14.71443], [-73.5629, -14.73934], [-73.56528, -14.77583], [-73.54957, -14.80143], [-73.52857, -14.80135], [-73.5145, -14.82553], [-73.48456, -14.8427], [-73.46448, -14.83983], [-73.45382, -14.80491], [-73.43992, -14.78695], [-73.40681, -14.76892], [-73.3904, -14.71606], [-73.36437, -14.68165], [-73.35081, -14.70403], [-73.32833, -14.71736], [-73.30857, -14.71651], [-73.28424, -14.7341], [-73.26362, -14.70979], [-73.22853, -14.71001], [-73.21827, -14.70161], [-73.19041, -14.70577], [-73.17843, -14.68568], [-73.15324, -14.67435], [-73.10986, -14.6923], [-73.10464, -14.68299], [-73.11005, -14.66992], [-73.09806, -14.65077], [-73.06312, -14.6658], [-73.04218, -14.65599], [-73.04265, -14.62308], [-73.0174, -14.63071], [-73.01427, -14.58539], [-72.99701, -14.58094], [-72.99014, -14.56402], [-72.99543, -14.5511], [-72.98434, -14.54338], [-72.99641, -14.5336], [-72.99117, -14.51962], [-72.99786, -14.48384], [-72.98728, -14.47247], [-72.9805, -14.44115], [-73.01317, -14.42191], [-73.02282, -14.39726], [-73.03806, -14.39018], [-73.04752, -14.34503], [-73.06733, -14.3417], [-73.08264, -14.32878], [-73.06979, -14.30935], [-73.06975, -14.27392], [-73.0522, -14.2682], [-73.04173, -14.25471], [-73.0566, -14.22325], [-73.07646, -14.20626], [-73.06852, -14.16237], [-73.07908, -14.14618], [-73.05316, -14.136], [-73.05187, -14.12459], [-73.03458, -14.11814], [-73.03208, -14.10732], [-73.01974, -14.11262]]]}}, {"type": "Feature", "properties": {"admin2_pcode": "PE2102", "admin2_name": "Azangaro", "admin1_name": "Puno"}, "geometry": {"type": "Polygon", "coordinates": [[[-69.88988, -14.43427], [-69.90834, -14.41028], [-69.93981, -14.39868], [-69.97278, -14.36831], [-70.05294, -14.37025], [-70.11864, -14.35157], [-70.13642, -14.3552], [-70.14451, -14.33724], [-70.15877, -14.33302], [-70.15811, -14.32413], [-70.18328, -14.31932], [-70.17969, -14.29284], [-70.20937, -14.26842], [-70.22189, -14.27969], [-70.23005, -14.30873], [-70.25129, -14.30545], [-70.2578, -14.28739], [-70.26824, -14.28297], [-70.28114, -14.3294], [-70.30434, -14.34564], [-70.31473, -14.34024], [-70.32782, -14.35283], [-70.31521, -14.38002], [-70.33401, -14.45264], [-70.32955, -14.46808], [-70.3528, -14.50767], [-70.35256, -14.5304], [-70.3692, -14.54105], [-70.34538, -14.5658], [-70.34257, -14.5793], [-70.36545, -14.59738], [-70.40404, -14.5623], [-70.43077, -14.5791], [-70.41237, -14.60098], [-70.41724, -14.61491], [-70.38775, -14.63671], [-70.38181, -14.6664], [-70.40024, -14.71667], [-70.41714, -14.73125], [-70.42682, -14.77021], [-70.44554, -14.78799], [-70.45423, -14.82492], [-70.44225, -14.83281], [-70.43642, -14.8579], [-70.46104, -14.89112], [-70.46552, -14.92815], [-70.44243, -14.95354], [-70.43088, -14.95168], [-70.41878, -14.96614], [-70.40496, -14.958], [-70.39733, -14.97446], [-70.38647, -14.97196], [-70.39084, -14.98116], [-70.3763, -14.98217], [-70.381, -14.99183], [-70.37083, -14.99387], [-70.38356, -14.99972], [-70.3618, -14.99778], [-70.36258, -15.01934], [-70.34514, -15.03165], [-70.36399, -15.03563], [-70.35372, -15.04057], [-70.36047, -15.04968], [-70.34462, -15.0727], [-70.36016, -15.11444], [-70.34706, -15.11917], [-70.35919, -15.12342], [-70.34719, -15.13663], [-70.3609, -15.14037], [-70.34955, -15.14971], [-70.35627, -15.16366], [-70.27348, -15.1656], [-70.22969, -15.20127], [-70.22739, -15.25197], [-70.20903, -15.25192], [-70.2044, -15.29896], [-70.17377, -15.30298], [-70.16049, -15.29261], [-70.15457, -15.29773], [-70.14809, -15.31263], [-70.16279, -15.32453], [-70.15924, -15.35484], [-70.13203, -15.33382], [-70.12355, -15.33726], [-70.10714, -15.34526], [-70.09471, -15.38368], [-70.06437, -15.35295], [-70.05101, -15.35427], [-70.02545, -15.39837], [-70.00612, -15.40283], [-69.97586, -15.38722], [-69.98876, -15.346], [-70.006, -15.32709], [-70.0061, -15.29159], [-69.99543, -15.27407], [-69.94086, -15.23825], [-69.9302, -15.24272], [-69.92395, -15.23347], [-69.89887, -15.23083], [-69.89588, -15.21185], [-69.88007, -15.19797], [-69.89935, -15.17494], [-69.89663, -15.14675], [-69.87661, -15.10876], [-69.88431, -15.10263], [-69.89988, -15.11042], [-69.90992, -15.09463], [-69.91728, -15.09792], [-69.92193, -15.05939], [-69.94733, -15.05505], [-69.9669, -15.02965], [-69.95822, -14.96438], [-69.97611, -14.94401], [-69.96592, -14.92545], [-69.98858, -14.8731], [-69.97014, -14.86076], [-69.96949, -14.85205], [-69.93819, -14.84285], [-69.91162, -14.86529], [-69.89767, -14.85179], [-69.90075, -14.82728], [-69.84957, -14.79008], [-69.85827, -14.77763], [-69.85416, -14.76079], [-69.83618, -14.73838], [-69.85866, -14.68628], [-69.84859, -14.6558], [-69.85702, -14.64705], [-69.85498, -14.61223], [-69.8651, -14.58534], [-69.87744, -14.60247], [-69.89709, -14.56701], [-69.91395, -14.57966], [-69.93358, -14.56865], [-69.98758, -14.58367], [-70.01183, -14.55892], [-69.98615, -14.52376], [-69.95417, -14.50408], [-69.94984, -14.49155], [-69.89494, -14.4783], [-69.88988, -14.43427]]]}}, {"type": "Feature", "properties": {"admin2_pcode": "PE0102", "admin2_name": "Bagua", "admin1_name": "Amazonas"}, "geometry": {"type": "Polygon", "coordinates": [[[-78.10615, -5.342], [-78.09676, -5.34128], [-78.07451, -5.28672], [-78.06761, -5.26527], [-78.07583, -5.2514], [-78.0569, -5.20859], [-78.07549, -5.17472], [-78.09725, -5.16901], [-78.09638, -5.1419], [-78.10557, -5.14553], [-78.1424, -5.11886], [-78.15801, -5.11636], [-78.15403, -5.09653], [-78.14383, -5.09557], [-78.13805, -5.08398], [-78.16771, -5.08091], [-78.19603, -5.03143], [-78.17918, -4.99557], [-78.14572, -4.99075], [-78.14587, -4.96816], [-78.16517, -4.9369], [-78.12778, -4.88329], [-78.12812, -4.84855], [-78.11931, -4.8421], [-78.14286, -4.80147], [-78.13638, -4.79353], [-78.13943, -4.77996], [-78.15414, -4.7627], [-78.14524, -4.7581], [-78.11973, -4.69771], [-78.13316, -4.66488], [-78.1397, -4.66671], [-78.14186, -4.65792], [-78.15366, -4.66213], [-78.14729, -4.64319], [-78.16025, -4.63437], [-78.17018, -4.63703], [-78.18642, -4.6561], [-78.22268, -4.66152], [-78.26242, -4.72104], [-78.26892, -4.70387], [-78.262, -4.68124], [-78.27298, -4.6612], [-78.28509, -4.67309], [-78.30025, -4.67524], [-78.31887, -4.66766], [-78.32999, -4.67965], [-78.34053, -4.67725], [-78.36126, -4.6477], [-78.41397, -4.65964], [-78.4411, -4.64706], [-78.46583, -4.64849], [-78.47123, -4.62967], [-78.52243, -4.58575], [-78.55429, -4.57908], [-78.57932, -4.60277], [-78.5888, -4.56107], [-78.58133, -4.53401], [-78.60077, -4.5071], [-78.61909, -4.51001], [-78.62542, -4.50051], [-78.63575, -4.50088], [-78.66205, -4.53358], [-78.65657, -4.56209], [-78.66286, -4.57009], [-78.65582, -4.58488], [-78.68055, -4.59503], [-78.70596, -4.62387], [-78.66503, -4.65583], [-78.65172, -4.64618], [-78.63787, -4.65642], [-78.64363, -4.68216], [-78.63171, -4.69843], [-78.64, -4.70523], [-78.64503, -4.73483], [-78.62827, -4.73968], [-78.63113, -4.75731], [-78.6207, -4.76793], [-78.64194, -4.80235], [-78.63188, -4.83645], [-78.6438, -4.85815], [-78.6451, -4.90747], [-78.67833, -4.96838], [-78.66622, -4.9795], [-78.65143, -4.97857], [-78.64053, -5.03424], [-78.65771, -5.06742], [-78.68062, -5.07248], [-78.68341, -5.08703], [-78.70062, -5.10408], [-78.70911, -5.17963], [-78.69399, -5.23188], [-78.68409, -5.23903], [-78.68424, -5.26749], [-78.65443, -5.2743], [-78.64157, -5.30375], [-78.60966, -5.30751], [-78.58981, -5.32494], [-78.53987, -5.36569], [-78.51858, -5.39848], [-78.52277, -5.41687], [-78.51221, -5.43125], [-78.51311, -5.45224], [-78.54214, -5.47039], [-78.54308, -5.48177], [-78.55825, -5.49636], [-78.55011, -5.51872], [-78.55475, -5.53807], [-78.55329, -5.54776], [-78.56354, -5.55513], [-78.55299, -5.56434], [-78.56554, -5.57114], [-78.55989, -5.57387], [-78.56522, -5.5883], [-78.55698, -5.58932], [-78.56684, -5.59433], [-78.56177, -5.60445], [-78.54187, -5.61077], [-78.56369, -5.62713], [-78.55633, -5.63799], [-78.56025, -5.64658], [-78.55061, -5.65196], [-78.54633, -5.64557], [-78.52608, -5.64791], [-78.50558, -5.68008], [-78.49785, -5.68067], [-78.50331, -5.69156], [-78.45946, -5.71584], [-78.4507, -5.73306], [-78.40516, -5.68974], [-78.40233, -5.67196], [-78.36813, -5.62679], [-78.31484, -5.61594], [-78.3234, -5.54993], [-78.33637, -5.53789], [-78.3246, -5.53317], [-78.30316, -5.50083], [-78.31183, -5.48599], [-78.27425, -5.47058], [-78.23887, -5.47039], [-78.22273, -5.43525], [-78.19358, -5.41865], [-78.16341, -5.38683], [-78.14772, -5.35926], [-78.14668, -5.34024], [-78.12125, -5.32892], [-78.10615, -5.342]]]}}, {"type": "Feature", "properties": {"admin2_pcode": "PE1502", "admin2_name": "Barranca", "admin1_name": "Lima"}, "geometry": {"type": "Polygon", "coordinates": [[[-77.69875, -10.3221], [-77.75237, -10.32181], [-77.75636, -10.32812], [-77.74987, -10.4068], [-77.76002, -10.43008], [-77.76786, -10.42879], [-77.7646, -10.43948], [-77.78757, -10.4571], [-77.79884, -10.47734], [-77.77067, -10.51567], [-77.77138, -10.57161], [-77.785, -10.57204], [-77.79968, -10.58532], [-77.83969, -10.56792], [-77.88659, -10.61206], [-77.80869, -10.70257], [-77.80403, -10.72595], [-77.76242, -10.76282], [-77.76495, -10.77181], [-77.74404, -10.79454], [-77.75458, -10.80372], [-77.75083, -10.81881], [-77.70596, -10.85358], [-77.70152, -10.88612], [-77.65761, -10.86523], [-77.63869, -10.87286], [-77.59591, -10.86006], [-77.58592, -10.87313], [-77.56139, -10.8784], [-77.54867, -10.89048], [-77.52571, -10.93198], [-77.44429, -10.9161], [-77.46222, -10.87007], [-77.45815, -10.80996], [-77.43878, -10.80298], [-77.42504, -10.76783], [-77.40249, -10.76798], [-77.38674, -10.75274], [-77.38364, -10.73728], [-77.36546, -10.71596], [-77.38566, -10.70779], [-77.41543, -10.72998], [-77.43614, -10.72364], [-77.48587, -10.74508], [-77.52395, -10.73498], [-77.59119, -10.78645], [-77.57844, -10.72272], [-77.56314, -10.70943], [-77.57454, -10.69431], [-77.57535, -10.65887], [-77.59058, -10.64556], [-77.57412, -10.61466], [-77.57425, -10.58841], [-77.58462, -10.58383], [-77.60494, -10.59013], [-77.61931, -10.60229], [-77.61951, -10.61425], [-77.63816, -10.6029], [-77.64534, -10.58286], [-77.63821, -10.56303], [-77.61458, -10.54639], [-77.61633, -10.52467], [-77.60092, -10.51877], [-77.60132, -10.5093], [-77.62474, -10.50203], [-77.66924, -10.54057], [-77.694, -10.5395], [-77.70882, -10.54806], [-77.71008, -10.56017], [-77.72756, -10.55271], [-77.73574, -10.56848], [-77.74479, -10.56078], [-77.74314, -10.52897], [-77.72064, -10.50303], [-77.71059, -10.50385], [-77.71241, -10.49165], [-77.68818, -10.45377], [-77.68674, -10.43402], [-77.66578, -10.42712], [-77.6453, -10.40866], [-77.63456, -10.41227], [-77.59937, -10.38333], [-77.59881, -10.36313], [-77.62028, -10.32709], [-77.63166, -10.32221], [-77.65125, -10.34461], [-77.69875, -10.3221]]]}}, {"type": "Feature", "properties": {"admin2_pcode": "PE2202", "admin2_name": "Bellavista", "admin1_name": "San Martin"}, "geometry": {"type": "Polygon", "coordinates": [[[-76.14353, -7.20396], [-76.15937, -7.19567], [-76.15727, -7.14523], [-76.16367, -7.12694], [-76.15776, -7.10275], [-76.16984, -7.08158], [-76.2253, -7.07056], [-76.23716, -7.07451], [-76.25727, -7.06134], [-76.27413, -7.0662], [-76.29604, -7.05728], [-76.3136, -7.06087], [-76.36931, -7.01701], [-76.41586, -7.02087], [-76.41907, -7.00142], [-76.42434, -7.01345], [-76.45015, -7.00587], [-76.45462, -7.01391], [-76.46562, -7.00886], [-76.46496, -6.99218], [-76.47091, -6.99874], [-76.4779, -6.98675], [-76.48161, -6.99547], [-76.4868, -6.98713], [-76.49863, -6.99254], [-76.50566, -6.96826], [-76.52384, -6.97583], [-76.51972, -6.96213], [-76.52843, -6.96154], [-76.52714, -6.9503], [-76.54553, -6.94677], [-76.53887, -6.94006], [-76.54938, -6.92824], [-76.53814, -6.91342], [-76.51413, -6.90561], [-76.50845, -6.88917], [-76.47284, -6.85867], [-76.47419, -6.82663], [-76.46306, -6.82109], [-76.50008, -6.79246], [-76.50434, -6.75362], [-76.52387, -6.72538], [-76.53455, -6.74879], [-76.59506, -6.79415], [-76.62135, -6.77593], [-76.68402, -6.80998], [-76.69776, -6.79921], [-76.73447, -6.80269], [-76.70917, -6.87526], [-76.63392, -6.98627], [-76.64139, -7.0035], [-76.65345, -7.00897], [-76.6321, -7.04227], [-76.63729, -7.04771], [-76.63003, -7.06129], [-76.63265, -7.09897], [-76.64807, -7.10262], [-76.6704, -7.12725], [-76.63339, -7.14917], [-76.63547, -7.16046], [-76.61412, -7.20786], [-76.62418, -7.23179], [-76.5838, -7.25842], [-76.55779, -7.30624], [-76.57136, -7.33007], [-76.5649, -7.36412], [-76.57465, -7.38526], [-76.56474, -7.3962], [-76.5688, -7.41542], [-76.55781, -7.44246], [-76.56463, -7.46221], [-76.55136, -7.50391], [-76.55711, -7.54856], [-76.57424, -7.55771], [-76.5715, -7.58052], [-76.57978, -7.60921], [-76.56804, -7.62328], [-76.5657, -7.65811], [-76.57731, -7.67885], [-76.59772, -7.68929], [-76.63042, -7.74912], [-76.61598, -7.77804], [-76.63637, -7.82998], [-76.63633, -7.85539], [-76.61497, -7.8519], [-76.60594, -7.87083], [-76.62828, -7.92824], [-76.62781, -7.9445], [-76.61435, -7.95895], [-76.61466, -7.9854], [-76.60717, -7.98453], [-76.59307, -8.0024], [-76.55542, -7.99547], [-76.52005, -8.03136], [-76.45585, -8.05551], [-76.44881, -8.07353], [-76.43046, -8.07815], [-76.37658, -8.12916], [-76.37644, -8.14498], [-76.36605, -8.14739], [-76.35344, -8.137], [-76.33501, -8.14869], [-76.32828, -8.15809], [-76.33622, -8.17549], [-76.33321, -8.20369], [-76.30374, -8.20684], [-76.29752, -8.21813], [-76.26047, -8.20826], [-76.25384, -8.21485], [-76.23164, -8.21399], [-76.22738, -8.23867], [-76.20263, -8.26462], [-76.19669, -8.2957], [-76.16583, -8.31123], [-76.15143, -8.35757], [-76.13276, -8.37727], [-76.1291, -8.36071], [-76.10881, -8.33583], [-76.08702, -8.32814], [-76.07362, -8.33379], [-76.05519, -8.32962], [-76.04234, -8.34152], [-76.00604, -8.30472], [-75.99635, -8.30563], [-75.99412, -8.31923], [-75.98496, -8.32215], [-75.93489, -8.31155], [-75.91435, -8.28283], [-75.91858, -8.26407], [-75.91289, -8.2561], [-75.92616, -8.20717], [-75.94116, -8.18618], [-75.93403, -8.13443], [-75.94064, -8.11046], [-75.9518, -8.1013], [-75.92936, -8.0893], [-75.92099, -8.07312], [-75.88731, -8.07488], [-75.84493, -8.05964], [-75.82949, -7.9735], [-75.85879, -7.92113], [-75.89521, -7.93393], [-75.92784, -7.95726], [-75.93946, -7.94612], [-75.96698, -7.96036], [-75.99285, -7.95428], [-75.98586, -7.91714], [-75.9756, -7.90962], [-75.97952, -7.90076], [-76.00604, -7.89059], [-76.00849, -7.85604], [-76.0373, -7.81693], [-76.0438, -7.79234], [-76.06055, -7.78781], [-76.06707, -7.76929], [-76.08444, -7.76256], [-76.08667, -7.72923], [-76.10159, -7.72266], [-76.10133, -7.65046], [-76.08237, -7.63189], [-76.08286, -7.61965], [-76.09387, -7.60973], [-76.0849, -7.60512], [-76.07972, -7.58434], [-76.08725, -7.58075], [-76.09137, -7.56036], [-76.11567, -7.5625], [-76.12191, -7.52599], [-76.16728, -7.49302], [-76.21494, -7.4023], [-76.19592, -7.3344], [-76.21311, -7.31014], [-76.16666, -7.2676], [-76.15928, -7.23057], [-76.14571, -7.21793], [-76.14353, -7.20396]]]}}, {"type": "Feature", "properties": {"admin2_pcode": "PE1303", "admin2_name": "Bolivar", "admin1_name": "La Libertad"}, "geometry": {"type": "Polygon", "coordinates": [[[-77.53095, -7.65448], [-77.5386, -7.6489], [-77.5227, -7.63341], [-77.52839, -7.61595], [-77.49525, -7.61413], [-77.48576, -7.60399], [-77.49694, -7.58274], [-77.54007, -7.57741], [-77.52247, -7.50686], [-77.53908, -7.50739], [-77.55966, -7.46419], [-77.59187, -7.44351], [-77.59897, -7.44851], [-77.61365, -7.41995], [-77.63092, -7.41387], [-77.62168, -7.39699], [-77.63921, -7.3437], [-77.62842, -7.32081], [-77.64692, -7.27005], [-77.6372, -7.25351], [-77.64513, -7.25345], [-77.64735, -7.24151], [-77.63814, -7.2434], [-77.63381, -7.2331], [-77.60553, -7.21916], [-77.62105, -7.19163], [-77.6155, -7.178], [-77.63427, -7.16941], [-77.64243, -7.14976], [-77.71338, -7.10789], [-77.71805, -7.08755], [-77.70701, -7.06852], [-77.72383, -7.0596], [-77.73998, -7.03542], [-77.74719, -6.98606], [-77.75893, -6.96451], [-77.7793, -6.94145], [-77.80193, -6.96614], [-77.83435, -6.95721], [-77.84219, -6.97688], [-77.88034, -6.9625], [-77.89867, -6.98012], [-77.92865, -6.98676], [-77.93982, -6.97614], [-77.96186, -6.97664], [-77.98358, -6.96309], [-77.99951, -6.97053], [-77.98849, -6.97588], [-78.00017, -6.98959], [-77.98489, -7.00125], [-77.9872, -7.0126], [-77.97112, -7.02589], [-77.96592, -7.05077], [-77.95115, -7.06461], [-77.92974, -7.10555], [-77.92561, -7.15457], [-77.89787, -7.16681], [-77.89778, -7.18249], [-77.88107, -7.19462], [-77.88201, -7.22055], [-77.84924, -7.23557], [-77.85943, -7.25402], [-77.85681, -7.28262], [-77.84149, -7.28877], [-77.83283, -7.30455], [-77.83837, -7.34112], [-77.8296, -7.34764], [-77.8208, -7.36865], [-77.825, -7.37866], [-77.77163, -7.41881], [-77.76801, -7.44015], [-77.75542, -7.44105], [-77.74137, -7.46669], [-77.74598, -7.47916], [-77.74338, -7.50767], [-77.6982, -7.56455], [-77.70093, -7.59354], [-77.63298, -7.61452], [-77.60607, -7.64704], [-77.55918, -7.67356], [-77.53548, -7.66606], [-77.53095, -7.65448]]]}}, {"type": "Feature", "properties": {"admin2_pcode": "PE0205", "admin2_name": "Bolognesi", "admin1_name": "Ancash"}, "geometry": {"type": "Polygon", "coordinates": [[[-76.82405, -10.011], [-76.82562, -9.98929], [-76.81376, -9.96015], [-76.84186, -9.93062], [-76.84199, -9.91089], [-76.89776, -9.80929], [-76.90158, -9.7697], [-76.93425, -9.72947], [-76.94539, -9.70257], [-76.97184, -9.71181], [-76.98104, -9.72457], [-76.97383, -9.76024], [-77.02384, -9.70433], [-77.0357, -9.71885], [-77.02547, -9.72864], [-77.0278, -9.76412], [-77.04946, -9.78287], [-77.04771, -9.79518], [-77.09898, -9.80621], [-77.09488, -9.84082], [-77.1159, -9.83316], [-77.12517, -9.83962], [-77.1588, -9.82716], [-77.18713, -9.83621], [-77.17341, -9.91198], [-77.18905, -9.92949], [-77.21903, -9.9195], [-77.21606, -9.94297], [-77.22344, -9.95199], [-77.2056, -9.96703], [-77.219, -10.01423], [-77.21412, -10.02373], [-77.22436, -10.03789], [-77.20793, -10.06154], [-77.21624, -10.0868], [-77.20156, -10.09217], [-77.20878, -10.13248], [-77.24949, -10.13651], [-77.28045, -10.16031], [-77.32053, -10.12704], [-77.34234, -10.13084], [-77.33518, -10.14423], [-77.34581, -10.16053], [-77.40065, -10.13215], [-77.45867, -10.15616], [-77.51681, -10.1479], [-77.53211, -10.17203], [-77.5539, -10.18641], [-77.56123, -10.23101], [-77.57532, -10.24986], [-77.59251, -10.23675], [-77.60803, -10.24051], [-77.63432, -10.22423], [-77.66709, -10.21643], [-77.6744, -10.20671], [-77.67752, -10.23423], [-77.69643, -10.25685], [-77.69875, -10.3221], [-77.65125, -10.34461], [-77.63166, -10.32221], [-77.62028, -10.32709], [-77.59881, -10.36313], [-77.59937, -10.38333], [-77.52272, -10.3872], [-77.51633, -10.36353], [-77.50295, -10.35749], [-77.50018, -10.34779], [-77.48148, -10.34623], [-77.4782, -10.30719], [-77.46629, -10.29561], [-77.46252, -10.27566], [-77.41104, -10.27787], [-77.39915, -10.27205], [-77.3595, -10.29203], [-77.32712, -10.25622], [-77.30114, -10.28477], [-77.29074, -10.26871], [-77.2588, -10.25301], [-77.24376, -10.26717], [-77.23597, -10.29803], [-77.24122, -10.30502], [-77.22886, -10.33104], [-77.21713, -10.34042], [-77.19945, -10.33678], [-77.15821, -10.36192], [-77.17438, -10.405], [-77.17219, -10.44401], [-77.18932, -10.45793], [-77.17604, -10.4831], [-77.17462, -10.4646], [-77.15002, -10.45109], [-77.13824, -10.42647], [-77.11213, -10.40484], [-77.11088, -10.39209], [-77.0902, -10.37263], [-77.07161, -10.3381], [-77.0474, -10.33878], [-77.01362, -10.31559], [-77.0055, -10.28328], [-76.96545, -10.30538], [-76.93601, -10.27851], [-76.90625, -10.27419], [-76.90484, -10.2377], [-76.9161, -10.22459], [-76.90854, -10.17678], [-76.9157, -10.12043], [-76.90194, -10.11334], [-76.87989, -10.11655], [-76.87134, -10.0943], [-76.85358, -10.10178], [-76.84324, -10.08679], [-76.80719, -10.08448], [-76.81496, -10.02343], [-76.82405, -10.011]]]}}, {"type": "Feature", "properties": {"admin2_pcode": "PE0103", "admin2_name": "Bongara", "admin1_name": "Amazonas"}, "geometry": {"type": "Polygon", "coordinates": [[[-77.69596, -5.41105], [-77.70301, -5.38211], [-77.68239, -5.34011], [-77.68415, -5.29588], [-77.69909, -5.25398], [-77.73971, -5.21186], [-77.70824, -5.19091], [-77.69528, -5.16474], [-77.72, -5.14062], [-77.74529, -5.13302], [-77.95552, -5.39972], [-77.95508, -5.41741], [-77.94057, -5.42528], [-77.93084, -5.46197], [-77.93256, -5.49094], [-77.99103, -5.51148], [-77.98491, -5.57581], [-78.01102, -5.60099], [-78.1051, -5.7572], [-78.09402, -5.75793], [-78.07691, -5.77419], [-78.10224, -5.82459], [-78.09631, -5.83754], [-78.10365, -5.85591], [-78.11873, -5.87241], [-78.1224, -5.89108], [-78.13522, -5.89424], [-78.1308, -5.90256], [-78.12285, -5.92026], [-78.07658, -5.91677], [-78.08264, -5.93368], [-78.07879, -5.95412], [-78.05753, -5.97473], [-78.00564, -5.97793], [-77.97982, -5.9648], [-77.96461, -5.99075], [-77.96724, -6.00138], [-77.89095, -6.10269], [-77.87609, -6.10249], [-77.84145, -6.12865], [-77.79224, -6.12543], [-77.78918, -6.11805], [-77.8079, -6.08032], [-77.80623, -6.03187], [-77.78811, -6.02809], [-77.76987, -5.96651], [-77.74483, -5.94494], [-77.72847, -5.94268], [-77.70373, -5.9529], [-77.68756, -5.9791], [-77.67167, -5.9741], [-77.65189, -5.93533], [-77.66329, -5.91767], [-77.66551, -5.8922], [-77.68308, -5.87758], [-77.68153, -5.84949], [-77.69481, -5.84023], [-77.72642, -5.84398], [-77.74614, -5.83511], [-77.76393, -5.81971], [-77.77036, -5.78814], [-77.76056, -5.77045], [-77.77242, -5.75335], [-77.75936, -5.72985], [-77.77515, -5.71075], [-77.77509, -5.68968], [-77.75437, -5.659], [-77.75261, -5.63758], [-77.73638, -5.60929], [-77.76576, -5.53898], [-77.75704, -5.51394], [-77.77179, -5.49212], [-77.77064, -5.47815], [-77.74883, -5.45986], [-77.76774, -5.43572], [-77.74483, -5.4069], [-77.7127, -5.41641], [-77.69596, -5.41105]]]}}, {"type": "Feature", "properties": {"admin2_pcode": "PE0602", "admin2_name": "Cajabamba", "admin1_name": "Cajamarca"}, "geometry": {"type": "Polygon", "coordinates": [[[-77.8296, -7.34764], [-77.88259, -7.36424], [-77.91965, -7.34377], [-77.94255, -7.34566], [-77.98225, -7.38589], [-77.9856, -7.4091], [-78.01332, -7.46216], [-78.04122, -7.4565], [-78.05364, -7.4653], [-78.08645, -7.45406], [-78.12076, -7.46632], [-78.13025, -7.48052], [-78.16837, -7.46549], [-78.20452, -7.4164], [-78.21767, -7.41024], [-78.21984, -7.38762], [-78.27738, -7.37345], [-78.32801, -7.39937], [-78.35681, -7.39963], [-78.35495, -7.41243], [-78.34367, -7.41738], [-78.35347, -7.44412], [-78.3505, -7.47479], [-78.33583, -7.49525], [-78.32208, -7.50378], [-78.349, -7.51125], [-78.36083, -7.52996], [-78.35657, -7.57294], [-78.36615, -7.59024], [-78.37817, -7.59404], [-78.37689, -7.62465], [-78.38282, -7.63011], [-78.37606, -7.63996], [-78.36024, -7.64489], [-78.35786, -7.67288], [-78.33032, -7.69952], [-78.31235, -7.70287], [-78.30448, -7.69588], [-78.28865, -7.70704], [-78.27554, -7.72117], [-78.28209, -7.7264], [-78.28162, -7.74677], [-78.26115, -7.75402], [-78.22182, -7.76346], [-78.21313, -7.75753], [-78.21935, -7.72446], [-78.19809, -7.72909], [-78.19029, -7.7175], [-78.17135, -7.71339], [-78.15886, -7.69335], [-78.141, -7.68272], [-78.1423, -7.66483], [-78.12816, -7.65316], [-78.11605, -7.65401], [-78.08122, -7.69617], [-78.04957, -7.67856], [-77.99864, -7.67907], [-77.97385, -7.66704], [-77.9628, -7.67431], [-77.96014, -7.65526], [-77.93658, -7.65748], [-77.93195, -7.65249], [-77.9405, -7.64063], [-77.91314, -7.62587], [-77.92242, -7.59974], [-77.86794, -7.58303], [-77.85686, -7.52353], [-77.7912, -7.5], [-77.76487, -7.47945], [-77.74598, -7.47916], [-77.74137, -7.46669], [-77.75542, -7.44105], [-77.76801, -7.44015], [-77.77163, -7.41881], [-77.825, -7.37866], [-77.8208, -7.36865], [-77.8296, -7.34764]]]}}, {"type": "Feature", "properties": {"admin2_pcode": "PE0601", "admin2_name": "Cajamarca", "admin1_name": "Cajamarca"}, "geometry": {"type": "Polygon", "coordinates": [[[-78.45348, -6.83419], [-78.46654, -6.80637], [-78.49269, -6.80122], [-78.50473, -6.81989], [-78.51945, -6.81537], [-78.53066, -6.79894], [-78.5509, -6.82815], [-78.59044, -6.85012], [-78.60138, -6.86763], [-78.59893, -6.88582], [-78.61351, -6.92073], [-78.60439, -6.9555], [-78.60495, -6.99759], [-78.62793, -7.01637], [-78.637, -7.05754], [-78.66267, -7.09285], [-78.6623, -7.10408], [-78.72, -7.17082], [-78.73091, -7.21211], [-78.74599, -7.21933], [-78.70217, -7.24171], [-78.64734, -7.25642], [-78.63073, -7.27396], [-78.60869, -7.27866], [-78.62978, -7.29871], [-78.63648, -7.31794], [-78.6278, -7.32925], [-78.63913, -7.34815], [-78.6524, -7.35131], [-78.66541, -7.37901], [-78.67655, -7.38361], [-78.69623, -7.41336], [-78.66399, -7.40362], [-78.65494, -7.42603], [-78.62984, -7.4455], [-78.62732, -7.47886], [-78.65024, -7.5278], [-78.62457, -7.54856], [-78.49139, -7.55487], [-78.41563, -7.48507], [-78.40308, -7.48349], [-78.36817, -7.50032], [-78.33583, -7.49525], [-78.3505, -7.47479], [-78.35347, -7.44412], [-78.34367, -7.41738], [-78.35495, -7.41243], [-78.35681, -7.39963], [-78.32801, -7.39937], [-78.27738, -7.37345], [-78.27665, -7.3589], [-78.30799, -7.34111], [-78.32558, -7.34286], [-78.28794, -7.32817], [-78.27175, -7.29361], [-78.23638, -7.31827], [-78.22172, -7.30681], [-78.21621, -7.29654], [-78.23939, -7.24104], [-78.25083, -7.23066], [-78.23956, -7.20654], [-78.20051, -7.17615], [-78.18369, -7.14915], [-78.18962, -7.12071], [-78.21951, -7.08777], [-78.21946, -7.07158], [-78.26582, -7.03265], [-78.29428, -7.03031], [-78.28718, -7.02092], [-78.30939, -7.01275], [-78.31151, -6.98772], [-78.33061, -6.97309], [-78.3392, -6.95527], [-78.38275, -6.92358], [-78.40762, -6.93161], [-78.41151, -6.94237], [-78.42789, -6.93042], [-78.42856, -6.8922], [-78.44291, -6.87912], [-78.45348, -6.83419]]]}}, {"type": "Feature", "properties": {"admin2_pcode": "PE1503", "admin2_name": "Cajatambo", "admin1_name": "Lima"}, "geometry": {"type": "Polygon", "coordinates": [[[-76.7999, -10.41913], [-76.80568, -10.3923], [-76.83167, -10.39307], [-76.8405, -10.36333], [-76.85639, -10.37727], [-76.86585, -10.37484], [-76.87467, -10.32086], [-76.88137, -10.30851], [-76.89451, -10.30433], [-76.89102, -10.29474], [-76.90625, -10.27419], [-76.93601, -10.27851], [-76.96545, -10.30538], [-77.0055, -10.28328], [-77.01362, -10.31559], [-77.0474, -10.33878], [-77.07161, -10.3381], [-77.0902, -10.37263], [-77.11088, -10.39209], [-77.11213, -10.40484], [-77.13824, -10.42647], [-77.15002, -10.45109], [-77.17462, -10.4646], [-77.17604, -10.4831], [-77.16731, -10.50814], [-77.19112, -10.55227], [-77.2093, -10.55539], [-77.22577, -10.54601], [-77.25187, -10.54524], [-77.26726, -10.55054], [-77.27185, -10.56111], [-77.29166, -10.55631], [-77.31063, -10.56769], [-77.32051, -10.58792], [-77.33835, -10.59605], [-77.3447, -10.60798], [-77.30018, -10.65975], [-77.24872, -10.683], [-77.21531, -10.67721], [-77.19723, -10.68683], [-77.17381, -10.66993], [-77.15256, -10.66727], [-77.13777, -10.64688], [-77.12596, -10.64695], [-77.10507, -10.67239], [-77.08437, -10.66675], [-77.05636, -10.69207], [-77.04763, -10.67934], [-77.0251, -10.67842], [-77.01097, -10.69599], [-76.99345, -10.68076], [-76.97361, -10.68222], [-76.94989, -10.698], [-76.91038, -10.66802], [-76.89563, -10.66628], [-76.88977, -10.65345], [-76.87844, -10.65557], [-76.85948, -10.59721], [-76.86503, -10.5845], [-76.85838, -10.56419], [-76.86598, -10.55791], [-76.85456, -10.54748], [-76.8572, -10.49336], [-76.84064, -10.47358], [-76.82276, -10.48314], [-76.82903, -10.43006], [-76.7999, -10.41913]]]}}, {"type": "Feature", "properties": {"admin2_pcode": "PE0804", "admin2_name": "Calca", "admin1_name": "Cusco"}, "geometry": {"type": "Polygon", "coordinates": [[[-71.90035, -12.73336], [-71.91821, -12.72017], [-71.91778, -12.69891], [-71.96489, -12.69358], [-71.9786, -12.68333], [-71.97009, -12.66214], [-71.95613, -12.65446], [-71.96531, -12.61453], [-71.98421, -12.60817], [-71.9814, -12.58049], [-72.00053, -12.56962], [-72.02883, -12.52637], [-72.04979, -12.52095], [-72.05734, -12.50796], [-72.07113, -12.51148], [-72.09072, -12.51625], [-72.12451, -12.5485], [-72.12135, -12.57876], [-72.13732, -12.621], [-72.18577, -12.65714], [-72.22457, -12.66513], [-72.31401, -12.64999], [-72.33586, -12.6329], [-72.36577, -12.63104], [-72.36993, -12.63863], [-72.32168, -12.66942], [-72.35296, -12.68664], [-72.36289, -12.71856], [-72.36625, -12.76754], [-72.35523, -12.78878], [-72.36226, -12.82441], [-72.35516, -12.84506], [-72.33392, -12.86473], [-72.33814, -12.87856], [-72.31194, -12.92365], [-72.22619, -12.95312], [-72.21371, -12.99563], [-72.18229, -13.00672], [-72.16932, -13.02424], [-72.19063, -13.09615], [-72.1661, -13.11305], [-72.16446, -13.12864], [-72.15242, -13.1386], [-72.15007, -13.17495], [-72.1379, -13.18061], [-72.13768, -13.18826], [-72.09831, -13.18897], [-72.05956, -13.21499], [-72.03989, -13.31615], [-72.03438, -13.32451], [-72.02536, -13.31584], [-72.01762, -13.32031], [-71.98477, -13.37859], [-71.97413, -13.38284], [-71.96889, -13.40049], [-71.98022, -13.4295], [-71.9554, -13.44072], [-71.92923, -13.43607], [-71.92446, -13.45933], [-71.93167, -13.4676], [-71.88379, -13.4978], [-71.85522, -13.49593], [-71.8465, -13.48657], [-71.80463, -13.50826], [-71.7796, -13.52563], [-71.74599, -13.57527], [-71.71952, -13.55247], [-71.7264, -13.49386], [-71.73805, -13.47687], [-71.72839, -13.4732], [-71.73616, -13.46266], [-71.72573, -13.4568], [-71.7548, -13.43131], [-71.74372, -13.41954], [-71.72509, -13.42081], [-71.72774, -13.40646], [-71.75479, -13.36564], [-71.78326, -13.34282], [-71.79453, -13.31738], [-71.8213, -13.3196], [-71.838, -13.30127], [-71.83, -13.27883], [-71.86418, -13.22705], [-71.85482, -13.20657], [-71.87147, -13.18744], [-71.88006, -13.15308], [-71.86236, -13.13684], [-71.86324, -13.12559], [-71.88589, -13.10957], [-71.87848, -13.09842], [-71.88941, -13.08618], [-71.88889, -13.05349], [-71.91069, -13.03209], [-71.88057, -12.99281], [-71.8501, -12.98601], [-71.84779, -12.96664], [-71.83152, -12.95973], [-71.82393, -12.93152], [-71.82908, -12.92078], [-71.84122, -12.91918], [-71.85284, -12.89339], [-71.86468, -12.8888], [-71.86569, -12.87282], [-71.87701, -12.86391], [-71.87634, -12.84128], [-71.89426, -12.82957], [-71.89481, -12.81108], [-71.87753, -12.79579], [-71.92118, -12.75278], [-71.90035, -12.73336]]]}}, {"type": "Feature", "properties": {"admin2_pcode": "PE0701", "admin2_name": "Callao", "admin1_name": "Callao"}, "geometry": {"type": "Polygon", "coordinates": [[[-77.11153, -12.07949], [-77.10457, -12.06335], [-77.08726, -12.06151], [-77.0876, -12.05187], [-77.07689, -12.04745], [-77.08294, -12.03642], [-77.09618, -12.0337], [-77.08912, -12.01216], [-77.11791, -11.99429], [-77.11068, -11.97544], [-77.12849, -11.93928], [-77.09522, -11.94968], [-77.10411, -11.93563], [-77.08927, -11.89918], [-77.09456, -11.87494], [-77.10717, -11.86653], [-77.12684, -11.81848], [-77.18796, -11.82857], [-77.18398, -11.84426], [-77.17203, -11.84648], [-77.15683, -11.8743], [-77.13267, -11.97346], [-77.13872, -12.01935], [-77.15629, -12.04692], [-77.15568, -12.04669], [-77.14896, -12.03891], [-77.14295, -12.03744], [-77.14082, -12.04562], [-77.14206, -12.04676], [-77.14627, -12.04407], [-77.14871, -12.05741], [-77.15632, -12.04847], [-77.14862, -12.05861], [-77.17072, -12.07307], [-77.15087, -12.06705], [-77.11153, -12.07949]]]}}, {"type": "Feature", "properties": {"admin2_pcode": "PE0402", "admin2_name": "Camana", "admin1_name": "Arequipa"}, "geometry": {"type": "Polygon", "coordinates": [[[-72.59363, -16.43048], [-72.60332, -16.46181], [-72.64095, -16.4476], [-72.67025, -16.42415], [-72.71322, -16.3631], [-72.74599, -16.33962], [-72.75203, -16.32676], [-72.79723, -16.30964], [-72.80923, -16.27128], [-72.81013, -16.22145], [-72.84122, -16.17446], [-72.84401, -16.12275], [-72.88039, -16.04976], [-72.91215, -16.0302], [-72.9404, -16.03692], [-72.99406, -16.01978], [-73.06639, -16.0182], [-73.10685, -15.9885], [-73.12373, -16.01314], [-73.13951, -16.00559], [-73.16454, -16.02006], [-73.17632, -16.00051], [-73.15117, -15.97967], [-73.17149, -15.91547], [-73.18871, -15.9045], [-73.19924, -15.88367], [-73.23325, -15.87405], [-73.23543, -15.90793], [-73.22516, -15.92673], [-73.22988, -15.95311], [-73.22094, -15.9912], [-73.24056, -16.00002], [-73.23109, -16.05664], [-73.22352, -16.06498], [-73.22204, -16.11923], [-73.20323, -16.15299], [-73.19507, -16.27815], [-73.2181, -16.28716], [-73.22941, -16.30542], [-73.23973, -16.35413], [-73.27466, -16.37112], [-73.2916, -16.40541], [-73.27221, -16.3982], [-73.26036, -16.40199], [-73.26039, -16.40928], [-73.24358, -16.40679], [-73.23501, -16.41528], [-73.20844, -16.40039], [-73.18935, -16.4154], [-73.15916, -16.41993], [-73.14858, -16.43881], [-73.12962, -16.45103], [-73.10339, -16.45482], [-73.05549, -16.48712], [-73.04877, -16.49994], [-73.0117, -16.51236], [-73.00413, -16.50703], [-72.98685, -16.51744], [-72.92009, -16.51849], [-72.8487, -16.5646], [-72.77421, -16.62733], [-72.72463, -16.6483], [-72.59367, -16.66733], [-72.44788, -16.70238], [-72.41661, -16.73616], [-72.40531, -16.73894], [-72.40069, -16.75111], [-72.37312, -16.75249], [-72.37426, -16.76075], [-72.35411, -16.76596], [-72.32908, -16.78923], [-72.32647, -16.80285], [-72.31012, -16.80762], [-72.31204, -16.81378], [-72.2887, -16.83703], [-72.29684, -16.84903], [-72.28729, -16.86059], [-72.28848, -16.87513], [-72.24785, -16.88566], [-72.23252, -16.90055], [-72.22736, -16.89441], [-72.20034, -16.91252], [-72.19569, -16.9268], [-72.18449, -16.92477], [-72.1672, -16.89233], [-72.14651, -16.87549], [-72.17199, -16.84989], [-72.22324, -16.83548], [-72.21048, -16.81758], [-72.21548, -16.80859], [-72.18472, -16.79388], [-72.15332, -16.79495], [-72.1319, -16.76666], [-72.13216, -16.74409], [-72.14582, -16.74364], [-72.17305, -16.71165], [-72.19589, -16.7026], [-72.19565, -16.68682], [-72.229, -16.66658], [-72.25192, -16.66756], [-72.27382, -16.65661], [-72.28335, -16.6373], [-72.27409, -16.6008], [-72.19769, -16.49145], [-72.19951, -16.45872], [-72.19933, -16.48381], [-72.21859, -16.51267], [-72.23952, -16.53425], [-72.25423, -16.53341], [-72.2887, -16.58621], [-72.31388, -16.58224], [-72.32033, -16.60706], [-72.32646, -16.60748], [-72.33025, -16.59321], [-72.35574, -16.58916], [-72.37352, -16.60659], [-72.39241, -16.61183], [-72.40755, -16.6034], [-72.43134, -16.60656], [-72.44215, -16.59716], [-72.45134, -16.59969], [-72.45506, -16.55655], [-72.48044, -16.56511], [-72.49272, -16.55757], [-72.49844, -16.57159], [-72.52286, -16.57538], [-72.52735, -16.56379], [-72.54959, -16.56382], [-72.56589, -16.57298], [-72.56832, -16.56314], [-72.58299, -16.55948], [-72.58672, -16.54097], [-72.60469, -16.53719], [-72.57157, -16.51208], [-72.54623, -16.51282], [-72.53345, -16.49316], [-72.51196, -16.49142], [-72.50088, -16.47912], [-72.48471, -16.45109], [-72.46635, -16.38316], [-72.48294, -16.35713], [-72.52296, -16.4101], [-72.55969, -16.39745], [-72.57345, -16.42103], [-72.59363, -16.43048]]]}}, {"type": "Feature", "properties": {"admin2_pcode": "PE0805", "admin2_name": "Canas", "admin1_name": "Cusco"}, "geometry": {"type": "Polygon", "coordinates": [[[-71.44034, -14.10367], [-71.46092, -14.10874], [-71.46722, -14.12881], [-71.49365, -14.13835], [-71.55739, -14.08346], [-71.58429, -14.10182], [-71.59573, -14.14989], [-71.56604, -14.15959], [-71.54988, -14.1752], [-71.54392, -14.19617], [-71.52199, -14.2227], [-71.51497, -14.25255], [-71.52587, -14.26572], [-71.54912, -14.26238], [-71.56023, -14.34143], [-71.55488, -14.36181], [-71.56864, -14.37505], [-71.55342, -14.38483], [-71.54975, -14.40552], [-71.57594, -14.41828], [-71.58782, -14.43765], [-71.60914, -14.44506], [-71.60497, -14.47757], [-71.62528, -14.49853], [-71.6463, -14.50244], [-71.64776, -14.53217], [-71.61538, -14.53325], [-71.60847, -14.54412], [-71.58118, -14.54791], [-71.54357, -14.53799], [-71.53083, -14.57059], [-71.48885, -14.57871], [-71.48679, -14.58746], [-71.4282, -14.62217], [-71.41717, -14.60207], [-71.38311, -14.60908], [-71.37433, -14.62036], [-71.33852, -14.61477], [-71.30797, -14.66016], [-71.29588, -14.64144], [-71.25917, -14.65303], [-71.24782, -14.64059], [-71.21439, -14.64811], [-71.18824, -14.62937], [-71.18222, -14.61438], [-71.14895, -14.64022], [-71.11794, -14.64892], [-71.10912, -14.63395], [-71.0739, -14.63145], [-71.03104, -14.59326], [-71.01005, -14.59754], [-71.02043, -14.58535], [-71.01471, -14.57798], [-70.99954, -14.5723], [-70.9777, -14.58302], [-70.96612, -14.56834], [-70.99935, -14.50264], [-70.98659, -14.49872], [-70.98797, -14.45532], [-70.96235, -14.44454], [-70.97872, -14.41666], [-70.99, -14.42969], [-71.02615, -14.42972], [-71.03686, -14.45204], [-71.07315, -14.45024], [-71.08669, -14.47302], [-71.09817, -14.45813], [-71.13581, -14.46358], [-71.13997, -14.44135], [-71.15492, -14.43855], [-71.16794, -14.44602], [-71.19105, -14.42939], [-71.20992, -14.42909], [-71.2587, -14.37755], [-71.25865, -14.37025], [-71.24576, -14.36783], [-71.24882, -14.33127], [-71.25604, -14.32536], [-71.2712, -14.3259], [-71.29417, -14.31321], [-71.3369, -14.33031], [-71.32633, -14.30818], [-71.3281, -14.28446], [-71.33549, -14.27892], [-71.35324, -14.28703], [-71.37085, -14.2795], [-71.36674, -14.2299], [-71.39245, -14.21481], [-71.39711, -14.20044], [-71.41601, -14.20989], [-71.41823, -14.19035], [-71.44111, -14.15357], [-71.41674, -14.11532], [-71.44034, -14.10367]]]}}, {"type": "Feature", "properties": {"admin2_pcode": "PE0806", "admin2_name": "Canchis", "admin1_name": "Cusco"}, "geometry": {"type": "Polygon", "coordinates": [[[-70.8625, -13.80029], [-70.871, -13.78502], [-70.88832, -13.77791], [-70.90493, -13.79241], [-70.91315, -13.81421], [-70.93501, -13.80062], [-70.95716, -13.80465], [-70.98867, -13.76295], [-71.02409, -13.74994], [-71.03557, -13.75323], [-71.08097, -13.7255], [-71.10354, -13.76038], [-71.12219, -13.76159], [-71.13695, -13.74436], [-71.16377, -13.7432], [-71.18322, -13.78872], [-71.1931, -13.79315], [-71.22317, -13.78009], [-71.24136, -13.81887], [-71.29038, -13.82837], [-71.30459, -13.85693], [-71.3008, -13.87298], [-71.31142, -13.87586], [-71.30782, -13.89001], [-71.31981, -13.90575], [-71.35222, -13.90116], [-71.37408, -13.92059], [-71.39256, -13.89637], [-71.40755, -13.89651], [-71.42272, -13.92577], [-71.44098, -13.926], [-71.44279, -13.93778], [-71.47396, -13.92592], [-71.51688, -13.96722], [-71.51416, -13.98278], [-71.49121, -13.98827], [-71.48991, -14.01212], [-71.47809, -14.03625], [-71.44803, -14.05491], [-71.43925, -14.07387], [-71.44034, -14.10367], [-71.41674, -14.11532], [-71.44111, -14.15357], [-71.41823, -14.19035], [-71.41601, -14.20989], [-71.39711, -14.20044], [-71.39245, -14.21481], [-71.36674, -14.2299], [-71.37085, -14.2795], [-71.35324, -14.28703], [-71.33549, -14.27892], [-71.3281, -14.28446], [-71.32633, -14.30818], [-71.3369, -14.33031], [-71.29417, -14.31321], [-71.2712, -14.3259], [-71.25604, -14.32536], [-71.24882, -14.33127], [-71.24576, -14.36783], [-71.25865, -14.37025], [-71.2587, -14.37755], [-71.20992, -14.42909], [-71.19105, -14.42939], [-71.16794, -14.44602], [-71.15492, -14.43855], [-71.13997, -14.44135], [-71.13581, -14.46358], [-71.09817, -14.45813], [-71.08669, -14.47302], [-71.07315, -14.45024], [-71.03686, -14.45204], [-71.02615, -14.42972], [-70.99, -14.42969], [-70.97872, -14.41666], [-70.98582, -14.40673], [-70.97869, -14.39448], [-70.98604, -14.37976], [-70.97048, -14.37828], [-70.96208, -14.36117], [-70.92977, -14.34088], [-70.9129, -14.34243], [-70.90783, -14.33397], [-70.91346, -14.30332], [-70.89282, -14.28667], [-70.89099, -14.27271], [-70.87991, -14.27043], [-70.88216, -14.25347], [-70.89979, -14.23299], [-70.89458, -14.20911], [-70.88214, -14.19879], [-70.88939, -14.18704], [-70.88618, -14.17141], [-70.86734, -14.16956], [-70.84626, -14.1489], [-70.82114, -14.14115], [-70.78982, -14.07882], [-70.81791, -14.06758], [-70.82947, -14.07634], [-70.83167, -14.06152], [-70.84952, -14.05417], [-70.86181, -14.02623], [-70.85353, -14.01286], [-70.84067, -14.00896], [-70.85264, -13.9982], [-70.84679, -13.96505], [-70.80967, -13.91226], [-70.81418, -13.90113], [-70.83086, -13.89508], [-70.82562, -13.87805], [-70.83339, -13.85575], [-70.85416, -13.85355], [-70.88123, -13.83284], [-70.87932, -13.81567], [-70.8625, -13.80029]]]}}, {"type": "Feature", "properties": {"admin2_pcode": "PE2302", "admin2_name": "Candarave", "admin1_name": "Tacna"}, "geometry": {"type": "Polygon", "coordinates": [[[-70.14662, -16.93873], [-70.14837, -16.92187], [-70.17369, -16.91223], [-70.18129, -16.93212], [-70.21801, -16.94635], [-70.22703, -16.95936], [-70.24718, -16.95244], [-70.25433, -16.94003], [-70.25936, -16.90365], [-70.24377, -16.86024], [-70.22308, -16.85609], [-70.21171, -16.84081], [-70.18407, -16.83469], [-70.18256, -16.81651], [-70.2473, -16.80246], [-70.26829, -16.77043], [-70.29186, -16.78135], [-70.31129, -16.7733], [-70.37279, -16.79818], [-70.38523, -16.81587], [-70.44069, -16.84005], [-70.4509, -16.86109], [-70.44157, -16.8924], [-70.45175, -16.90001], [-70.45919, -16.92274], [-70.45366, -16.92975], [-70.46502, -16.94443], [-70.4432, -16.96428], [-70.46316, -17.00437], [-70.4392, -17.05036], [-70.44874, -17.08067], [-70.48961, -17.08845], [-70.5278, -17.16831], [-70.55505, -17.19766], [-70.57251, -17.19411], [-70.45427, -17.30064], [-70.45278, -17.3203], [-70.44029, -17.33531], [-70.36339, -17.37438], [-70.40258, -17.39587], [-70.40421, -17.40851], [-70.40003, -17.4218], [-70.3504, -17.44993], [-70.34579, -17.46074], [-70.29208, -17.40966], [-70.27746, -17.40856], [-70.28219, -17.39523], [-70.26457, -17.38814], [-70.2446, -17.35913], [-70.22558, -17.35778], [-70.20974, -17.33342], [-70.16921, -17.31631], [-70.12286, -17.31964], [-70.1004, -17.30487], [-70.09332, -17.29005], [-70.11479, -17.23725], [-70.09906, -17.21733], [-70.10143, -17.20024], [-70.08637, -17.19614], [-70.09604, -17.18776], [-70.09766, -17.13862], [-70.08406, -17.09395], [-70.07, -17.08118], [-70.07315, -17.03491], [-70.09976, -17.00573], [-70.09529, -16.98585], [-70.14662, -16.93873]]]}}, {"type": "Feature", "properties": {"admin2_pcode": "PE1505", "admin2_name": "Ca\u00f1ete", "admin1_name": "Lima"}, "geometry": {"type": "Polygon", "coordinates": [[[-76.346, -12.33773], [-76.37261, -12.33491], [-76.37766, -12.32099], [-76.38787, -12.31798], [-76.42244, -12.3736], [-76.45277, -12.40426], [-76.46713, -12.4015], [-76.48328, -12.4098], [-76.5161, -12.38595], [-76.5274, -12.36443], [-76.52608, -12.35011], [-76.53766, -12.33937], [-76.53179, -12.31625], [-76.55733, -12.27573], [-76.58948, -12.29973], [-76.59339, -12.33641], [-76.60743, -12.35289], [-76.60707, -12.36908], [-76.61668, -12.37283], [-76.65083, -12.35616], [-76.66799, -12.36023], [-76.68341, -12.38211], [-76.72185, -12.39624], [-76.75548, -12.39821], [-76.75168, -12.46269], [-76.77289, -12.49502], [-76.7908, -12.50312], [-76.78416, -12.51993], [-76.73415, -12.54844], [-76.73527, -12.55602], [-76.70553, -12.58014], [-76.70472, -12.59634], [-76.67243, -12.62778], [-76.67249, -12.66071], [-76.65406, -12.68617], [-76.65638, -12.69908], [-76.6301, -12.72104], [-76.63786, -12.74516], [-76.61846, -12.75944], [-76.60918, -12.77774], [-76.56785, -12.80295], [-76.55926, -12.82164], [-76.51948, -12.85045], [-76.50579, -12.92581], [-76.50663, -12.94731], [-76.51646, -12.9554], [-76.48289, -13.01593], [-76.48978, -13.03185], [-76.39313, -13.13731], [-76.24479, -13.32351], [-76.20288, -13.30168], [-76.16268, -13.22607], [-76.15525, -13.1922], [-76.02613, -13.09778], [-75.9692, -13.04164], [-75.9614, -13.00138], [-75.95743, -12.96989], [-75.97345, -12.93928], [-75.97267, -12.924], [-76.0039, -12.92241], [-75.99299, -12.89605], [-76.00846, -12.85299], [-76.0008, -12.83992], [-75.97987, -12.83879], [-75.95941, -12.84897], [-75.94113, -12.81951], [-75.94127, -12.80724], [-75.98393, -12.7823], [-75.99553, -12.75687], [-76.02163, -12.78935], [-76.04517, -12.78196], [-76.06082, -12.79279], [-76.07694, -12.78642], [-76.09865, -12.80161], [-76.12324, -12.78684], [-76.13953, -12.79157], [-76.15388, -12.83784], [-76.17727, -12.85437], [-76.19937, -12.81345], [-76.24129, -12.79084], [-76.24723, -12.75552], [-76.28251, -12.75249], [-76.28947, -12.74533], [-76.29955, -12.71534], [-76.28465, -12.68329], [-76.28813, -12.65446], [-76.27041, -12.64482], [-76.25167, -12.59159], [-76.26811, -12.58355], [-76.288, -12.58709], [-76.32322, -12.5283], [-76.33279, -12.53577], [-76.36749, -12.5326], [-76.35212, -12.52002], [-76.34012, -12.49451], [-76.33157, -12.44237], [-76.32187, -12.4438], [-76.31355, -12.43062], [-76.31851, -12.41962], [-76.33328, -12.41609], [-76.3454, -12.388], [-76.346, -12.33773]]]}}, {"type": "Feature", "properties": {"admin2_pcode": "PE0502", "admin2_name": "Cangallo", "admin1_name": "Ayacucho"}, "geometry": {"type": "Polygon", "coordinates": [[[-74.63283, -13.34478], [-74.71828, -13.36379], [-74.73435, -13.3574], [-74.73903, -13.33957], [-74.75962, -13.32507], [-74.77009, -13.34633], [-74.80888, -13.35742], [-74.84855, -13.35336], [-74.86919, -13.3601], [-74.89702, -13.39386], [-74.89266, -13.41446], [-74.90402, -13.43047], [-74.9021, -13.46644], [-74.86218, -13.48179], [-74.83186, -13.53219], [-74.79957, -13.54747], [-74.78242, -13.57851], [-74.75304, -13.58946], [-74.73982, -13.58017], [-74.70949, -13.58516], [-74.67682, -13.57464], [-74.65516, -13.55664], [-74.6301, -13.5558], [-74.52165, -13.61536], [-74.51424, -13.6135], [-74.51598, -13.60207], [-74.44375, -13.58553], [-74.36995, -13.60227], [-74.30019, -13.63313], [-74.22326, -13.62834], [-74.18226, -13.63991], [-74.13894, -13.63299], [-74.09902, -13.66017], [-74.09946, -13.67052], [-74.05007, -13.68265], [-74.0518, -13.64401], [-74.0381, -13.63076], [-74.03584, -13.61356], [-74.05957, -13.5934], [-74.06378, -13.5749], [-74.05563, -13.53574], [-74.11009, -13.53509], [-74.15099, -13.51094], [-74.17209, -13.45374], [-74.19362, -13.4338], [-74.19643, -13.40305], [-74.24724, -13.42034], [-74.25911, -13.41528], [-74.26195, -13.39645], [-74.27412, -13.3918], [-74.27936, -13.40831], [-74.31298, -13.42555], [-74.33028, -13.42478], [-74.33601, -13.43875], [-74.36717, -13.43606], [-74.37833, -13.41886], [-74.3946, -13.44479], [-74.40311, -13.43421], [-74.4167, -13.44626], [-74.47575, -13.45314], [-74.5264, -13.4242], [-74.53276, -13.40246], [-74.57168, -13.38712], [-74.57641, -13.36192], [-74.56613, -13.34144], [-74.60083, -13.33216], [-74.63283, -13.34478]]]}}, {"type": "Feature", "properties": {"admin2_pcode": "PE1504", "admin2_name": "Canta", "admin1_name": "Lima"}, "geometry": {"type": "Polygon", "coordinates": [[[-76.45702, -11.33443], [-76.48348, -11.34442], [-76.50876, -11.32815], [-76.53276, -11.33354], [-76.5446, -11.31648], [-76.56815, -11.31891], [-76.57983, -11.31253], [-76.59818, -11.32658], [-76.60299, -11.34849], [-76.63105, -11.35366], [-76.64053, -11.34408], [-76.66795, -11.34601], [-76.66741, -11.38929], [-76.69457, -11.42933], [-76.70602, -11.42374], [-76.72345, -11.43484], [-76.77158, -11.42032], [-76.8057, -11.43336], [-76.85611, -11.46782], [-76.89372, -11.4615], [-76.89225, -11.49219], [-76.85952, -11.50405], [-76.87471, -11.5378], [-76.89605, -11.53513], [-76.92379, -11.55865], [-76.93757, -11.55023], [-76.9462, -11.57857], [-76.9808, -11.59723], [-77.00127, -11.59897], [-77.00476, -11.61427], [-77.03519, -11.65182], [-77.02441, -11.69174], [-77.04433, -11.71471], [-77.03245, -11.74079], [-76.99678, -11.75236], [-76.97367, -11.74798], [-76.97361, -11.73609], [-76.96069, -11.73414], [-76.93329, -11.75639], [-76.91565, -11.74516], [-76.91447, -11.73217], [-76.90268, -11.72878], [-76.88081, -11.73217], [-76.86775, -11.74747], [-76.83382, -11.74376], [-76.80487, -11.75587], [-76.75202, -11.73061], [-76.73894, -11.69726], [-76.70737, -11.69131], [-76.66407, -11.65807], [-76.61255, -11.65296], [-76.60251, -11.63855], [-76.57367, -11.63162], [-76.57528, -11.6211], [-76.55813, -11.61157], [-76.55418, -11.58141], [-76.53644, -11.56114], [-76.5446, -11.51913], [-76.52935, -11.51165], [-76.52582, -11.49577], [-76.51183, -11.48788], [-76.49722, -11.45931], [-76.47533, -11.46708], [-76.46932, -11.46065], [-76.45486, -11.46266], [-76.4369, -11.4873], [-76.4141, -11.49238], [-76.40058, -11.50717], [-76.39164, -11.49916], [-76.37684, -11.50149], [-76.38099, -11.48605], [-76.37148, -11.47648], [-76.37741, -11.44422], [-76.39434, -11.44501], [-76.41165, -11.41588], [-76.40142, -11.40285], [-76.42006, -11.37509], [-76.42268, -11.35486], [-76.43035, -11.34586], [-76.44834, -11.34592], [-76.45702, -11.33443]]]}}, {"type": "Feature", "properties": {"admin2_pcode": "PE2103", "admin2_name": "Carabaya", "admin1_name": "Puno"}, "geometry": {"type": "Polygon", "coordinates": [[[-69.64986, -13.34172], [-70.40287, -13.11441], [-70.40441, -13.12608], [-70.4177, -13.13309], [-70.40904, -13.13886], [-70.38966, -13.13154], [-70.40123, -13.15323], [-70.38558, -13.16704], [-70.38847, -13.19239], [-70.38921, -13.22988], [-70.41631, -13.24261], [-70.42271, -13.25546], [-70.40535, -13.26941], [-70.37084, -13.27641], [-70.34665, -13.29519], [-70.34585, -13.31275], [-70.36806, -13.30707], [-70.3956, -13.31667], [-70.4025, -13.32941], [-70.39273, -13.34477], [-70.3995, -13.37164], [-70.41983, -13.35855], [-70.45112, -13.36517], [-70.44265, -13.39541], [-70.47183, -13.43993], [-70.45262, -13.44792], [-70.48879, -13.50038], [-70.53887, -13.53126], [-70.5466, -13.54984], [-70.54363, -13.57764], [-70.57787, -13.58584], [-70.5886, -13.59858], [-70.61619, -13.60906], [-70.66281, -13.66057], [-70.68952, -13.65259], [-70.71513, -13.66225], [-70.72124, -13.70016], [-70.73587, -13.71245], [-70.73538, -13.7353], [-70.7187, -13.7649], [-70.72209, -13.77064], [-70.71386, -13.7728], [-70.69886, -13.80317], [-70.70919, -13.84315], [-70.73222, -13.82345], [-70.76773, -13.81438], [-70.8284, -13.82763], [-70.84908, -13.8153], [-70.8533, -13.79887], [-70.8625, -13.80029], [-70.87932, -13.81567], [-70.88123, -13.83284], [-70.85416, -13.85355], [-70.83339, -13.85575], [-70.82562, -13.87805], [-70.83086, -13.89508], [-70.81418, -13.90113], [-70.80967, -13.91226], [-70.84679, -13.96505], [-70.85264, -13.9982], [-70.84067, -14.00896], [-70.85353, -14.01286], [-70.86181, -14.02623], [-70.84952, -14.05417], [-70.83167, -14.06152], [-70.82947, -14.07634], [-70.81791, -14.06758], [-70.78982, -14.07882], [-70.71805, -14.07572], [-70.70342, -14.08564], [-70.69202, -14.12392], [-70.6524, -14.12086], [-70.61929, -14.15936], [-70.6124, -14.15392], [-70.60725, -14.16148], [-70.58937, -14.15787], [-70.57005, -14.1446], [-70.56712, -14.15265], [-70.55105, -14.15532], [-70.54119, -14.18971], [-70.52201, -14.20217], [-70.50952, -14.20002], [-70.49618, -14.22025], [-70.48152, -14.22338], [-70.42517, -14.17809], [-70.38774, -14.19622], [-70.36347, -14.18823], [-70.35664, -14.17059], [-70.32946, -14.17518], [-70.3163, -14.20584], [-70.30224, -14.21853], [-70.28945, -14.21828], [-70.29036, -14.25831], [-70.28589, -14.26773], [-70.27282, -14.26722], [-70.27528, -14.27677], [-70.26824, -14.28297], [-70.2578, -14.28739], [-70.25129, -14.30545], [-70.23005, -14.30873], [-70.22189, -14.27969], [-70.20937, -14.26842], [-70.17969, -14.29284], [-70.18328, -14.31932], [-70.15811, -14.32413], [-70.15877, -14.33302], [-70.14451, -14.33724], [-70.13642, -14.3552], [-70.11864, -14.35157], [-70.05294, -14.37025], [-69.97278, -14.36831], [-69.93981, -14.39868], [-69.90834, -14.41028], [-69.88988, -14.43427], [-69.87009, -14.44467], [-69.81702, -14.4487], [-69.81033, -14.45935], [-69.79614, -14.45662], [-69.79513, -14.4464], [-69.77774, -14.4486], [-69.76922, -14.45374], [-69.76569, -14.47245], [-69.73188, -14.49276], [-69.7274, -14.50873], [-69.69096, -14.51782], [-69.66048, -14.45186], [-69.6816, -14.44131], [-69.68899, -14.42083], [-69.70175, -14.41587], [-69.72217, -14.42094], [-69.73305, -14.36511], [-69.72833, -14.34824], [-69.73626, -14.33375], [-69.7574, -14.33562], [-69.78323, -14.31199], [-69.78529, -14.27593], [-69.80048, -14.26823], [-69.84007, -14.27463], [-69.85356, -14.25543], [-69.84332, -14.22117], [-69.85045, -14.21217], [-69.84124, -14.20664], [-69.82333, -14.1619], [-69.83291, -14.13817], [-69.82113, -14.13112], [-69.79754, -14.06667], [-69.76466, -14.03084], [-69.75272, -14.03493], [-69.72538, -14.01916], [-69.7232, -13.97697], [-69.70221, -13.93578], [-69.66497, -13.90536], [-69.66446, -13.88238], [-69.67767, -13.87039], [-69.6978, -13.86695], [-69.72845, -13.84109], [-69.73246, -13.81169], [-69.76171, -13.79224], [-69.7858, -13.7497], [-69.7787, -13.7389], [-69.76909, -13.74557], [-69.75372, -13.73789], [-69.74601, -13.6906], [-69.75236, -13.67653], [-69.72629, -13.63469], [-69.71854, -13.60428], [-69.72605, -13.592], [-69.70697, -13.54933], [-69.71091, -13.53733], [-69.69624, -13.5217], [-69.71458, -13.52102], [-69.73706, -13.5057], [-69.72377, -13.49223], [-69.71314, -13.50558], [-69.68266, -13.5008], [-69.66895, -13.47521], [-69.6792, -13.45772], [-69.65468, -13.45903], [-69.65118, -13.42674], [-69.64182, -13.40837], [-69.63231, -13.40826], [-69.65413, -13.37979], [-69.64986, -13.34172]]]}}, {"type": "Feature", "properties": {"admin2_pcode": "PE0403", "admin2_name": "Caraveli", "admin1_name": "Arequipa"}, "geometry": {"type": "Polygon", "coordinates": [[[-74.24118, -15.48104], [-74.30453, -15.47529], [-74.31118, -15.46273], [-74.30197, -15.45206], [-74.31826, -15.43928], [-74.32897, -15.39382], [-74.3087, -15.35972], [-74.33365, -15.35326], [-74.34582, -15.33635], [-74.37785, -15.33188], [-74.41531, -15.29927], [-74.38788, -15.25178], [-74.40083, -15.22086], [-74.38992, -15.20367], [-74.40376, -15.1769], [-74.42299, -15.16785], [-74.46576, -15.17348], [-74.5036, -15.16032], [-74.51386, -15.14832], [-74.55252, -15.13994], [-74.60457, -15.14884], [-74.62875, -15.12412], [-74.65204, -15.13913], [-74.67901, -15.1322], [-74.71371, -15.13853], [-74.72144, -15.12465], [-74.73949, -15.12315], [-74.7623, -15.09805], [-74.81305, -15.1379], [-74.85521, -15.15383], [-74.87375, -15.15184], [-74.92931, -15.1924], [-74.96364, -15.2539], [-74.9682, -15.29942], [-75.00388, -15.33023], [-75.01656, -15.3511], [-75.01849, -15.38241], [-75.04555, -15.43033], [-75.07333, -15.44294], [-75.04457, -15.45848], [-75.00051, -15.46212], [-74.98454, -15.47019], [-74.97363, -15.49057], [-74.88755, -15.52413], [-74.84776, -15.55454], [-74.85341, -15.57321], [-74.83949, -15.56509], [-74.80333, -15.57684], [-74.72851, -15.61169], [-74.6803, -15.64513], [-74.47246, -15.71948], [-74.46287, -15.72604], [-74.46274, -15.75543], [-74.43912, -15.79491], [-74.39548, -15.82936], [-74.3268, -15.84204], [-74.32674, -15.84973], [-74.31322, -15.8399], [-74.3044, -15.8465], [-74.29178, -15.83701], [-74.27901, -15.83882], [-74.25182, -15.85514], [-74.2416, -15.8787], [-74.17503, -15.89698], [-74.05445, -15.95452], [-74.0256, -15.99252], [-74.03317, -16.01757], [-74.01782, -16.03687], [-73.98962, -16.03912], [-73.97941, -16.05296], [-73.95911, -16.06082], [-73.95303, -16.07511], [-73.88734, -16.11049], [-73.87012, -16.13491], [-73.83482, -16.15456], [-73.72788, -16.19525], [-73.69971, -16.21994], [-73.70032, -16.24155], [-73.67621, -16.22356], [-73.64917, -16.23429], [-73.61993, -16.23009], [-73.56741, -16.24954], [-73.55933, -16.24449], [-73.48442, -16.283], [-73.46044, -16.27874], [-73.37166, -16.31205], [-73.3026, -16.34943], [-73.30593, -16.37527], [-73.2916, -16.40541], [-73.27466, -16.37112], [-73.23973, -16.35413], [-73.22941, -16.30542], [-73.2181, -16.28716], [-73.19507, -16.27815], [-73.20323, -16.15299], [-73.22204, -16.11923], [-73.22352, -16.06498], [-73.23109, -16.05664], [-73.24056, -16.00002], [-73.22094, -15.9912], [-73.22988, -15.95311], [-73.22516, -15.92673], [-73.23543, -15.90793], [-73.23325, -15.87405], [-73.25021, -15.86927], [-73.26244, -15.8255], [-73.25117, -15.77866], [-73.25593, -15.75269], [-73.24015, -15.71874], [-73.24088, -15.6862], [-73.21731, -15.64639], [-73.21888, -15.58929], [-73.22634, -15.5703], [-73.20643, -15.5295], [-73.20541, -15.5106], [-73.21999, -15.50001], [-73.24789, -15.45031], [-73.26217, -15.40337], [-73.2748, -15.39295], [-73.33628, -15.40515], [-73.36597, -15.38743], [-73.39124, -15.39914], [-73.41685, -15.37582], [-73.43035, -15.37913], [-73.42713, -15.36321], [-73.4411, -15.35572], [-73.47811, -15.37962], [-73.52957, -15.39205], [-73.55593, -15.40822], [-73.59411, -15.4037], [-73.61286, -15.41923], [-73.65304, -15.41653], [-73.68583, -15.43766], [-73.75887, -15.38527], [-73.77932, -15.3464], [-73.77634, -15.33874], [-73.79306, -15.33976], [-73.80593, -15.32445], [-73.86565, -15.32416], [-73.88408, -15.33746], [-73.87082, -15.37991], [-73.87708, -15.38916], [-73.86971, -15.40025], [-73.87212, -15.43298], [-73.91251, -15.45625], [-73.9403, -15.48339], [-73.96922, -15.53294], [-74.01028, -15.5594], [-74.01966, -15.59985], [-74.06342, -15.62962], [-74.08474, -15.61891], [-74.07655, -15.55222], [-74.06728, -15.53929], [-74.07919, -15.51572], [-74.07344, -15.50192], [-74.04342, -15.49104], [-74.03729, -15.45548], [-74.06543, -15.40219], [-74.09452, -15.392], [-74.11501, -15.41157], [-74.15047, -15.42758], [-74.15392, -15.44619], [-74.14844, -15.44938], [-74.16647, -15.48396], [-74.19374, -15.49166], [-74.24118, -15.48104]]]}}, {"type": "Feature", "properties": {"admin2_pcode": "PE0206", "admin2_name": "Carhuaz", "admin1_name": "Ancash"}, "geometry": {"type": "Polygon", "coordinates": [[[-77.49046, -9.10667], [-77.52366, -9.09537], [-77.53812, -9.08191], [-77.5724, -9.08577], [-77.59954, -9.10668], [-77.60399, -9.12043], [-77.59322, -9.13441], [-77.59079, -9.17153], [-77.61731, -9.21477], [-77.64405, -9.19727], [-77.66477, -9.24305], [-77.67262, -9.23907], [-77.68064, -9.24645], [-77.6893, -9.22416], [-77.7135, -9.24657], [-77.72514, -9.27703], [-77.74399, -9.2903], [-77.7671, -9.29329], [-77.77546, -9.32326], [-77.74771, -9.35042], [-77.7442, -9.37071], [-77.71895, -9.38237], [-77.69048, -9.37784], [-77.67513, -9.39438], [-77.68138, -9.41766], [-77.66564, -9.42666], [-77.64929, -9.4528], [-77.64368, -9.43259], [-77.61301, -9.42208], [-77.60388, -9.40356], [-77.58087, -9.39225], [-77.58494, -9.37529], [-77.54229, -9.38659], [-77.53001, -9.37271], [-77.46501, -9.36699], [-77.44339, -9.35088], [-77.41547, -9.35577], [-77.39764, -9.34661], [-77.39852, -9.35608], [-77.38414, -9.36998], [-77.37079, -9.36797], [-77.35102, -9.38846], [-77.33009, -9.38239], [-77.33456, -9.35272], [-77.31918, -9.32411], [-77.32568, -9.31005], [-77.38894, -9.28894], [-77.40898, -9.27313], [-77.43213, -9.27551], [-77.45096, -9.26399], [-77.47904, -9.27052], [-77.48094, -9.25498], [-77.51278, -9.25193], [-77.51653, -9.20578], [-77.53238, -9.1986], [-77.53352, -9.17281], [-77.51876, -9.1366], [-77.50305, -9.1275], [-77.49046, -9.10667]]]}}, {"type": "Feature", "properties": {"admin2_pcode": "PE0207", "admin2_name": "Carlos Fermin Fitzcarrald", "admin1_name": "Ancash"}, "geometry": {"type": "Polygon", "coordinates": [[[-77.10314, -8.97243], [-77.1102, -8.9696], [-77.10249, -8.96095], [-77.10573, -8.94919], [-77.12263, -8.94626], [-77.13317, -8.92605], [-77.12985, -8.91791], [-77.14374, -8.89929], [-77.15953, -8.8971], [-77.17471, -8.92682], [-77.23233, -8.92522], [-77.26747, -8.94454], [-77.32047, -8.94544], [-77.35219, -8.96087], [-77.3595, -8.97724], [-77.362, -9.06499], [-77.36602, -9.11388], [-77.31928, -9.13724], [-77.31024, -9.16332], [-77.2927, -9.17461], [-77.29267, -9.1834], [-77.27765, -9.18154], [-77.26205, -9.20779], [-77.24177, -9.1991], [-77.22156, -9.16758], [-77.19787, -9.16571], [-77.18607, -9.15499], [-77.17387, -9.15996], [-77.15428, -9.14273], [-77.16835, -9.12206], [-77.16547, -9.10579], [-77.14102, -9.09134], [-77.14139, -9.0556], [-77.15239, -9.03372], [-77.11162, -9.00884], [-77.12279, -8.97805], [-77.10314, -8.97243]]]}}, {"type": "Feature", "properties": {"admin2_pcode": "PE0208", "admin2_name": "Casma", "admin1_name": "Ancash"}, "geometry": {"type": "Polygon", "coordinates": [[[-78.0561, -9.2747], [-78.11575, -9.25734], [-78.1424, -9.26856], [-78.15529, -9.25105], [-78.17547, -9.24703], [-78.21128, -9.20897], [-78.23283, -9.21188], [-78.2608, -9.20092], [-78.28111, -9.22279], [-78.29938, -9.21627], [-78.33708, -9.2503], [-78.33601, -9.26309], [-78.36193, -9.26407], [-78.38582, -9.3053], [-78.38362, -9.32619], [-78.41173, -9.35344], [-78.42789, -9.3493], [-78.42762, -9.36032], [-78.40939, -9.36376], [-78.42828, -9.37157], [-78.4336, -9.38398], [-78.42486, -9.41752], [-78.41655, -9.41802], [-78.41681, -9.42707], [-78.40656, -9.42495], [-78.40801, -9.43575], [-78.39199, -9.42912], [-78.38011, -9.44549], [-78.38088, -9.45572], [-78.39195, -9.45794], [-78.40471, -9.47509], [-78.39459, -9.47766], [-78.39666, -9.49897], [-78.38449, -9.52096], [-78.39127, -9.53102], [-78.36638, -9.55891], [-78.36532, -9.58128], [-78.37227, -9.58624], [-78.36133, -9.61007], [-78.36687, -9.62969], [-78.35859, -9.62398], [-78.34337, -9.63291], [-78.33579, -9.65475], [-78.31884, -9.66666], [-78.31929, -9.6815], [-78.30761, -9.68394], [-78.30652, -9.69523], [-78.29434, -9.70543], [-78.29589, -9.72629], [-78.22621, -9.79528], [-78.22165, -9.77871], [-78.17422, -9.74828], [-78.14483, -9.71458], [-78.12285, -9.71137], [-78.0874, -9.72049], [-78.05827, -9.68917], [-78.04189, -9.6899], [-78.00809, -9.68315], [-77.98989, -9.64505], [-77.97603, -9.63905], [-77.96079, -9.61537], [-77.95926, -9.59045], [-77.97471, -9.56987], [-77.97415, -9.55048], [-77.99368, -9.53576], [-77.97114, -9.53102], [-77.94636, -9.53971], [-77.92919, -9.50006], [-77.91832, -9.49977], [-77.91584, -9.49102], [-77.93353, -9.48079], [-77.91574, -9.46918], [-77.901, -9.44223], [-77.93269, -9.39491], [-77.95523, -9.42262], [-77.99295, -9.44661], [-78.02929, -9.41964], [-78.03319, -9.4087], [-78.00332, -9.38097], [-78.06041, -9.33469], [-78.0539, -9.32358], [-78.06229, -9.29242], [-78.0561, -9.2747]]]}}, {"type": "Feature", "properties": {"admin2_pcode": "PE0404", "admin2_name": "Castilla", "admin1_name": "Arequipa"}, "geometry": {"type": "Polygon", "coordinates": [[[-72.46635, -16.38316], [-72.44379, -16.36548], [-72.43723, -16.31955], [-72.40126, -16.31236], [-72.38097, -16.28909], [-72.36747, -16.29291], [-72.37502, -16.28212], [-72.36926, -16.2115], [-72.35862, -16.20161], [-72.3561, -16.17558], [-72.36882, -16.16133], [-72.31701, -16.13658], [-72.26984, -16.13636], [-72.25281, -16.09567], [-72.25824, -16.06439], [-72.22918, -16.03154], [-72.25165, -16.00759], [-72.22536, -15.96147], [-72.29622, -15.92351], [-72.28189, -15.88248], [-72.29784, -15.87262], [-72.29666, -15.82829], [-72.31243, -15.81231], [-72.29317, -15.79404], [-72.27511, -15.80245], [-72.27103, -15.77285], [-72.20907, -15.68151], [-72.16232, -15.65913], [-72.11291, -15.60879], [-72.10004, -15.60333], [-72.08238, -15.608], [-72.06411, -15.59639], [-72.04005, -15.59428], [-72.03264, -15.58004], [-72.00311, -15.5818], [-71.99351, -15.56448], [-71.99055, -15.54906], [-72.0043, -15.52937], [-71.99538, -15.50052], [-72.0011, -15.46154], [-71.99429, -15.39963], [-71.98021, -15.36956], [-71.98525, -15.34148], [-71.9739, -15.31551], [-71.9625, -15.31119], [-71.95969, -15.26863], [-71.9434, -15.24685], [-71.94598, -15.22696], [-71.92233, -15.2198], [-71.91893, -15.19609], [-71.90141, -15.1708], [-71.96829, -15.14065], [-71.94703, -15.11027], [-71.95892, -15.08278], [-71.97526, -15.07905], [-71.98216, -15.06562], [-71.95692, -15.03384], [-71.94639, -14.97835], [-71.93282, -14.96593], [-71.92133, -14.96834], [-71.9138, -14.95729], [-71.92049, -14.93503], [-71.94156, -14.91656], [-71.94318, -14.87742], [-71.95344, -14.86597], [-71.95185, -14.83733], [-71.9759, -14.86947], [-72.00183, -14.88556], [-72.02812, -14.87686], [-72.03396, -14.89866], [-72.04646, -14.90678], [-72.04573, -14.94148], [-72.07192, -14.93739], [-72.10221, -14.95493], [-72.10955, -14.91802], [-72.0993, -14.89118], [-72.1494, -14.88126], [-72.16652, -14.88983], [-72.16581, -14.89619], [-72.21059, -14.90889], [-72.22733, -14.93118], [-72.25336, -14.94626], [-72.26128, -14.96757], [-72.2542, -14.9995], [-72.26547, -15.04325], [-72.317, -15.0944], [-72.35288, -15.0961], [-72.37192, -15.12173], [-72.35754, -15.15324], [-72.37693, -15.19779], [-72.36475, -15.24228], [-72.41959, -15.27053], [-72.43739, -15.29888], [-72.43953, -15.32133], [-72.42691, -15.36882], [-72.44067, -15.3982], [-72.46054, -15.38802], [-72.51902, -15.40561], [-72.52343, -15.43892], [-72.50762, -15.47826], [-72.55041, -15.54007], [-72.57068, -15.53865], [-72.58432, -15.55025], [-72.60273, -15.55076], [-72.60754, -15.55963], [-72.62875, -15.55971], [-72.6607, -15.54589], [-72.69038, -15.55836], [-72.71874, -15.58836], [-72.72352, -15.60302], [-72.70197, -15.63379], [-72.7038, -15.65536], [-72.68377, -15.66988], [-72.67101, -15.70251], [-72.6599, -15.71124], [-72.64611, -15.7099], [-72.63941, -15.70058], [-72.63406, -15.70775], [-72.62468, -15.70254], [-72.6172, -15.72133], [-72.603, -15.72765], [-72.57474, -15.78538], [-72.54436, -15.81012], [-72.52836, -15.86257], [-72.50746, -15.89086], [-72.51902, -15.90919], [-72.54366, -15.92254], [-72.59205, -15.93636], [-72.59005, -15.96251], [-72.60674, -15.97298], [-72.60153, -15.98735], [-72.58468, -15.99748], [-72.57478, -16.02857], [-72.59522, -16.02764], [-72.6031, -16.01725], [-72.62206, -16.01238], [-72.6653, -16.01763], [-72.68206, -15.98165], [-72.70159, -16.0084], [-72.71312, -16.05379], [-72.70785, -16.09176], [-72.68707, -16.12058], [-72.69394, -16.16399], [-72.68478, -16.19257], [-72.68741, -16.21851], [-72.66479, -16.24691], [-72.65108, -16.24781], [-72.65615, -16.29209], [-72.62007, -16.35495], [-72.60847, -16.40362], [-72.59363, -16.43048], [-72.57345, -16.42103], [-72.55969, -16.39745], [-72.52296, -16.4101], [-72.48294, -16.35713], [-72.46635, -16.38316]]]}}, {"type": "Feature", "properties": {"admin2_pcode": "PE0904", "admin2_name": "Castrovirreyna", "admin1_name": "Huancavelica"}, "geometry": {"type": "Polygon", "coordinates": [[[-74.98895, -13.14152], [-75.03829, -13.08941], [-75.031, -13.07811], [-75.04025, -13.04806], [-75.03776, -13.02353], [-75.02922, -13.01615], [-75.03703, -12.93963], [-75.05005, -12.92972], [-75.04381, -12.91534], [-75.05938, -12.91435], [-75.11288, -12.9351], [-75.1275, -12.93244], [-75.14947, -12.96006], [-75.14598, -12.97402], [-75.15772, -12.9796], [-75.17336, -12.95425], [-75.1803, -12.95767], [-75.19208, -12.94729], [-75.2019, -12.92366], [-75.21168, -12.9224], [-75.24982, -12.87924], [-75.26294, -12.88601], [-75.28063, -12.91734], [-75.30617, -12.90388], [-75.31712, -12.91231], [-75.32171, -12.93133], [-75.33665, -12.93651], [-75.35472, -12.92854], [-75.3463, -12.91623], [-75.36152, -12.88833], [-75.35267, -12.87945], [-75.37811, -12.85072], [-75.38042, -12.83497], [-75.37131, -12.82565], [-75.38027, -12.81202], [-75.40792, -12.792], [-75.42656, -12.79677], [-75.44457, -12.77442], [-75.47403, -12.77771], [-75.47959, -12.79702], [-75.50755, -12.79548], [-75.51389, -12.78865], [-75.52022, -12.78873], [-75.53023, -12.82162], [-75.56033, -12.8174], [-75.57041, -12.84286], [-75.61271, -12.85915], [-75.63634, -12.91503], [-75.61789, -12.94274], [-75.62266, -12.94937], [-75.61439, -12.96493], [-75.60267, -12.97936], [-75.60864, -13.00406], [-75.63927, -13.03201], [-75.62861, -13.05707], [-75.65252, -13.0705], [-75.6776, -13.05448], [-75.67631, -13.0427], [-75.68662, -13.04307], [-75.69496, -13.07479], [-75.70552, -13.08044], [-75.71877, -13.10976], [-75.70785, -13.14272], [-75.69399, -13.14663], [-75.70629, -13.18765], [-75.68895, -13.21427], [-75.70244, -13.22689], [-75.70648, -13.28829], [-75.73093, -13.31031], [-75.75416, -13.30894], [-75.78448, -13.33245], [-75.80966, -13.38886], [-75.80599, -13.40143], [-75.76252, -13.41377], [-75.74494, -13.40479], [-75.71883, -13.41258], [-75.68928, -13.43967], [-75.67741, -13.42997], [-75.6512, -13.42685], [-75.63342, -13.41118], [-75.61495, -13.4168], [-75.59897, -13.38999], [-75.58512, -13.40267], [-75.53806, -13.40476], [-75.53117, -13.38938], [-75.52235, -13.39134], [-75.50523, -13.37185], [-75.50324, -13.35277], [-75.49219, -13.37753], [-75.49981, -13.38908], [-75.46566, -13.43258], [-75.47344, -13.46326], [-75.47016, -13.48384], [-75.49493, -13.52405], [-75.47731, -13.52548], [-75.45839, -13.50411], [-75.43569, -13.49529], [-75.43461, -13.46964], [-75.40381, -13.46741], [-75.37876, -13.45452], [-75.34892, -13.45215], [-75.34132, -13.46172], [-75.31673, -13.45555], [-75.29322, -13.40205], [-75.26973, -13.4055], [-75.257, -13.41747], [-75.23785, -13.40955], [-75.20584, -13.34563], [-75.21153, -13.33564], [-75.20468, -13.31257], [-75.164, -13.27484], [-75.168, -13.22451], [-75.11983, -13.21122], [-75.1141, -13.1934], [-75.09486, -13.20169], [-75.05099, -13.18787], [-75.03835, -13.16784], [-74.98895, -13.14152]]]}}, {"type": "Feature", "properties": {"admin2_pcode": "PE0405", "admin2_name": "Caylloma", "admin1_name": "Arequipa"}, "geometry": {"type": "Polygon", "coordinates": [[[-71.03897, -15.40517], [-71.0463, -15.42052], [-71.07545, -15.4383], [-71.07227, -15.4515], [-71.08543, -15.45801], [-71.10384, -15.45327], [-71.12009, -15.4271], [-71.15026, -15.44059], [-71.17433, -15.42446], [-71.16949, -15.38228], [-71.15053, -15.3559], [-71.16624, -15.32087], [-71.16424, -15.29093], [-71.19462, -15.27093], [-71.20208, -15.24513], [-71.16033, -15.20777], [-71.17676, -15.1726], [-71.18491, -15.16977], [-71.14904, -15.13772], [-71.14326, -15.12156], [-71.16165, -15.1093], [-71.16561, -15.0968], [-71.19668, -15.08887], [-71.20728, -15.07055], [-71.20731, -15.05058], [-71.21597, -15.04926], [-71.22653, -15.06955], [-71.24364, -15.05682], [-71.26554, -15.063], [-71.26059, -15.07827], [-71.31913, -15.11974], [-71.32994, -15.09946], [-71.35371, -15.0927], [-71.36185, -15.07914], [-71.3717, -15.08023], [-71.39687, -15.04524], [-71.41737, -15.03373], [-71.42147, -15.01239], [-71.43043, -15.00797], [-71.42673, -15.00212], [-71.44304, -14.99557], [-71.4475, -14.97979], [-71.46504, -14.98407], [-71.50523, -14.97556], [-71.51017, -15.00463], [-71.50367, -15.02733], [-71.4846, -15.03933], [-71.48587, -15.0591], [-71.51344, -15.07984], [-71.57234, -15.06193], [-71.58833, -15.12783], [-71.61456, -15.14585], [-71.63602, -15.13914], [-71.67371, -15.08906], [-71.77254, -15.08244], [-71.7863, -15.06955], [-71.80148, -15.06734], [-71.81548, -15.07822], [-71.83659, -15.07569], [-71.84932, -15.04509], [-71.766, -15.00959], [-71.77024, -14.98218], [-71.74596, -14.93987], [-71.78516, -14.91256], [-71.79301, -14.89617], [-71.8263, -14.90664], [-71.82726, -14.88883], [-71.8596, -14.88362], [-71.86342, -14.87336], [-71.85497, -14.85458], [-71.86909, -14.83597], [-71.87611, -14.80125], [-71.8939, -14.7896], [-71.90772, -14.80508], [-71.90652, -14.82626], [-71.91415, -14.83437], [-71.93997, -14.82281], [-71.95185, -14.83733], [-71.95344, -14.86597], [-71.94318, -14.87742], [-71.94156, -14.91656], [-71.92049, -14.93503], [-71.9138, -14.95729], [-71.92133, -14.96834], [-71.93282, -14.96593], [-71.94639, -14.97835], [-71.95692, -15.03384], [-71.98216, -15.06562], [-71.97526, -15.07905], [-71.95892, -15.08278], [-71.94703, -15.11027], [-71.96829, -15.14065], [-71.90141, -15.1708], [-71.91893, -15.19609], [-71.92233, -15.2198], [-71.94598, -15.22696], [-71.9434, -15.24685], [-71.95969, -15.26863], [-71.9625, -15.31119], [-71.9739, -15.31551], [-71.98525, -15.34148], [-71.98021, -15.36956], [-71.99429, -15.39963], [-72.0011, -15.46154], [-71.99538, -15.50052], [-72.0043, -15.52937], [-71.99055, -15.54906], [-71.99351, -15.56448], [-72.00311, -15.5818], [-72.03264, -15.58004], [-72.04005, -15.59428], [-72.06411, -15.59639], [-72.08238, -15.608], [-72.10004, -15.60333], [-72.11291, -15.60879], [-72.16232, -15.65913], [-72.20907, -15.68151], [-72.27103, -15.77285], [-72.27511, -15.80245], [-72.29317, -15.79404], [-72.31243, -15.81231], [-72.29666, -15.82829], [-72.29784, -15.87262], [-72.28189, -15.88248], [-72.29622, -15.92351], [-72.22536, -15.96147], [-72.25165, -16.00759], [-72.22918, -16.03154], [-72.25824, -16.06439], [-72.25281, -16.09567], [-72.26984, -16.13636], [-72.31701, -16.13658], [-72.36882, -16.16133], [-72.3561, -16.17558], [-72.35862, -16.20161], [-72.36926, -16.2115], [-72.37502, -16.28212], [-72.36747, -16.29291], [-72.38097, -16.28909], [-72.40126, -16.31236], [-72.43723, -16.31955], [-72.44379, -16.36548], [-72.46635, -16.38316], [-72.48471, -16.45109], [-72.50088, -16.47912], [-72.51196, -16.49142], [-72.53345, -16.49316], [-72.54623, -16.51282], [-72.57157, -16.51208], [-72.60469, -16.53719], [-72.58672, -16.54097], [-72.58299, -16.55948], [-72.56832, -16.56314], [-72.56589, -16.57298], [-72.54959, -16.56382], [-72.52735, -16.56379], [-72.52286, -16.57538], [-72.49844, -16.57159], [-72.49272, -16.55757], [-72.48044, -16.56511], [-72.45506, -16.55655], [-72.45134, -16.59969], [-72.44215, -16.59716], [-72.43134, -16.60656], [-72.40755, -16.6034], [-72.39241, -16.61183], [-72.37352, -16.60659], [-72.35574, -16.58916], [-72.33025, -16.59321], [-72.32646, -16.60748], [-72.32033, -16.60706], [-72.31388, -16.58224], [-72.2887, -16.58621], [-72.25423, -16.53341], [-72.23952, -16.53425], [-72.21859, -16.51267], [-72.19933, -16.48381], [-72.19951, -16.45872], [-72.13182, -16.31187], [-72.07475, -16.22206], [-72.07348, -16.20946], [-72.09132, -16.18932], [-72.05721, -16.20814], [-71.99465, -16.13827], [-71.96413, -16.13714], [-71.90692, -16.1582], [-71.86987, -16.13018], [-71.8641, -16.10322], [-71.84077, -16.08637], [-71.82697, -16.05875], [-71.81829, -16.06235], [-71.81516, -16.05082], [-71.75542, -16.03043], [-71.73796, -16.0162], [-71.72485, -15.9893], [-71.70756, -15.98453], [-71.71163, -15.94722], [-71.70434, -15.93371], [-71.692, -15.9334], [-71.66466, -15.95957], [-71.65061, -15.98841], [-71.62734, -15.97908], [-71.57759, -15.99086], [-71.53158, -15.94415], [-71.52917, -15.92996], [-71.46829, -15.92652], [-71.45137, -15.93512], [-71.44198, -15.92596], [-71.42506, -15.93149], [-71.37051, -15.92692], [-71.3371, -15.94173], [-71.32478, -15.93988], [-71.30859, -15.9549], [-71.27421, -15.95444], [-71.2688, -15.98163], [-71.20168, -16.0256], [-71.18778, -16.01198], [-71.15263, -16.00188], [-71.14353, -15.98322], [-71.11594, -15.98824], [-71.08709, -15.98091], [-71.08693, -15.99728], [-71.06768, -16.00417], [-71.0308, -15.9753], [-70.96135, -15.9696], [-70.90625, -15.94326], [-70.87798, -15.94798], [-70.86519, -15.92841], [-70.84534, -15.92193], [-70.86578, -15.88939], [-70.89291, -15.8884], [-70.89054, -15.85125], [-70.94227, -15.77492], [-70.93322, -15.77067], [-70.92263, -15.74619], [-70.90475, -15.73734], [-70.89993, -15.71763], [-70.91786, -15.68634], [-70.91798, -15.6438], [-70.93916, -15.61802], [-70.98237, -15.59804], [-71.00619, -15.56904], [-71.00719, -15.54295], [-71.01836, -15.52938], [-71.00803, -15.51924], [-71.01836, -15.50002], [-70.99293, -15.45886], [-71.00591, -15.44168], [-71.02712, -15.43204], [-71.03897, -15.40517]]]}}, {"type": "Feature", "properties": {"admin2_pcode": "PE0603", "admin2_name": "Celendin", "admin1_name": "Cajamarca"}, "geometry": {"type": "Polygon", "coordinates": [[[-78.03587, -6.74324], [-78.04735, -6.68942], [-78.05732, -6.6767], [-78.0783, -6.66874], [-78.08, -6.65574], [-78.09485, -6.65712], [-78.1076, -6.64233], [-78.10473, -6.62382], [-78.12157, -6.5945], [-78.11705, -6.57737], [-78.13756, -6.56273], [-78.13574, -6.52706], [-78.15117, -6.5116], [-78.15218, -6.49983], [-78.16437, -6.4908], [-78.17384, -6.49371], [-78.17673, -6.47464], [-78.18713, -6.46935], [-78.19003, -6.45702], [-78.20999, -6.45803], [-78.24345, -6.40171], [-78.26829, -6.39111], [-78.2759, -6.39975], [-78.27793, -6.38896], [-78.29714, -6.40105], [-78.32135, -6.44997], [-78.34308, -6.45176], [-78.36546, -6.47215], [-78.36852, -6.48947], [-78.36437, -6.51577], [-78.35536, -6.5243], [-78.35382, -6.56136], [-78.33977, -6.58145], [-78.37085, -6.57398], [-78.41297, -6.59586], [-78.38423, -6.67706], [-78.40671, -6.71563], [-78.39427, -6.79281], [-78.40508, -6.80346], [-78.40251, -6.81553], [-78.42641, -6.81434], [-78.43302, -6.83469], [-78.45348, -6.83419], [-78.44291, -6.87912], [-78.42856, -6.8922], [-78.42789, -6.93042], [-78.41151, -6.94237], [-78.40762, -6.93161], [-78.38275, -6.92358], [-78.3392, -6.95527], [-78.33061, -6.97309], [-78.31151, -6.98772], [-78.30939, -7.01275], [-78.28718, -7.02092], [-78.29428, -7.03031], [-78.26582, -7.03265], [-78.21946, -7.07158], [-78.21951, -7.08777], [-78.18962, -7.12071], [-78.18369, -7.14915], [-78.11445, -7.14625], [-78.1026, -7.12777], [-78.05628, -7.13486], [-78.01595, -7.0968], [-77.95115, -7.06461], [-77.96592, -7.05077], [-77.97112, -7.02589], [-77.9872, -7.0126], [-77.98489, -7.00125], [-78.00017, -6.98959], [-77.98849, -6.97588], [-77.99951, -6.97053], [-78.00085, -6.94024], [-78.01414, -6.9316], [-78.00067, -6.91248], [-78.00714, -6.87723], [-78.00145, -6.86578], [-78.01104, -6.85406], [-78.03096, -6.84807], [-78.01406, -6.82171], [-78.02101, -6.81826], [-78.02263, -6.76888], [-78.03079, -6.7664], [-78.03587, -6.74324]]]}}, {"type": "Feature", "properties": {"admin2_pcode": "PE0101", "admin2_name": "Chachapoyas", "admin1_name": "Amazonas"}, "geometry": {"type": "Polygon", "coordinates": [[[-77.67167, -5.9741], [-77.68756, -5.9791], [-77.70373, -5.9529], [-77.72847, -5.94268], [-77.74483, -5.94494], [-77.76987, -5.96651], [-77.78811, -6.02809], [-77.80623, -6.03187], [-77.8079, -6.08032], [-77.78918, -6.11805], [-77.79224, -6.12543], [-77.84145, -6.12865], [-77.87609, -6.10249], [-77.89095, -6.10269], [-77.91051, -6.18057], [-77.90282, -6.20807], [-77.92244, -6.24539], [-77.94024, -6.25923], [-77.93779, -6.30787], [-77.91989, -6.3685], [-77.90587, -6.36758], [-77.90474, -6.38281], [-77.8888, -6.40608], [-77.8744, -6.41059], [-77.87712, -6.42796], [-77.86082, -6.44999], [-77.86371, -6.4771], [-77.82742, -6.54575], [-77.83032, -6.56786], [-77.81129, -6.61344], [-77.81391, -6.63395], [-77.79795, -6.65681], [-77.7983, -6.69557], [-77.83487, -6.73297], [-77.85626, -6.72742], [-77.89281, -6.73412], [-77.90769, -6.70114], [-77.91948, -6.69026], [-77.93597, -6.68979], [-77.94183, -6.70298], [-77.95955, -6.71395], [-78.00102, -6.72121], [-78.00886, -6.74296], [-78.03587, -6.74324], [-78.03079, -6.7664], [-78.02263, -6.76888], [-78.02101, -6.81826], [-78.01406, -6.82171], [-78.03096, -6.84807], [-78.01104, -6.85406], [-78.00145, -6.86578], [-78.00714, -6.87723], [-78.00067, -6.91248], [-78.01414, -6.9316], [-78.00085, -6.94024], [-77.99951, -6.97053], [-77.98358, -6.96309], [-77.96186, -6.97664], [-77.93982, -6.97614], [-77.92865, -6.98676], [-77.89867, -6.98012], [-77.88034, -6.9625], [-77.84219, -6.97688], [-77.83435, -6.95721], [-77.80193, -6.96614], [-77.7793, -6.94145], [-77.75893, -6.96451], [-77.73838, -6.94834], [-77.73382, -6.92858], [-77.71576, -6.9212], [-77.7072, -6.90818], [-77.72332, -6.89346], [-77.76475, -6.79976], [-77.7319, -6.78347], [-77.74811, -6.74492], [-77.7395, -6.7111], [-77.74637, -6.66899], [-77.7403, -6.64746], [-77.71594, -6.65912], [-77.70193, -6.67676], [-77.68837, -6.67737], [-77.66266, -6.6599], [-77.65487, -6.63397], [-77.62666, -6.61274], [-77.65587, -6.60366], [-77.66655, -6.57826], [-77.69138, -6.58609], [-77.70618, -6.58159], [-77.70672, -6.55977], [-77.72618, -6.55206], [-77.72884, -6.49412], [-77.73913, -6.46478], [-77.7326, -6.45315], [-77.74606, -6.4366], [-77.74352, -6.42066], [-77.75226, -6.40355], [-77.72986, -6.37162], [-77.70431, -6.36147], [-77.70835, -6.34095], [-77.69537, -6.33503], [-77.67004, -6.33982], [-77.62909, -6.31374], [-77.61757, -6.28076], [-77.58901, -6.30442], [-77.56788, -6.30946], [-77.55481, -6.30258], [-77.54013, -6.28745], [-77.5277, -6.25896], [-77.52976, -6.24571], [-77.5153, -6.22504], [-77.46965, -6.18646], [-77.48807, -6.1586], [-77.49974, -6.154], [-77.4976, -6.13282], [-77.50938, -6.11873], [-77.50652, -6.08931], [-77.52117, -6.08543], [-77.53381, -6.06337], [-77.55474, -6.05073], [-77.5668, -6.02812], [-77.5862, -6.03692], [-77.59636, -6.03333], [-77.59771, -6.00442], [-77.63914, -6.00108], [-77.67167, -5.9741]]]}}, {"type": "Feature", "properties": {"admin2_pcode": "PE1203", "admin2_name": "Chanchamayo", "admin1_name": "Junin"}, "geometry": {"type": "Polygon", "coordinates": [[[-74.70017, -10.87789], [-74.70795, -10.85816], [-74.73431, -10.83333], [-74.76036, -10.82514], [-74.79483, -10.82987], [-74.83131, -10.78054], [-74.85114, -10.73297], [-74.87816, -10.7007], [-74.88754, -10.71074], [-74.86594, -10.75897], [-74.88524, -10.7706], [-74.91328, -10.74839], [-74.91801, -10.75513], [-74.93829, -10.7496], [-74.95648, -10.73282], [-74.98282, -10.74979], [-74.98734, -10.73416], [-75.00649, -10.7188], [-75.01173, -10.67953], [-75.0207, -10.67369], [-75.03564, -10.68232], [-75.06507, -10.65289], [-75.07432, -10.66581], [-75.07162, -10.67785], [-75.08845, -10.68354], [-75.10964, -10.72399], [-75.14233, -10.74125], [-75.15708, -10.76198], [-75.1747, -10.74544], [-75.18995, -10.7804], [-75.20418, -10.76468], [-75.2439, -10.76388], [-75.24796, -10.8031], [-75.28308, -10.84103], [-75.30427, -10.83824], [-75.34542, -10.79949], [-75.36189, -10.81917], [-75.35473, -10.82854], [-75.36274, -10.85011], [-75.38573, -10.86494], [-75.39629, -10.85323], [-75.41072, -10.8617], [-75.41782, -10.89024], [-75.43685, -10.8795], [-75.45335, -10.9003], [-75.43552, -10.91213], [-75.42234, -10.95729], [-75.44054, -10.96921], [-75.45501, -10.99917], [-75.4452, -11.00703], [-75.45178, -11.01589], [-75.46412, -11.02421], [-75.48193, -11.01616], [-75.49936, -11.02281], [-75.52869, -11.05057], [-75.58367, -11.05069], [-75.60229, -11.0744], [-75.62464, -11.07726], [-75.66739, -11.09827], [-75.67084, -11.11146], [-75.65583, -11.12135], [-75.63768, -11.1642], [-75.6202, -11.15518], [-75.60221, -11.17249], [-75.58394, -11.1679], [-75.59056, -11.19145], [-75.57931, -11.22873], [-75.50673, -11.22408], [-75.43479, -11.25821], [-75.30659, -11.30085], [-75.0284, -11.35023], [-75.02577, -11.33971], [-75.051, -11.30869], [-75.04416, -11.29759], [-75.03777, -11.30413], [-75.01153, -11.29561], [-74.96824, -11.3003], [-74.89036, -11.27009], [-74.89487, -11.24627], [-74.88809, -11.23954], [-74.89123, -11.23387], [-74.90336, -11.23744], [-74.91106, -11.21575], [-74.90286, -11.20171], [-74.90499, -11.18696], [-74.89143, -11.18929], [-74.89914, -11.16666], [-74.878, -11.16238], [-74.85967, -11.14381], [-74.85424, -11.148], [-74.84332, -11.12569], [-74.8392, -11.13096], [-74.8371, -11.12367], [-74.8162, -11.12352], [-74.81042, -11.10794], [-74.79178, -11.09776], [-74.7857, -11.10192], [-74.76265, -11.07201], [-74.74654, -11.07029], [-74.75236, -11.03467], [-74.74776, -11.01134], [-74.71779, -11.02062], [-74.68544, -11.00999], [-74.64608, -11.00885], [-74.62577, -10.98254], [-74.62776, -10.96511], [-74.64318, -10.95743], [-74.66124, -10.95283], [-74.67159, -10.95808], [-74.67904, -10.95114], [-74.69875, -10.95655], [-74.69375, -10.93307], [-74.70202, -10.915], [-74.69534, -10.89394], [-74.70017, -10.87789]]]}}, {"type": "Feature", "properties": {"admin2_pcode": "PE1304", "admin2_name": "Chepen", "admin1_name": "La Libertad"}, "geometry": {"type": "Polygon", "coordinates": [[[-79.32259, -7.02568], [-79.35961, -7.00497], [-79.40076, -6.95693], [-79.45501, -6.94631], [-79.46879, -6.9665], [-79.50802, -6.97044], [-79.52877, -7.00529], [-79.69062, -7.17713], [-79.62134, -7.25027], [-79.59972, -7.28575], [-79.55665, -7.28768], [-79.54136, -7.246], [-79.50916, -7.25879], [-79.50082, -7.23392], [-79.48581, -7.23018], [-79.4885, -7.22129], [-79.47168, -7.2302], [-79.46216, -7.22368], [-79.42477, -7.25472], [-79.40397, -7.30235], [-79.36928, -7.32412], [-79.32753, -7.30894], [-79.30685, -7.28371], [-79.28263, -7.27506], [-79.26915, -7.27834], [-79.27932, -7.2477], [-79.26903, -7.22805], [-79.27555, -7.21554], [-79.2518, -7.19835], [-79.27455, -7.18278], [-79.28096, -7.15708], [-79.3053, -7.14715], [-79.29619, -7.12962], [-79.3137, -7.12066], [-79.31292, -7.09039], [-79.33049, -7.07597], [-79.32259, -7.02568]]]}}, {"type": "Feature", "properties": {"admin2_pcode": "PE1401", "admin2_name": "Chiclayo", "admin1_name": "Lambayeque"}, "geometry": {"type": "Polygon", "coordinates": [[[-79.22906, -6.67141], [-79.27187, -6.68027], [-79.29559, -6.67614], [-79.30402, -6.65161], [-79.32589, -6.6405], [-79.34475, -6.64646], [-79.3625, -6.63477], [-79.33574, -6.60243], [-79.34793, -6.57369], [-79.36066, -6.56884], [-79.36961, -6.5208], [-79.40443, -6.54132], [-79.41936, -6.5366], [-79.41714, -6.50532], [-79.43388, -6.48127], [-79.49187, -6.521], [-79.50814, -6.51338], [-79.5366, -6.51887], [-79.55764, -6.50484], [-79.5808, -6.5041], [-79.61926, -6.51036], [-79.64121, -6.53094], [-79.64148, -6.5729], [-79.62937, -6.58183], [-79.62349, -6.60194], [-79.61062, -6.59622], [-79.60397, -6.6014], [-79.60438, -6.61725], [-79.5898, -6.6312], [-79.59395, -6.64076], [-79.6081, -6.64393], [-79.61047, -6.65531], [-79.62522, -6.65229], [-79.6249, -6.70196], [-79.6578, -6.69606], [-79.66369, -6.71519], [-79.69842, -6.68888], [-79.69955, -6.67825], [-79.72966, -6.68929], [-79.78143, -6.67959], [-79.83075, -6.72328], [-79.86574, -6.71786], [-79.89379, -6.72913], [-79.90074, -6.75923], [-79.9424, -6.8205], [-79.93185, -6.87331], [-79.87279, -6.92347], [-79.86612, -6.9486], [-79.75364, -7.04341], [-79.6862, -7.12046], [-79.68191, -7.15214], [-79.69062, -7.17713], [-79.52877, -7.00529], [-79.50802, -6.97044], [-79.46879, -6.9665], [-79.45501, -6.94631], [-79.40076, -6.95693], [-79.35961, -7.00497], [-79.32259, -7.02568], [-79.29665, -7.00074], [-79.30729, -6.96862], [-79.29923, -6.94072], [-79.31014, -6.9254], [-79.31101, -6.90134], [-79.29564, -6.8835], [-79.27308, -6.87665], [-79.26274, -6.85916], [-79.22479, -6.85838], [-79.20709, -6.82144], [-79.12085, -6.77697], [-79.13875, -6.73924], [-79.14197, -6.70041], [-79.17105, -6.7017], [-79.18843, -6.71654], [-79.19645, -6.69517], [-79.21845, -6.69268], [-79.22906, -6.67141]]]}}, {"type": "Feature", "properties": {"admin2_pcode": "PE1102", "admin2_name": "Chincha", "admin1_name": "Ica"}, "geometry": {"type": "Polygon", "coordinates": [[[-75.68928, -13.43967], [-75.71883, -13.41258], [-75.74494, -13.40479], [-75.76252, -13.41377], [-75.80599, -13.40143], [-75.80966, -13.38886], [-75.78448, -13.33245], [-75.75416, -13.30894], [-75.73093, -13.31031], [-75.70648, -13.28829], [-75.70244, -13.22689], [-75.68895, -13.21427], [-75.70629, -13.18765], [-75.69399, -13.14663], [-75.70785, -13.14272], [-75.71877, -13.10976], [-75.70552, -13.08044], [-75.69496, -13.07479], [-75.68662, -13.04307], [-75.67631, -13.0427], [-75.6776, -13.05448], [-75.65252, -13.0705], [-75.62861, -13.05707], [-75.63927, -13.03201], [-75.60864, -13.00406], [-75.60267, -12.97936], [-75.61439, -12.96493], [-75.6375, -12.97324], [-75.63651, -12.98758], [-75.66705, -12.99656], [-75.66573, -13.01649], [-75.68607, -13.02532], [-75.69055, -13.03511], [-75.72323, -13.03875], [-75.76459, -13.01824], [-75.77248, -13.03786], [-75.80084, -13.06033], [-75.81792, -13.05215], [-75.82689, -13.02941], [-75.85222, -13.03531], [-75.87878, -13.01599], [-75.9393, -12.99099], [-75.9614, -13.00138], [-75.9692, -13.04164], [-76.02613, -13.09778], [-76.15525, -13.1922], [-76.16268, -13.22607], [-76.20288, -13.30168], [-76.24479, -13.32351], [-76.20843, -13.38099], [-76.18566, -13.44807], [-76.19161, -13.5945], [-76.15246, -13.59242], [-76.08747, -13.56408], [-76.04975, -13.57694], [-76.03787, -13.56268], [-76.00667, -13.56097], [-75.98697, -13.57164], [-75.97331, -13.59772], [-75.96327, -13.59998], [-75.95868, -13.61999], [-75.94554, -13.61897], [-75.93488, -13.63145], [-75.89935, -13.62602], [-75.88906, -13.61259], [-75.86385, -13.61143], [-75.83503, -13.62523], [-75.81565, -13.62056], [-75.80512, -13.59378], [-75.81355, -13.57818], [-75.78722, -13.56997], [-75.78414, -13.55888], [-75.77318, -13.55593], [-75.75277, -13.514], [-75.75619, -13.50123], [-75.73229, -13.49328], [-75.70751, -13.47179], [-75.709, -13.45876], [-75.68928, -13.43967]]]}}, {"type": "Feature", "properties": {"admin2_pcode": "PE0306", "admin2_name": "Chincheros", "admin1_name": "Apurimac"}, "geometry": {"type": "Polygon", "coordinates": [[[-73.44539, -13.43036], [-73.48151, -13.43104], [-73.50711, -13.38412], [-73.52159, -13.38772], [-73.54344, -13.36428], [-73.5709, -13.36312], [-73.57363, -13.3389], [-73.62524, -13.32114], [-73.66335, -13.2819], [-73.68698, -13.2821], [-73.6987, -13.26527], [-73.72764, -13.26831], [-73.72683, -13.26054], [-73.73637, -13.25745], [-73.73086, -13.24265], [-73.74009, -13.21148], [-73.72896, -13.18787], [-73.74201, -13.17455], [-73.77192, -13.17461], [-73.77393, -13.18515], [-73.79334, -13.19391], [-73.80056, -13.21536], [-73.80882, -13.2151], [-73.82637, -13.26973], [-73.80705, -13.31483], [-73.8321, -13.33016], [-73.82874, -13.34727], [-73.84696, -13.39743], [-73.82739, -13.43374], [-73.83855, -13.45417], [-73.8348, -13.47018], [-73.81081, -13.5218], [-73.7958, -13.60432], [-73.80594, -13.61376], [-73.79556, -13.63555], [-73.74362, -13.65556], [-73.72776, -13.66908], [-73.72849, -13.68314], [-73.71424, -13.68967], [-73.71514, -13.70453], [-73.70193, -13.70528], [-73.67371, -13.73074], [-73.62896, -13.73658], [-73.60618, -13.72877], [-73.61466, -13.70009], [-73.59268, -13.65018], [-73.60698, -13.62222], [-73.60443, -13.60993], [-73.58677, -13.60929], [-73.5704, -13.59626], [-73.5304, -13.61676], [-73.50048, -13.59619], [-73.49208, -13.57733], [-73.45106, -13.59296], [-73.46081, -13.54621], [-73.48367, -13.50662], [-73.47012, -13.48552], [-73.47677, -13.47425], [-73.44539, -13.43036]]]}}, {"type": "Feature", "properties": {"admin2_pcode": "PE0604", "admin2_name": "Chota", "admin1_name": "Cajamarca"}, "geometry": {"type": "Polygon", "coordinates": [[[-78.41973, -6.18842], [-78.47584, -6.13263], [-78.47873, -6.11268], [-78.49805, -6.10285], [-78.49835, -6.08945], [-78.50906, -6.08531], [-78.52045, -6.10869], [-78.52371, -6.13942], [-78.51718, -6.15305], [-78.53407, -6.19165], [-78.53033, -6.21434], [-78.50968, -6.24576], [-78.51076, -6.28419], [-78.52015, -6.2917], [-78.5406, -6.288], [-78.58349, -6.30647], [-78.66774, -6.31504], [-78.67177, -6.33268], [-78.68905, -6.34294], [-78.69161, -6.35558], [-78.71409, -6.36848], [-78.71335, -6.39533], [-78.72991, -6.41434], [-78.74718, -6.41977], [-78.74633, -6.44149], [-78.73222, -6.45989], [-78.74781, -6.4755], [-78.75894, -6.51212], [-78.75637, -6.53379], [-78.76677, -6.55007], [-78.78669, -6.53768], [-78.80511, -6.50528], [-78.84391, -6.48896], [-78.81905, -6.47597], [-78.79599, -6.44103], [-78.83361, -6.42819], [-78.86482, -6.43865], [-78.89724, -6.43177], [-78.9134, -6.40355], [-78.91644, -6.37053], [-78.93147, -6.34661], [-78.95696, -6.33161], [-78.9883, -6.29136], [-79.05455, -6.3292], [-79.06974, -6.30837], [-79.08562, -6.32003], [-79.11965, -6.2912], [-79.14147, -6.29071], [-79.16261, -6.2728], [-79.19916, -6.27041], [-79.21083, -6.27781], [-79.20587, -6.24988], [-79.21666, -6.24698], [-79.22228, -6.21198], [-79.24917, -6.22178], [-79.27905, -6.22926], [-79.277, -6.24155], [-79.30049, -6.26747], [-79.32179, -6.26306], [-79.33235, -6.26886], [-79.35277, -6.30398], [-79.38794, -6.29829], [-79.42768, -6.3174], [-79.44289, -6.35967], [-79.45845, -6.37209], [-79.44667, -6.37672], [-79.45316, -6.39909], [-79.42289, -6.45188], [-79.4227, -6.46749], [-79.43388, -6.48127], [-79.41714, -6.50532], [-79.41936, -6.5366], [-79.40443, -6.54132], [-79.36961, -6.5208], [-79.36066, -6.56884], [-79.34793, -6.57369], [-79.33574, -6.60243], [-79.3625, -6.63477], [-79.34475, -6.64646], [-79.32589, -6.6405], [-79.30402, -6.65161], [-79.29559, -6.67614], [-79.27187, -6.68027], [-79.22906, -6.67141], [-79.23935, -6.61917], [-79.25295, -6.60955], [-79.22139, -6.61254], [-79.19367, -6.62841], [-79.12684, -6.63222], [-79.09428, -6.60175], [-79.08754, -6.55814], [-79.06214, -6.51959], [-79.05471, -6.51677], [-79.04776, -6.5248], [-79.0255, -6.51314], [-78.99063, -6.51168], [-78.9647, -6.53198], [-78.92858, -6.50346], [-78.90614, -6.52781], [-78.85692, -6.52092], [-78.82106, -6.52697], [-78.80964, -6.55425], [-78.794, -6.55272], [-78.77665, -6.56311], [-78.78638, -6.58124], [-78.77295, -6.57996], [-78.76004, -6.59608], [-78.75802, -6.63212], [-78.72162, -6.62918], [-78.67731, -6.65983], [-78.65854, -6.66382], [-78.64974, -6.68076], [-78.63651, -6.65454], [-78.59138, -6.63288], [-78.5604, -6.59785], [-78.55025, -6.5955], [-78.52966, -6.60912], [-78.50605, -6.60249], [-78.49888, -6.58751], [-78.45828, -6.56047], [-78.44216, -6.57191], [-78.43709, -6.55998], [-78.43562, -6.57356], [-78.41297, -6.59586], [-78.37085, -6.57398], [-78.33977, -6.58145], [-78.35382, -6.56136], [-78.35536, -6.5243], [-78.36437, -6.51577], [-78.36852, -6.48947], [-78.36546, -6.47215], [-78.34308, -6.45176], [-78.32135, -6.44997], [-78.29714, -6.40105], [-78.27793, -6.38896], [-78.29126, -6.37252], [-78.30325, -6.37411], [-78.33373, -6.35098], [-78.33539, -6.31868], [-78.36934, -6.27329], [-78.37009, -6.23908], [-78.40072, -6.22789], [-78.41899, -6.20571], [-78.41973, -6.18842]]]}}, {"type": "Feature", "properties": {"admin2_pcode": "PE2104", "admin2_name": "Chucuito", "admin1_name": "Puno"}, "geometry": {"type": "Polygon", "coordinates": [[[-69.51389, -16.17997], [-69.53953, -16.1757], [-69.55568, -16.18431], [-69.57262, -16.17434], [-69.58554, -16.2262], [-69.58034, -16.25185], [-69.592, -16.28621], [-69.60903, -16.30074], [-69.63217, -16.30092], [-69.65506, -16.31511], [-69.65209, -16.33916], [-69.66572, -16.3319], [-69.67239, -16.33701], [-69.67622, -16.34783], [-69.66804, -16.36461], [-69.68673, -16.37796], [-69.6607, -16.42593], [-69.62346, -16.42864], [-69.58293, -16.44296], [-69.56304, -16.43129], [-69.55442, -16.44637], [-69.53606, -16.41799], [-69.51688, -16.43506], [-69.4838, -16.42874], [-69.47159, -16.4587], [-69.47094, -16.47462], [-69.4801, -16.48729], [-69.47457, -16.50922], [-69.48828, -16.52635], [-69.48505, -16.55485], [-69.49916, -16.56552], [-69.48891, -16.58881], [-69.48757, -16.62394], [-69.49851, -16.63729], [-69.49756, -16.65565], [-69.50688, -16.66115], [-69.52567, -16.65522], [-69.54251, -16.67118], [-69.53682, -16.69846], [-69.51963, -16.71833], [-69.51163, -16.74687], [-69.51988, -16.7723], [-69.5401, -16.78718], [-69.54692, -16.81045], [-69.56585, -16.8332], [-69.55506, -16.84927], [-69.56601, -16.87643], [-69.55657, -16.89519], [-69.56846, -16.91692], [-69.53406, -16.96529], [-69.54658, -16.97944], [-69.53631, -17.01378], [-69.54523, -17.03971], [-69.53477, -17.06086], [-69.57128, -17.08464], [-69.58603, -17.07903], [-69.60297, -17.09576], [-69.58738, -17.11287], [-69.58949, -17.14096], [-69.5628, -17.17498], [-69.5569, -17.15928], [-69.51185, -17.14617], [-69.44913, -17.09775], [-69.43292, -17.10986], [-69.40627, -17.10029], [-69.37374, -17.07312], [-69.37309, -17.04831], [-69.39358, -17.02057], [-69.36901, -16.99041], [-69.33543, -16.98026], [-69.32008, -16.96075], [-69.32459, -16.95154], [-69.30467, -16.91584], [-69.2534, -16.86099], [-69.21924, -16.83613], [-69.19753, -16.79924], [-69.18619, -16.79755], [-69.17001, -16.72754], [-69.13644, -16.71354], [-69.10452, -16.71246], [-69.05521, -16.68665], [-69.04346, -16.68784], [-68.9961, -16.65658], [-69.01705, -16.63815], [-69.0313, -16.60581], [-69.03677, -16.5599], [-69.06767, -16.53124], [-69.08133, -16.49868], [-69.098, -16.49777], [-69.09183, -16.47016], [-69.06604, -16.4524], [-69.05529, -16.43255], [-69.04661, -16.43465], [-69.04295, -16.4204], [-69.06014, -16.40431], [-69.05422, -16.39263], [-69.06668, -16.39294], [-69.0829, -16.37618], [-69.11304, -16.36592], [-69.12426, -16.3655], [-69.12463, -16.39473], [-69.13631, -16.39725], [-69.1451, -16.37397], [-69.13646, -16.35465], [-69.14134, -16.33158], [-69.17818, -16.31395], [-69.18985, -16.31547], [-69.20332, -16.30064], [-69.20017, -16.26419], [-69.22842, -16.26819], [-69.23502, -16.26204], [-69.24638, -16.2708], [-69.23751, -16.27326], [-69.24599, -16.28479], [-69.25777, -16.28583], [-69.25809, -16.3001], [-69.28205, -16.28687], [-69.29024, -16.27138], [-69.28667, -16.25932], [-69.2951, -16.26039], [-69.29472, -16.2541], [-69.35523, -16.25106], [-69.37561, -16.23558], [-69.39939, -16.2069], [-69.4004, -16.19937], [-69.38363, -16.19103], [-69.3883, -16.1804], [-69.40401, -16.1904], [-69.43386, -16.18055], [-69.45996, -16.20207], [-69.47271, -16.19821], [-69.49284, -16.20841], [-69.50896, -16.19505], [-69.51389, -16.17997]]]}}, {"type": "Feature", "properties": {"admin2_pcode": "PE0807", "admin2_name": "Chumbivilcas", "admin1_name": "Cusco"}, "geometry": {"type": "Polygon", "coordinates": [[[-71.69971, -14.11629], [-71.70067, -14.12629], [-71.68234, -14.14604], [-71.67343, -14.19623], [-71.68768, -14.24082], [-71.67966, -14.26492], [-71.69266, -14.27873], [-71.73038, -14.26567], [-71.74493, -14.27535], [-71.75973, -14.25966], [-71.74031, -14.25378], [-71.74071, -14.24001], [-71.76372, -14.19242], [-71.80204, -14.17971], [-71.8102, -14.20007], [-71.86611, -14.20432], [-71.88597, -14.19371], [-71.90477, -14.16093], [-71.91726, -14.155], [-71.90189, -14.13691], [-71.90824, -14.11923], [-71.90325, -14.10832], [-71.91123, -14.0917], [-71.91041, -14.05766], [-71.94359, -14.00631], [-71.9382, -13.97943], [-71.95789, -13.99299], [-71.96514, -13.98678], [-71.95893, -13.97735], [-71.96804, -13.96034], [-71.98548, -13.94684], [-72.01662, -13.94822], [-72.05568, -13.93485], [-72.06017, -13.96509], [-72.0512, -14.02675], [-72.06308, -14.04568], [-72.0679, -14.07654], [-72.05669, -14.12934], [-72.09519, -14.1734], [-72.07648, -14.20743], [-72.08536, -14.20861], [-72.12593, -14.254], [-72.16117, -14.26379], [-72.18711, -14.31322], [-72.20558, -14.32025], [-72.22484, -14.34929], [-72.23952, -14.34847], [-72.24951, -14.40293], [-72.2948, -14.41079], [-72.28986, -14.42393], [-72.3172, -14.44069], [-72.34089, -14.42784], [-72.35763, -14.43596], [-72.36549, -14.46177], [-72.39495, -14.48301], [-72.44131, -14.48237], [-72.44444, -14.49703], [-72.4876, -14.52937], [-72.50301, -14.55184], [-72.4617, -14.60587], [-72.47177, -14.6614], [-72.46013, -14.67576], [-72.47151, -14.70515], [-72.48685, -14.71318], [-72.48846, -14.72346], [-72.48264, -14.73041], [-72.48643, -14.74251], [-72.46864, -14.76253], [-72.46918, -14.78699], [-72.45968, -14.78263], [-72.43457, -14.79014], [-72.41961, -14.80632], [-72.41776, -14.82193], [-72.40648, -14.82709], [-72.31544, -14.83386], [-72.25264, -14.80366], [-72.24158, -14.81249], [-72.22063, -14.79997], [-72.2122, -14.80324], [-72.18932, -14.77824], [-72.15967, -14.78634], [-72.14574, -14.77742], [-72.13168, -14.7894], [-72.1386, -14.81224], [-72.13117, -14.82831], [-72.09025, -14.8568], [-72.07662, -14.8837], [-72.04658, -14.88731], [-72.04032, -14.83922], [-72.02522, -14.82911], [-72.04052, -14.8105], [-72.03449, -14.79294], [-72.04779, -14.73877], [-72.04442, -14.70281], [-72.01268, -14.64556], [-71.98942, -14.63277], [-71.97356, -14.65799], [-71.92928, -14.6893], [-71.95218, -14.7038], [-71.94601, -14.71106], [-71.95897, -14.73259], [-71.93282, -14.75646], [-71.92899, -14.78496], [-71.9202, -14.79148], [-71.8939, -14.7896], [-71.90207, -14.76682], [-71.87907, -14.75731], [-71.89265, -14.74651], [-71.88062, -14.71037], [-71.86751, -14.71048], [-71.84992, -14.68914], [-71.82238, -14.7059], [-71.80027, -14.71], [-71.78402, -14.7018], [-71.77775, -14.68252], [-71.76034, -14.67933], [-71.74931, -14.66173], [-71.73707, -14.65813], [-71.75377, -14.62494], [-71.71278, -14.61042], [-71.7117, -14.58127], [-71.68882, -14.56657], [-71.65884, -14.56287], [-71.64906, -14.55344], [-71.64776, -14.53217], [-71.6463, -14.50244], [-71.62528, -14.49853], [-71.60497, -14.47757], [-71.60914, -14.44506], [-71.58782, -14.43765], [-71.57594, -14.41828], [-71.54975, -14.40552], [-71.55342, -14.38483], [-71.56864, -14.37505], [-71.55488, -14.36181], [-71.56023, -14.34143], [-71.54912, -14.26238], [-71.52587, -14.26572], [-71.51497, -14.25255], [-71.52199, -14.2227], [-71.54392, -14.19617], [-71.54988, -14.1752], [-71.56604, -14.15959], [-71.59573, -14.14989], [-71.6092, -14.15388], [-71.62491, -14.13668], [-71.69971, -14.11629]]]}}, {"type": "Feature", "properties": {"admin2_pcode": "PE1209", "admin2_name": "Chupaca", "admin1_name": "Junin"}, "geometry": {"type": "Polygon", "coordinates": [[[-75.55959, -12.41072], [-75.48812, -12.39835], [-75.44285, -12.36983], [-75.40998, -12.36396], [-75.3601, -12.33557], [-75.35254, -12.32761], [-75.35723, -12.30892], [-75.31461, -12.27015], [-75.30356, -12.2711], [-75.29985, -12.25827], [-75.27158, -12.26662], [-75.27391, -12.25764], [-75.26425, -12.24866], [-75.25204, -12.25519], [-75.24627, -12.24933], [-75.24854, -12.22402], [-75.27592, -12.17729], [-75.2653, -12.15677], [-75.24052, -12.14982], [-75.23184, -12.1204], [-75.23563, -12.07038], [-75.23879, -12.06307], [-75.29171, -12.05558], [-75.31651, -12.04147], [-75.31312, -12.03376], [-75.32507, -12.00933], [-75.36974, -12.03328], [-75.38442, -12.03842], [-75.38888, -12.03316], [-75.42724, -12.06281], [-75.45992, -12.06672], [-75.45849, -12.07884], [-75.47239, -12.08659], [-75.47813, -12.10474], [-75.51821, -12.12173], [-75.53239, -12.1457], [-75.52569, -12.16415], [-75.5352, -12.187], [-75.5798, -12.15825], [-75.58586, -12.14515], [-75.62752, -12.14174], [-75.64142, -12.14922], [-75.64847, -12.17421], [-75.6687, -12.18342], [-75.67126, -12.19246], [-75.65273, -12.20567], [-75.64214, -12.22962], [-75.5867, -12.29925], [-75.5886, -12.325], [-75.56822, -12.33164], [-75.5487, -12.36424], [-75.56615, -12.4043], [-75.56694, -12.4122], [-75.55959, -12.41072]]]}}, {"type": "Feature", "properties": {"admin2_pcode": "PE0905", "admin2_name": "Churcampa", "admin1_name": "Huancavelica"}, "geometry": {"type": "Polygon", "coordinates": [[[-74.57599, -12.37317], [-74.60167, -12.35995], [-74.62499, -12.3685], [-74.59746, -12.40718], [-74.58743, -12.47115], [-74.59777, -12.4751], [-74.60355, -12.46865], [-74.6335, -12.4848], [-74.63865, -12.49264], [-74.6306, -12.51248], [-74.64676, -12.52546], [-74.69122, -12.52438], [-74.69654, -12.5478], [-74.70951, -12.55749], [-74.68909, -12.57186], [-74.69497, -12.5848], [-74.68646, -12.58986], [-74.67248, -12.59186], [-74.63937, -12.64679], [-74.62912, -12.64599], [-74.61459, -12.67146], [-74.60593, -12.67892], [-74.59428, -12.67544], [-74.59068, -12.6908], [-74.54863, -12.71544], [-74.54252, -12.74496], [-74.49903, -12.77082], [-74.50154, -12.78722], [-74.49111, -12.78582], [-74.46561, -12.80489], [-74.441, -12.79934], [-74.40406, -12.81217], [-74.38946, -12.80791], [-74.38971, -12.81464], [-74.3765, -12.81563], [-74.36126, -12.83454], [-74.32362, -12.83251], [-74.2949, -12.83015], [-74.29841, -12.80574], [-74.29573, -12.79895], [-74.28622, -12.80135], [-74.28497, -12.78831], [-74.29409, -12.75118], [-74.31353, -12.7371], [-74.32837, -12.74424], [-74.34937, -12.71714], [-74.34084, -12.69016], [-74.32717, -12.6802], [-74.34223, -12.62534], [-74.32423, -12.60386], [-74.36329, -12.59427], [-74.36632, -12.57583], [-74.38686, -12.56681], [-74.38427, -12.54485], [-74.40001, -12.52456], [-74.3987, -12.50269], [-74.41519, -12.49175], [-74.40158, -12.46748], [-74.40925, -12.45192], [-74.45393, -12.44391], [-74.50597, -12.44888], [-74.52167, -12.43683], [-74.5206, -12.40965], [-74.5349, -12.41], [-74.54943, -12.37385], [-74.56462, -12.36091], [-74.57599, -12.37317]]]}}, {"type": "Feature", "properties": {"admin2_pcode": "PE1202", "admin2_name": "Concepcion", "admin1_name": "Junin"}, "geometry": {"type": "Polygon", "coordinates": [[[-74.97294, -11.43818], [-74.98577, -11.43975], [-75.00029, -11.42676], [-75.01233, -11.44633], [-75.03278, -11.45505], [-75.03595, -11.4732], [-75.05536, -11.47081], [-75.06196, -11.48689], [-75.10011, -11.49745], [-75.13202, -11.52405], [-75.16295, -11.53494], [-75.17321, -11.56511], [-75.18761, -11.5749], [-75.18737, -11.58863], [-75.20263, -11.5992], [-75.19492, -11.62531], [-75.21156, -11.62486], [-75.21734, -11.63709], [-75.2122, -11.65084], [-75.22435, -11.66255], [-75.19161, -11.70891], [-75.20132, -11.74944], [-75.18693, -11.77612], [-75.23263, -11.76579], [-75.23757, -11.78084], [-75.26923, -11.79903], [-75.26623, -11.8125], [-75.30527, -11.83097], [-75.31189, -11.85828], [-75.33734, -11.85681], [-75.36882, -11.86878], [-75.37613, -11.86356], [-75.40099, -11.87424], [-75.35786, -11.9003], [-75.39308, -11.92605], [-75.40754, -11.92474], [-75.40803, -11.93485], [-75.43388, -11.95522], [-75.45229, -11.95859], [-75.46208, -11.93581], [-75.481, -11.93676], [-75.49927, -11.96641], [-75.46936, -11.99009], [-75.48951, -12.00746], [-75.53685, -12.02733], [-75.57494, -12.01332], [-75.58804, -12.00038], [-75.60979, -12.00751], [-75.62276, -12.0223], [-75.67486, -12.00808], [-75.68773, -12.01345], [-75.68299, -12.03567], [-75.6943, -12.04269], [-75.67389, -12.05792], [-75.68822, -12.08213], [-75.66358, -12.09093], [-75.63456, -12.11464], [-75.6387, -12.12153], [-75.62752, -12.14174], [-75.58586, -12.14515], [-75.5798, -12.15825], [-75.5352, -12.187], [-75.52569, -12.16415], [-75.53239, -12.1457], [-75.51821, -12.12173], [-75.47813, -12.10474], [-75.47239, -12.08659], [-75.45849, -12.07884], [-75.45992, -12.06672], [-75.42724, -12.06281], [-75.38888, -12.03316], [-75.38442, -12.03842], [-75.36974, -12.03328], [-75.32507, -12.00933], [-75.311, -12.00764], [-75.30396, -11.98534], [-75.2792, -11.98052], [-75.31278, -11.938], [-75.2941, -11.92165], [-75.29488, -11.88739], [-75.2666, -11.87305], [-75.27464, -11.86295], [-75.26285, -11.84957], [-75.26489, -11.83687], [-75.25071, -11.80994], [-75.17891, -11.79354], [-75.15978, -11.82156], [-75.12928, -11.84224], [-75.10451, -11.8327], [-75.08975, -11.83562], [-75.06249, -11.88896], [-75.04511, -11.85655], [-75.01162, -11.81999], [-74.99295, -11.81692], [-74.96728, -11.8448], [-74.95141, -11.82673], [-74.92149, -11.84609], [-74.8876, -11.84626], [-74.88536, -11.8356], [-74.85096, -11.80273], [-74.8689, -11.77747], [-74.84797, -11.77322], [-74.83935, -11.7628], [-74.76751, -11.76197], [-74.77874, -11.7412], [-74.7748, -11.72327], [-74.76494, -11.70717], [-74.74398, -11.70316], [-74.73738, -11.67562], [-74.72101, -11.66466], [-74.72722, -11.61245], [-74.74758, -11.60519], [-74.76185, -11.61199], [-74.76601, -11.5984], [-74.78627, -11.60346], [-74.81, -11.58726], [-74.82025, -11.58836], [-74.90764, -11.52951], [-74.91828, -11.52905], [-74.94186, -11.56535], [-74.97095, -11.5711], [-74.97496, -11.55076], [-74.96304, -11.52827], [-74.94781, -11.51787], [-74.95414, -11.50395], [-74.9179, -11.49053], [-74.91494, -11.4804], [-74.95076, -11.46269], [-74.97294, -11.43818]]]}}, {"type": "Feature", "properties": {"admin2_pcode": "PE0406", "admin2_name": "Condesuyos", "admin1_name": "Arequipa"}, "geometry": {"type": "Polygon", "coordinates": [[[-71.8939, -14.7896], [-71.9202, -14.79148], [-71.92899, -14.78496], [-71.93282, -14.75646], [-71.95897, -14.73259], [-71.94601, -14.71106], [-71.95218, -14.7038], [-71.92928, -14.6893], [-71.97356, -14.65799], [-71.98942, -14.63277], [-72.01268, -14.64556], [-72.04442, -14.70281], [-72.04779, -14.73877], [-72.03449, -14.79294], [-72.04052, -14.8105], [-72.02522, -14.82911], [-72.04032, -14.83922], [-72.04658, -14.88731], [-72.07662, -14.8837], [-72.09025, -14.8568], [-72.13117, -14.82831], [-72.1386, -14.81224], [-72.13168, -14.7894], [-72.14574, -14.77742], [-72.15967, -14.78634], [-72.18932, -14.77824], [-72.2122, -14.80324], [-72.22063, -14.79997], [-72.24158, -14.81249], [-72.25264, -14.80366], [-72.31544, -14.83386], [-72.30202, -14.89784], [-72.32201, -14.93], [-72.36665, -14.94765], [-72.37331, -14.95829], [-72.39864, -14.95697], [-72.41032, -14.9933], [-72.46671, -15.00957], [-72.47235, -15.01702], [-72.46184, -15.02279], [-72.46446, -15.03008], [-72.52462, -15.05113], [-72.52644, -15.06001], [-72.49818, -15.07983], [-72.485, -15.10892], [-72.50627, -15.15389], [-72.49677, -15.16874], [-72.52936, -15.19916], [-72.57382, -15.2006], [-72.60069, -15.22464], [-72.6198, -15.22046], [-72.64627, -15.2395], [-72.66413, -15.23331], [-72.73963, -15.25317], [-72.783, -15.24432], [-72.78955, -15.27757], [-72.81362, -15.30584], [-72.8372, -15.31788], [-72.84217, -15.35493], [-72.86163, -15.39749], [-72.89317, -15.41001], [-72.93378, -15.39448], [-72.96542, -15.39777], [-72.97758, -15.4191], [-72.98519, -15.4602], [-72.98105, -15.47862], [-72.98957, -15.49412], [-73.03496, -15.51878], [-73.08685, -15.56371], [-73.12572, -15.57036], [-73.20541, -15.5106], [-73.20643, -15.5295], [-73.22634, -15.5703], [-73.21888, -15.58929], [-73.21731, -15.64639], [-73.24088, -15.6862], [-73.24015, -15.71874], [-73.25593, -15.75269], [-73.25117, -15.77866], [-73.26244, -15.8255], [-73.25021, -15.86927], [-73.23325, -15.87405], [-73.19924, -15.88367], [-73.18871, -15.9045], [-73.17149, -15.91547], [-73.15117, -15.97967], [-73.17632, -16.00051], [-73.16454, -16.02006], [-73.13951, -16.00559], [-73.12373, -16.01314], [-73.10685, -15.9885], [-73.06639, -16.0182], [-72.99406, -16.01978], [-72.9404, -16.03692], [-72.91215, -16.0302], [-72.88039, -16.04976], [-72.84401, -16.12275], [-72.84122, -16.17446], [-72.81013, -16.22145], [-72.80923, -16.27128], [-72.79723, -16.30964], [-72.75203, -16.32676], [-72.74599, -16.33962], [-72.71322, -16.3631], [-72.67025, -16.42415], [-72.64095, -16.4476], [-72.60332, -16.46181], [-72.59363, -16.43048], [-72.60847, -16.40362], [-72.62007, -16.35495], [-72.65615, -16.29209], [-72.65108, -16.24781], [-72.66479, -16.24691], [-72.68741, -16.21851], [-72.68478, -16.19257], [-72.69394, -16.16399], [-72.68707, -16.12058], [-72.70785, -16.09176], [-72.71312, -16.05379], [-72.70159, -16.0084], [-72.68206, -15.98165], [-72.6653, -16.01763], [-72.62206, -16.01238], [-72.6031, -16.01725], [-72.59522, -16.02764], [-72.57478, -16.02857], [-72.58468, -15.99748], [-72.60153, -15.98735], [-72.60674, -15.97298], [-72.59005, -15.96251], [-72.59205, -15.93636], [-72.54366, -15.92254], [-72.51902, -15.90919], [-72.50746, -15.89086], [-72.52836, -15.86257], [-72.54436, -15.81012], [-72.57474, -15.78538], [-72.603, -15.72765], [-72.6172, -15.72133], [-72.62468, -15.70254], [-72.63406, -15.70775], [-72.63941, -15.70058], [-72.64611, -15.7099], [-72.6599, -15.71124], [-72.67101, -15.70251], [-72.68377, -15.66988], [-72.7038, -15.65536], [-72.70197, -15.63379], [-72.72352, -15.60302], [-72.71874, -15.58836], [-72.69038, -15.55836], [-72.6607, -15.54589], [-72.62875, -15.55971], [-72.60754, -15.55963], [-72.60273, -15.55076], [-72.58432, -15.55025], [-72.57068, -15.53865], [-72.55041, -15.54007], [-72.50762, -15.47826], [-72.52343, -15.43892], [-72.51902, -15.40561], [-72.46054, -15.38802], [-72.44067, -15.3982], [-72.42691, -15.36882], [-72.43953, -15.32133], [-72.43739, -15.29888], [-72.41959, -15.27053], [-72.36475, -15.24228], [-72.37693, -15.19779], [-72.35754, -15.15324], [-72.37192, -15.12173], [-72.35288, -15.0961], [-72.317, -15.0944], [-72.26547, -15.04325], [-72.2542, -14.9995], [-72.26128, -14.96757], [-72.25336, -14.94626], [-72.22733, -14.93118], [-72.21059, -14.90889], [-72.16581, -14.89619], [-72.16652, -14.88983], [-72.1494, -14.88126], [-72.0993, -14.89118], [-72.10955, -14.91802], [-72.10221, -14.95493], [-72.07192, -14.93739], [-72.04573, -14.94148], [-72.04646, -14.90678], [-72.03396, -14.89866], [-72.02812, -14.87686], [-72.00183, -14.88556], [-71.9759, -14.86947], [-71.95185, -14.83733], [-71.93997, -14.82281], [-71.91415, -14.83437], [-71.90652, -14.82626], [-71.90772, -14.80508], [-71.8939, -14.7896]]]}}, {"type": "Feature", "properties": {"admin2_pcode": "PE0104", "admin2_name": "Condorcanqui", "admin1_name": "Amazonas"}, "geometry": {"type": "Polygon", "coordinates": [[[-77.74529, -5.13302], [-77.77429, -5.09718], [-77.80132, -5.08597], [-77.81766, -5.09123], [-77.82228, -5.08179], [-77.81182, -5.05635], [-77.81387, -5.03981], [-77.82462, -5.03178], [-77.75845, -4.95005], [-77.76693, -4.92122], [-77.76015, -4.90935], [-77.79357, -4.84996], [-77.79184, -4.83295], [-77.79911, -4.82459], [-77.78927, -4.78511], [-77.79469, -4.76022], [-77.77188, -4.71756], [-77.73139, -4.68844], [-77.71597, -4.66509], [-77.69451, -4.65867], [-77.67257, -4.63048], [-77.65261, -4.57457], [-77.65965, -4.55797], [-77.64902, -4.54642], [-77.65546, -4.51854], [-77.64135, -4.51006], [-77.64063, -4.49652], [-77.61102, -4.49427], [-77.58909, -4.48046], [-77.56828, -4.42092], [-77.56586, -4.36554], [-77.58555, -4.25133], [-77.54841, -4.1054], [-77.53788, -3.9619], [-77.56902, -3.89307], [-77.56149, -3.87617], [-77.58192, -3.86282], [-77.60924, -3.82524], [-77.62822, -3.81705], [-77.65191, -3.78056], [-77.61562, -3.70772], [-77.61997, -3.62241], [-77.64301, -3.61935], [-77.66667, -3.57187], [-77.71646, -3.54231], [-77.71513, -3.51485], [-77.74564, -3.48223], [-77.77254, -3.42881], [-77.77786, -3.19186], [-77.79094, -3.11763], [-77.78583, -3.10628], [-77.79445, -3.08926], [-77.78766, -3.07478], [-77.79067, -3.05444], [-77.81725, -3.00079], [-77.80862, -2.98613], [-77.84457, -2.998], [-77.84005, -3.0082], [-77.94075, -3.06547], [-77.97076, -3.11741], [-77.98245, -3.11965], [-77.98496, -3.1336], [-78.00913, -3.15807], [-78.01269, -3.17885], [-78.03622, -3.18964], [-78.06477, -3.22445], [-78.09071, -3.23431], [-78.10725, -3.27715], [-78.14141, -3.32016], [-78.1368, -3.32654], [-78.15174, -3.32854], [-78.17031, -3.35064], [-78.19574, -3.36076], [-78.17774, -3.41009], [-78.15491, -3.41156], [-78.14464, -3.46116], [-78.14839, -3.48037], [-78.16039, -3.48007], [-78.19232, -3.50034], [-78.20049, -3.49548], [-78.21729, -3.50886], [-78.2314, -3.49881], [-78.22617, -3.49155], [-78.24426, -3.43776], [-78.24621, -3.40233], [-78.30265, -3.39975], [-78.34637, -3.38241], [-78.34426, -3.39182], [-78.35623, -3.40356], [-78.34138, -3.4271], [-78.35918, -3.46952], [-78.35538, -3.49435], [-78.36907, -3.53924], [-78.39119, -3.5601], [-78.38621, -3.57371], [-78.39475, -3.58776], [-78.39286, -3.60368], [-78.39978, -3.6062], [-78.38631, -3.6401], [-78.40082, -3.65041], [-78.39322, -3.67718], [-78.40024, -3.68973], [-78.41575, -3.68597], [-78.42344, -3.6932], [-78.4218, -3.72406], [-78.40248, -3.73539], [-78.41614, -3.76543], [-78.40937, -3.78239], [-78.436, -3.81912], [-78.46587, -3.82753], [-78.45996, -3.83699], [-78.47625, -3.85771], [-78.47784, -3.88316], [-78.4868, -3.89372], [-78.47555, -3.90606], [-78.48883, -3.93382], [-78.5245, -3.93726], [-78.54267, -3.97447], [-78.56611, -3.9933], [-78.56769, -4.0451], [-78.53723, -4.06159], [-78.56774, -4.10118], [-78.58115, -4.13487], [-78.57728, -4.19555], [-78.59998, -4.20922], [-78.60895, -4.22609], [-78.59854, -4.25792], [-78.61086, -4.26726], [-78.61824, -4.29422], [-78.64063, -4.3061], [-78.65262, -4.33484], [-78.63409, -4.41516], [-78.6031, -4.41098], [-78.60058, -4.42069], [-78.60329, -4.43133], [-78.62057, -4.43763], [-78.63448, -4.46402], [-78.63575, -4.50088], [-78.62542, -4.50051], [-78.61909, -4.51001], [-78.60077, -4.5071], [-78.58133, -4.53401], [-78.5888, -4.56107], [-78.57932, -4.60277], [-78.55429, -4.57908], [-78.52243, -4.58575], [-78.47123, -4.62967], [-78.46583, -4.64849], [-78.4411, -4.64706], [-78.41397, -4.65964], [-78.36126, -4.6477], [-78.34053, -4.67725], [-78.32999, -4.67965], [-78.31887, -4.66766], [-78.30025, -4.67524], [-78.28509, -4.67309], [-78.27298, -4.6612], [-78.262, -4.68124], [-78.26892, -4.70387], [-78.26242, -4.72104], [-78.22268, -4.66152], [-78.18642, -4.6561], [-78.17018, -4.63703], [-78.16025, -4.63437], [-78.14729, -4.64319], [-78.15366, -4.66213], [-78.14186, -4.65792], [-78.1397, -4.66671], [-78.13316, -4.66488], [-78.11973, -4.69771], [-78.14524, -4.7581], [-78.15414, -4.7627], [-78.13943, -4.77996], [-78.13638, -4.79353], [-78.14286, -4.80147], [-78.11931, -4.8421], [-78.12812, -4.84855], [-78.12778, -4.88329], [-78.16517, -4.9369], [-78.14587, -4.96816], [-78.14572, -4.99075], [-78.17918, -4.99557], [-78.19603, -5.03143], [-78.16771, -5.08091], [-78.13805, -5.08398], [-78.14383, -5.09557], [-78.15403, -5.09653], [-78.15801, -5.11636], [-78.1424, -5.11886], [-78.10557, -5.14553], [-78.09638, -5.1419], [-78.09725, -5.16901], [-78.07549, -5.17472], [-78.0569, -5.20859], [-78.07583, -5.2514], [-78.06761, -5.26527], [-78.07451, -5.28672], [-78.09676, -5.34128], [-78.10615, -5.342], [-78.07896, -5.39221], [-78.08056, -5.40237], [-78.07066, -5.41041], [-78.04833, -5.41053], [-78.05547, -5.39404], [-78.05152, -5.37603], [-78.02179, -5.36581], [-77.99239, -5.39178], [-77.95552, -5.39972], [-77.74529, -5.13302]]]}}, {"type": "Feature", "properties": {"admin2_pcode": "PE2402", "admin2_name": "Contralmirante Villar", "admin1_name": "Tumbes"}, "geometry": {"type": "Polygon", "coordinates": [[[-80.66645, -4.21506], [-80.64449, -4.2053], [-80.63564, -4.17926], [-80.61251, -4.17194], [-80.58348, -4.13891], [-80.55675, -4.05209], [-80.53928, -4.02924], [-80.51518, -4.02124], [-80.52805, -4.00316], [-80.52046, -3.97921], [-80.53339, -3.92886], [-80.52321, -3.90805], [-80.54022, -3.89908], [-80.55057, -3.88262], [-80.53979, -3.84319], [-80.54676, -3.83516], [-80.58996, -3.83121], [-80.57773, -3.78536], [-80.55898, -3.784], [-80.55217, -3.77221], [-80.55345, -3.73452], [-80.5808, -3.72706], [-80.57588, -3.70832], [-80.59779, -3.68141], [-80.59463, -3.6743], [-80.60415, -3.67007], [-80.5992, -3.64734], [-80.60473, -3.6372], [-80.62743, -3.66304], [-80.68363, -3.6795], [-80.72657, -3.7108], [-80.7536, -3.71817], [-80.78723, -3.74819], [-80.82869, -3.8373], [-80.83365, -3.87576], [-80.96419, -3.95899], [-80.97279, -3.97659], [-80.98681, -3.9847], [-81.01066, -4.04133], [-81.04142, -4.08755], [-81.01928, -4.11282], [-80.99996, -4.11136], [-80.97132, -4.12712], [-80.96165, -4.14824], [-80.96756, -4.1726], [-80.94409, -4.16848], [-80.93638, -4.17824], [-80.92368, -4.16948], [-80.88187, -4.1928], [-80.83723, -4.18936], [-80.80331, -4.17597], [-80.78337, -4.18057], [-80.76301, -4.17491], [-80.74475, -4.18429], [-80.73514, -4.17803], [-80.71968, -4.19419], [-80.6949, -4.19009], [-80.66645, -4.21506]]]}}, {"type": "Feature", "properties": {"admin2_pcode": "PE0605", "admin2_name": "Contumaza", "admin1_name": "Cajamarca"}, "geometry": {"type": "Polygon", "coordinates": [[[-78.91954, -7.21095], [-78.93376, -7.2022], [-78.9437, -7.20487], [-78.95568, -7.18767], [-78.98611, -7.19184], [-79.01662, -7.17878], [-79.04413, -7.19519], [-79.05802, -7.23956], [-79.0822, -7.25276], [-79.08759, -7.2209], [-79.10501, -7.19344], [-79.1244, -7.18058], [-79.14324, -7.19375], [-79.15502, -7.18623], [-79.17008, -7.19273], [-79.19848, -7.18543], [-79.21315, -7.19535], [-79.2518, -7.19835], [-79.27555, -7.21554], [-79.26903, -7.22805], [-79.27932, -7.2477], [-79.26915, -7.27834], [-79.28263, -7.27506], [-79.30685, -7.28371], [-79.32753, -7.30894], [-79.36928, -7.32412], [-79.3158, -7.35955], [-79.28225, -7.34907], [-79.27428, -7.36603], [-79.2457, -7.38671], [-79.23087, -7.39095], [-79.1968, -7.3729], [-79.1865, -7.37735], [-79.18734, -7.38872], [-79.18779, -7.39688], [-79.16177, -7.41838], [-79.15449, -7.43913], [-79.12276, -7.44164], [-79.06536, -7.4727], [-79.07155, -7.50535], [-79.05701, -7.5277], [-79.05985, -7.54668], [-79.0386, -7.56206], [-79.04123, -7.59989], [-78.9954, -7.65886], [-78.95992, -7.65874], [-78.94275, -7.62267], [-78.94434, -7.59842], [-78.91277, -7.55109], [-78.89591, -7.53744], [-78.8615, -7.53186], [-78.85109, -7.52212], [-78.86106, -7.49786], [-78.88464, -7.48056], [-78.84776, -7.45277], [-78.84162, -7.43762], [-78.80369, -7.41938], [-78.79435, -7.39722], [-78.78518, -7.39961], [-78.78129, -7.42367], [-78.76012, -7.40198], [-78.74473, -7.40739], [-78.73821, -7.42009], [-78.71333, -7.40964], [-78.69623, -7.41336], [-78.67655, -7.38361], [-78.66541, -7.37901], [-78.6524, -7.35131], [-78.63913, -7.34815], [-78.6278, -7.32925], [-78.63648, -7.31794], [-78.62978, -7.29871], [-78.60869, -7.27866], [-78.63073, -7.27396], [-78.64734, -7.25642], [-78.70217, -7.24171], [-78.74599, -7.21933], [-78.77975, -7.21417], [-78.80637, -7.22417], [-78.86705, -7.22028], [-78.89555, -7.22879], [-78.91954, -7.21095]]]}}, {"type": "Feature", "properties": {"admin2_pcode": "PE2501", "admin2_name": "Coronel Portillo", "admin1_name": "Ucayali"}, "geometry": {"type": "Polygon", "coordinates": [[[-73.98303, -7.53436], [-74.01209, -7.51388], [-74.01837, -7.49145], [-74.03647, -7.48124], [-74.03911, -7.44888], [-74.13294, -7.4008], [-74.14164, -7.37777], [-74.18086, -7.35875], [-74.23373, -7.36002], [-74.25366, -7.34368], [-74.28404, -7.3542], [-74.34431, -7.34473], [-74.36157, -7.33661], [-74.37018, -7.31727], [-74.41383, -7.3149], [-74.43132, -7.30159], [-74.44445, -7.30713], [-74.46352, -7.2986], [-74.47204, -7.27547], [-74.50009, -7.26205], [-74.53552, -7.29377], [-74.53469, -7.3182], [-74.56601, -7.35971], [-74.57952, -7.40993], [-74.61607, -7.43504], [-74.6429, -7.50009], [-74.64314, -7.56229], [-74.6088, -7.60878], [-74.57623, -7.63723], [-74.57082, -7.66849], [-74.58346, -7.68507], [-74.58208, -7.70601], [-74.55894, -7.74747], [-74.52434, -7.75713], [-74.51561, -7.77783], [-74.56975, -7.81598], [-74.59817, -7.86473], [-74.61014, -7.91398], [-74.62798, -7.93983], [-74.66844, -7.94564], [-74.71128, -7.979], [-74.72794, -7.98101], [-74.77903, -8.04238], [-74.84038, -8.05835], [-74.88793, -8.0842], [-74.9534, -8.01271], [-74.98226, -7.96899], [-75.00553, -7.97015], [-75.03335, -7.95005], [-75.09222, -7.97368], [-75.14411, -7.97909], [-75.14943, -8.00182], [-75.1857, -8.01844], [-75.1959, -8.05269], [-75.18932, -8.07904], [-75.21249, -8.10048], [-75.2124, -8.12393], [-75.23568, -8.1401], [-75.23541, -8.1505], [-75.24728, -8.15477], [-75.28789, -8.12549], [-75.32353, -8.13931], [-75.34662, -8.1297], [-75.37615, -8.13878], [-75.39813, -8.16847], [-75.4301, -8.1666], [-75.43927, -8.17494], [-75.43768, -8.19497], [-75.45297, -8.21007], [-75.41573, -8.24366], [-75.39108, -8.23615], [-75.37597, -8.24506], [-75.27178, -8.26355], [-75.24173, -8.24267], [-75.21777, -8.24012], [-75.20303, -8.25727], [-75.18428, -8.25727], [-75.17263, -8.26707], [-75.15089, -8.26478], [-75.13196, -8.27324], [-75.12992, -8.26548], [-75.11035, -8.26555], [-75.07206, -8.27813], [-75.04036, -8.31256], [-75.02664, -8.36286], [-75.00387, -8.38299], [-75.01621, -8.3929], [-75.01247, -8.40684], [-75.02983, -8.41633], [-75.02502, -8.44263], [-75.01372, -8.44918], [-75.01737, -8.45673], [-75.00899, -8.46128], [-75.01206, -8.47444], [-75.00506, -8.47802], [-74.99907, -8.50547], [-74.97742, -8.52324], [-74.96011, -8.56601], [-74.93918, -8.5923], [-74.95148, -8.6094], [-74.9668, -8.6658], [-74.94151, -8.72165], [-74.94634, -8.77983], [-74.96587, -8.80848], [-74.95447, -8.86357], [-74.9399, -8.85722], [-74.8522, -8.76309], [-74.84798, -8.69198], [-74.84078, -8.67907], [-74.84715, -8.66152], [-74.66415, -8.56191], [-74.63033, -8.55041], [-74.58298, -8.55109], [-74.54713, -8.58457], [-74.53612, -8.62986], [-74.5266, -8.755], [-74.53218, -8.77613], [-74.57287, -8.79265], [-74.58809, -8.81265], [-74.61831, -8.83203], [-74.62421, -8.88873], [-74.64431, -8.91878], [-74.65274, -8.97958], [-74.64787, -8.99577], [-74.66171, -9.00383], [-74.66916, -9.02026], [-74.65137, -9.04877], [-74.6584, -9.0714], [-74.67809, -9.09404], [-74.67186, -9.11054], [-74.63654, -9.12551], [-74.63956, -9.15968], [-74.62447, -9.21556], [-74.5899, -9.26717], [-74.58715, -9.29661], [-74.62537, -9.35021], [-74.62737, -9.36478], [-74.65432, -9.36877], [-74.65783, -9.38201], [-74.67275, -9.38888], [-74.68474, -9.40887], [-74.70942, -9.42221], [-74.67596, -9.44691], [-74.58109, -9.4766], [-74.58318, -9.49844], [-74.59349, -9.50736], [-74.57445, -9.54578], [-74.57485, -9.57272], [-74.53165, -9.5921], [-74.49383, -9.59222], [-74.49073, -9.61878], [-74.49729, -9.6376], [-74.48947, -9.65196], [-74.49464, -9.65615], [-74.49014, -9.6852], [-74.47409, -9.73012], [-74.45536, -9.74598], [-74.44724, -9.77715], [-74.4533, -9.86364], [-74.43541, -9.8736], [-74.41483, -9.90123], [-74.41233, -9.95396], [-74.36082, -9.90121], [-74.35922, -9.89291], [-74.37591, -9.871], [-74.37011, -9.84804], [-74.33831, -9.86586], [-74.33338, -9.83819], [-74.31991, -9.82729], [-74.31696, -9.80158], [-74.29546, -9.80649], [-74.28767, -9.79007], [-74.25342, -9.77173], [-74.21632, -9.77334], [-74.18599, -9.76535], [-74.14443, -9.70464], [-74.1038, -9.71234], [-74.06579, -9.70554], [-74.06946, -9.68661], [-74.04937, -9.65686], [-73.98578, -9.63518], [-73.95975, -9.61079], [-73.87554, -9.59656], [-73.81722, -9.52957], [-73.76475, -9.53088], [-73.74339, -9.54035], [-73.69049, -9.52775], [-73.66042, -9.54608], [-73.66531, -9.57197], [-73.6414, -9.59228], [-73.60919, -9.64441], [-73.56873, -9.65835], [-73.53627, -9.70962], [-73.51781, -9.715], [-73.46938, -9.75078], [-73.45935, -9.79561], [-73.37256, -9.8252], [-73.37038, -9.86162], [-73.30922, -9.89299], [-73.26795, -9.95227], [-73.22143, -9.9722], [-73.21874, -10.00017], [-73.18716, -10.01834], [-73.19703, -10.04765], [-73.19476, -10.07906], [-73.17947, -10.09385], [-73.15191, -10.03801], [-73.10302, -10.01072], [-73.09849, -9.98713], [-73.07993, -9.98839], [-73.06659, -9.9714], [-73.09412, -9.94851], [-73.11151, -9.92022], [-73.11404, -9.90284], [-73.09737, -9.88997], [-73.10068, -9.87669], [-73.16446, -9.86361], [-73.19848, -9.87023], [-73.20936, -9.85357], [-73.22785, -9.84781], [-73.21776, -9.82747], [-73.23864, -9.78743], [-73.24732, -9.74965], [-73.243, -9.7304], [-73.27658, -9.68421], [-73.26763, -9.67888], [-73.27282, -9.66426], [-73.23551, -9.65602], [-73.21926, -9.66337], [-73.21555, -9.65292], [-73.22496, -9.63237], [-73.21339, -9.57634], [-73.20015, -9.56845], [-73.20294, -9.54559], [-73.18963, -9.5268], [-73.20746, -9.48133], [-73.19362, -9.4629], [-73.20464, -9.44435], [-73.19123, -9.42663], [-73.20044, -9.4114], [-73.20345, -9.40577], [-73.18632, -9.39694], [-73.18876, -9.36322], [-73.17667, -9.35501], [-73.16938, -9.36039], [-73.14837, -9.3541], [-73.14809, -9.33672], [-73.1338, -9.33056], [-73.13141, -9.31832], [-73.10143, -9.30812], [-73.10733, -9.27535], [-73.09436, -9.26928], [-73.07352, -9.23461], [-73.0626, -9.2271], [-73.03639, -9.23475], [-73.02371, -9.22043], [-73.0093, -9.22236], [-73.00334, -9.19545], [-73.01229, -9.19505], [-73.02612, -9.17786], [-73.01178, -9.17413], [-73.00367, -9.16059], [-72.99016, -9.16203], [-72.9582, -9.14302], [-72.96008, -9.13313], [-72.94648, -9.12035], [-72.93999, -9.09325], [-72.94982, -9.07024], [-72.94306, -9.05353], [-72.94653, -9.03299], [-72.96307, -9.0121], [-72.94091, -8.98494], [-72.96798, -8.98101], [-72.99969, -8.91752], [-73.01928, -8.9113], [-73.0371, -8.91618], [-73.05889, -8.90577], [-73.07108, -8.86243], [-73.08004, -8.86032], [-73.07771, -8.84219], [-73.09579, -8.8364], [-73.11201, -8.8193], [-73.11465, -8.78441], [-73.13463, -8.76672], [-73.14055, -8.74961], [-73.13598, -8.73912], [-73.16724, -8.6983], [-73.20452, -8.68775], [-73.25547, -8.69022], [-73.26569, -8.67133], [-73.28488, -8.66433], [-73.30009, -8.63196], [-73.31188, -8.63191], [-73.31928, -8.61091], [-73.33651, -8.62096], [-73.34104, -8.61678], [-73.3352, -8.53304], [-73.32881, -8.52306], [-73.33183, -8.47404], [-73.37161, -8.47265], [-73.37615, -8.46376], [-73.38812, -8.47024], [-73.40671, -8.43129], [-73.42169, -8.43469], [-73.44131, -8.4254], [-73.48529, -8.38422], [-73.51987, -8.37298], [-73.52512, -8.3567], [-73.54191, -8.35022], [-73.52643, -8.32113], [-73.53761, -8.29677], [-73.52626, -8.27079], [-73.56299, -8.2455], [-73.58739, -8.24086], [-73.57141, -8.22366], [-73.58879, -8.19697], [-73.59569, -8.16456], [-73.58447, -8.12868], [-73.62625, -8.05746], [-73.61685, -8.03425], [-73.63925, -8.00653], [-73.66802, -8.01315], [-73.68166, -7.99675], [-73.6811, -7.98387], [-73.69987, -7.97632], [-73.70563, -7.9547], [-73.72678, -7.96585], [-73.73048, -7.95263], [-73.74789, -7.94737], [-73.7403, -7.92967], [-73.77226, -7.90916], [-73.75522, -7.89233], [-73.76582, -7.86622], [-73.76154, -7.8606], [-73.75827, -7.87067], [-73.73545, -7.87881], [-73.72091, -7.8724], [-73.70357, -7.87596], [-73.67922, -7.85964], [-73.67875, -7.78144], [-73.68904, -7.76668], [-73.71172, -7.76091], [-73.7148, -7.74239], [-73.73409, -7.74475], [-73.74142, -7.73329], [-73.80176, -7.71372], [-73.81982, -7.71576], [-73.82246, -7.70052], [-73.83606, -7.69223], [-73.83918, -7.66687], [-73.86654, -7.67624], [-73.90046, -7.64023], [-73.88902, -7.60355], [-73.9584, -7.56444], [-73.97857, -7.56147], [-73.98303, -7.53436]]]}}, {"type": "Feature", "properties": {"admin2_pcode": "PE0209", "admin2_name": "Corongo", "admin1_name": "Ancash"}, "geometry": {"type": "Polygon", "coordinates": [[[-77.72073, -8.65653], [-77.71364, -8.63183], [-77.70182, -8.62745], [-77.70862, -8.6123], [-77.69566, -8.60233], [-77.70915, -8.58627], [-77.68866, -8.57636], [-77.69127, -8.55682], [-77.71422, -8.54035], [-77.70304, -8.51087], [-77.73578, -8.47749], [-77.7414, -8.46], [-77.76454, -8.44161], [-77.76507, -8.42808], [-77.75523, -8.41869], [-77.75915, -8.40337], [-77.77402, -8.39578], [-77.78218, -8.40324], [-77.79886, -8.38119], [-77.85283, -8.40326], [-77.86073, -8.39337], [-77.87645, -8.39775], [-77.88121, -8.44046], [-77.89753, -8.44057], [-77.91631, -8.45798], [-77.93392, -8.44929], [-77.94896, -8.48083], [-77.97594, -8.47577], [-77.96832, -8.50408], [-77.98281, -8.51184], [-77.99185, -8.53169], [-78.02944, -8.5421], [-78.05182, -8.56356], [-78.07774, -8.56887], [-78.07852, -8.57962], [-78.09577, -8.59712], [-78.12178, -8.59621], [-78.13049, -8.61714], [-78.1058, -8.65982], [-78.07279, -8.65682], [-78.04652, -8.66252], [-78.02912, -8.67597], [-78.00884, -8.66698], [-77.97203, -8.692], [-77.95612, -8.69936], [-77.94074, -8.72852], [-77.9203, -8.74762], [-77.87995, -8.68404], [-77.84044, -8.67668], [-77.81097, -8.66202], [-77.79208, -8.66132], [-77.77234, -8.67393], [-77.74866, -8.65919], [-77.72073, -8.65653]]]}}, {"type": "Feature", "properties": {"admin2_pcode": "PE0305", "admin2_name": "Cotabambas", "admin1_name": "Apurimac"}, "geometry": {"type": "Polygon", "coordinates": [[[-72.22867, -13.71406], [-72.24478, -13.69821], [-72.24438, -13.68769], [-72.25059, -13.69295], [-72.26137, -13.68219], [-72.29028, -13.69006], [-72.29775, -13.70366], [-72.31234, -13.70849], [-72.315, -13.69832], [-72.35464, -13.68163], [-72.36944, -13.66566], [-72.40248, -13.65909], [-72.39982, -13.64185], [-72.42248, -13.65121], [-72.43722, -13.68083], [-72.44712, -13.75806], [-72.46038, -13.79021], [-72.4767, -13.81637], [-72.4706, -13.84932], [-72.48131, -13.87374], [-72.47335, -13.89474], [-72.45066, -13.91926], [-72.45646, -13.96894], [-72.44135, -14.00231], [-72.4458, -14.01504], [-72.41949, -14.02974], [-72.42243, -14.06614], [-72.4128, -14.07869], [-72.39645, -14.0705], [-72.3884, -14.07882], [-72.36856, -14.07973], [-72.37601, -14.11307], [-72.34984, -14.14306], [-72.38172, -14.16819], [-72.38853, -14.20865], [-72.41658, -14.21041], [-72.46254, -14.18314], [-72.47976, -14.20167], [-72.46106, -14.22223], [-72.44344, -14.22638], [-72.41851, -14.27858], [-72.38708, -14.29897], [-72.37711, -14.29917], [-72.36739, -14.28487], [-72.35721, -14.30287], [-72.34469, -14.30604], [-72.33859, -14.32634], [-72.35833, -14.33611], [-72.37093, -14.3687], [-72.36929, -14.42761], [-72.35763, -14.43596], [-72.34089, -14.42784], [-72.3172, -14.44069], [-72.28986, -14.42393], [-72.2948, -14.41079], [-72.24951, -14.40293], [-72.23952, -14.34847], [-72.22484, -14.34929], [-72.20558, -14.32025], [-72.18711, -14.31322], [-72.16117, -14.26379], [-72.12593, -14.254], [-72.08536, -14.20861], [-72.07648, -14.20743], [-72.09519, -14.1734], [-72.05669, -14.12934], [-72.0679, -14.07654], [-72.06308, -14.04568], [-72.0512, -14.02675], [-72.06017, -13.96509], [-72.05568, -13.93485], [-72.07783, -13.90673], [-72.08132, -13.88913], [-72.09172, -13.88446], [-72.13173, -13.78695], [-72.14755, -13.77924], [-72.16591, -13.74764], [-72.1894, -13.74535], [-72.20637, -13.72807], [-72.23188, -13.72172], [-72.22867, -13.71406]]]}}, {"type": "Feature", "properties": {"admin2_pcode": "PE0801", "admin2_name": "Cusco", "admin1_name": "Cusco"}, "geometry": {"type": "Polygon", "coordinates": [[[-71.80463, -13.50826], [-71.8465, -13.48657], [-71.85522, -13.49593], [-71.88379, -13.4978], [-71.93167, -13.4676], [-71.92446, -13.45933], [-71.92923, -13.43607], [-71.9554, -13.44072], [-71.98022, -13.4295], [-72.0006, -13.44404], [-72.01817, -13.47484], [-72.03855, -13.47829], [-72.05142, -13.48984], [-72.06146, -13.52794], [-72.07824, -13.52838], [-72.10572, -13.55399], [-72.1468, -13.53681], [-72.16019, -13.54573], [-72.16458, -13.60628], [-72.13542, -13.62462], [-72.13221, -13.6393], [-72.11468, -13.6284], [-72.10046, -13.64567], [-72.0715, -13.64747], [-72.04548, -13.63838], [-72.0221, -13.61344], [-71.96577, -13.60925], [-71.95047, -13.6182], [-71.94211, -13.61197], [-71.9284, -13.61544], [-71.91564, -13.59363], [-71.86367, -13.61458], [-71.84316, -13.63079], [-71.81982, -13.60776], [-71.83559, -13.59083], [-71.81591, -13.57624], [-71.82094, -13.52058], [-71.80463, -13.50826]]]}}, {"type": "Feature", "properties": {"admin2_pcode": "PE0606", "admin2_name": "Cutervo", "admin1_name": "Cajamarca"}, "geometry": {"type": "Polygon", "coordinates": [[[-78.70057, -5.78522], [-78.72009, -5.78603], [-78.72432, -5.80191], [-78.73461, -5.80271], [-78.74163, -5.83624], [-78.76512, -5.84655], [-78.78545, -5.8761], [-78.80281, -5.87462], [-78.83301, -5.89202], [-78.83956, -5.93225], [-78.85108, -5.94687], [-78.84548, -5.95348], [-78.85704, -6.00005], [-78.87519, -6.0325], [-78.90006, -6.04645], [-78.92228, -6.04047], [-78.9647, -6.01259], [-78.97583, -6.02331], [-79.01697, -6.02165], [-79.03354, -6.04369], [-79.07972, -6.06403], [-79.08831, -6.08588], [-79.08678, -6.11058], [-79.09551, -6.11655], [-79.11977, -6.11214], [-79.17265, -6.13406], [-79.21321, -6.09887], [-79.23509, -6.09372], [-79.2602, -6.14209], [-79.27338, -6.14773], [-79.27395, -6.16487], [-79.24917, -6.22178], [-79.22228, -6.21198], [-79.21666, -6.24698], [-79.20587, -6.24988], [-79.21083, -6.27781], [-79.19916, -6.27041], [-79.16261, -6.2728], [-79.14147, -6.29071], [-79.11965, -6.2912], [-79.08562, -6.32003], [-79.06974, -6.30837], [-79.05455, -6.3292], [-78.9883, -6.29136], [-78.95696, -6.33161], [-78.93147, -6.34661], [-78.91644, -6.37053], [-78.9134, -6.40355], [-78.89724, -6.43177], [-78.86482, -6.43865], [-78.83361, -6.42819], [-78.79599, -6.44103], [-78.81905, -6.47597], [-78.84391, -6.48896], [-78.80511, -6.50528], [-78.78669, -6.53768], [-78.76677, -6.55007], [-78.75637, -6.53379], [-78.75894, -6.51212], [-78.74781, -6.4755], [-78.73222, -6.45989], [-78.74633, -6.44149], [-78.74718, -6.41977], [-78.72991, -6.41434], [-78.71335, -6.39533], [-78.71409, -6.36848], [-78.69161, -6.35558], [-78.68905, -6.34294], [-78.67177, -6.33268], [-78.66774, -6.31504], [-78.58349, -6.30647], [-78.5406, -6.288], [-78.52015, -6.2917], [-78.51076, -6.28419], [-78.50968, -6.24576], [-78.53033, -6.21434], [-78.53407, -6.19165], [-78.51718, -6.15305], [-78.52371, -6.13942], [-78.52045, -6.10869], [-78.50906, -6.08531], [-78.51751, -6.07152], [-78.58671, -6.07772], [-78.6095, -6.05644], [-78.61304, -6.01652], [-78.62488, -6.00736], [-78.64152, -5.96985], [-78.66032, -5.95556], [-78.67315, -5.91645], [-78.69593, -5.88853], [-78.69114, -5.8743], [-78.69915, -5.84076], [-78.71212, -5.82991], [-78.70057, -5.78522]]]}}, {"type": "Feature", "properties": {"admin2_pcode": "PE1902", "admin2_name": "Daniel Alcides Carrion", "admin1_name": "Pasco"}, "geometry": {"type": "Polygon", "coordinates": [[[-76.30588, -10.41217], [-76.32341, -10.35958], [-76.31694, -10.34023], [-76.33068, -10.31612], [-76.32576, -10.30553], [-76.33579, -10.28632], [-76.3645, -10.29947], [-76.38722, -10.28929], [-76.40068, -10.30843], [-76.42494, -10.31922], [-76.49398, -10.31053], [-76.4728, -10.33777], [-76.48658, -10.35244], [-76.49094, -10.3789], [-76.52384, -10.37722], [-76.5319, -10.38687], [-76.55188, -10.38464], [-76.55824, -10.39343], [-76.57925, -10.37587], [-76.59338, -10.38724], [-76.59336, -10.40149], [-76.62039, -10.41525], [-76.64898, -10.41584], [-76.66525, -10.43856], [-76.69682, -10.44249], [-76.70088, -10.46101], [-76.71566, -10.46246], [-76.72915, -10.47907], [-76.73024, -10.5084], [-76.71019, -10.54074], [-76.70372, -10.58859], [-76.68586, -10.58146], [-76.6727, -10.60989], [-76.67557, -10.62137], [-76.65566, -10.64678], [-76.63633, -10.64692], [-76.61566, -10.67006], [-76.59433, -10.67694], [-76.57305, -10.70899], [-76.53851, -10.70435], [-76.5204, -10.73767], [-76.50689, -10.74651], [-76.49543, -10.71083], [-76.47541, -10.69437], [-76.47053, -10.66707], [-76.45636, -10.64743], [-76.41961, -10.65317], [-76.37309, -10.62009], [-76.36254, -10.62729], [-76.34587, -10.59573], [-76.33455, -10.59011], [-76.30888, -10.58707], [-76.30407, -10.59853], [-76.29317, -10.60164], [-76.28347, -10.5826], [-76.27337, -10.57875], [-76.27127, -10.56049], [-76.23842, -10.53844], [-76.2375, -10.51601], [-76.24981, -10.51002], [-76.25364, -10.49848], [-76.24512, -10.48086], [-76.26716, -10.45745], [-76.28333, -10.4522], [-76.30588, -10.41217]]]}}, {"type": "Feature", "properties": {"admin2_pcode": "PE1607", "admin2_name": "Datem del Mara\u00f1on", "admin1_name": "Loreto"}, "geometry": {"type": "Polygon", "coordinates": [[[-76.32514, -3.68153], [-76.23408, -3.63482], [-76.23753, -3.60244], [-76.26053, -3.57292], [-76.22204, -3.55372], [-76.20618, -3.52806], [-76.22454, -3.51619], [-76.24893, -3.47668], [-76.26146, -3.47522], [-76.25671, -3.43605], [-76.26372, -3.40304], [-76.2743, -3.39981], [-76.27003, -3.36113], [-76.28219, -3.3334], [-76.31066, -3.30543], [-76.31396, -3.28616], [-76.32647, -3.27471], [-76.32598, -3.25806], [-76.33766, -3.25155], [-76.32803, -3.21931], [-76.33732, -3.21888], [-76.35427, -3.23636], [-76.36729, -3.21783], [-76.35183, -3.20598], [-76.36405, -3.19324], [-76.36388, -3.18098], [-76.34878, -3.1665], [-76.38927, -3.12768], [-76.35347, -3.09042], [-76.35247, -3.02107], [-76.33793, -2.98861], [-76.34841, -2.97753], [-76.35123, -2.94643], [-76.34031, -2.91355], [-76.31687, -2.89756], [-76.30734, -2.83485], [-76.31784, -2.80772], [-76.34421, -2.80007], [-76.36531, -2.7401], [-76.39547, -2.72603], [-76.38434, -2.71677], [-76.38637, -2.69753], [-76.40797, -2.68779], [-76.47064, -2.60431], [-76.50638, -2.58284], [-76.50333, -2.53216], [-76.53432, -2.51228], [-76.63187, -2.58969], [-77.80862, -2.98613], [-77.81725, -3.00079], [-77.79067, -3.05444], [-77.78766, -3.07478], [-77.79445, -3.08926], [-77.78583, -3.10628], [-77.79094, -3.11763], [-77.77786, -3.19186], [-77.77254, -3.42881], [-77.74564, -3.48223], [-77.71513, -3.51485], [-77.71646, -3.54231], [-77.66667, -3.57187], [-77.64301, -3.61935], [-77.61997, -3.62241], [-77.61562, -3.70772], [-77.65191, -3.78056], [-77.62822, -3.81705], [-77.60924, -3.82524], [-77.58192, -3.86282], [-77.56149, -3.87617], [-77.56902, -3.89307], [-77.53788, -3.9619], [-77.54841, -4.1054], [-77.58555, -4.25133], [-77.56586, -4.36554], [-77.56828, -4.42092], [-77.58909, -4.48046], [-77.61102, -4.49427], [-77.64063, -4.49652], [-77.64135, -4.51006], [-77.65546, -4.51854], [-77.64902, -4.54642], [-77.65965, -4.55797], [-77.65261, -4.57457], [-77.67257, -4.63048], [-77.69451, -4.65867], [-77.71597, -4.66509], [-77.73139, -4.68844], [-77.77188, -4.71756], [-77.79469, -4.76022], [-77.78927, -4.78511], [-77.79911, -4.82459], [-77.79184, -4.83295], [-77.79357, -4.84996], [-77.76015, -4.90935], [-77.76693, -4.92122], [-77.75845, -4.95005], [-77.82462, -5.03178], [-77.81387, -5.03981], [-77.81182, -5.05635], [-77.82228, -5.08179], [-77.81766, -5.09123], [-77.80132, -5.08597], [-77.77429, -5.09718], [-77.74529, -5.13302], [-77.72, -5.14062], [-77.69528, -5.16474], [-77.70824, -5.19091], [-77.73971, -5.21186], [-77.69909, -5.25398], [-77.68415, -5.29588], [-77.68239, -5.34011], [-77.70301, -5.38211], [-77.69596, -5.41105], [-77.67187, -5.40877], [-77.66001, -5.42474], [-77.60697, -5.44858], [-77.59481, -5.46422], [-77.57949, -5.45981], [-77.55812, -5.42558], [-77.51807, -5.46554], [-77.50043, -5.51534], [-77.49227, -5.5197], [-77.50737, -5.55266], [-77.49019, -5.56246], [-77.47275, -5.55479], [-77.46083, -5.58469], [-77.43734, -5.59244], [-77.43201, -5.58314], [-77.4106, -5.58975], [-77.40424, -5.57437], [-77.37182, -5.56711], [-77.33703, -5.60403], [-77.27991, -5.60108], [-77.2658, -5.61397], [-77.23194, -5.59546], [-77.20216, -5.63446], [-77.17867, -5.64142], [-77.16193, -5.62457], [-77.14235, -5.62544], [-77.13713, -5.64403], [-77.12691, -5.65099], [-77.10995, -5.64795], [-77.06214, -5.66761], [-77.04574, -5.66194], [-77.01393, -5.67075], [-76.99561, -5.66712], [-76.97291, -5.69895], [-76.93443, -5.71149], [-76.89454, -5.74623], [-76.88999, -5.7363], [-76.86649, -5.72553], [-76.86951, -5.70356], [-76.86278, -5.69474], [-76.84741, -5.68942], [-76.82153, -5.69549], [-76.81033, -5.68851], [-76.82577, -5.67284], [-76.82402, -5.66184], [-76.81274, -5.65512], [-76.81566, -5.63766], [-76.84545, -5.63879], [-76.84345, -5.60764], [-76.81101, -5.5946], [-76.83495, -5.56773], [-76.85082, -5.53211], [-76.83221, -5.49851], [-76.75967, -5.43612], [-76.75934, -5.45493], [-76.74113, -5.44673], [-76.72621, -5.4728], [-76.70285, -5.49203], [-76.6596, -5.45789], [-76.6404, -5.46273], [-76.64145, -5.44802], [-76.6266, -5.43597], [-76.63459, -5.41966], [-76.6254, -5.36742], [-76.60433, -5.3349], [-76.58852, -5.34389], [-76.57592, -5.33613], [-76.58782, -5.31345], [-76.58252, -5.27931], [-76.59312, -5.27224], [-76.59546, -5.25141], [-76.60436, -5.24829], [-76.60553, -5.22777], [-76.5853, -5.21289], [-76.56229, -5.23436], [-76.50879, -5.23618], [-76.52837, -5.18643], [-76.50488, -5.16617], [-76.51297, -5.13128], [-76.49707, -5.12131], [-76.4806, -5.08907], [-76.44683, -5.06428], [-76.45404, -4.9866], [-76.43009, -5.01663], [-76.42882, -5.04631], [-76.4212, -5.05245], [-76.37095, -5.03246], [-76.18336, -5.01706], [-76.06889, -5.08513], [-76.02368, -5.1004], [-76.00073, -5.10081], [-75.96408, -5.08091], [-75.91904, -5.08449], [-75.91922, -5.02139], [-75.88915, -5.04834], [-75.85058, -5.02806], [-75.804, -5.01842], [-75.78945, -5.01808], [-75.74873, -5.03845], [-75.7468, -5.01295], [-75.75462, -5.00427], [-75.79959, -4.97913], [-75.82954, -4.97658], [-75.8685, -4.93798], [-75.92509, -4.91114], [-75.96443, -4.87304], [-76.00713, -4.85198], [-76.02592, -4.81504], [-76.07073, -4.83353], [-76.10181, -4.7893], [-76.14165, -4.79762], [-76.16739, -4.77955], [-76.17414, -4.75025], [-76.1634, -4.70461], [-76.17418, -4.68952], [-76.20586, -4.67227], [-76.19828, -4.62335], [-76.21786, -4.60795], [-76.24691, -4.56134], [-76.22881, -4.55556], [-76.25728, -4.54547], [-76.26923, -4.52379], [-76.29731, -4.51745], [-76.33817, -4.43612], [-76.33479, -4.41168], [-76.30792, -4.39017], [-76.31978, -4.35605], [-76.29699, -4.34127], [-76.29719, -4.31906], [-76.23399, -4.27068], [-76.22737, -4.25006], [-76.24454, -4.2193], [-76.24617, -4.19596], [-76.23806, -4.18411], [-76.28022, -4.16054], [-76.31091, -4.15677], [-76.29342, -4.13451], [-76.33216, -4.1129], [-76.34997, -4.04389], [-76.39205, -4.00104], [-76.42234, -3.92831], [-76.41759, -3.86897], [-76.39335, -3.85284], [-76.38144, -3.82063], [-76.38677, -3.78652], [-76.37102, -3.77736], [-76.34766, -3.7774], [-76.33109, -3.76142], [-76.33554, -3.72095], [-76.32514, -3.68153]]]}}, {"type": "Feature", "properties": {"admin2_pcode": "PE1003", "admin2_name": "Dos de Mayo", "admin1_name": "Huanuco"}, "geometry": {"type": "Polygon", "coordinates": [[[-76.23535, -9.41821], [-76.26713, -9.39616], [-76.31257, -9.39203], [-76.3118, -9.41816], [-76.34666, -9.42346], [-76.37141, -9.44315], [-76.37782, -9.48788], [-76.38545, -9.49638], [-76.42797, -9.50694], [-76.45828, -9.49863], [-76.48656, -9.50733], [-76.49358, -9.52605], [-76.50625, -9.53271], [-76.52437, -9.52721], [-76.54121, -9.53997], [-76.56283, -9.54068], [-76.58305, -9.55209], [-76.59452, -9.54524], [-76.65976, -9.55223], [-76.67393, -9.56086], [-76.69675, -9.55772], [-76.74319, -9.5791], [-76.72761, -9.59566], [-76.73784, -9.61557], [-76.75258, -9.58735], [-76.76134, -9.61764], [-76.80876, -9.61263], [-76.80919, -9.62803], [-76.82264, -9.63315], [-76.83462, -9.62526], [-76.8396, -9.63674], [-76.86129, -9.64318], [-76.85166, -9.66805], [-76.86242, -9.66373], [-76.87145, -9.67547], [-76.88264, -9.66796], [-76.89027, -9.67446], [-76.89613, -9.65674], [-76.90835, -9.65345], [-76.91641, -9.68841], [-76.94624, -9.68021], [-76.94539, -9.70257], [-76.93425, -9.72947], [-76.90158, -9.7697], [-76.89776, -9.80929], [-76.84199, -9.91089], [-76.84186, -9.93062], [-76.81376, -9.96015], [-76.82562, -9.98929], [-76.82405, -10.011], [-76.80555, -10.00212], [-76.79024, -10.00524], [-76.77329, -9.9944], [-76.77991, -9.95702], [-76.76914, -9.95371], [-76.76234, -9.94006], [-76.75113, -9.94478], [-76.73627, -9.93452], [-76.73349, -9.91183], [-76.72006, -9.89836], [-76.75802, -9.84246], [-76.74976, -9.83674], [-76.73574, -9.79139], [-76.73576, -9.75298], [-76.70206, -9.74698], [-76.72298, -9.71138], [-76.71539, -9.69748], [-76.70371, -9.68981], [-76.68972, -9.70154], [-76.66397, -9.67734], [-76.64472, -9.68772], [-76.59812, -9.67251], [-76.55888, -9.68271], [-76.52629, -9.66565], [-76.51535, -9.67653], [-76.49815, -9.67389], [-76.49227, -9.68078], [-76.47697, -9.67388], [-76.46299, -9.70696], [-76.43804, -9.70596], [-76.42659, -9.67222], [-76.41251, -9.66662], [-76.40944, -9.62855], [-76.36548, -9.57871], [-76.36073, -9.54681], [-76.34273, -9.52982], [-76.31403, -9.51662], [-76.28286, -9.52512], [-76.25621, -9.52231], [-76.20469, -9.49887], [-76.20153, -9.45159], [-76.23535, -9.41821]]]}}, {"type": "Feature", "properties": {"admin2_pcode": "PE2105", "admin2_name": "El Collao", "admin1_name": "Puno"}, "geometry": {"type": "Polygon", "coordinates": [[[-69.51389, -16.17997], [-69.51659, -16.16065], [-69.51067, -16.15793], [-69.50504, -16.17488], [-69.49193, -16.16031], [-69.50548, -16.14374], [-69.48948, -16.13233], [-69.49176, -16.12425], [-69.46948, -16.11262], [-69.46868, -16.09431], [-69.45612, -16.09068], [-69.45064, -16.07757], [-69.45557, -16.06069], [-69.43903, -16.05439], [-69.45549, -16.04592], [-69.43688, -16.04984], [-69.43176, -16.08036], [-69.45251, -16.11451], [-69.44508, -16.11248], [-69.42943, -16.0926], [-69.42387, -16.04528], [-69.45574, -15.99154], [-69.48144, -15.99423], [-69.54988, -15.96284], [-69.61024, -15.95676], [-69.60994, -15.95902], [-69.5347, -15.97006], [-69.50362, -15.98485], [-69.47382, -16.0053], [-69.46223, -16.01746], [-69.4762, -16.01813], [-69.47891, -16.0041], [-69.49625, -16.01478], [-69.49853, -15.99971], [-69.53706, -15.97609], [-69.54523, -15.98175], [-69.55737, -15.97536], [-69.59833, -15.99023], [-69.60974, -15.98339], [-69.6098, -15.99768], [-69.6212, -16.01367], [-69.65117, -16.01542], [-69.65533, -16.05991], [-69.68167, -16.06913], [-69.68822, -16.08435], [-69.70267, -16.08661], [-69.66889, -16.11492], [-69.68895, -16.12866], [-69.68691, -16.14874], [-69.69364, -16.14873], [-69.69156, -16.16034], [-69.70314, -16.16894], [-69.70656, -16.19448], [-69.7255, -16.20841], [-69.74364, -16.20443], [-69.75517, -16.21786], [-69.76047, -16.21533], [-69.77558, -16.25993], [-69.80688, -16.27682], [-69.79825, -16.32142], [-69.80288, -16.34437], [-69.785, -16.3622], [-69.79974, -16.38549], [-69.85203, -16.40104], [-69.86469, -16.44532], [-69.88414, -16.46352], [-69.87849, -16.4737], [-69.89528, -16.50901], [-69.90576, -16.51934], [-69.92655, -16.51428], [-69.96347, -16.5384], [-69.99065, -16.5788], [-70.02415, -16.59681], [-70.02462, -16.63118], [-70.00147, -16.65657], [-69.99839, -16.67515], [-70.01177, -16.68848], [-70.01011, -16.70044], [-69.99691, -16.71026], [-69.99556, -16.72978], [-70.01021, -16.74134], [-70.03554, -16.74289], [-70.03221, -16.75292], [-70.05712, -16.77016], [-70.05782, -16.78781], [-70.09031, -16.81085], [-70.09428, -16.89092], [-70.1056, -16.89726], [-70.11806, -16.92376], [-70.14662, -16.93873], [-70.09529, -16.98585], [-70.09976, -17.00573], [-70.07315, -17.03491], [-70.04234, -17.05871], [-70.0468, -17.09943], [-70.04033, -17.12768], [-70.02513, -17.12218], [-70.01394, -17.14101], [-69.98763, -17.15142], [-69.98136, -17.16862], [-69.97228, -17.16601], [-69.96796, -17.17852], [-69.9428, -17.19784], [-69.89863, -17.22091], [-69.87554, -17.22232], [-69.85078, -17.24408], [-69.79055, -17.23529], [-69.76529, -17.26336], [-69.76184, -17.28044], [-69.73107, -17.29547], [-69.69525, -17.27439], [-69.68293, -17.27874], [-69.65544, -17.27075], [-69.64132, -17.28745], [-69.63632, -17.27117], [-69.62829, -17.27354], [-69.61598, -17.26128], [-69.60115, -17.2165], [-69.5781, -17.20648], [-69.5628, -17.17498], [-69.58949, -17.14096], [-69.58738, -17.11287], [-69.60297, -17.09576], [-69.58603, -17.07903], [-69.57128, -17.08464], [-69.53477, -17.06086], [-69.54523, -17.03971], [-69.53631, -17.01378], [-69.54658, -16.97944], [-69.53406, -16.96529], [-69.56846, -16.91692], [-69.55657, -16.89519], [-69.56601, -16.87643], [-69.55506, -16.84927], [-69.56585, -16.8332], [-69.54692, -16.81045], [-69.5401, -16.78718], [-69.51988, -16.7723], [-69.51163, -16.74687], [-69.51963, -16.71833], [-69.53682, -16.69846], [-69.54251, -16.67118], [-69.52567, -16.65522], [-69.50688, -16.66115], [-69.49756, -16.65565], [-69.49851, -16.63729], [-69.48757, -16.62394], [-69.48891, -16.58881], [-69.49916, -16.56552], [-69.48505, -16.55485], [-69.48828, -16.52635], [-69.47457, -16.50922], [-69.4801, -16.48729], [-69.47094, -16.47462], [-69.47159, -16.4587], [-69.4838, -16.42874], [-69.51688, -16.43506], [-69.53606, -16.41799], [-69.55442, -16.44637], [-69.56304, -16.43129], [-69.58293, -16.44296], [-69.62346, -16.42864], [-69.6607, -16.42593], [-69.68673, -16.37796], [-69.66804, -16.36461], [-69.67622, -16.34783], [-69.67239, -16.33701], [-69.66572, -16.3319], [-69.65209, -16.33916], [-69.65506, -16.31511], [-69.63217, -16.30092], [-69.60903, -16.30074], [-69.592, -16.28621], [-69.58034, -16.25185], [-69.58554, -16.2262], [-69.57262, -16.17434], [-69.55568, -16.18431], [-69.53953, -16.1757], [-69.51389, -16.17997]]]}}, {"type": "Feature", "properties": {"admin2_pcode": "PE2203", "admin2_name": "El Dorado", "admin1_name": "San Martin"}, "geometry": {"type": "Polygon", "coordinates": [[[-76.52421, -6.69287], [-76.55847, -6.67143], [-76.55549, -6.6537], [-76.53458, -6.62549], [-76.53789, -6.60988], [-76.55255, -6.59574], [-76.59124, -6.59496], [-76.63981, -6.54817], [-76.64625, -6.53507], [-76.64102, -6.51982], [-76.65498, -6.51487], [-76.65748, -6.48616], [-76.68327, -6.42585], [-76.6975, -6.41536], [-76.69944, -6.42555], [-76.71457, -6.42746], [-76.73214, -6.41962], [-76.78035, -6.41822], [-76.83174, -6.38862], [-76.84394, -6.36682], [-76.83514, -6.28515], [-76.8671, -6.26461], [-76.88522, -6.26939], [-76.90071, -6.28775], [-76.95387, -6.28027], [-76.97181, -6.32252], [-76.9441, -6.35425], [-76.93449, -6.38431], [-76.95252, -6.39716], [-76.9445, -6.43915], [-76.92103, -6.47125], [-76.89111, -6.48032], [-76.87734, -6.49268], [-76.84081, -6.54978], [-76.81166, -6.62763], [-76.79536, -6.64934], [-76.78085, -6.70067], [-76.786, -6.72825], [-76.73792, -6.78801], [-76.73447, -6.80269], [-76.69776, -6.79921], [-76.68402, -6.80998], [-76.62135, -6.77593], [-76.59506, -6.79415], [-76.53455, -6.74879], [-76.52387, -6.72538], [-76.52421, -6.69287]]]}}, {"type": "Feature", "properties": {"admin2_pcode": "PE0808", "admin2_name": "Espinar", "admin1_name": "Cusco"}, "geometry": {"type": "Polygon", "coordinates": [[[-71.11794, -14.64892], [-71.14895, -14.64022], [-71.18222, -14.61438], [-71.18824, -14.62937], [-71.21439, -14.64811], [-71.24782, -14.64059], [-71.25917, -14.65303], [-71.29588, -14.64144], [-71.30797, -14.66016], [-71.33852, -14.61477], [-71.37433, -14.62036], [-71.38311, -14.60908], [-71.41717, -14.60207], [-71.4282, -14.62217], [-71.48679, -14.58746], [-71.48885, -14.57871], [-71.53083, -14.57059], [-71.54357, -14.53799], [-71.58118, -14.54791], [-71.60847, -14.54412], [-71.61538, -14.53325], [-71.64776, -14.53217], [-71.64906, -14.55344], [-71.65884, -14.56287], [-71.68882, -14.56657], [-71.7117, -14.58127], [-71.71278, -14.61042], [-71.75377, -14.62494], [-71.73707, -14.65813], [-71.74931, -14.66173], [-71.76034, -14.67933], [-71.77775, -14.68252], [-71.78402, -14.7018], [-71.80027, -14.71], [-71.82238, -14.7059], [-71.84992, -14.68914], [-71.86751, -14.71048], [-71.88062, -14.71037], [-71.89265, -14.74651], [-71.87907, -14.75731], [-71.90207, -14.76682], [-71.8939, -14.7896], [-71.87611, -14.80125], [-71.86909, -14.83597], [-71.85497, -14.85458], [-71.86342, -14.87336], [-71.8596, -14.88362], [-71.82726, -14.88883], [-71.8263, -14.90664], [-71.79301, -14.89617], [-71.78516, -14.91256], [-71.74596, -14.93987], [-71.77024, -14.98218], [-71.766, -15.00959], [-71.84932, -15.04509], [-71.83659, -15.07569], [-71.81548, -15.07822], [-71.80148, -15.06734], [-71.7863, -15.06955], [-71.77254, -15.08244], [-71.67371, -15.08906], [-71.63602, -15.13914], [-71.61456, -15.14585], [-71.58833, -15.12783], [-71.57234, -15.06193], [-71.51344, -15.07984], [-71.48587, -15.0591], [-71.4846, -15.03933], [-71.50367, -15.02733], [-71.51017, -15.00463], [-71.50523, -14.97556], [-71.46504, -14.98407], [-71.4475, -14.97979], [-71.44304, -14.99557], [-71.42673, -15.00212], [-71.43043, -15.00797], [-71.42147, -15.01239], [-71.41737, -15.03373], [-71.39687, -15.04524], [-71.3717, -15.08023], [-71.36185, -15.07914], [-71.35371, -15.0927], [-71.32994, -15.09946], [-71.31913, -15.11974], [-71.26059, -15.07827], [-71.26554, -15.063], [-71.24364, -15.05682], [-71.22653, -15.06955], [-71.21597, -15.04926], [-71.20731, -15.05058], [-71.20728, -15.07055], [-71.19668, -15.08887], [-71.16561, -15.0968], [-71.16165, -15.1093], [-71.14326, -15.12156], [-71.14904, -15.13772], [-71.18491, -15.16977], [-71.17676, -15.1726], [-71.16033, -15.20777], [-71.20208, -15.24513], [-71.19462, -15.27093], [-71.16424, -15.29093], [-71.16624, -15.32087], [-71.15053, -15.3559], [-71.16949, -15.38228], [-71.17433, -15.42446], [-71.15026, -15.44059], [-71.12009, -15.4271], [-71.10384, -15.45327], [-71.08543, -15.45801], [-71.07227, -15.4515], [-71.07545, -15.4383], [-71.0463, -15.42052], [-71.03897, -15.40517], [-71.00612, -15.33523], [-70.98511, -15.31668], [-70.95906, -15.31905], [-70.95016, -15.30195], [-70.98528, -15.24903], [-70.9625, -15.21564], [-70.98201, -15.14945], [-70.97864, -15.11137], [-70.99414, -15.0948], [-70.9936, -15.08459], [-70.99338, -15.03581], [-71.00442, -14.9752], [-70.99664, -14.95393], [-70.98474, -14.94607], [-70.99597, -14.89391], [-70.99137, -14.86127], [-70.99659, -14.84394], [-70.99468, -14.8299], [-70.97833, -14.82415], [-70.98371, -14.78603], [-70.97506, -14.76498], [-71.01309, -14.73969], [-71.02776, -14.76007], [-71.03569, -14.75212], [-71.05324, -14.75433], [-71.08951, -14.71319], [-71.08804, -14.6957], [-71.11011, -14.67354], [-71.11794, -14.64892]]]}}, {"type": "Feature", "properties": {"admin2_pcode": "PE1402", "admin2_name": "Ferre\u00f1afe", "admin1_name": "Lambayeque"}, "geometry": {"type": "Polygon", "coordinates": [[[-79.21321, -6.09887], [-79.19844, -6.10008], [-79.18131, -6.0882], [-79.18894, -6.05892], [-79.17544, -6.04196], [-79.19, -6.02477], [-79.20396, -6.02406], [-79.21644, -6.05158], [-79.22494, -6.05471], [-79.24087, -6.02863], [-79.26601, -6.02502], [-79.2633, -6.00326], [-79.30632, -5.98563], [-79.32243, -6.00037], [-79.31109, -6.03465], [-79.31906, -6.04256], [-79.3454, -6.00584], [-79.34902, -5.97969], [-79.36471, -5.97639], [-79.39592, -5.97719], [-79.41721, -6.00524], [-79.4206, -6.0154], [-79.40308, -6.03402], [-79.40968, -6.05015], [-79.40677, -6.08392], [-79.43154, -6.14044], [-79.40958, -6.1567], [-79.40185, -6.17351], [-79.43621, -6.2119], [-79.43701, -6.24001], [-79.47187, -6.26872], [-79.48198, -6.30631], [-79.47787, -6.32125], [-79.49286, -6.32314], [-79.51531, -6.34684], [-79.54279, -6.35543], [-79.52834, -6.39981], [-79.6117, -6.42425], [-79.65191, -6.4554], [-79.74725, -6.43951], [-79.77841, -6.44362], [-79.80315, -6.43483], [-79.80552, -6.46404], [-79.78666, -6.47557], [-79.82419, -6.49715], [-79.82565, -6.5208], [-79.81412, -6.52436], [-79.84767, -6.60975], [-79.85105, -6.64339], [-79.83517, -6.66157], [-79.8093, -6.66224], [-79.78143, -6.67959], [-79.72966, -6.68929], [-79.69955, -6.67825], [-79.69842, -6.68888], [-79.66369, -6.71519], [-79.6578, -6.69606], [-79.6249, -6.70196], [-79.62522, -6.65229], [-79.61047, -6.65531], [-79.6081, -6.64393], [-79.59395, -6.64076], [-79.5898, -6.6312], [-79.60438, -6.61725], [-79.60397, -6.6014], [-79.61062, -6.59622], [-79.62349, -6.60194], [-79.62937, -6.58183], [-79.64148, -6.5729], [-79.64121, -6.53094], [-79.61926, -6.51036], [-79.5808, -6.5041], [-79.55764, -6.50484], [-79.5366, -6.51887], [-79.50814, -6.51338], [-79.49187, -6.521], [-79.43388, -6.48127], [-79.4227, -6.46749], [-79.42289, -6.45188], [-79.45316, -6.39909], [-79.44667, -6.37672], [-79.45845, -6.37209], [-79.44289, -6.35967], [-79.42768, -6.3174], [-79.38794, -6.29829], [-79.35277, -6.30398], [-79.33235, -6.26886], [-79.32179, -6.26306], [-79.30049, -6.26747], [-79.277, -6.24155], [-79.27905, -6.22926], [-79.24917, -6.22178], [-79.27395, -6.16487], [-79.27338, -6.14773], [-79.2602, -6.14209], [-79.23509, -6.09372], [-79.21321, -6.09887]]]}}, {"type": "Feature", "properties": {"admin2_pcode": "PE1802", "admin2_name": "General Sanchez Cerro", "admin1_name": "Moquegua"}, "geometry": {"type": "Polygon", "coordinates": [[[-70.56289, -15.9825], [-70.62477, -16.00302], [-70.64082, -15.98764], [-70.66835, -16.01339], [-70.72211, -16.03419], [-70.74124, -16.01618], [-70.77597, -16.0134], [-70.79997, -15.97596], [-70.80751, -15.98802], [-70.8202, -15.97847], [-70.82861, -15.99921], [-70.81656, -16.00276], [-70.82095, -16.02975], [-70.80736, -16.04083], [-70.80451, -16.05513], [-70.85674, -16.05634], [-70.86681, -16.08008], [-70.87811, -16.08144], [-70.87506, -16.09458], [-70.89571, -16.10628], [-70.86711, -16.12848], [-70.86783, -16.15387], [-70.87859, -16.16662], [-70.86024, -16.17557], [-70.85389, -16.19669], [-70.86696, -16.22458], [-70.84447, -16.23588], [-70.88081, -16.28454], [-70.90147, -16.2777], [-70.91579, -16.2824], [-70.93911, -16.29893], [-70.94361, -16.31441], [-70.98629, -16.30995], [-70.9694, -16.36961], [-70.9751, -16.39103], [-70.96383, -16.39974], [-70.97562, -16.41832], [-70.95323, -16.45995], [-70.95609, -16.47252], [-70.97952, -16.48057], [-70.99345, -16.49655], [-71.01257, -16.49858], [-71.01924, -16.48689], [-71.03726, -16.48569], [-71.0472, -16.4544], [-71.07265, -16.46576], [-71.08194, -16.45686], [-71.10846, -16.46571], [-71.12473, -16.46107], [-71.13952, -16.47497], [-71.19703, -16.47166], [-71.21914, -16.46057], [-71.2421, -16.46306], [-71.24934, -16.48236], [-71.2375, -16.51459], [-71.2491, -16.5641], [-71.26284, -16.58491], [-71.26041, -16.6052], [-71.27915, -16.61582], [-71.2839, -16.68224], [-71.29601, -16.70627], [-71.28581, -16.71635], [-71.28909, -16.72646], [-71.32717, -16.75245], [-71.34698, -16.74224], [-71.35329, -16.72495], [-71.36943, -16.71968], [-71.42593, -16.74138], [-71.44474, -16.81593], [-71.4355, -16.83615], [-71.44203, -16.84355], [-71.44082, -16.86469], [-71.42249, -16.8964], [-71.4244, -16.91831], [-71.44132, -16.93247], [-71.45596, -16.93419], [-71.46594, -16.95057], [-71.45895, -16.96091], [-71.40685, -16.95541], [-71.39092, -16.98049], [-71.37752, -16.97403], [-71.3552, -16.97767], [-71.34484, -16.96622], [-71.34929, -16.94915], [-71.34071, -16.94438], [-71.3037, -16.9582], [-71.28586, -16.94314], [-71.21847, -16.9254], [-71.19463, -16.90254], [-71.16462, -16.90419], [-71.15491, -16.87004], [-71.0828, -16.79231], [-71.07781, -16.77442], [-71.06803, -16.77429], [-71.06092, -16.7586], [-71.03409, -16.75352], [-71.01468, -16.76787], [-70.99373, -16.76413], [-70.95575, -16.77827], [-70.94545, -16.77239], [-70.9015, -16.77771], [-70.89389, -16.77046], [-70.87893, -16.77485], [-70.82648, -16.76197], [-70.81631, -16.74603], [-70.78899, -16.73695], [-70.77918, -16.7199], [-70.76371, -16.63419], [-70.74763, -16.6231], [-70.72927, -16.62583], [-70.70319, -16.59864], [-70.72784, -16.57284], [-70.69965, -16.56928], [-70.68068, -16.54639], [-70.63372, -16.55785], [-70.60332, -16.54797], [-70.57637, -16.56575], [-70.5379, -16.55338], [-70.52002, -16.55989], [-70.49552, -16.55219], [-70.47042, -16.55638], [-70.43122, -16.52584], [-70.41949, -16.53085], [-70.39663, -16.52376], [-70.36399, -16.49419], [-70.35975, -16.47764], [-70.31294, -16.46158], [-70.30631, -16.44721], [-70.31674, -16.4444], [-70.32505, -16.41752], [-70.36089, -16.41083], [-70.35655, -16.40027], [-70.38237, -16.38543], [-70.3706, -16.36865], [-70.3566, -16.3677], [-70.34561, -16.34814], [-70.33876, -16.3228], [-70.3466, -16.3056], [-70.34028, -16.27009], [-70.34513, -16.2561], [-70.32652, -16.23211], [-70.32856, -16.20541], [-70.34028, -16.2009], [-70.36064, -16.20779], [-70.37375, -16.17592], [-70.40194, -16.14903], [-70.4083, -16.1208], [-70.40323, -16.08723], [-70.43428, -16.06188], [-70.44012, -16.03675], [-70.44746, -16.03447], [-70.46578, -16.05037], [-70.48256, -16.03947], [-70.50732, -16.03814], [-70.51032, -16.02999], [-70.52608, -16.02672], [-70.56289, -15.9825]]]}}, {"type": "Feature", "properties": {"admin2_pcode": "PE1311", "admin2_name": "Gran Chimu", "admin1_name": "La Libertad"}, "geometry": {"type": "Polygon", "coordinates": [[[-78.69623, -7.41336], [-78.71333, -7.40964], [-78.73821, -7.42009], [-78.74473, -7.40739], [-78.76012, -7.40198], [-78.78129, -7.42367], [-78.78518, -7.39961], [-78.79435, -7.39722], [-78.80369, -7.41938], [-78.84162, -7.43762], [-78.84776, -7.45277], [-78.88464, -7.48056], [-78.86106, -7.49786], [-78.85109, -7.52212], [-78.8615, -7.53186], [-78.89591, -7.53744], [-78.91277, -7.55109], [-78.94434, -7.59842], [-78.94275, -7.62267], [-78.90776, -7.59807], [-78.85781, -7.59492], [-78.83335, -7.58749], [-78.82428, -7.57499], [-78.80763, -7.57345], [-78.79355, -7.60863], [-78.80377, -7.63411], [-78.78211, -7.64695], [-78.76977, -7.66688], [-78.75047, -7.6734], [-78.74262, -7.68837], [-78.73094, -7.6886], [-78.71253, -7.70355], [-78.69741, -7.76027], [-78.66504, -7.79699], [-78.62732, -7.75129], [-78.60098, -7.73623], [-78.59643, -7.70347], [-78.55149, -7.7263], [-78.53308, -7.7206], [-78.49945, -7.6974], [-78.47954, -7.66828], [-78.45528, -7.65704], [-78.48705, -7.64003], [-78.4897, -7.63389], [-78.4721, -7.63651], [-78.44796, -7.62242], [-78.44161, -7.64061], [-78.37606, -7.63996], [-78.38282, -7.63011], [-78.37689, -7.62465], [-78.37817, -7.59404], [-78.36615, -7.59024], [-78.35657, -7.57294], [-78.36083, -7.52996], [-78.349, -7.51125], [-78.32208, -7.50378], [-78.33583, -7.49525], [-78.36817, -7.50032], [-78.40308, -7.48349], [-78.41563, -7.48507], [-78.49139, -7.55487], [-78.62457, -7.54856], [-78.65024, -7.5278], [-78.62732, -7.47886], [-78.62984, -7.4455], [-78.65494, -7.42603], [-78.66399, -7.40362], [-78.69623, -7.41336]]]}}, {"type": "Feature", "properties": {"admin2_pcode": "PE0307", "admin2_name": "Grau", "admin1_name": "Apurimac"}, "geometry": {"type": "Polygon", "coordinates": [[[-72.46038, -13.79021], [-72.46817, -13.7723], [-72.49178, -13.75061], [-72.55404, -13.75072], [-72.57708, -13.7433], [-72.57591, -13.72986], [-72.59159, -13.72996], [-72.60857, -13.74871], [-72.64057, -13.7567], [-72.64435, -13.77079], [-72.67892, -13.776], [-72.65591, -13.81119], [-72.64011, -13.81888], [-72.63787, -13.83049], [-72.64505, -13.83692], [-72.63795, -13.86223], [-72.64725, -13.85706], [-72.6624, -13.86487], [-72.68361, -13.88796], [-72.7358, -13.9145], [-72.74091, -13.925], [-72.72685, -13.94732], [-72.74741, -13.9665], [-72.75798, -13.96345], [-72.76325, -13.97897], [-72.79104, -13.98293], [-72.79096, -14.00298], [-72.80613, -14.03107], [-72.79438, -14.05474], [-72.79852, -14.07126], [-72.81721, -14.09545], [-72.85801, -14.09672], [-72.85729, -14.11258], [-72.87634, -14.12386], [-72.87476, -14.13493], [-72.88701, -14.14628], [-72.89235, -14.17039], [-72.88688, -14.20149], [-72.902, -14.2241], [-72.87299, -14.24977], [-72.86726, -14.25911], [-72.87287, -14.26897], [-72.86334, -14.27759], [-72.83148, -14.27908], [-72.81302, -14.26519], [-72.79928, -14.27032], [-72.79527, -14.29243], [-72.76854, -14.27777], [-72.75923, -14.26161], [-72.7304, -14.26047], [-72.70838, -14.2764], [-72.70888, -14.30748], [-72.69549, -14.3195], [-72.70969, -14.34222], [-72.68874, -14.34773], [-72.67308, -14.36203], [-72.66425, -14.3539], [-72.63622, -14.35623], [-72.6272, -14.34405], [-72.6365, -14.31953], [-72.62333, -14.3073], [-72.62617, -14.28279], [-72.61385, -14.2815], [-72.60079, -14.23851], [-72.56989, -14.25458], [-72.54607, -14.23095], [-72.51796, -14.22171], [-72.50771, -14.20715], [-72.47976, -14.20167], [-72.46254, -14.18314], [-72.41658, -14.21041], [-72.38853, -14.20865], [-72.38172, -14.16819], [-72.34984, -14.14306], [-72.37601, -14.11307], [-72.36856, -14.07973], [-72.3884, -14.07882], [-72.39645, -14.0705], [-72.4128, -14.07869], [-72.42243, -14.06614], [-72.41949, -14.02974], [-72.4458, -14.01504], [-72.44135, -14.00231], [-72.45646, -13.96894], [-72.45066, -13.91926], [-72.47335, -13.89474], [-72.48131, -13.87374], [-72.4706, -13.84932], [-72.4767, -13.81637], [-72.46038, -13.79021]]]}}, {"type": "Feature", "properties": {"admin2_pcode": "PE1004", "admin2_name": "Huacaybamba", "admin1_name": "Huanuco"}, "geometry": {"type": "Polygon", "coordinates": [[[-76.47337, -9.01223], [-76.51015, -9.01636], [-76.53014, -9.02794], [-76.54322, -9.01495], [-76.59551, -9.04841], [-76.62581, -9.05104], [-76.65264, -9.02568], [-76.64043, -9.01556], [-76.68505, -8.94204], [-76.68317, -8.93227], [-76.69642, -8.92964], [-76.7009, -8.91509], [-76.7116, -8.91211], [-76.72787, -8.87359], [-76.73478, -8.87078], [-76.74493, -8.88269], [-76.75972, -8.85932], [-76.77054, -8.86268], [-76.7855, -8.84205], [-76.811, -8.83257], [-76.85641, -8.85125], [-76.86149, -8.86592], [-76.89357, -8.86224], [-76.89784, -8.84966], [-76.92937, -8.83654], [-76.93721, -8.84607], [-76.96402, -8.83607], [-76.97874, -8.85195], [-76.99426, -8.84122], [-77.00917, -8.84887], [-77.0371, -8.83444], [-77.03472, -8.81982], [-77.05165, -8.81097], [-77.08225, -8.77409], [-77.10146, -8.767], [-77.12701, -8.7817], [-77.14803, -8.7771], [-77.15564, -8.79772], [-77.15018, -8.81069], [-77.17482, -8.83362], [-77.17259, -8.87637], [-77.15953, -8.8971], [-77.14374, -8.89929], [-77.12985, -8.91791], [-77.13317, -8.92605], [-77.12263, -8.94626], [-77.10573, -8.94919], [-77.10249, -8.96095], [-77.1102, -8.9696], [-77.10314, -8.97243], [-77.03571, -8.99996], [-77.03263, -9.01423], [-77.00279, -9.03262], [-76.98039, -9.0627], [-76.96645, -9.06041], [-76.94496, -9.07442], [-76.9279, -9.07108], [-76.87074, -9.11332], [-76.81816, -9.12723], [-76.79322, -9.0868], [-76.77635, -9.0734], [-76.7745, -9.05326], [-76.76354, -9.10689], [-76.75022, -9.11298], [-76.74543, -9.10683], [-76.71593, -9.10827], [-76.68789, -9.12374], [-76.65398, -9.12424], [-76.59207, -9.16895], [-76.55784, -9.17634], [-76.54115, -9.20329], [-76.52848, -9.20262], [-76.50981, -9.18614], [-76.43906, -9.22929], [-76.39587, -9.23844], [-76.3639, -9.2285], [-76.34837, -9.20488], [-76.31961, -9.19508], [-76.27211, -9.21395], [-76.27769, -9.19542], [-76.30615, -9.17737], [-76.36071, -9.19735], [-76.38218, -9.18528], [-76.40589, -9.18838], [-76.41249, -9.17742], [-76.44302, -9.18148], [-76.46312, -9.16967], [-76.48022, -9.17208], [-76.47337, -9.01223]]]}}, {"type": "Feature", "properties": {"admin2_pcode": "PE0607", "admin2_name": "Hualgayoc", "admin1_name": "Cajamarca"}, "geometry": {"type": "Polygon", "coordinates": [[[-78.41297, -6.59586], [-78.43562, -6.57356], [-78.43709, -6.55998], [-78.44216, -6.57191], [-78.45828, -6.56047], [-78.49888, -6.58751], [-78.50605, -6.60249], [-78.52966, -6.60912], [-78.55025, -6.5955], [-78.5604, -6.59785], [-78.59138, -6.63288], [-78.63651, -6.65454], [-78.64974, -6.68076], [-78.65854, -6.66382], [-78.67731, -6.65983], [-78.72162, -6.62918], [-78.75802, -6.63212], [-78.76946, -6.65108], [-78.73996, -6.70445], [-78.72544, -6.71468], [-78.71841, -6.73967], [-78.70501, -6.7512], [-78.69181, -6.74319], [-78.67789, -6.76091], [-78.63839, -6.77782], [-78.62688, -6.79344], [-78.63314, -6.80889], [-78.62809, -6.82716], [-78.61158, -6.83427], [-78.61508, -6.85161], [-78.60138, -6.86763], [-78.59044, -6.85012], [-78.5509, -6.82815], [-78.53066, -6.79894], [-78.51945, -6.81537], [-78.50473, -6.81989], [-78.49269, -6.80122], [-78.46654, -6.80637], [-78.45348, -6.83419], [-78.43302, -6.83469], [-78.42641, -6.81434], [-78.40251, -6.81553], [-78.40508, -6.80346], [-78.39427, -6.79281], [-78.40671, -6.71563], [-78.38423, -6.67706], [-78.41297, -6.59586]]]}}, {"type": "Feature", "properties": {"admin2_pcode": "PE2204", "admin2_name": "Huallaga", "admin1_name": "San Martin"}, "geometry": {"type": "Polygon", "coordinates": [[[-77.14658, -6.35111], [-77.16595, -6.37943], [-77.20896, -6.37504], [-77.22146, -6.38113], [-77.24365, -6.33812], [-77.26169, -6.32714], [-77.28291, -6.32839], [-77.28265, -6.37269], [-77.27551, -6.38473], [-77.252, -6.38796], [-77.22144, -6.4193], [-77.19913, -6.41984], [-77.19821, -6.43154], [-77.17705, -6.44947], [-77.15822, -6.5012], [-77.12278, -6.50862], [-77.08565, -6.55016], [-77.05837, -6.56745], [-77.04661, -6.56569], [-77.04944, -6.5937], [-77.06442, -6.60101], [-77.07542, -6.63658], [-77.06206, -6.64421], [-77.05697, -6.66599], [-77.04137, -6.67565], [-77.02542, -6.7135], [-77.03915, -6.73026], [-77.02775, -6.76673], [-77.03123, -6.78272], [-77.0136, -6.80389], [-77.01534, -6.83568], [-77.00625, -6.8413], [-76.98992, -6.90095], [-76.96736, -6.93582], [-76.95703, -6.99148], [-76.93794, -7.001], [-76.9093, -7.00198], [-76.90257, -7.00972], [-76.89734, -7.04669], [-76.90576, -7.05422], [-76.90708, -7.08618], [-76.88504, -7.09466], [-76.87447, -7.07837], [-76.85268, -7.06993], [-76.80801, -7.17439], [-76.78389, -7.16287], [-76.77898, -7.12986], [-76.75903, -7.13094], [-76.7153, -7.09769], [-76.70139, -7.10235], [-76.68153, -7.08931], [-76.6704, -7.12725], [-76.64807, -7.10262], [-76.63265, -7.09897], [-76.63003, -7.06129], [-76.63729, -7.04771], [-76.6321, -7.04227], [-76.65345, -7.00897], [-76.64139, -7.0035], [-76.63392, -6.98627], [-76.70917, -6.87526], [-76.73447, -6.80269], [-76.73792, -6.78801], [-76.786, -6.72825], [-76.78085, -6.70067], [-76.79536, -6.64934], [-76.81166, -6.62763], [-76.84081, -6.54978], [-76.87734, -6.49268], [-76.89111, -6.48032], [-76.92103, -6.47125], [-76.9445, -6.43915], [-76.95252, -6.39716], [-76.97164, -6.38322], [-76.98154, -6.38746], [-76.99064, -6.40762], [-77.00608, -6.4133], [-77.04371, -6.40268], [-77.05176, -6.40995], [-77.06567, -6.40766], [-77.09747, -6.38735], [-77.11548, -6.39921], [-77.14658, -6.35111]]]}}, {"type": "Feature", "properties": {"admin2_pcode": "PE1005", "admin2_name": "Huamalies", "admin1_name": "Huanuco"}, "geometry": {"type": "Polygon", "coordinates": [[[-76.27211, -9.21395], [-76.31961, -9.19508], [-76.34837, -9.20488], [-76.3639, -9.2285], [-76.39587, -9.23844], [-76.43906, -9.22929], [-76.50981, -9.18614], [-76.52848, -9.20262], [-76.54115, -9.20329], [-76.55784, -9.17634], [-76.59207, -9.16895], [-76.65398, -9.12424], [-76.68789, -9.12374], [-76.71593, -9.10827], [-76.74543, -9.10683], [-76.75022, -9.11298], [-76.76354, -9.10689], [-76.7745, -9.05326], [-76.77635, -9.0734], [-76.79322, -9.0868], [-76.81816, -9.12723], [-76.78821, -9.13659], [-76.73384, -9.20867], [-76.72574, -9.25663], [-76.73956, -9.27401], [-76.74464, -9.29713], [-76.74033, -9.3308], [-76.76462, -9.3672], [-76.79384, -9.33293], [-76.81434, -9.32615], [-76.83586, -9.26391], [-76.84595, -9.26347], [-76.85547, -9.28968], [-76.8679, -9.29127], [-76.87026, -9.31443], [-76.89292, -9.33196], [-76.9006, -9.35907], [-76.9179, -9.36951], [-76.92413, -9.39153], [-76.93524, -9.39855], [-76.9303, -9.43319], [-76.95329, -9.46748], [-76.93862, -9.4917], [-76.93755, -9.52537], [-76.9551, -9.54269], [-76.95458, -9.55931], [-76.98024, -9.56403], [-76.99516, -9.60333], [-77.0153, -9.61427], [-77.02924, -9.613], [-77.04715, -9.63253], [-77.04737, -9.65373], [-77.02384, -9.70433], [-76.97383, -9.76024], [-76.98104, -9.72457], [-76.97184, -9.71181], [-76.94539, -9.70257], [-76.94624, -9.68021], [-76.91641, -9.68841], [-76.90835, -9.65345], [-76.89613, -9.65674], [-76.89027, -9.67446], [-76.88264, -9.66796], [-76.87145, -9.67547], [-76.86242, -9.66373], [-76.85166, -9.66805], [-76.86129, -9.64318], [-76.8396, -9.63674], [-76.83462, -9.62526], [-76.82264, -9.63315], [-76.80919, -9.62803], [-76.80876, -9.61263], [-76.76134, -9.61764], [-76.75258, -9.58735], [-76.73784, -9.61557], [-76.72761, -9.59566], [-76.74319, -9.5791], [-76.69675, -9.55772], [-76.67393, -9.56086], [-76.65976, -9.55223], [-76.59452, -9.54524], [-76.58305, -9.55209], [-76.56283, -9.54068], [-76.54121, -9.53997], [-76.52437, -9.52721], [-76.50625, -9.53271], [-76.49358, -9.52605], [-76.48656, -9.50733], [-76.45828, -9.49863], [-76.42797, -9.50694], [-76.38545, -9.49638], [-76.37782, -9.48788], [-76.37141, -9.44315], [-76.34666, -9.42346], [-76.3118, -9.41816], [-76.31257, -9.39203], [-76.26713, -9.39616], [-76.23535, -9.41821], [-76.22414, -9.37526], [-76.2086, -9.36864], [-76.20934, -9.36076], [-76.14621, -9.30704], [-76.10579, -9.29662], [-76.08424, -9.30479], [-76.05679, -9.28172], [-76.06331, -9.2746], [-76.0725, -9.27904], [-76.07765, -9.23887], [-76.09783, -9.21205], [-76.12649, -9.20038], [-76.1863, -9.20741], [-76.19635, -9.19847], [-76.21709, -9.20255], [-76.23426, -9.17317], [-76.22892, -9.15117], [-76.23486, -9.14027], [-76.24689, -9.1514], [-76.27211, -9.21395]]]}}, {"type": "Feature", "properties": {"admin2_pcode": "PE0501", "admin2_name": "Huamanga", "admin1_name": "Ayacucho"}, "geometry": {"type": "Polygon", "coordinates": [[[-73.80705, -13.31483], [-73.82988, -13.30374], [-73.85146, -13.30948], [-73.86815, -13.30384], [-73.86581, -13.28957], [-73.84854, -13.2748], [-73.84651, -13.25903], [-73.86896, -13.26085], [-73.8954, -13.27864], [-73.93136, -13.28274], [-73.94501, -13.26616], [-73.94594, -13.2291], [-73.96284, -13.21009], [-73.96081, -13.18871], [-73.9688, -13.17286], [-73.99392, -13.16188], [-73.99243, -13.14991], [-74.01799, -13.11716], [-74.02148, -13.09754], [-74.02641, -13.09237], [-74.03663, -13.09821], [-74.04991, -13.06613], [-74.06128, -13.05713], [-74.052, -13.04014], [-74.06712, -13.03051], [-74.07738, -12.98495], [-74.11869, -13.0066], [-74.16435, -13.04315], [-74.18761, -13.05125], [-74.21379, -13.03442], [-74.25474, -13.02215], [-74.27905, -13.00273], [-74.26986, -13.06515], [-74.2789, -13.0741], [-74.31145, -13.05887], [-74.34588, -13.02584], [-74.36804, -13.02117], [-74.38623, -13.02931], [-74.41127, -13.07939], [-74.41087, -13.1197], [-74.38872, -13.12966], [-74.39601, -13.16883], [-74.42043, -13.15954], [-74.45844, -13.19004], [-74.49417, -13.1866], [-74.51706, -13.19669], [-74.52561, -13.18959], [-74.54221, -13.2005], [-74.5578, -13.18556], [-74.57233, -13.18473], [-74.58595, -13.21076], [-74.59563, -13.21285], [-74.60069, -13.22739], [-74.64465, -13.27414], [-74.6635, -13.27148], [-74.68941, -13.28646], [-74.67725, -13.29274], [-74.66601, -13.32847], [-74.63283, -13.34478], [-74.60083, -13.33216], [-74.56613, -13.34144], [-74.57641, -13.36192], [-74.57168, -13.38712], [-74.53276, -13.40246], [-74.5264, -13.4242], [-74.47575, -13.45314], [-74.4167, -13.44626], [-74.40311, -13.43421], [-74.3946, -13.44479], [-74.37833, -13.41886], [-74.36717, -13.43606], [-74.33601, -13.43875], [-74.33028, -13.42478], [-74.31298, -13.42555], [-74.27936, -13.40831], [-74.27412, -13.3918], [-74.26195, -13.39645], [-74.25911, -13.41528], [-74.24724, -13.42034], [-74.19643, -13.40305], [-74.19362, -13.4338], [-74.17209, -13.45374], [-74.15099, -13.51094], [-74.11009, -13.53509], [-74.05563, -13.53574], [-74.05036, -13.53149], [-74.06769, -13.50754], [-74.06586, -13.48197], [-74.08047, -13.45058], [-74.07058, -13.43408], [-74.07275, -13.42034], [-74.0589, -13.40894], [-74.04752, -13.41679], [-74.04482, -13.4409], [-73.99251, -13.44133], [-73.99442, -13.45525], [-73.98363, -13.46265], [-73.99238, -13.47839], [-73.96597, -13.5003], [-73.92608, -13.49936], [-73.90555, -13.48341], [-73.88796, -13.48398], [-73.86503, -13.46523], [-73.8348, -13.47018], [-73.83855, -13.45417], [-73.82739, -13.43374], [-73.84696, -13.39743], [-73.82874, -13.34727], [-73.8321, -13.33016], [-73.80705, -13.31483]]]}}, {"type": "Feature", "properties": {"admin2_pcode": "PE0503", "admin2_name": "Huanca Sancos", "admin1_name": "Ayacucho"}, "geometry": {"type": "Polygon", "coordinates": [[[-74.11604, -14.02887], [-74.09918, -14.00628], [-74.10242, -13.99133], [-74.11894, -13.98933], [-74.10103, -13.95498], [-74.11214, -13.89845], [-74.1385, -13.88868], [-74.15518, -13.87287], [-74.15976, -13.84137], [-74.18902, -13.81386], [-74.22737, -13.80616], [-74.22948, -13.78972], [-74.24012, -13.78458], [-74.25406, -13.75899], [-74.29805, -13.75602], [-74.31556, -13.73364], [-74.32511, -13.75165], [-74.32268, -13.76284], [-74.33085, -13.7637], [-74.37129, -13.73691], [-74.36249, -13.7594], [-74.42587, -13.79756], [-74.4912, -13.7588], [-74.49713, -13.7412], [-74.52069, -13.73586], [-74.53065, -13.70956], [-74.56646, -13.71828], [-74.59168, -13.69679], [-74.62016, -13.69606], [-74.61668, -13.71026], [-74.63603, -13.74062], [-74.70728, -13.74526], [-74.76653, -13.77223], [-74.76231, -13.7819], [-74.7776, -13.7828], [-74.77872, -13.79126], [-74.76091, -13.82864], [-74.76228, -13.8514], [-74.78422, -13.88315], [-74.77708, -13.89885], [-74.78642, -13.92451], [-74.76795, -13.97855], [-74.78476, -13.98869], [-74.77859, -13.99835], [-74.78357, -14.01921], [-74.75871, -14.0786], [-74.77253, -14.09032], [-74.76087, -14.12044], [-74.74867, -14.12299], [-74.7205, -14.11428], [-74.71679, -14.0962], [-74.70982, -14.10106], [-74.69842, -14.09467], [-74.69835, -14.07862], [-74.67708, -14.06814], [-74.67267, -14.07999], [-74.63953, -14.09512], [-74.62135, -14.09112], [-74.63567, -14.11832], [-74.6232, -14.13714], [-74.57265, -14.13532], [-74.57064, -14.14966], [-74.54129, -14.16406], [-74.52757, -14.14608], [-74.4961, -14.14631], [-74.47215, -14.15285], [-74.41971, -14.1511], [-74.39232, -14.16705], [-74.33614, -14.14811], [-74.32945, -14.12863], [-74.26138, -14.13488], [-74.20798, -14.1269], [-74.1891, -14.10343], [-74.17443, -14.10471], [-74.11604, -14.02887]]]}}, {"type": "Feature", "properties": {"admin2_pcode": "PE2003", "admin2_name": "Huancabamba", "admin1_name": "Piura"}, "geometry": {"type": "Polygon", "coordinates": [[[-79.20987, -4.96551], [-79.26551, -4.96717], [-79.30169, -4.90412], [-79.32412, -4.88474], [-79.34766, -4.88443], [-79.3653, -4.83633], [-79.38914, -4.83428], [-79.39736, -4.89012], [-79.42444, -4.92237], [-79.45129, -4.92756], [-79.4514, -4.95474], [-79.46687, -4.97359], [-79.46518, -4.98927], [-79.4821, -5.02475], [-79.47461, -5.0536], [-79.49648, -5.09745], [-79.48782, -5.11079], [-79.49686, -5.10819], [-79.51819, -5.08476], [-79.57561, -5.07246], [-79.57922, -5.06051], [-79.59525, -5.05665], [-79.60004, -5.08438], [-79.64221, -5.10722], [-79.65496, -5.12161], [-79.64692, -5.13845], [-79.66434, -5.15274], [-79.66295, -5.12672], [-79.68841, -5.09816], [-79.71492, -5.12663], [-79.71246, -5.15591], [-79.72033, -5.17723], [-79.69999, -5.20337], [-79.72004, -5.21525], [-79.6686, -5.29665], [-79.66984, -5.31743], [-79.64735, -5.33623], [-79.67574, -5.38063], [-79.69804, -5.38566], [-79.71544, -5.37594], [-79.73831, -5.37979], [-79.76403, -5.40251], [-79.76859, -5.42503], [-79.74999, -5.44644], [-79.73365, -5.44398], [-79.71568, -5.45603], [-79.64446, -5.47497], [-79.64982, -5.52061], [-79.66164, -5.53207], [-79.68326, -5.53048], [-79.72963, -5.47348], [-79.7376, -5.50956], [-79.75833, -5.54103], [-79.77705, -5.56192], [-79.80074, -5.56226], [-79.83165, -5.6025], [-79.83944, -5.63003], [-79.81901, -5.66482], [-79.80501, -5.64641], [-79.79026, -5.64573], [-79.74445, -5.67711], [-79.76642, -5.70825], [-79.74819, -5.71018], [-79.71662, -5.74156], [-79.73932, -5.79959], [-79.73688, -5.8382], [-79.68271, -5.84645], [-79.63537, -5.809], [-79.63097, -5.79638], [-79.62258, -5.79757], [-79.62321, -5.8214], [-79.63225, -5.82993], [-79.62875, -5.85161], [-79.63741, -5.85942], [-79.62994, -5.86302], [-79.62622, -5.88812], [-79.61324, -5.89554], [-79.61111, -5.92346], [-79.60132, -5.93954], [-79.59583, -5.93362], [-79.5538, -5.93831], [-79.52763, -5.91287], [-79.51396, -5.92098], [-79.4985, -5.91514], [-79.47005, -5.92808], [-79.46251, -5.94485], [-79.41861, -5.9701], [-79.39836, -5.94993], [-79.36189, -5.93276], [-79.35958, -5.91954], [-79.33357, -5.89415], [-79.35279, -5.87263], [-79.35032, -5.85511], [-79.36977, -5.83388], [-79.37647, -5.7991], [-79.38982, -5.79109], [-79.39852, -5.77093], [-79.39829, -5.70051], [-79.38657, -5.686], [-79.37147, -5.59873], [-79.39848, -5.53348], [-79.38713, -5.52192], [-79.32896, -5.53508], [-79.31007, -5.51977], [-79.28133, -5.52471], [-79.28057, -5.48661], [-79.29927, -5.46], [-79.29459, -5.43989], [-79.30546, -5.42701], [-79.30854, -5.3654], [-79.3197, -5.36293], [-79.32648, -5.34804], [-79.3277, -5.31674], [-79.35729, -5.28988], [-79.36074, -5.27393], [-79.34731, -5.25245], [-79.34867, -5.23454], [-79.36972, -5.213], [-79.37837, -5.18998], [-79.36872, -5.17525], [-79.34437, -5.16584], [-79.34168, -5.14029], [-79.33028, -5.1243], [-79.29513, -5.11076], [-79.29613, -5.1016], [-79.2736, -5.07371], [-79.27291, -5.05848], [-79.22591, -5.0474], [-79.21296, -5.00133], [-79.22206, -4.98238], [-79.20987, -4.96551]]]}}, {"type": "Feature", "properties": {"admin2_pcode": "PE2106", "admin2_name": "Huancane", "admin1_name": "Puno"}, "geometry": {"type": "Polygon", "coordinates": [[[-69.3538, -14.80167], [-69.4038, -14.82566], [-69.41352, -14.85504], [-69.41565, -14.84576], [-69.43804, -14.83411], [-69.44942, -14.78797], [-69.46364, -14.77201], [-69.49428, -14.76284], [-69.5055, -14.76816], [-69.5122, -14.78064], [-69.49954, -14.80237], [-69.52966, -14.84296], [-69.5296, -14.85797], [-69.51766, -14.87617], [-69.54179, -14.92943], [-69.568, -14.91572], [-69.6121, -14.91316], [-69.62332, -14.93588], [-69.62166, -14.94957], [-69.6365, -14.95505], [-69.65878, -14.94321], [-69.70506, -14.95799], [-69.71239, -14.95419], [-69.72937, -14.97592], [-69.73094, -14.99769], [-69.74586, -14.99447], [-69.7649, -14.96336], [-69.78241, -14.95455], [-69.80025, -14.95814], [-69.79846, -14.97885], [-69.8158, -14.98718], [-69.82754, -14.98183], [-69.83343, -14.99716], [-69.84734, -15.00489], [-69.84316, -15.01869], [-69.85144, -15.04278], [-69.86731, -15.0519], [-69.86878, -15.06477], [-69.88567, -15.08134], [-69.87457, -15.08777], [-69.87661, -15.10876], [-69.89663, -15.14675], [-69.89935, -15.17494], [-69.88007, -15.19797], [-69.89588, -15.21185], [-69.89887, -15.23083], [-69.92395, -15.23347], [-69.9302, -15.24272], [-69.94086, -15.23825], [-69.99543, -15.27407], [-70.0061, -15.29159], [-70.006, -15.32709], [-69.98876, -15.346], [-69.97586, -15.38722], [-70.00612, -15.40283], [-70.02545, -15.39837], [-70.05101, -15.35427], [-70.06437, -15.35295], [-70.09471, -15.38368], [-70.07065, -15.39743], [-70.08129, -15.39877], [-70.07113, -15.42524], [-70.08405, -15.45524], [-70.02539, -15.43793], [-70.02819, -15.45819], [-70.00378, -15.47041], [-69.99015, -15.48871], [-69.99656, -15.5061], [-69.96831, -15.53571], [-69.94708, -15.51444], [-69.90694, -15.50777], [-69.89694, -15.49463], [-69.92211, -15.45485], [-69.91722, -15.43901], [-69.93585, -15.4188], [-69.9327, -15.40991], [-69.94299, -15.39721], [-69.92796, -15.38488], [-69.93312, -15.36125], [-69.92711, -15.37483], [-69.9232, -15.36596], [-69.92553, -15.38426], [-69.91433, -15.37081], [-69.92097, -15.36643], [-69.90649, -15.36742], [-69.90477, -15.35574], [-69.87612, -15.35989], [-69.87386, -15.37716], [-69.86055, -15.36157], [-69.83948, -15.36775], [-69.82368, -15.35542], [-69.79966, -15.358], [-69.79112, -15.3519], [-69.80693, -15.3451], [-69.83943, -15.34961], [-69.84646, -15.34486], [-69.83659, -15.33893], [-69.84487, -15.33026], [-69.84527, -15.3318], [-69.84257, -15.33708], [-69.83893, -15.33961], [-69.84721, -15.34181], [-69.84945, -15.346], [-69.84419, -15.353], [-69.87169, -15.3669], [-69.87405, -15.35645], [-69.88008, -15.35573], [-69.87394, -15.35134], [-69.89265, -15.34097], [-69.85693, -15.34744], [-69.86834, -15.34097], [-69.86377, -15.33682], [-69.88957, -15.33159], [-69.88987, -15.32105], [-69.89543, -15.3246], [-69.90122, -15.31545], [-69.89575, -15.30772], [-69.90271, -15.30308], [-69.88959, -15.30239], [-69.87564, -15.30905], [-69.89796, -15.29769], [-69.88011, -15.30139], [-69.86922, -15.29021], [-69.86707, -15.30262], [-69.85607, -15.30269], [-69.85733, -15.29189], [-69.84441, -15.29369], [-69.84707, -15.2835], [-69.8386, -15.28558], [-69.83679, -15.27889], [-69.81842, -15.3068], [-69.83058, -15.2821], [-69.81496, -15.27408], [-69.8163, -15.2876], [-69.79397, -15.29901], [-69.7812, -15.31989], [-69.7737, -15.31906], [-69.77387, -15.30607], [-69.75166, -15.30265], [-69.75839, -15.29773], [-69.75094, -15.2832], [-69.72441, -15.2965], [-69.72255, -15.30745], [-69.69917, -15.30994], [-69.71445, -15.27793], [-69.72672, -15.2729], [-69.72398, -15.27807], [-69.7406, -15.27924], [-69.74063, -15.27466], [-69.73455, -15.27093], [-69.74901, -15.27166], [-69.74669, -15.26036], [-69.75929, -15.25788], [-69.74977, -15.2498], [-69.74002, -15.25732], [-69.73557, -15.24134], [-69.71813, -15.24387], [-69.70838, -15.23293], [-69.68619, -15.23833], [-69.68871, -15.25503], [-69.67742, -15.24304], [-69.65511, -15.27137], [-69.63806, -15.26148], [-69.54311, -15.30845], [-69.54749, -15.28496], [-69.52695, -15.27064], [-69.51945, -15.24857], [-69.5082, -15.24881], [-69.48606, -15.27158], [-69.44731, -15.26685], [-69.44338, -15.24441], [-69.41147, -15.2292], [-69.40108, -15.2128], [-69.362, -15.21407], [-69.35064, -15.18724], [-69.29277, -15.16222], [-69.27289, -15.18176], [-69.24063, -15.18684], [-69.2269, -15.21534], [-69.18942, -15.23118], [-69.17349, -15.25448], [-69.1763, -15.26136], [-69.15216, -15.26889], [-69.13734, -15.25515], [-69.11964, -15.25859], [-69.19045, -15.15878], [-69.22961, -15.13216], [-69.23624, -15.11969], [-69.24394, -15.12185], [-69.24346, -15.11221], [-69.26257, -15.10972], [-69.26561, -15.11724], [-69.26843, -15.10434], [-69.27729, -15.1099], [-69.27269, -15.10348], [-69.28465, -15.09647], [-69.28593, -15.08313], [-69.29245, -15.08374], [-69.29012, -15.07471], [-69.3041, -15.05363], [-69.29952, -15.04737], [-69.31436, -15.04123], [-69.32324, -15.00459], [-69.36057, -14.96106], [-69.36459, -14.93098], [-69.35384, -14.92441], [-69.34387, -14.88273], [-69.35679, -14.85198], [-69.3538, -14.80167]]]}}, {"type": "Feature", "properties": {"admin2_pcode": "PE0901", "admin2_name": "Huancavelica", "admin1_name": "Huancavelica"}, "geometry": {"type": "Polygon", "coordinates": [[[-75.13101, -12.3785], [-75.15414, -12.3957], [-75.18237, -12.36028], [-75.22008, -12.39045], [-75.21393, -12.41389], [-75.22349, -12.43908], [-75.21552, -12.46342], [-75.22965, -12.47557], [-75.25188, -12.46288], [-75.27744, -12.4668], [-75.29766, -12.48525], [-75.30949, -12.47913], [-75.32474, -12.4855], [-75.31934, -12.5145], [-75.36704, -12.54295], [-75.39191, -12.57621], [-75.40945, -12.58473], [-75.41538, -12.62842], [-75.44265, -12.61774], [-75.46079, -12.63139], [-75.45256, -12.65719], [-75.4672, -12.68333], [-75.4833, -12.67709], [-75.49085, -12.64794], [-75.52539, -12.61837], [-75.55154, -12.62347], [-75.57961, -12.64148], [-75.57505, -12.65945], [-75.56133, -12.66308], [-75.56326, -12.67573], [-75.55145, -12.68399], [-75.55365, -12.70424], [-75.57712, -12.7157], [-75.50817, -12.77505], [-75.51389, -12.78865], [-75.50755, -12.79548], [-75.47959, -12.79702], [-75.47403, -12.77771], [-75.44457, -12.77442], [-75.42656, -12.79677], [-75.40792, -12.792], [-75.38027, -12.81202], [-75.37131, -12.82565], [-75.38042, -12.83497], [-75.37811, -12.85072], [-75.35267, -12.87945], [-75.36152, -12.88833], [-75.3463, -12.91623], [-75.35472, -12.92854], [-75.33665, -12.93651], [-75.32171, -12.93133], [-75.31712, -12.91231], [-75.30617, -12.90388], [-75.28063, -12.91734], [-75.26294, -12.88601], [-75.24982, -12.87924], [-75.21168, -12.9224], [-75.2019, -12.92366], [-75.19208, -12.94729], [-75.1803, -12.95767], [-75.17336, -12.95425], [-75.15772, -12.9796], [-75.14598, -12.97402], [-75.14947, -12.96006], [-75.1275, -12.93244], [-75.11288, -12.9351], [-75.05938, -12.91435], [-75.04381, -12.91534], [-75.05005, -12.92972], [-75.03703, -12.93963], [-75.02922, -13.01615], [-75.03776, -13.02353], [-75.04025, -13.04806], [-75.031, -13.07811], [-75.03829, -13.08941], [-74.98895, -13.14152], [-74.98544, -13.16216], [-74.95512, -13.18185], [-74.91299, -13.18445], [-74.91326, -13.16747], [-74.91042, -13.13429], [-74.92018, -13.09959], [-74.90877, -13.09346], [-74.90766, -13.03455], [-74.90143, -13.02306], [-74.88223, -13.01468], [-74.87704, -12.99926], [-74.83829, -12.97488], [-74.89042, -12.96844], [-74.88952, -12.94885], [-74.89606, -12.94539], [-74.88699, -12.929], [-74.87773, -12.91903], [-74.85135, -12.92066], [-74.82957, -12.94229], [-74.81887, -12.93995], [-74.8171, -12.92215], [-74.8041, -12.91526], [-74.80764, -12.90791], [-74.78294, -12.87795], [-74.76157, -12.86753], [-74.73367, -12.87967], [-74.72174, -12.85989], [-74.69918, -12.84364], [-74.72607, -12.84145], [-74.74369, -12.82648], [-74.7503, -12.80224], [-74.76894, -12.80724], [-74.7957, -12.79154], [-74.78597, -12.78411], [-74.77049, -12.71344], [-74.76717, -12.67748], [-74.77758, -12.66913], [-74.77788, -12.6283], [-74.75557, -12.62559], [-74.74516, -12.61575], [-74.73573, -12.62829], [-74.71163, -12.63427], [-74.68777, -12.61865], [-74.68646, -12.58986], [-74.69497, -12.5848], [-74.68909, -12.57186], [-74.70951, -12.55749], [-74.69654, -12.5478], [-74.69122, -12.52438], [-74.70632, -12.52309], [-74.70866, -12.5043], [-74.71954, -12.50268], [-74.72244, -12.48706], [-74.75053, -12.48522], [-74.78231, -12.46353], [-74.81712, -12.47722], [-74.82218, -12.49852], [-74.83809, -12.49728], [-74.8762, -12.53113], [-74.88492, -12.52863], [-74.885, -12.51608], [-74.92929, -12.53408], [-74.94385, -12.53305], [-74.95089, -12.51107], [-74.96391, -12.51471], [-75.00665, -12.49376], [-75.02118, -12.4399], [-75.0352, -12.42911], [-75.04211, -12.40815], [-75.10111, -12.37721], [-75.13101, -12.3785]]]}}, {"type": "Feature", "properties": {"admin2_pcode": "PE1201", "admin2_name": "Huancayo", "admin1_name": "Junin"}, "geometry": {"type": "Polygon", "coordinates": [[[-74.549, -11.99699], [-74.54307, -11.98405], [-74.50481, -11.98328], [-74.49884, -11.95443], [-74.50479, -11.93767], [-74.48783, -11.92309], [-74.49051, -11.91367], [-74.50785, -11.91597], [-74.53366, -11.87873], [-74.57789, -11.88238], [-74.58128, -11.8548], [-74.59673, -11.84278], [-74.59613, -11.81919], [-74.61064, -11.80739], [-74.60634, -11.79311], [-74.6394, -11.74123], [-74.65028, -11.73631], [-74.64254, -11.70095], [-74.67963, -11.66125], [-74.70808, -11.67477], [-74.72101, -11.66466], [-74.73738, -11.67562], [-74.74398, -11.70316], [-74.76494, -11.70717], [-74.7748, -11.72327], [-74.77874, -11.7412], [-74.76751, -11.76197], [-74.83935, -11.7628], [-74.84797, -11.77322], [-74.8689, -11.77747], [-74.85096, -11.80273], [-74.88536, -11.8356], [-74.8876, -11.84626], [-74.92149, -11.84609], [-74.95141, -11.82673], [-74.96728, -11.8448], [-74.99295, -11.81692], [-75.01162, -11.81999], [-75.04511, -11.85655], [-75.06249, -11.88896], [-75.08975, -11.83562], [-75.10451, -11.8327], [-75.12928, -11.84224], [-75.15978, -11.82156], [-75.17891, -11.79354], [-75.25071, -11.80994], [-75.26489, -11.83687], [-75.26285, -11.84957], [-75.27464, -11.86295], [-75.2666, -11.87305], [-75.29488, -11.88739], [-75.2941, -11.92165], [-75.31278, -11.938], [-75.2792, -11.98052], [-75.30396, -11.98534], [-75.311, -12.00764], [-75.32507, -12.00933], [-75.31312, -12.03376], [-75.31651, -12.04147], [-75.29171, -12.05558], [-75.23879, -12.06307], [-75.23563, -12.07038], [-75.23184, -12.1204], [-75.24052, -12.14982], [-75.2653, -12.15677], [-75.27592, -12.17729], [-75.24854, -12.22402], [-75.24627, -12.24933], [-75.25204, -12.25519], [-75.26425, -12.24866], [-75.27391, -12.25764], [-75.27158, -12.26662], [-75.29985, -12.25827], [-75.30356, -12.2711], [-75.31461, -12.27015], [-75.35723, -12.30892], [-75.35254, -12.32761], [-75.3601, -12.33557], [-75.40998, -12.36396], [-75.44285, -12.36983], [-75.48812, -12.39835], [-75.55959, -12.41072], [-75.55741, -12.45659], [-75.53597, -12.51855], [-75.57184, -12.56407], [-75.56621, -12.57246], [-75.57938, -12.59508], [-75.57961, -12.64148], [-75.55154, -12.62347], [-75.52539, -12.61837], [-75.49085, -12.64794], [-75.4833, -12.67709], [-75.4672, -12.68333], [-75.45256, -12.65719], [-75.46079, -12.63139], [-75.44265, -12.61774], [-75.41538, -12.62842], [-75.40945, -12.58473], [-75.39191, -12.57621], [-75.36704, -12.54295], [-75.31934, -12.5145], [-75.32474, -12.4855], [-75.30949, -12.47913], [-75.29766, -12.48525], [-75.27744, -12.4668], [-75.25188, -12.46288], [-75.22965, -12.47557], [-75.21552, -12.46342], [-75.22349, -12.43908], [-75.21393, -12.41389], [-75.22008, -12.39045], [-75.18237, -12.36028], [-75.15414, -12.3957], [-75.13101, -12.3785], [-75.14014, -12.34141], [-75.09893, -12.28532], [-75.10522, -12.27114], [-75.10045, -12.2511], [-75.08551, -12.23673], [-75.07163, -12.2352], [-75.05905, -12.20547], [-75.04936, -12.20134], [-75.04892, -12.16755], [-75.07262, -12.1578], [-75.07695, -12.14715], [-75.06292, -12.13472], [-75.07095, -12.11293], [-75.06516, -12.09192], [-75.07383, -12.06131], [-75.0864, -12.05326], [-75.04705, -12.01156], [-75.04895, -11.99923], [-75.02681, -12.0022], [-75.02194, -12.01307], [-74.99775, -12.02108], [-74.93902, -12.01836], [-74.87077, -12.06599], [-74.83737, -12.07082], [-74.81875, -12.05353], [-74.79428, -12.05829], [-74.74451, -12.0409], [-74.72009, -12.05913], [-74.71069, -12.0572], [-74.68336, -12.03814], [-74.6792, -12.01826], [-74.66141, -12.00564], [-74.65757, -11.99268], [-74.63181, -11.98534], [-74.61255, -11.98798], [-74.60355, -11.99954], [-74.59275, -11.9955], [-74.59411, -11.98697], [-74.57313, -11.98468], [-74.56696, -11.99746], [-74.549, -11.99699]]]}}, {"type": "Feature", "properties": {"admin2_pcode": "PE0504", "admin2_name": "Huanta", "admin1_name": "Ayacucho"}, "geometry": {"type": "Polygon", "coordinates": [[[-73.98045, -12.24259], [-73.9875, -12.27166], [-73.99985, -12.28358], [-74.02188, -12.27736], [-74.03979, -12.26141], [-74.05928, -12.27655], [-74.09735, -12.28371], [-74.10412, -12.31324], [-74.12517, -12.33386], [-74.13116, -12.31461], [-74.14733, -12.32438], [-74.16623, -12.3124], [-74.18489, -12.31615], [-74.19014, -12.30242], [-74.2187, -12.30174], [-74.21804, -12.27808], [-74.23263, -12.26751], [-74.24551, -12.26948], [-74.24776, -12.25804], [-74.25754, -12.25644], [-74.26983, -12.23935], [-74.28407, -12.24064], [-74.29149, -12.22305], [-74.32187, -12.22978], [-74.33652, -12.21493], [-74.32976, -12.2109], [-74.33419, -12.19446], [-74.34498, -12.19427], [-74.35185, -12.17694], [-74.34595, -12.17374], [-74.35078, -12.16795], [-74.37885, -12.17601], [-74.38737, -12.18798], [-74.37607, -12.22919], [-74.39368, -12.25247], [-74.38478, -12.27153], [-74.41493, -12.30375], [-74.44007, -12.27361], [-74.45305, -12.26973], [-74.48734, -12.27876], [-74.5071, -12.31246], [-74.55545, -12.28809], [-74.58093, -12.32439], [-74.57599, -12.37317], [-74.56462, -12.36091], [-74.54943, -12.37385], [-74.5349, -12.41], [-74.5206, -12.40965], [-74.52167, -12.43683], [-74.50597, -12.44888], [-74.45393, -12.44391], [-74.40925, -12.45192], [-74.40158, -12.46748], [-74.41519, -12.49175], [-74.3987, -12.50269], [-74.40001, -12.52456], [-74.38427, -12.54485], [-74.38686, -12.56681], [-74.36632, -12.57583], [-74.36329, -12.59427], [-74.32423, -12.60386], [-74.34223, -12.62534], [-74.32717, -12.6802], [-74.34084, -12.69016], [-74.34937, -12.71714], [-74.32837, -12.74424], [-74.31353, -12.7371], [-74.29409, -12.75118], [-74.28497, -12.78831], [-74.28622, -12.80135], [-74.29573, -12.79895], [-74.29841, -12.80574], [-74.2949, -12.83015], [-74.32362, -12.83251], [-74.33325, -12.85175], [-74.31945, -12.88728], [-74.32767, -12.92839], [-74.29655, -12.93501], [-74.29749, -12.96794], [-74.27905, -13.00273], [-74.25474, -13.02215], [-74.21379, -13.03442], [-74.18761, -13.05125], [-74.16435, -13.04315], [-74.11869, -13.0066], [-74.116, -12.98883], [-74.10399, -12.98206], [-74.11218, -12.96144], [-74.10643, -12.94937], [-74.14837, -12.87178], [-74.12769, -12.85462], [-74.10808, -12.85203], [-74.09712, -12.86658], [-74.0815, -12.86064], [-74.07063, -12.87519], [-74.04462, -12.86544], [-74.01483, -12.83941], [-73.99623, -12.83916], [-73.98765, -12.79668], [-73.99652, -12.77416], [-73.99168, -12.75402], [-73.95095, -12.72786], [-73.88811, -12.71105], [-73.86925, -12.67682], [-73.86912, -12.6567], [-73.85352, -12.64504], [-73.85945, -12.62221], [-73.83266, -12.5751], [-73.83093, -12.53078], [-73.84419, -12.53946], [-73.85444, -12.53217], [-73.85431, -12.48906], [-73.88592, -12.40614], [-73.92802, -12.37875], [-73.94777, -12.35066], [-73.97007, -12.34781], [-73.97062, -12.27556], [-73.98045, -12.24259]]]}}, {"type": "Feature", "properties": {"admin2_pcode": "PE1001", "admin2_name": "Huanuco", "admin1_name": "Huanuco"}, "geometry": {"type": "Polygon", "coordinates": [[[-75.94664, -9.49703], [-75.95588, -9.49235], [-76.01135, -9.50803], [-76.03815, -9.49645], [-76.04971, -9.47856], [-76.07191, -9.47152], [-76.1246, -9.48081], [-76.13985, -9.47008], [-76.16108, -9.46923], [-76.20469, -9.49887], [-76.25621, -9.52231], [-76.28286, -9.52512], [-76.31403, -9.51662], [-76.34273, -9.52982], [-76.36073, -9.54681], [-76.36548, -9.57871], [-76.40944, -9.62855], [-76.41251, -9.66662], [-76.42659, -9.67222], [-76.43804, -9.70596], [-76.46299, -9.70696], [-76.46545, -9.72213], [-76.47681, -9.72475], [-76.48399, -9.74041], [-76.46716, -9.7502], [-76.46331, -9.76193], [-76.46982, -9.80787], [-76.49997, -9.8368], [-76.4867, -9.88147], [-76.46507, -9.89225], [-76.48737, -9.90649], [-76.54609, -9.91983], [-76.54752, -9.94314], [-76.57047, -9.95923], [-76.57768, -9.96588], [-76.57332, -9.97082], [-76.58542, -10.0112], [-76.57845, -10.03145], [-76.59732, -10.04158], [-76.60646, -10.08311], [-76.59708, -10.10093], [-76.56829, -10.09585], [-76.55357, -10.10328], [-76.53484, -10.14006], [-76.53854, -10.16676], [-76.5278, -10.1875], [-76.51765, -10.18707], [-76.5048, -10.17913], [-76.51382, -10.16086], [-76.51001, -10.15227], [-76.48052, -10.1569], [-76.46119, -10.14922], [-76.44755, -10.1873], [-76.44975, -10.21416], [-76.43608, -10.23353], [-76.43019, -10.20036], [-76.41101, -10.17872], [-76.41637, -10.14914], [-76.41061, -10.13714], [-76.37359, -10.15058], [-76.36938, -10.13084], [-76.35473, -10.12195], [-76.34757, -10.1259], [-76.29274, -10.07535], [-76.22879, -10.03676], [-76.22952, -10.01746], [-76.18895, -10.00659], [-76.16425, -9.98132], [-76.13621, -9.98628], [-76.11621, -9.95226], [-76.12454, -9.92539], [-76.11721, -9.9031], [-76.12324, -9.88862], [-76.08681, -9.88132], [-76.06193, -9.81951], [-76.04756, -9.82424], [-75.96369, -9.81462], [-75.92567, -9.7949], [-75.89223, -9.79103], [-75.87379, -9.79308], [-75.82466, -9.8314], [-75.79582, -9.81379], [-75.80923, -9.76729], [-75.80501, -9.73193], [-75.816, -9.71335], [-75.85221, -9.6834], [-75.8401, -9.65077], [-75.91267, -9.56745], [-75.92957, -9.51313], [-75.94664, -9.49703]]]}}, {"type": "Feature", "properties": {"admin2_pcode": "PE1506", "admin2_name": "Huaral", "admin1_name": "Lima"}, "geometry": {"type": "Polygon", "coordinates": [[[-76.49121, -11.08944], [-76.51468, -11.06871], [-76.53299, -11.03413], [-76.56401, -11.02291], [-76.56925, -11.01348], [-76.57695, -11.01653], [-76.61859, -11.02909], [-76.6293, -11.02433], [-76.6336, -11.03832], [-76.65658, -11.03342], [-76.67137, -11.05403], [-76.6837, -11.04652], [-76.70486, -11.05538], [-76.72013, -11.05219], [-76.73452, -11.06545], [-76.74075, -11.06582], [-76.74156, -11.03736], [-76.7656, -11.03512], [-76.78245, -11.04575], [-76.79327, -11.07637], [-76.82576, -11.10368], [-76.87527, -11.08324], [-76.90758, -11.08761], [-76.94268, -11.07825], [-76.98857, -11.10362], [-77.01986, -11.13528], [-77.04641, -11.13837], [-77.0567, -11.11728], [-77.05204, -11.09576], [-77.07638, -11.09157], [-77.08795, -11.15051], [-77.08581, -11.18058], [-77.06003, -11.1951], [-77.06445, -11.20752], [-77.05697, -11.23051], [-77.07605, -11.27489], [-77.11095, -11.28238], [-77.13127, -11.29821], [-77.14511, -11.3418], [-77.15929, -11.34451], [-77.1645, -11.36623], [-77.18927, -11.36282], [-77.205, -11.34296], [-77.22477, -11.34204], [-77.23072, -11.3153], [-77.24377, -11.30259], [-77.2642, -11.29746], [-77.28612, -11.27429], [-77.30349, -11.2741], [-77.33284, -11.34313], [-77.32004, -11.3653], [-77.32398, -11.38548], [-77.33432, -11.39852], [-77.37005, -11.41467], [-77.38269, -11.44718], [-77.30475, -11.51223], [-77.271, -11.57207], [-77.2705, -11.58434], [-77.28208, -11.58737], [-77.20784, -11.64809], [-77.19219, -11.68077], [-77.19633, -11.69795], [-77.18211, -11.68591], [-77.15453, -11.7017], [-77.15828, -11.68174], [-77.15216, -11.67063], [-77.12207, -11.65736], [-77.13696, -11.63753], [-77.1347, -11.62664], [-77.10739, -11.62684], [-77.08527, -11.60424], [-77.0777, -11.57702], [-77.06828, -11.57271], [-77.04581, -11.57873], [-77.00476, -11.61427], [-77.00127, -11.59897], [-76.9808, -11.59723], [-76.9462, -11.57857], [-76.93757, -11.55023], [-76.92379, -11.55865], [-76.89605, -11.53513], [-76.87471, -11.5378], [-76.85952, -11.50405], [-76.89225, -11.49219], [-76.89372, -11.4615], [-76.85611, -11.46782], [-76.8057, -11.43336], [-76.77158, -11.42032], [-76.72345, -11.43484], [-76.70602, -11.42374], [-76.69457, -11.42933], [-76.66741, -11.38929], [-76.66795, -11.34601], [-76.64053, -11.34408], [-76.63105, -11.35366], [-76.60299, -11.34849], [-76.59818, -11.32658], [-76.57983, -11.31253], [-76.56815, -11.31891], [-76.5446, -11.31648], [-76.53276, -11.33354], [-76.50876, -11.32815], [-76.48348, -11.34442], [-76.45702, -11.33443], [-76.47859, -11.29128], [-76.46342, -11.27066], [-76.45693, -11.27252], [-76.47709, -11.26391], [-76.49071, -11.2466], [-76.4832, -11.23694], [-76.49421, -11.20974], [-76.49208, -11.18931], [-76.50556, -11.17367], [-76.50517, -11.14379], [-76.51923, -11.11809], [-76.49566, -11.10955], [-76.49121, -11.08944]]]}}, {"type": "Feature", "properties": {"admin2_pcode": "PE0201", "admin2_name": "Huaraz", "admin1_name": "Ancash"}, "geometry": {"type": "Polygon", "coordinates": [[[-77.33009, -9.38239], [-77.35102, -9.38846], [-77.37079, -9.36797], [-77.38414, -9.36998], [-77.39852, -9.35608], [-77.39764, -9.34661], [-77.41547, -9.35577], [-77.44339, -9.35088], [-77.46501, -9.36699], [-77.53001, -9.37271], [-77.54229, -9.38659], [-77.58494, -9.37529], [-77.58087, -9.39225], [-77.60388, -9.40356], [-77.61301, -9.42208], [-77.64368, -9.43259], [-77.64929, -9.4528], [-77.66564, -9.42666], [-77.68138, -9.41766], [-77.67513, -9.39438], [-77.69048, -9.37784], [-77.71895, -9.38237], [-77.7442, -9.37071], [-77.76579, -9.4001], [-77.76045, -9.41486], [-77.76653, -9.42207], [-77.83408, -9.42591], [-77.857, -9.40273], [-77.901, -9.44223], [-77.91574, -9.46918], [-77.93353, -9.48079], [-77.91584, -9.49102], [-77.91832, -9.49977], [-77.92919, -9.50006], [-77.94636, -9.53971], [-77.97114, -9.53102], [-77.99368, -9.53576], [-77.97415, -9.55048], [-77.97471, -9.56987], [-77.95926, -9.59045], [-77.96079, -9.61537], [-77.97603, -9.63905], [-77.98989, -9.64505], [-78.00809, -9.68315], [-78.04189, -9.6899], [-78.0004, -9.71157], [-77.96762, -9.70614], [-77.98712, -9.73945], [-77.9614, -9.78024], [-77.95381, -9.77159], [-77.86577, -9.7638], [-77.7808, -9.80067], [-77.759, -9.78657], [-77.74875, -9.75265], [-77.73381, -9.73721], [-77.73369, -9.71335], [-77.72369, -9.69483], [-77.71212, -9.69002], [-77.69861, -9.69721], [-77.67975, -9.68489], [-77.66169, -9.68655], [-77.66428, -9.66046], [-77.6213, -9.62083], [-77.60905, -9.62989], [-77.61368, -9.649], [-77.59817, -9.63974], [-77.59203, -9.65878], [-77.56921, -9.66915], [-77.54161, -9.70589], [-77.54707, -9.71252], [-77.53625, -9.73787], [-77.52094, -9.71035], [-77.5256, -9.6896], [-77.5031, -9.6627], [-77.48412, -9.6616], [-77.47546, -9.67297], [-77.45205, -9.66812], [-77.42438, -9.67972], [-77.33504, -9.66549], [-77.32692, -9.67893], [-77.26971, -9.64874], [-77.2667, -9.6369], [-77.28312, -9.61955], [-77.28873, -9.59251], [-77.30941, -9.57456], [-77.30081, -9.55501], [-77.3262, -9.47193], [-77.30852, -9.46454], [-77.30057, -9.44023], [-77.31972, -9.42711], [-77.315, -9.39906], [-77.33009, -9.38239]]]}}, {"type": "Feature", "properties": {"admin2_pcode": "PE0210", "admin2_name": "Huari", "admin1_name": "Ancash"}, "geometry": {"type": "Polygon", "coordinates": [[[-76.81816, -9.12723], [-76.87074, -9.11332], [-76.9279, -9.07108], [-76.94496, -9.07442], [-76.94181, -9.12899], [-76.96119, -9.1535], [-76.95956, -9.20741], [-77.01232, -9.29878], [-77.02886, -9.30051], [-77.08643, -9.26441], [-77.08254, -9.23412], [-77.09377, -9.21138], [-77.08441, -9.18248], [-77.14221, -9.20242], [-77.15741, -9.17269], [-77.17387, -9.15996], [-77.18607, -9.15499], [-77.19787, -9.16571], [-77.22156, -9.16758], [-77.24177, -9.1991], [-77.26205, -9.20779], [-77.26267, -9.23825], [-77.27559, -9.24733], [-77.2753, -9.27827], [-77.29169, -9.28851], [-77.30898, -9.2833], [-77.31918, -9.32411], [-77.33456, -9.35272], [-77.33009, -9.38239], [-77.315, -9.39906], [-77.31972, -9.42711], [-77.30057, -9.44023], [-77.30852, -9.46454], [-77.3262, -9.47193], [-77.30081, -9.55501], [-77.30941, -9.57456], [-77.28873, -9.59251], [-77.28312, -9.61955], [-77.2667, -9.6369], [-77.26971, -9.64874], [-77.24906, -9.67981], [-77.25063, -9.69186], [-77.22773, -9.71324], [-77.23612, -9.7258], [-77.23079, -9.74749], [-77.24554, -9.77323], [-77.23848, -9.78532], [-77.24403, -9.80759], [-77.22572, -9.80664], [-77.21694, -9.82393], [-77.20659, -9.82121], [-77.20282, -9.8311], [-77.18713, -9.83621], [-77.1588, -9.82716], [-77.12517, -9.83962], [-77.1159, -9.83316], [-77.09488, -9.84082], [-77.09898, -9.80621], [-77.04771, -9.79518], [-77.04946, -9.78287], [-77.0278, -9.76412], [-77.02547, -9.72864], [-77.0357, -9.71885], [-77.02384, -9.70433], [-77.04737, -9.65373], [-77.04715, -9.63253], [-77.02924, -9.613], [-77.0153, -9.61427], [-76.99516, -9.60333], [-76.98024, -9.56403], [-76.95458, -9.55931], [-76.9551, -9.54269], [-76.93755, -9.52537], [-76.93862, -9.4917], [-76.95329, -9.46748], [-76.9303, -9.43319], [-76.93524, -9.39855], [-76.92413, -9.39153], [-76.9179, -9.36951], [-76.9006, -9.35907], [-76.89292, -9.33196], [-76.87026, -9.31443], [-76.8679, -9.29127], [-76.85547, -9.28968], [-76.84595, -9.26347], [-76.83586, -9.26391], [-76.81434, -9.32615], [-76.79384, -9.33293], [-76.76462, -9.3672], [-76.74033, -9.3308], [-76.74464, -9.29713], [-76.73956, -9.27401], [-76.72574, -9.25663], [-76.73384, -9.20867], [-76.78821, -9.13659], [-76.81816, -9.12723]]]}}, {"type": "Feature", "properties": {"admin2_pcode": "PE0211", "admin2_name": "Huarmey", "admin1_name": "Ancash"}, "geometry": {"type": "Polygon", "coordinates": [[[-78.04189, -9.6899], [-78.05827, -9.68917], [-78.0874, -9.72049], [-78.12285, -9.71137], [-78.14483, -9.71458], [-78.17422, -9.74828], [-78.22165, -9.77871], [-78.22621, -9.79528], [-78.2271, -9.82157], [-78.2378, -9.83419], [-78.23429, -9.85403], [-78.24379, -9.86849], [-78.22451, -9.90722], [-78.23022, -9.91254], [-78.22424, -9.93985], [-78.23356, -9.95131], [-78.20808, -9.96677], [-78.19306, -10.00135], [-78.1961, -10.02012], [-78.17577, -10.04396], [-78.17576, -10.0697], [-78.16574, -10.09195], [-78.18502, -10.10939], [-78.17344, -10.11521], [-78.16357, -10.14719], [-78.10158, -10.20111], [-78.08729, -10.23012], [-78.09196, -10.24198], [-78.08101, -10.24832], [-78.08707, -10.27712], [-78.05683, -10.30346], [-78.05523, -10.34537], [-78.0106, -10.3747], [-78.00071, -10.39747], [-78.01442, -10.41124], [-77.98041, -10.43937], [-77.96332, -10.47111], [-77.96561, -10.49297], [-77.9394, -10.50901], [-77.90816, -10.54429], [-77.90078, -10.5642], [-77.90868, -10.56959], [-77.88659, -10.61206], [-77.83969, -10.56792], [-77.79968, -10.58532], [-77.785, -10.57204], [-77.77138, -10.57161], [-77.77067, -10.51567], [-77.79884, -10.47734], [-77.78757, -10.4571], [-77.7646, -10.43948], [-77.76786, -10.42879], [-77.76002, -10.43008], [-77.74987, -10.4068], [-77.75636, -10.32812], [-77.75237, -10.32181], [-77.69875, -10.3221], [-77.69643, -10.25685], [-77.67752, -10.23423], [-77.6744, -10.20671], [-77.6574, -10.14687], [-77.67217, -10.13969], [-77.69807, -10.14367], [-77.69968, -10.10853], [-77.72187, -10.07868], [-77.70997, -10.05245], [-77.73498, -10.04258], [-77.75036, -10.04538], [-77.7705, -10.0251], [-77.77499, -10.00143], [-77.76393, -9.9899], [-77.75063, -10.00621], [-77.72753, -10.01379], [-77.63187, -10.02229], [-77.60817, -9.95014], [-77.55807, -9.89363], [-77.55249, -9.87218], [-77.57606, -9.87244], [-77.60588, -9.8604], [-77.6214, -9.86778], [-77.64125, -9.85605], [-77.66433, -9.86486], [-77.70355, -9.84835], [-77.71205, -9.8371], [-77.73793, -9.84842], [-77.76375, -9.87243], [-77.76561, -9.88974], [-77.77446, -9.89112], [-77.77979, -9.90506], [-77.81376, -9.90576], [-77.82587, -9.91428], [-77.82694, -9.87809], [-77.84372, -9.84405], [-77.83374, -9.83634], [-77.85389, -9.81709], [-77.87542, -9.81116], [-77.90853, -9.82166], [-77.9614, -9.78024], [-77.98712, -9.73945], [-77.96762, -9.70614], [-78.0004, -9.71157], [-78.04189, -9.6899]]]}}, {"type": "Feature", "properties": {"admin2_pcode": "PE1507", "admin2_name": "Huarochiri", "admin1_name": "Lima"}, "geometry": {"type": "Polygon", "coordinates": [[[-76.37684, -11.50149], [-76.39164, -11.49916], [-76.40058, -11.50717], [-76.4141, -11.49238], [-76.4369, -11.4873], [-76.45486, -11.46266], [-76.46932, -11.46065], [-76.47533, -11.46708], [-76.49722, -11.45931], [-76.51183, -11.48788], [-76.52582, -11.49577], [-76.52935, -11.51165], [-76.5446, -11.51913], [-76.53644, -11.56114], [-76.55418, -11.58141], [-76.55813, -11.61157], [-76.57528, -11.6211], [-76.57367, -11.63162], [-76.60251, -11.63855], [-76.61255, -11.65296], [-76.66407, -11.65807], [-76.70737, -11.69131], [-76.73894, -11.69726], [-76.75202, -11.73061], [-76.80487, -11.75587], [-76.85124, -11.79815], [-76.90576, -11.79536], [-76.90382, -11.82372], [-76.93564, -11.83368], [-76.94228, -11.86087], [-76.93677, -11.86918], [-76.89493, -11.86575], [-76.89741, -11.88066], [-76.91211, -11.88927], [-76.918, -11.90645], [-76.91502, -11.92712], [-76.93137, -11.94217], [-76.91828, -11.96004], [-76.87838, -11.95094], [-76.85032, -11.93516], [-76.82931, -11.94499], [-76.81816, -11.92774], [-76.79168, -11.92761], [-76.73887, -11.89332], [-76.72668, -11.87454], [-76.7178, -11.88759], [-76.69414, -11.89656], [-76.64727, -11.95226], [-76.64833, -11.96737], [-76.66141, -11.97906], [-76.68428, -11.9894], [-76.70001, -11.98587], [-76.72234, -11.99959], [-76.70656, -12.03237], [-76.67808, -12.05298], [-76.67339, -12.07283], [-76.68409, -12.08588], [-76.70519, -12.08626], [-76.71662, -12.09934], [-76.71326, -12.10887], [-76.6793, -12.13097], [-76.69156, -12.14136], [-76.68792, -12.15183], [-76.67174, -12.17237], [-76.66034, -12.17346], [-76.64771, -12.20971], [-76.6211, -12.22688], [-76.63545, -12.27711], [-76.65041, -12.28478], [-76.65417, -12.30506], [-76.67702, -12.32765], [-76.6817, -12.35431], [-76.66799, -12.36023], [-76.65083, -12.35616], [-76.61668, -12.37283], [-76.60707, -12.36908], [-76.60743, -12.35289], [-76.59339, -12.33641], [-76.58948, -12.29973], [-76.55733, -12.27573], [-76.53179, -12.31625], [-76.53766, -12.33937], [-76.52608, -12.35011], [-76.5274, -12.36443], [-76.5161, -12.38595], [-76.48328, -12.4098], [-76.46713, -12.4015], [-76.45277, -12.40426], [-76.42244, -12.3736], [-76.38787, -12.31798], [-76.37766, -12.32099], [-76.37261, -12.33491], [-76.346, -12.33773], [-76.32275, -12.29007], [-76.30322, -12.27306], [-76.30046, -12.25735], [-76.27245, -12.30207], [-76.2503, -12.29973], [-76.22052, -12.27548], [-76.21548, -12.26278], [-76.17123, -12.25927], [-76.15322, -12.24012], [-76.1127, -12.22575], [-76.09928, -12.20741], [-76.06947, -12.20741], [-76.06835, -12.18596], [-76.08622, -12.1604], [-76.05679, -12.13273], [-76.07255, -12.10894], [-76.06135, -12.08852], [-76.04422, -12.08448], [-76.02034, -12.06396], [-76.0097, -12.0237], [-75.99756, -12.01789], [-76.00095, -11.99824], [-75.99318, -11.99468], [-76.03738, -11.9642], [-76.05259, -11.94824], [-76.05186, -11.93896], [-76.05822, -11.91281], [-76.04977, -11.90109], [-76.05818, -11.87996], [-76.09444, -11.84847], [-76.13733, -11.78051], [-76.15438, -11.78139], [-76.17538, -11.75038], [-76.20233, -11.72805], [-76.2075, -11.69979], [-76.19669, -11.69257], [-76.1933, -11.67349], [-76.20488, -11.65953], [-76.18829, -11.64239], [-76.19891, -11.62594], [-76.17955, -11.61287], [-76.18942, -11.5904], [-76.19939, -11.58843], [-76.22874, -11.55381], [-76.23741, -11.56901], [-76.26473, -11.56719], [-76.27309, -11.58201], [-76.29765, -11.59617], [-76.30437, -11.56753], [-76.31751, -11.5627], [-76.32786, -11.54432], [-76.35, -11.5423], [-76.35065, -11.52041], [-76.3594, -11.52287], [-76.37684, -11.50149]]]}}, {"type": "Feature", "properties": {"admin2_pcode": "PE1508", "admin2_name": "Huaura", "admin1_name": "Lima"}, "geometry": {"type": "Polygon", "coordinates": [[[-77.3447, -10.60798], [-77.3673, -10.6383], [-77.38011, -10.63944], [-77.40226, -10.67755], [-77.40379, -10.69097], [-77.38566, -10.70779], [-77.36546, -10.71596], [-77.38364, -10.73728], [-77.38674, -10.75274], [-77.40249, -10.76798], [-77.42504, -10.76783], [-77.43878, -10.80298], [-77.45815, -10.80996], [-77.46222, -10.87007], [-77.44429, -10.9161], [-77.52571, -10.93198], [-77.54867, -10.89048], [-77.56139, -10.8784], [-77.58592, -10.87313], [-77.59591, -10.86006], [-77.63869, -10.87286], [-77.65761, -10.86523], [-77.70152, -10.88612], [-77.65783, -10.94651], [-77.66463, -10.95898], [-77.64682, -10.99819], [-77.66187, -11.01348], [-77.63342, -11.05451], [-77.63738, -11.0713], [-77.62807, -11.08928], [-77.63386, -11.09361], [-77.6131, -11.11216], [-77.62013, -11.1269], [-77.59277, -11.17782], [-77.60171, -11.21402], [-77.6255, -11.21777], [-77.63099, -11.21183], [-77.64715, -11.22173], [-77.6499, -11.24464], [-77.64009, -11.27561], [-77.64329, -11.29052], [-77.65423, -11.29124], [-77.64587, -11.2964], [-77.64835, -11.30274], [-77.49814, -11.37715], [-77.38269, -11.44718], [-77.37005, -11.41467], [-77.33432, -11.39852], [-77.32398, -11.38548], [-77.32004, -11.3653], [-77.33284, -11.34313], [-77.30349, -11.2741], [-77.28612, -11.27429], [-77.2642, -11.29746], [-77.24377, -11.30259], [-77.23072, -11.3153], [-77.22477, -11.34204], [-77.205, -11.34296], [-77.18927, -11.36282], [-77.1645, -11.36623], [-77.15929, -11.34451], [-77.14511, -11.3418], [-77.13127, -11.29821], [-77.11095, -11.28238], [-77.07605, -11.27489], [-77.05697, -11.23051], [-77.06445, -11.20752], [-77.06003, -11.1951], [-77.08581, -11.18058], [-77.08795, -11.15051], [-77.07638, -11.09157], [-77.05204, -11.09576], [-77.0567, -11.11728], [-77.04641, -11.13837], [-77.01986, -11.13528], [-76.98857, -11.10362], [-76.94268, -11.07825], [-76.90758, -11.08761], [-76.87527, -11.08324], [-76.82576, -11.10368], [-76.79327, -11.07637], [-76.78245, -11.04575], [-76.7656, -11.03512], [-76.74156, -11.03736], [-76.74075, -11.06582], [-76.73452, -11.06545], [-76.72013, -11.05219], [-76.70486, -11.05538], [-76.6837, -11.04652], [-76.67137, -11.05403], [-76.65658, -11.03342], [-76.6336, -11.03832], [-76.6293, -11.02433], [-76.61859, -11.02909], [-76.57695, -11.01653], [-76.5816, -10.98498], [-76.56502, -10.96393], [-76.58821, -10.84505], [-76.65421, -10.88198], [-76.69761, -10.88043], [-76.73236, -10.91242], [-76.74391, -10.93526], [-76.79091, -10.92459], [-76.88976, -10.84381], [-76.90212, -10.84554], [-76.91508, -10.85985], [-76.92423, -10.85255], [-76.96241, -10.86163], [-76.9926, -10.90969], [-77.01025, -10.9143], [-77.02725, -10.93229], [-77.07941, -11.0144], [-77.11842, -10.99797], [-77.12462, -11.00841], [-77.13884, -11.01123], [-77.1706, -10.99111], [-77.18038, -10.96119], [-77.19566, -10.95494], [-77.19421, -10.93002], [-77.16804, -10.91854], [-77.16488, -10.87266], [-77.15597, -10.85502], [-77.17351, -10.80863], [-77.18803, -10.80292], [-77.17759, -10.77906], [-77.15331, -10.76154], [-77.1212, -10.75062], [-77.08606, -10.75354], [-77.08074, -10.74392], [-77.04017, -10.73655], [-77.0234, -10.70615], [-77.01085, -10.70527], [-77.01097, -10.69599], [-77.0251, -10.67842], [-77.04763, -10.67934], [-77.05636, -10.69207], [-77.08437, -10.66675], [-77.10507, -10.67239], [-77.12596, -10.64695], [-77.13777, -10.64688], [-77.15256, -10.66727], [-77.17381, -10.66993], [-77.19723, -10.68683], [-77.21531, -10.67721], [-77.24872, -10.683], [-77.30018, -10.65975], [-77.3447, -10.60798]]]}}, {"type": "Feature", "properties": {"admin2_pcode": "PE0212", "admin2_name": "Huaylas", "admin1_name": "Ancash"}, "geometry": {"type": "Polygon", "coordinates": [[[-77.59274, -8.75767], [-77.60139, -8.74505], [-77.61499, -8.75097], [-77.64536, -8.72437], [-77.65573, -8.72348], [-77.67169, -8.69305], [-77.72073, -8.65653], [-77.74866, -8.65919], [-77.77234, -8.67393], [-77.79208, -8.66132], [-77.81097, -8.66202], [-77.84044, -8.67668], [-77.87995, -8.68404], [-77.9203, -8.74762], [-77.94074, -8.72852], [-77.95612, -8.69936], [-77.97203, -8.692], [-77.98645, -8.69499], [-77.99546, -8.70708], [-78.01529, -8.76168], [-77.99145, -8.79939], [-77.9889, -8.82706], [-78.00077, -8.84192], [-77.98603, -8.84843], [-77.97848, -8.87336], [-77.98337, -8.88042], [-77.96206, -8.89069], [-77.9417, -8.92077], [-77.95572, -8.95478], [-77.94213, -8.9687], [-77.94244, -8.97858], [-77.95548, -8.98173], [-77.97993, -9.01271], [-77.99716, -9.01722], [-78.02395, -9.06034], [-78.06056, -9.0889], [-78.06206, -9.12901], [-78.01634, -9.16719], [-78.04763, -9.17686], [-78.07383, -9.17234], [-78.06681, -9.18597], [-78.06775, -9.21481], [-78.059, -9.23116], [-78.03717, -9.24371], [-77.97649, -9.24324], [-77.95845, -9.25399], [-77.92783, -9.24612], [-77.89513, -9.26145], [-77.87672, -9.25035], [-77.86127, -9.25119], [-77.83947, -9.21757], [-77.79752, -9.22919], [-77.78978, -9.22456], [-77.77731, -9.18598], [-77.78397, -9.1186], [-77.77304, -9.10171], [-77.78294, -9.08321], [-77.74311, -9.06351], [-77.71962, -9.06714], [-77.69783, -9.05579], [-77.68085, -9.03305], [-77.66949, -9.03478], [-77.65561, -9.01874], [-77.63236, -9.00976], [-77.61456, -8.99381], [-77.62072, -8.97569], [-77.61362, -8.95652], [-77.60337, -8.94231], [-77.58792, -8.94079], [-77.57427, -8.90044], [-77.58782, -8.88738], [-77.60463, -8.88671], [-77.60829, -8.87223], [-77.59491, -8.85475], [-77.59762, -8.83377], [-77.58043, -8.81464], [-77.58974, -8.79325], [-77.5812, -8.77112], [-77.59274, -8.75767]]]}}, {"type": "Feature", "properties": {"admin2_pcode": "PE0906", "admin2_name": "Huaytara", "admin1_name": "Huancavelica"}, "geometry": {"type": "Polygon", "coordinates": [[[-74.91326, -13.16747], [-74.91299, -13.18445], [-74.95512, -13.18185], [-74.98544, -13.16216], [-74.98895, -13.14152], [-75.03835, -13.16784], [-75.05099, -13.18787], [-75.09486, -13.20169], [-75.1141, -13.1934], [-75.11983, -13.21122], [-75.168, -13.22451], [-75.164, -13.27484], [-75.20468, -13.31257], [-75.21153, -13.33564], [-75.20584, -13.34563], [-75.23785, -13.40955], [-75.257, -13.41747], [-75.26973, -13.4055], [-75.29322, -13.40205], [-75.31673, -13.45555], [-75.34132, -13.46172], [-75.34892, -13.45215], [-75.37876, -13.45452], [-75.40381, -13.46741], [-75.43461, -13.46964], [-75.43569, -13.49529], [-75.45839, -13.50411], [-75.47731, -13.52548], [-75.49582, -13.56705], [-75.50969, -13.56543], [-75.5107, -13.59018], [-75.51958, -13.60351], [-75.48809, -13.64319], [-75.4882, -13.6759], [-75.49621, -13.67333], [-75.50106, -13.68673], [-75.51591, -13.69639], [-75.5312, -13.74271], [-75.55458, -13.74957], [-75.53759, -13.7624], [-75.54176, -13.78189], [-75.53836, -13.79282], [-75.52752, -13.79696], [-75.52486, -13.81312], [-75.54309, -13.83508], [-75.56483, -13.84349], [-75.54921, -13.88739], [-75.52206, -13.88511], [-75.4819, -13.9106], [-75.45722, -13.90546], [-75.43382, -13.9139], [-75.38169, -13.96276], [-75.35922, -13.9715], [-75.35568, -13.99577], [-75.32901, -14.01802], [-75.27042, -14.01059], [-75.25168, -13.99785], [-75.23344, -14.00329], [-75.26102, -14.04099], [-75.21055, -14.05044], [-75.18659, -14.05411], [-75.16568, -14.07253], [-75.10884, -14.03288], [-75.0885, -14.08157], [-75.0696, -14.07985], [-75.06353, -14.08841], [-75.05905, -14.12962], [-75.0365, -14.09793], [-75.02913, -14.07195], [-75.0145, -14.06915], [-74.97511, -14.07429], [-74.92516, -14.09942], [-74.90789, -14.09215], [-74.89761, -14.10379], [-74.87811, -14.07625], [-74.86079, -14.06719], [-74.85274, -14.07621], [-74.84177, -14.0713], [-74.82519, -14.09228], [-74.77253, -14.09032], [-74.75871, -14.0786], [-74.78357, -14.01921], [-74.77859, -13.99835], [-74.78476, -13.98869], [-74.76795, -13.97855], [-74.78642, -13.92451], [-74.77708, -13.89885], [-74.78422, -13.88315], [-74.76228, -13.8514], [-74.76091, -13.82864], [-74.77872, -13.79126], [-74.7776, -13.7828], [-74.76231, -13.7819], [-74.76653, -13.77223], [-74.75389, -13.73698], [-74.77539, -13.71054], [-74.78115, -13.64818], [-74.77111, -13.61012], [-74.78242, -13.57851], [-74.79957, -13.54747], [-74.83186, -13.53219], [-74.86218, -13.48179], [-74.9021, -13.46644], [-74.90402, -13.43047], [-74.89266, -13.41446], [-74.89702, -13.39386], [-74.86919, -13.3601], [-74.84855, -13.35336], [-74.80888, -13.35742], [-74.77009, -13.34633], [-74.75962, -13.32507], [-74.73903, -13.33957], [-74.73435, -13.3574], [-74.71828, -13.36379], [-74.63283, -13.34478], [-74.66601, -13.32847], [-74.67725, -13.29274], [-74.68941, -13.28646], [-74.72306, -13.28817], [-74.72683, -13.2709], [-74.72048, -13.25819], [-74.73078, -13.2311], [-74.7157, -13.19602], [-74.72327, -13.17799], [-74.74695, -13.17677], [-74.76052, -13.16096], [-74.78116, -13.15704], [-74.80255, -13.16787], [-74.84005, -13.14375], [-74.87507, -13.16227], [-74.89445, -13.15928], [-74.91326, -13.16747]]]}}, {"type": "Feature", "properties": {"admin2_pcode": "PE1101", "admin2_name": "Ica", "admin1_name": "Ica"}, "geometry": {"type": "Polygon", "coordinates": [[[-75.55458, -13.74957], [-75.57047, -13.74293], [-75.59123, -13.75816], [-75.60846, -13.78596], [-75.648, -13.80744], [-75.70144, -13.81704], [-75.71993, -13.83433], [-75.7753, -13.84341], [-75.78889, -13.85644], [-75.81916, -13.85145], [-75.84834, -13.83622], [-75.88454, -13.85517], [-75.92481, -13.84139], [-75.93947, -13.85046], [-75.97122, -13.84594], [-75.99194, -13.83341], [-76.01575, -13.84425], [-76.02798, -13.84012], [-76.04914, -13.89157], [-76.06024, -13.90188], [-76.0603, -13.91633], [-76.02505, -13.95923], [-76.02545, -14.00503], [-76.00141, -14.0198], [-75.99772, -14.02776], [-76.00508, -14.03975], [-75.98609, -14.07175], [-76.02658, -14.1082], [-76.02184, -14.12451], [-76.07114, -14.20369], [-76.07233, -14.22904], [-76.03897, -14.27289], [-76.0304, -14.27713], [-76.02142, -14.27097], [-76.0075, -14.28741], [-75.98618, -14.29632], [-75.98085, -14.3155], [-76.00393, -14.36894], [-76.00384, -14.39178], [-76.03668, -14.42605], [-75.97228, -14.4705], [-75.96478, -14.50589], [-75.97473, -14.52461], [-75.93046, -14.57128], [-75.92746, -14.64312], [-75.91646, -14.65918], [-75.85454, -14.69563], [-75.84891, -14.70996], [-75.85557, -14.71628], [-75.76031, -14.76141], [-75.68203, -14.81771], [-75.54696, -14.88303], [-75.49404, -14.92966], [-75.47371, -14.92326], [-75.44034, -14.89509], [-75.41473, -14.78174], [-75.43245, -14.75403], [-75.42644, -14.70717], [-75.41064, -14.68626], [-75.42649, -14.64135], [-75.39954, -14.6269], [-75.37187, -14.63753], [-75.36089, -14.62073], [-75.36935, -14.60148], [-75.36369, -14.58209], [-75.36097, -14.56665], [-75.31914, -14.53529], [-75.30125, -14.47254], [-75.24554, -14.44082], [-75.24973, -14.42831], [-75.22792, -14.39541], [-75.21795, -14.35378], [-75.23788, -14.3426], [-75.22938, -14.23179], [-75.23713, -14.21344], [-75.22948, -14.17811], [-75.24304, -14.15243], [-75.22617, -14.12641], [-75.2244, -14.0994], [-75.23978, -14.08342], [-75.21055, -14.05044], [-75.26102, -14.04099], [-75.23344, -14.00329], [-75.25168, -13.99785], [-75.27042, -14.01059], [-75.32901, -14.01802], [-75.35568, -13.99577], [-75.35922, -13.9715], [-75.38169, -13.96276], [-75.43382, -13.9139], [-75.45722, -13.90546], [-75.4819, -13.9106], [-75.52206, -13.88511], [-75.54921, -13.88739], [-75.56483, -13.84349], [-75.54309, -13.83508], [-75.52486, -13.81312], [-75.52752, -13.79696], [-75.53836, -13.79282], [-75.54176, -13.78189], [-75.53759, -13.7624], [-75.55458, -13.74957]]]}}, {"type": "Feature", "properties": {"admin2_pcode": "PE1803", "admin2_name": "Ilo", "admin1_name": "Moquegua"}, "geometry": {"type": "Polygon", "coordinates": [[[-70.90781, -17.64722], [-70.91834, -17.64945], [-70.94638, -17.63282], [-70.99454, -17.62197], [-71.02278, -17.59774], [-71.03779, -17.55533], [-71.07255, -17.5258], [-71.07395, -17.48747], [-71.11338, -17.47671], [-71.14449, -17.43676], [-71.15761, -17.45328], [-71.17356, -17.45348], [-71.21587, -17.43467], [-71.2573, -17.44074], [-71.27624, -17.42708], [-71.31155, -17.44956], [-71.31561, -17.41995], [-71.33068, -17.39805], [-71.31985, -17.39204], [-71.34476, -17.38835], [-71.3481, -17.37647], [-71.37634, -17.35128], [-71.36621, -17.31436], [-71.39549, -17.30452], [-71.39968, -17.28098], [-71.38541, -17.26507], [-71.4313, -17.26136], [-71.44096, -17.25172], [-71.46555, -17.2545], [-71.4908, -17.28501], [-71.47254, -17.29716], [-71.47688, -17.32281], [-71.46989, -17.31882], [-71.45811, -17.33242], [-71.44471, -17.33224], [-71.43139, -17.35052], [-71.43279, -17.36665], [-71.42467, -17.36363], [-71.4188, -17.37749], [-71.39436, -17.38941], [-71.38114, -17.44998], [-71.36295, -17.48879], [-71.36555, -17.54536], [-71.34108, -17.63699], [-71.38139, -17.70735], [-71.36819, -17.70616], [-71.36337, -17.69265], [-71.3492, -17.69345], [-71.19117, -17.77735], [-71.16874, -17.80937], [-71.13944, -17.82148], [-71.12141, -17.80335], [-71.12149, -17.78563], [-71.10113, -17.7395], [-71.08218, -17.73462], [-71.08334, -17.71753], [-71.05792, -17.71808], [-71.02692, -17.70387], [-71.01711, -17.70921], [-71.00335, -17.6837], [-70.993, -17.67912], [-70.98316, -17.68463], [-70.95628, -17.67596], [-70.9125, -17.68737], [-70.90781, -17.64722]]]}}, {"type": "Feature", "properties": {"admin2_pcode": "PE0407", "admin2_name": "Islay", "admin1_name": "Arequipa"}, "geometry": {"type": "Polygon", "coordinates": [[[-71.42593, -16.74138], [-71.43994, -16.73039], [-71.45168, -16.7327], [-71.45577, -16.75791], [-71.50062, -16.76662], [-71.5149, -16.75224], [-71.51539, -16.74063], [-71.52932, -16.73401], [-71.5306, -16.71324], [-71.54512, -16.68931], [-71.55465, -16.68428], [-71.57256, -16.69989], [-71.59369, -16.68658], [-71.62197, -16.68191], [-71.64056, -16.70587], [-71.64932, -16.69495], [-71.67094, -16.70569], [-71.703, -16.69859], [-71.75481, -16.70102], [-71.86951, -16.78598], [-71.87073, -16.71343], [-71.90997, -16.67504], [-71.9967, -16.79955], [-72.03834, -16.79224], [-72.04836, -16.77954], [-72.06763, -16.78456], [-72.09382, -16.7678], [-72.12126, -16.77944], [-72.1319, -16.76666], [-72.15332, -16.79495], [-72.18472, -16.79388], [-72.21548, -16.80859], [-72.21048, -16.81758], [-72.22324, -16.83548], [-72.17199, -16.84989], [-72.14651, -16.87549], [-72.1672, -16.89233], [-72.18449, -16.92477], [-72.18456, -16.93556], [-72.16495, -16.93811], [-72.16514, -16.94818], [-72.14598, -16.95653], [-72.14385, -16.96579], [-72.11929, -16.96992], [-72.1225, -16.97817], [-72.10381, -16.99626], [-72.11221, -17.01576], [-72.0911, -17.01189], [-72.07357, -17.02236], [-72.04149, -17.01588], [-72.02312, -17.02239], [-72.01641, -17.03287], [-71.93021, -17.08068], [-71.86861, -17.14928], [-71.833, -17.17522], [-71.67322, -17.21737], [-71.56402, -17.26157], [-71.53792, -17.25396], [-71.52867, -17.27113], [-71.51591, -17.26594], [-71.4908, -17.28501], [-71.46555, -17.2545], [-71.44096, -17.25172], [-71.35532, -17.15127], [-71.32515, -17.13466], [-71.30284, -17.0974], [-71.31589, -17.06528], [-71.32469, -17.06031], [-71.31905, -17.04145], [-71.33942, -17.02176], [-71.35732, -17.02435], [-71.36523, -17.01411], [-71.38538, -17.02095], [-71.39488, -16.99285], [-71.39092, -16.98049], [-71.40685, -16.95541], [-71.45895, -16.96091], [-71.46594, -16.95057], [-71.45596, -16.93419], [-71.44132, -16.93247], [-71.4244, -16.91831], [-71.42249, -16.8964], [-71.44082, -16.86469], [-71.44203, -16.84355], [-71.4355, -16.83615], [-71.44474, -16.81593], [-71.42593, -16.74138]]]}}, {"type": "Feature", "properties": {"admin2_pcode": "PE0608", "admin2_name": "Jaen", "admin1_name": "Cajamarca"}, "geometry": {"type": "Polygon", "coordinates": [[[-78.55475, -5.53807], [-78.55011, -5.51872], [-78.55825, -5.49636], [-78.54308, -5.48177], [-78.54214, -5.47039], [-78.51311, -5.45224], [-78.51221, -5.43125], [-78.52277, -5.41687], [-78.51858, -5.39848], [-78.53987, -5.36569], [-78.58981, -5.32494], [-78.59565, -5.33938], [-78.63803, -5.36565], [-78.67737, -5.40874], [-78.69748, -5.40753], [-78.72381, -5.38874], [-78.72736, -5.39551], [-78.7476, -5.39257], [-78.74605, -5.38206], [-78.76078, -5.37414], [-78.77793, -5.39146], [-78.7867, -5.42843], [-78.83404, -5.44389], [-78.86651, -5.46966], [-78.93557, -5.47717], [-78.99685, -5.46378], [-79.01023, -5.44534], [-79.0305, -5.45251], [-79.06086, -5.44561], [-79.07961, -5.42303], [-79.10012, -5.36578], [-79.12241, -5.38768], [-79.1551, -5.39736], [-79.15285, -5.42211], [-79.17617, -5.45049], [-79.18909, -5.45451], [-79.19014, -5.49033], [-79.20098, -5.50524], [-79.25906, -5.50174], [-79.28133, -5.52471], [-79.31007, -5.51977], [-79.32896, -5.53508], [-79.38713, -5.52192], [-79.39848, -5.53348], [-79.37147, -5.59873], [-79.38657, -5.686], [-79.39829, -5.70051], [-79.39852, -5.77093], [-79.38982, -5.79109], [-79.37647, -5.7991], [-79.36977, -5.83388], [-79.35032, -5.85511], [-79.35279, -5.87263], [-79.33357, -5.89415], [-79.35958, -5.91954], [-79.36189, -5.93276], [-79.39836, -5.94993], [-79.41861, -5.9701], [-79.41721, -6.00524], [-79.39592, -5.97719], [-79.36471, -5.97639], [-79.34902, -5.97969], [-79.3454, -6.00584], [-79.31906, -6.04256], [-79.31109, -6.03465], [-79.32243, -6.00037], [-79.30632, -5.98563], [-79.2633, -6.00326], [-79.26601, -6.02502], [-79.24087, -6.02863], [-79.22494, -6.05471], [-79.21644, -6.05158], [-79.20396, -6.02406], [-79.19, -6.02477], [-79.17544, -6.04196], [-79.18894, -6.05892], [-79.18131, -6.0882], [-79.19844, -6.10008], [-79.21321, -6.09887], [-79.17265, -6.13406], [-79.11977, -6.11214], [-79.09551, -6.11655], [-79.08678, -6.11058], [-79.08831, -6.08588], [-79.07972, -6.06403], [-79.03354, -6.04369], [-79.01697, -6.02165], [-78.97583, -6.02331], [-78.9647, -6.01259], [-78.92228, -6.04047], [-78.90006, -6.04645], [-78.87519, -6.0325], [-78.85704, -6.00005], [-78.84548, -5.95348], [-78.85108, -5.94687], [-78.83956, -5.93225], [-78.83301, -5.89202], [-78.80281, -5.87462], [-78.78545, -5.8761], [-78.76512, -5.84655], [-78.74163, -5.83624], [-78.73461, -5.80271], [-78.72432, -5.80191], [-78.72009, -5.78603], [-78.70057, -5.78522], [-78.68995, -5.74783], [-78.65326, -5.73389], [-78.65418, -5.71873], [-78.6838, -5.70705], [-78.68524, -5.69667], [-78.65108, -5.67563], [-78.63903, -5.64511], [-78.62477, -5.63936], [-78.58299, -5.55074], [-78.55475, -5.53807]]]}}, {"type": "Feature", "properties": {"admin2_pcode": "PE1204", "admin2_name": "Jauja", "admin1_name": "Junin"}, "geometry": {"type": "Polygon", "coordinates": [[[-75.43479, -11.25821], [-75.43359, -11.26593], [-75.447, -11.27174], [-75.43801, -11.28794], [-75.44366, -11.30202], [-75.43362, -11.30861], [-75.43096, -11.33231], [-75.40419, -11.34046], [-75.40934, -11.3873], [-75.42979, -11.39149], [-75.46126, -11.42894], [-75.45747, -11.45343], [-75.47946, -11.48575], [-75.47164, -11.496], [-75.4741, -11.52166], [-75.49803, -11.50927], [-75.51139, -11.51666], [-75.53003, -11.49386], [-75.54721, -11.50359], [-75.54741, -11.52599], [-75.57301, -11.54249], [-75.55331, -11.57713], [-75.55056, -11.59984], [-75.57576, -11.58156], [-75.5814, -11.59583], [-75.59931, -11.57716], [-75.62622, -11.58878], [-75.63957, -11.56406], [-75.64919, -11.57015], [-75.67901, -11.56699], [-75.69167, -11.5563], [-75.70998, -11.56713], [-75.72675, -11.52672], [-75.73493, -11.52272], [-75.74947, -11.54236], [-75.77055, -11.53689], [-75.80176, -11.54477], [-75.78652, -11.56061], [-75.78164, -11.58801], [-75.75618, -11.64025], [-75.73154, -11.65967], [-75.71538, -11.70075], [-75.70048, -11.71352], [-75.74181, -11.74933], [-75.75522, -11.77535], [-75.77936, -11.77644], [-75.79782, -11.79024], [-75.81616, -11.789], [-75.83471, -11.76871], [-75.8822, -11.77504], [-75.89314, -11.78363], [-75.89831, -11.80326], [-75.89559, -11.84492], [-75.90516, -11.87284], [-75.95575, -11.87049], [-75.99348, -11.89963], [-76.01527, -11.90407], [-76.02433, -11.89763], [-76.03523, -11.9315], [-76.05186, -11.93896], [-76.05259, -11.94824], [-76.03738, -11.9642], [-75.99318, -11.99468], [-75.97531, -11.98394], [-75.95426, -11.98618], [-75.94858, -11.9944], [-75.92405, -11.98425], [-75.90415, -11.9984], [-75.88503, -11.99341], [-75.84255, -12.00645], [-75.83356, -12.0247], [-75.81894, -12.01374], [-75.76566, -12.05963], [-75.75112, -12.05486], [-75.74204, -12.03655], [-75.71673, -12.04652], [-75.6943, -12.04269], [-75.68299, -12.03567], [-75.68773, -12.01345], [-75.67486, -12.00808], [-75.62276, -12.0223], [-75.60979, -12.00751], [-75.58804, -12.00038], [-75.57494, -12.01332], [-75.53685, -12.02733], [-75.48951, -12.00746], [-75.46936, -11.99009], [-75.49927, -11.96641], [-75.481, -11.93676], [-75.46208, -11.93581], [-75.45229, -11.95859], [-75.43388, -11.95522], [-75.40803, -11.93485], [-75.40754, -11.92474], [-75.39308, -11.92605], [-75.35786, -11.9003], [-75.40099, -11.87424], [-75.37613, -11.86356], [-75.36882, -11.86878], [-75.33734, -11.85681], [-75.31189, -11.85828], [-75.30527, -11.83097], [-75.26623, -11.8125], [-75.26923, -11.79903], [-75.23757, -11.78084], [-75.23263, -11.76579], [-75.18693, -11.77612], [-75.20132, -11.74944], [-75.19161, -11.70891], [-75.22435, -11.66255], [-75.2122, -11.65084], [-75.21734, -11.63709], [-75.21156, -11.62486], [-75.19492, -11.62531], [-75.20263, -11.5992], [-75.18737, -11.58863], [-75.18761, -11.5749], [-75.17321, -11.56511], [-75.16295, -11.53494], [-75.13202, -11.52405], [-75.10011, -11.49745], [-75.06196, -11.48689], [-75.05536, -11.47081], [-75.03595, -11.4732], [-75.03278, -11.45505], [-75.01233, -11.44633], [-75.00029, -11.42676], [-74.98577, -11.43975], [-74.97294, -11.43818], [-74.99866, -11.39722], [-74.98778, -11.37484], [-75.00066, -11.36096], [-75.0284, -11.35023], [-75.30659, -11.30085], [-75.43479, -11.25821]]]}}, {"type": "Feature", "properties": {"admin2_pcode": "PE2303", "admin2_name": "Jorge Basadre", "admin1_name": "Tacna"}, "geometry": {"type": "Polygon", "coordinates": [[[-70.57251, -17.19411], [-70.60998, -17.2145], [-70.65109, -17.20918], [-70.68409, -17.22426], [-70.70428, -17.26721], [-70.71592, -17.27365], [-70.70565, -17.29118], [-70.73387, -17.32319], [-70.7467, -17.35135], [-70.7524, -17.38057], [-70.73672, -17.40828], [-70.75463, -17.43758], [-70.77998, -17.4506], [-70.87996, -17.55567], [-70.90781, -17.64722], [-70.9125, -17.68737], [-70.95628, -17.67596], [-70.98316, -17.68463], [-70.993, -17.67912], [-71.00335, -17.6837], [-71.01711, -17.70921], [-71.02692, -17.70387], [-71.05792, -17.71808], [-71.08334, -17.71753], [-71.08218, -17.73462], [-71.10113, -17.7395], [-71.12149, -17.78563], [-71.12141, -17.80335], [-71.13944, -17.82148], [-71.10545, -17.8434], [-71.09628, -17.8682], [-71.02951, -17.8849], [-71.00913, -17.8769], [-70.95968, -17.91067], [-70.94314, -17.91381], [-70.93543, -17.92931], [-70.92526, -17.92668], [-70.92333, -17.93779], [-70.90955, -17.94116], [-70.91208, -17.9528], [-70.88947, -17.97652], [-70.86334, -17.9668], [-70.83929, -17.91152], [-70.82286, -17.89394], [-70.80685, -17.88957], [-70.7905, -17.85777], [-70.72932, -17.78509], [-70.69741, -17.76778], [-70.68091, -17.71561], [-70.60842, -17.65628], [-70.5089, -17.54534], [-70.44683, -17.51591], [-70.42902, -17.4839], [-70.40404, -17.47775], [-70.39225, -17.46431], [-70.34579, -17.46074], [-70.3504, -17.44993], [-70.40003, -17.4218], [-70.40421, -17.40851], [-70.40258, -17.39587], [-70.36339, -17.37438], [-70.44029, -17.33531], [-70.45278, -17.3203], [-70.45427, -17.30064], [-70.57251, -17.19411]]]}}, {"type": "Feature", "properties": {"admin2_pcode": "PE1305", "admin2_name": "Julcan", "admin1_name": "La Libertad"}, "geometry": {"type": "Polygon", "coordinates": [[[-78.40615, -7.9901], [-78.4306, -8.00027], [-78.46725, -7.99345], [-78.50056, -8.02661], [-78.51359, -8.0229], [-78.53312, -8.04267], [-78.53127, -8.07485], [-78.53848, -8.0851], [-78.60236, -8.06102], [-78.62526, -8.07616], [-78.63412, -8.09732], [-78.65207, -8.09112], [-78.68237, -8.09722], [-78.6818, -8.12542], [-78.63763, -8.13044], [-78.63909, -8.143], [-78.6368, -8.15553], [-78.65247, -8.18466], [-78.60697, -8.19539], [-78.5956, -8.23641], [-78.56589, -8.25008], [-78.5832, -8.27931], [-78.5883, -8.3075], [-78.57114, -8.31989], [-78.53828, -8.32126], [-78.5154, -8.33892], [-78.48572, -8.34649], [-78.47912, -8.35131], [-78.49511, -8.37022], [-78.4715, -8.38697], [-78.4425, -8.38228], [-78.42985, -8.36024], [-78.41543, -8.33537], [-78.41251, -8.30438], [-78.37018, -8.30748], [-78.34653, -8.27117], [-78.31292, -8.25335], [-78.3007, -8.23634], [-78.30351, -8.17025], [-78.32439, -8.15412], [-78.28831, -8.06411], [-78.30371, -8.05185], [-78.3282, -8.05543], [-78.35343, -8.03338], [-78.35222, -8.02503], [-78.38227, -8.01702], [-78.40615, -7.9901]]]}}, {"type": "Feature", "properties": {"admin2_pcode": "PE1205", "admin2_name": "Junin", "admin1_name": "Junin"}, "geometry": {"type": "Polygon", "coordinates": [[[-75.53142, -10.7433], [-75.55692, -10.74407], [-75.56812, -10.72716], [-75.5841, -10.80157], [-75.60662, -10.82312], [-75.64977, -10.82338], [-75.67855, -10.84018], [-75.69296, -10.83514], [-75.69325, -10.81722], [-75.73281, -10.80926], [-75.75857, -10.83009], [-75.78914, -10.82527], [-75.81545, -10.84698], [-75.81558, -10.87249], [-75.83838, -10.8863], [-75.85826, -10.86786], [-75.86478, -10.87659], [-75.87607, -10.8675], [-75.91316, -10.872], [-75.93592, -10.88972], [-75.93715, -10.87151], [-75.99571, -10.82124], [-76.04551, -10.88074], [-76.08214, -10.89514], [-76.12293, -10.96264], [-76.11059, -10.96206], [-76.10917, -10.97146], [-76.07308, -10.97434], [-76.04896, -10.99848], [-76.04458, -11.02473], [-76.01761, -11.02574], [-76.01138, -11.03249], [-76.00941, -11.04821], [-76.02891, -11.06546], [-76.02795, -11.08528], [-76.06442, -11.09544], [-76.06696, -11.11447], [-76.0964, -11.10838], [-76.09637, -11.12079], [-76.11363, -11.11024], [-76.12325, -11.09844], [-76.12189, -11.08564], [-76.14751, -11.07872], [-76.1567, -11.05582], [-76.19145, -11.02915], [-76.25265, -10.9277], [-76.25985, -10.92143], [-76.27886, -10.92345], [-76.2766, -10.95073], [-76.26553, -10.95901], [-76.27295, -10.97102], [-76.26375, -10.99859], [-76.25567, -11.0024], [-76.25995, -11.01501], [-76.25344, -11.02288], [-76.25967, -11.0274], [-76.23957, -11.0492], [-76.25015, -11.1052], [-76.21463, -11.15031], [-76.20204, -11.15026], [-76.20676, -11.17157], [-76.19808, -11.17161], [-76.19483, -11.18167], [-76.18155, -11.18076], [-76.19308, -11.20156], [-76.18264, -11.21783], [-76.16757, -11.22133], [-76.17737, -11.24237], [-76.16514, -11.27047], [-76.14112, -11.29433], [-76.13698, -11.31465], [-76.10812, -11.33549], [-76.10544, -11.35295], [-76.0824, -11.38796], [-76.06221, -11.38463], [-76.04652, -11.37171], [-76.02759, -11.37986], [-76.01331, -11.37567], [-76.00537, -11.36471], [-75.96982, -11.35264], [-75.96019, -11.33332], [-75.89015, -11.33316], [-75.97208, -11.21389], [-75.92204, -11.21975], [-75.90126, -11.19987], [-75.90447, -11.17563], [-75.88457, -11.15785], [-75.88431, -11.14354], [-75.8612, -11.14479], [-75.85219, -11.11971], [-75.83894, -11.11941], [-75.83277, -11.05231], [-75.81346, -11.05072], [-75.81717, -11.03444], [-75.78406, -10.99749], [-75.7616, -11.01033], [-75.73222, -11.00149], [-75.66772, -10.94925], [-75.64973, -10.95917], [-75.61551, -10.96102], [-75.59958, -10.95439], [-75.55833, -10.95733], [-75.53667, -10.94828], [-75.50284, -10.96207], [-75.4946, -10.92304], [-75.46597, -10.90937], [-75.46522, -10.90113], [-75.45335, -10.9003], [-75.43685, -10.8795], [-75.41782, -10.89024], [-75.41072, -10.8617], [-75.40934, -10.84521], [-75.39076, -10.83226], [-75.38689, -10.80029], [-75.39502, -10.75902], [-75.43591, -10.74746], [-75.46079, -10.74977], [-75.47637, -10.7812], [-75.49025, -10.75683], [-75.52281, -10.75377], [-75.53142, -10.7433]]]}}, {"type": "Feature", "properties": {"admin2_pcode": "PE0809", "admin2_name": "La Convencion", "admin1_name": "Cusco"}, "geometry": {"type": "Polygon", "coordinates": [[[-72.23926, -11.34506], [-72.24783, -11.34484], [-72.25319, -11.33008], [-72.28006, -11.33961], [-72.28375, -11.31689], [-72.30771, -11.307], [-72.315, -11.32178], [-72.33829, -11.31708], [-72.36102, -11.33386], [-72.38116, -11.33402], [-72.3871, -11.34766], [-72.39344, -11.3421], [-72.3965, -11.34976], [-72.39933, -11.34315], [-72.40338, -11.35711], [-72.42359, -11.35517], [-72.42513, -11.36849], [-72.44985, -11.37148], [-72.44903, -11.38577], [-72.46486, -11.39061], [-72.46936, -11.38526], [-72.47434, -11.39235], [-72.48112, -11.38756], [-72.48752, -11.39334], [-72.48221, -11.39812], [-72.49306, -11.40401], [-72.49895, -11.39502], [-72.50121, -11.40902], [-72.50982, -11.41151], [-72.50719, -11.42071], [-72.51184, -11.42503], [-72.51776, -11.41768], [-72.51598, -11.43072], [-72.52403, -11.43104], [-72.52531, -11.43924], [-72.5342, -11.43851], [-72.53369, -11.42484], [-72.53632, -11.4348], [-72.54885, -11.43689], [-72.54713, -11.44831], [-72.55367, -11.43208], [-72.58182, -11.43912], [-72.58082, -11.4308], [-72.59412, -11.44084], [-72.59104, -11.43209], [-72.60115, -11.41843], [-72.60869, -11.44014], [-72.60751, -11.42925], [-72.62433, -11.42561], [-72.61717, -11.41778], [-72.63189, -11.41567], [-72.63422, -11.40505], [-72.64557, -11.41277], [-72.66569, -11.38591], [-72.6923, -11.3957], [-72.69862, -11.38041], [-72.70974, -11.37881], [-72.71238, -11.34735], [-72.71768, -11.36211], [-72.72326, -11.35075], [-72.73824, -11.34743], [-72.76335, -11.37161], [-72.79498, -11.38456], [-72.78946, -11.3686], [-72.79704, -11.36443], [-72.79973, -11.38557], [-72.8162, -11.37508], [-72.82268, -11.38961], [-72.84246, -11.38684], [-72.83397, -11.3743], [-72.84441, -11.37335], [-72.84444, -11.36328], [-72.85286, -11.36528], [-72.85917, -11.35543], [-72.87706, -11.36431], [-72.87618, -11.35529], [-72.88723, -11.3565], [-72.89037, -11.34318], [-72.89468, -11.35826], [-72.91989, -11.34364], [-72.92637, -11.34825], [-72.92092, -11.35544], [-72.93284, -11.35038], [-72.92079, -11.33384], [-72.92435, -11.32741], [-72.94474, -11.33991], [-72.94952, -11.3305], [-72.96167, -11.33485], [-72.9649, -11.3295], [-72.95093, -11.32463], [-72.95951, -11.3142], [-72.94443, -11.30987], [-72.94045, -11.32269], [-72.93246, -11.30735], [-72.95556, -11.30462], [-72.95282, -11.29328], [-72.93563, -11.29082], [-72.94519, -11.27544], [-72.95627, -11.27287], [-72.95588, -11.26338], [-72.96794, -11.26623], [-72.97548, -11.22435], [-72.96618, -11.21732], [-72.97706, -11.21229], [-73.01572, -11.23137], [-73.02555, -11.26416], [-73.06504, -11.28435], [-73.08214, -11.27328], [-73.13166, -11.29393], [-73.18497, -11.2859], [-73.19373, -11.29316], [-73.206, -11.2902], [-73.21319, -11.29908], [-73.23713, -11.29951], [-73.256, -11.31254], [-73.3417, -11.311], [-73.35296, -11.33418], [-73.37866, -11.35074], [-73.38626, -11.37127], [-73.40805, -11.38598], [-73.41975, -11.38394], [-73.4433, -11.40968], [-73.45676, -11.44212], [-73.46905, -11.44522], [-73.47983, -11.46991], [-73.45381, -11.50533], [-73.4504, -11.53307], [-73.48713, -11.53492], [-73.50233, -11.56316], [-73.55965, -11.59205], [-73.58203, -11.61558], [-73.61251, -11.67791], [-73.57194, -11.74263], [-73.57052, -11.76289], [-73.57991, -11.76939], [-73.58133, -11.78906], [-73.57751, -11.83648], [-73.55526, -11.85236], [-73.50655, -11.86527], [-73.49053, -11.87817], [-73.46266, -11.92981], [-73.44272, -11.93931], [-73.44519, -11.96104], [-73.4301, -11.9821], [-73.43607, -11.99585], [-73.42145, -12.01544], [-73.40531, -12.00549], [-73.39788, -12.02094], [-73.40845, -12.06421], [-73.39123, -12.07571], [-73.40102, -12.09083], [-73.35612, -12.11108], [-73.36189, -12.13596], [-73.43952, -12.15201], [-73.46965, -12.21997], [-73.46987, -12.23689], [-73.49783, -12.25237], [-73.5217, -12.24998], [-73.54812, -12.26093], [-73.55895, -12.27489], [-73.57433, -12.27684], [-73.58495, -12.31311], [-73.58617, -12.36658], [-73.60376, -12.38699], [-73.61601, -12.37617], [-73.6365, -12.37879], [-73.65769, -12.35954], [-73.65992, -12.32875], [-73.68907, -12.29941], [-73.70311, -12.27049], [-73.7375, -12.26662], [-73.80069, -12.2207], [-73.83124, -12.22776], [-73.84325, -12.23943], [-73.88333, -12.23579], [-73.90142, -12.249], [-73.92384, -12.22475], [-73.93741, -12.22271], [-73.94905, -12.23473], [-73.98045, -12.24259], [-73.97062, -12.27556], [-73.97007, -12.34781], [-73.94777, -12.35066], [-73.92802, -12.37875], [-73.88592, -12.40614], [-73.85431, -12.48906], [-73.85444, -12.53217], [-73.84419, -12.53946], [-73.83093, -12.53078], [-73.8048, -12.57598], [-73.80006, -12.61545], [-73.75659, -12.65146], [-73.74342, -12.65153], [-73.72504, -12.63673], [-73.7121, -12.66596], [-73.69833, -12.67213], [-73.69327, -12.68772], [-73.68246, -12.68781], [-73.6561, -12.72347], [-73.65989, -12.7344], [-73.62567, -12.76499], [-73.62673, -12.78769], [-73.61545, -12.80802], [-73.59002, -12.82417], [-73.59145, -12.84284], [-73.5819, -12.85868], [-73.52368, -12.89948], [-73.5333, -12.91933], [-73.52985, -12.93196], [-73.52028, -12.93922], [-73.49593, -12.93346], [-73.51024, -12.95154], [-73.50804, -12.9719], [-73.53003, -12.98527], [-73.51994, -13.00469], [-73.50468, -13.01112], [-73.48761, -12.99891], [-73.47657, -13.0011], [-73.47846, -13.03427], [-73.49253, -13.04702], [-73.49013, -13.067], [-73.47818, -13.05592], [-73.46193, -13.07998], [-73.44884, -13.08028], [-73.45543, -13.09339], [-73.44345, -13.10483], [-73.45492, -13.12141], [-73.43853, -13.12875], [-73.4348, -13.13997], [-73.42595, -13.13027], [-73.4197, -13.13576], [-73.40223, -13.18171], [-73.41497, -13.19551], [-73.40962, -13.21192], [-73.40014, -13.21004], [-73.38453, -13.2226], [-73.36435, -13.26943], [-73.34839, -13.27447], [-73.35254, -13.29115], [-73.341, -13.29193], [-73.34818, -13.30232], [-73.3114, -13.32589], [-73.31205, -13.33779], [-73.30262, -13.35194], [-73.28958, -13.35499], [-73.28691, -13.37256], [-73.2601, -13.38423], [-73.25813, -13.39513], [-73.25093, -13.39202], [-73.24119, -13.40854], [-73.21188, -13.41906], [-73.20482, -13.41172], [-73.1868, -13.41661], [-73.18612, -13.44113], [-73.17557, -13.45151], [-73.16016, -13.44334], [-73.14366, -13.41906], [-73.12609, -13.44005], [-73.10935, -13.4353], [-73.10338, -13.44859], [-73.07651, -13.44369], [-73.05938, -13.43721], [-73.04405, -13.41196], [-73.01513, -13.42667], [-72.97706, -13.38817], [-72.92501, -13.38303], [-72.89484, -13.38946], [-72.88407, -13.41698], [-72.86579, -13.41588], [-72.83827, -13.42707], [-72.79749, -13.42216], [-72.79759, -13.44935], [-72.79085, -13.45753], [-72.77286, -13.44888], [-72.74593, -13.4156], [-72.72123, -13.40479], [-72.6938, -13.42095], [-72.68534, -13.40667], [-72.65253, -13.39659], [-72.62972, -13.37465], [-72.61438, -13.38362], [-72.59402, -13.36077], [-72.57866, -13.36158], [-72.55852, -13.33659], [-72.54668, -13.33261], [-72.54434, -13.30465], [-72.55562, -13.27343], [-72.55172, -13.21887], [-72.56437, -13.21228], [-72.57168, -13.19029], [-72.56656, -13.17527], [-72.57942, -13.17256], [-72.58, -13.1453], [-72.60072, -13.10674], [-72.57016, -13.09291], [-72.55279, -13.09507], [-72.53975, -13.08302], [-72.48581, -13.10181], [-72.46978, -13.12345], [-72.44878, -13.12791], [-72.43672, -13.1515], [-72.39056, -13.17417], [-72.3662, -13.16056], [-72.32167, -13.16172], [-72.30071, -13.13573], [-72.30556, -13.11715], [-72.2886, -13.10537], [-72.27681, -13.12257], [-72.25267, -13.12345], [-72.24619, -13.13876], [-72.23064, -13.14333], [-72.22276, -13.09987], [-72.19753, -13.10561], [-72.19063, -13.09615], [-72.16932, -13.02424], [-72.18229, -13.00672], [-72.21371, -12.99563], [-72.22619, -12.95312], [-72.31194, -12.92365], [-72.33814, -12.87856], [-72.33392, -12.86473], [-72.35516, -12.84506], [-72.36226, -12.82441], [-72.35523, -12.78878], [-72.36625, -12.76754], [-72.36289, -12.71856], [-72.35296, -12.68664], [-72.32168, -12.66942], [-72.36993, -12.63863], [-72.36577, -12.63104], [-72.33586, -12.6329], [-72.31401, -12.64999], [-72.22457, -12.66513], [-72.18577, -12.65714], [-72.13732, -12.621], [-72.12135, -12.57876], [-72.12451, -12.5485], [-72.09072, -12.51625], [-72.07113, -12.51148], [-72.07896, -12.49863], [-72.06467, -12.47023], [-72.06056, -12.43836], [-72.04989, -12.43444], [-72.04753, -12.42301], [-72.01748, -12.41518], [-72.00909, -12.40367], [-71.97665, -12.39945], [-71.9633, -12.3769], [-71.96718, -12.34764], [-71.94589, -12.33022], [-72.02894, -12.28723], [-72.04336, -12.25488], [-72.05644, -12.25728], [-72.0753, -12.24326], [-72.10561, -12.23879], [-72.0922, -12.19442], [-72.10044, -12.16942], [-72.08756, -12.14269], [-72.09445, -12.08519], [-72.17373, -12.05981], [-72.23042, -12.06178], [-72.26893, -12.05438], [-72.2696, -12.02284], [-72.25916, -12.00572], [-72.28154, -11.9958], [-72.28622, -11.97532], [-72.34049, -11.96577], [-72.33682, -11.93734], [-72.34751, -11.89127], [-72.33184, -11.85609], [-72.39076, -11.82756], [-72.391, -11.80661], [-72.37077, -11.78497], [-72.38501, -11.76172], [-72.42243, -11.73895], [-72.42703, -11.72133], [-72.4282, -11.70518], [-72.41007, -11.69301], [-72.40529, -11.6748], [-72.38771, -11.66046], [-72.3903, -11.65068], [-72.37461, -11.64298], [-72.37564, -11.63317], [-72.35562, -11.63503], [-72.34804, -11.61786], [-72.30789, -11.58754], [-72.31302, -11.56152], [-72.29803, -11.50412], [-72.30417, -11.49711], [-72.28963, -11.48285], [-72.28746, -11.46665], [-72.29255, -11.43327], [-72.27082, -11.40019], [-72.24789, -11.38501], [-72.23926, -11.34506]]]}}, {"type": "Feature", "properties": {"admin2_pcode": "PE0505", "admin2_name": "La Mar", "admin1_name": "Ayacucho"}, "geometry": {"type": "Polygon", "coordinates": [[[-73.21188, -13.41906], [-73.24119, -13.40854], [-73.25093, -13.39202], [-73.25813, -13.39513], [-73.2601, -13.38423], [-73.28691, -13.37256], [-73.28958, -13.35499], [-73.30262, -13.35194], [-73.31205, -13.33779], [-73.3114, -13.32589], [-73.34818, -13.30232], [-73.341, -13.29193], [-73.35254, -13.29115], [-73.34839, -13.27447], [-73.36435, -13.26943], [-73.38453, -13.2226], [-73.40014, -13.21004], [-73.40962, -13.21192], [-73.41497, -13.19551], [-73.40223, -13.18171], [-73.4197, -13.13576], [-73.42595, -13.13027], [-73.4348, -13.13997], [-73.43853, -13.12875], [-73.45492, -13.12141], [-73.44345, -13.10483], [-73.45543, -13.09339], [-73.44884, -13.08028], [-73.46193, -13.07998], [-73.47818, -13.05592], [-73.49013, -13.067], [-73.49253, -13.04702], [-73.47846, -13.03427], [-73.47657, -13.0011], [-73.48761, -12.99891], [-73.50468, -13.01112], [-73.51994, -13.00469], [-73.53003, -12.98527], [-73.50804, -12.9719], [-73.51024, -12.95154], [-73.49593, -12.93346], [-73.52028, -12.93922], [-73.52985, -12.93196], [-73.5333, -12.91933], [-73.52368, -12.89948], [-73.5819, -12.85868], [-73.59145, -12.84284], [-73.59002, -12.82417], [-73.61545, -12.80802], [-73.62673, -12.78769], [-73.62567, -12.76499], [-73.65989, -12.7344], [-73.6561, -12.72347], [-73.68246, -12.68781], [-73.69327, -12.68772], [-73.69833, -12.67213], [-73.7121, -12.66596], [-73.72504, -12.63673], [-73.74342, -12.65153], [-73.75659, -12.65146], [-73.80006, -12.61545], [-73.8048, -12.57598], [-73.83093, -12.53078], [-73.83266, -12.5751], [-73.85945, -12.62221], [-73.85352, -12.64504], [-73.86912, -12.6567], [-73.86925, -12.67682], [-73.88811, -12.71105], [-73.95095, -12.72786], [-73.99168, -12.75402], [-73.99652, -12.77416], [-73.98765, -12.79668], [-73.99623, -12.83916], [-74.01483, -12.83941], [-74.04462, -12.86544], [-74.07063, -12.87519], [-74.0815, -12.86064], [-74.09712, -12.86658], [-74.10808, -12.85203], [-74.12769, -12.85462], [-74.14837, -12.87178], [-74.10643, -12.94937], [-74.11218, -12.96144], [-74.10399, -12.98206], [-74.116, -12.98883], [-74.11869, -13.0066], [-74.07738, -12.98495], [-74.06712, -13.03051], [-74.052, -13.04014], [-74.06128, -13.05713], [-74.04991, -13.06613], [-74.03663, -13.09821], [-74.02641, -13.09237], [-74.02148, -13.09754], [-74.01799, -13.11716], [-73.99243, -13.14991], [-73.99392, -13.16188], [-73.9688, -13.17286], [-73.96081, -13.18871], [-73.96284, -13.21009], [-73.94594, -13.2291], [-73.94501, -13.26616], [-73.93136, -13.28274], [-73.8954, -13.27864], [-73.86896, -13.26085], [-73.84651, -13.25903], [-73.84854, -13.2748], [-73.86581, -13.28957], [-73.86815, -13.30384], [-73.85146, -13.30948], [-73.82988, -13.30374], [-73.80705, -13.31483], [-73.82637, -13.26973], [-73.80882, -13.2151], [-73.80056, -13.21536], [-73.79334, -13.19391], [-73.77393, -13.18515], [-73.77192, -13.17461], [-73.74201, -13.17455], [-73.72896, -13.18787], [-73.74009, -13.21148], [-73.73086, -13.24265], [-73.73637, -13.25745], [-73.72683, -13.26054], [-73.72764, -13.26831], [-73.6987, -13.26527], [-73.68698, -13.2821], [-73.66335, -13.2819], [-73.62524, -13.32114], [-73.57363, -13.3389], [-73.5709, -13.36312], [-73.54344, -13.36428], [-73.52159, -13.38772], [-73.50711, -13.38412], [-73.48151, -13.43104], [-73.44539, -13.43036], [-73.41046, -13.43595], [-73.40398, -13.44479], [-73.34716, -13.43483], [-73.33323, -13.444], [-73.33179, -13.45638], [-73.31167, -13.4466], [-73.26051, -13.46794], [-73.24543, -13.46535], [-73.23532, -13.47669], [-73.22064, -13.46511], [-73.22371, -13.45062], [-73.20954, -13.43196], [-73.21188, -13.41906]]]}}, {"type": "Feature", "properties": {"admin2_pcode": "PE0408", "admin2_name": "La Union", "admin1_name": "Arequipa"}, "geometry": {"type": "Polygon", "coordinates": [[[-72.47177, -14.6614], [-72.56078, -14.67838], [-72.57877, -14.68787], [-72.59438, -14.71368], [-72.60216, -14.70279], [-72.59931, -14.69011], [-72.61102, -14.67613], [-72.64482, -14.66728], [-72.69064, -14.68866], [-72.69763, -14.67906], [-72.72442, -14.6767], [-72.72543, -14.64387], [-72.7412, -14.64452], [-72.77041, -14.66471], [-72.7897, -14.65021], [-72.82825, -14.70156], [-72.83355, -14.7369], [-72.84682, -14.75982], [-72.87241, -14.76147], [-72.88535, -14.77223], [-72.93083, -14.75851], [-72.97932, -14.80613], [-72.99232, -14.80374], [-73.00278, -14.81499], [-73.00382, -14.83958], [-73.01421, -14.85571], [-73.03146, -14.90005], [-72.98666, -14.9561], [-72.98274, -14.98236], [-73.00511, -15.00775], [-73.00424, -15.06413], [-73.02453, -15.09176], [-73.02184, -15.1318], [-73.04756, -15.13435], [-73.04677, -15.1407], [-73.06191, -15.14538], [-73.10078, -15.18764], [-73.11167, -15.18653], [-73.12058, -15.23082], [-73.14994, -15.25984], [-73.15295, -15.28306], [-73.17213, -15.30608], [-73.20683, -15.29394], [-73.22157, -15.29797], [-73.24593, -15.28609], [-73.28492, -15.29494], [-73.27773, -15.31818], [-73.28983, -15.33436], [-73.2938, -15.35941], [-73.2748, -15.39295], [-73.26217, -15.40337], [-73.24789, -15.45031], [-73.21999, -15.50001], [-73.20541, -15.5106], [-73.12572, -15.57036], [-73.08685, -15.56371], [-73.03496, -15.51878], [-72.98957, -15.49412], [-72.98105, -15.47862], [-72.98519, -15.4602], [-72.97758, -15.4191], [-72.96542, -15.39777], [-72.93378, -15.39448], [-72.89317, -15.41001], [-72.86163, -15.39749], [-72.84217, -15.35493], [-72.8372, -15.31788], [-72.81362, -15.30584], [-72.78955, -15.27757], [-72.783, -15.24432], [-72.73963, -15.25317], [-72.66413, -15.23331], [-72.64627, -15.2395], [-72.6198, -15.22046], [-72.60069, -15.22464], [-72.57382, -15.2006], [-72.52936, -15.19916], [-72.49677, -15.16874], [-72.50627, -15.15389], [-72.485, -15.10892], [-72.49818, -15.07983], [-72.52644, -15.06001], [-72.52462, -15.05113], [-72.46446, -15.03008], [-72.46184, -15.02279], [-72.47235, -15.01702], [-72.46671, -15.00957], [-72.41032, -14.9933], [-72.39864, -14.95697], [-72.37331, -14.95829], [-72.36665, -14.94765], [-72.32201, -14.93], [-72.30202, -14.89784], [-72.31544, -14.83386], [-72.40648, -14.82709], [-72.41776, -14.82193], [-72.41961, -14.80632], [-72.43457, -14.79014], [-72.45968, -14.78263], [-72.46918, -14.78699], [-72.46864, -14.76253], [-72.48643, -14.74251], [-72.48264, -14.73041], [-72.48846, -14.72346], [-72.48685, -14.71318], [-72.47151, -14.70515], [-72.46013, -14.67576], [-72.47177, -14.6614]]]}}, {"type": "Feature", "properties": {"admin2_pcode": "PE2205", "admin2_name": "Lamas", "admin1_name": "San Martin"}, "geometry": {"type": "Polygon", "coordinates": [[[-75.91655, -6.14076], [-75.95845, -6.09838], [-76.00575, -6.09522], [-76.01353, -6.08358], [-76.04272, -6.101], [-76.08848, -6.10757], [-76.14599, -6.14667], [-76.26521, -6.11969], [-76.3183, -6.08609], [-76.31534, -6.05407], [-76.33401, -6.04211], [-76.37279, -5.97376], [-76.40016, -5.95356], [-76.41435, -5.966], [-76.43018, -6.00277], [-76.48092, -6.01396], [-76.51799, -6.00341], [-76.54888, -6.01275], [-76.56296, -6.00157], [-76.60434, -6.01715], [-76.64001, -6.0026], [-76.71077, -6.01367], [-76.75642, -5.99956], [-76.76081, -6.01001], [-76.78683, -6.02388], [-76.81189, -6.02458], [-76.81926, -6.03305], [-76.84708, -6.03072], [-76.87192, -6.07623], [-76.88417, -6.08099], [-76.87069, -6.09785], [-76.84756, -6.09959], [-76.83657, -6.11291], [-76.83115, -6.19078], [-76.82899, -6.20033], [-76.81679, -6.20315], [-76.81454, -6.21969], [-76.81533, -6.24432], [-76.83514, -6.28515], [-76.84394, -6.36682], [-76.83174, -6.38862], [-76.78035, -6.41822], [-76.73214, -6.41962], [-76.71457, -6.42746], [-76.69944, -6.42555], [-76.6975, -6.41536], [-76.68327, -6.42585], [-76.65748, -6.48616], [-76.65498, -6.51487], [-76.64102, -6.51982], [-76.64625, -6.53507], [-76.63981, -6.54817], [-76.59124, -6.59496], [-76.55255, -6.59574], [-76.53789, -6.60988], [-76.53458, -6.62549], [-76.55549, -6.6537], [-76.55847, -6.67143], [-76.52421, -6.69287], [-76.48111, -6.69449], [-76.45632, -6.68001], [-76.42757, -6.66369], [-76.40793, -6.63565], [-76.37374, -6.61797], [-76.42526, -6.57332], [-76.41839, -6.56183], [-76.46059, -6.53087], [-76.45625, -6.51613], [-76.49156, -6.48716], [-76.47826, -6.48393], [-76.45914, -6.46168], [-76.44765, -6.41301], [-76.42548, -6.3813], [-76.4108, -6.38], [-76.38236, -6.39487], [-76.35892, -6.33941], [-76.31579, -6.36566], [-76.26985, -6.42647], [-76.24689, -6.43171], [-76.23244, -6.41937], [-76.18454, -6.42745], [-76.18075, -6.45956], [-76.19765, -6.47478], [-76.18279, -6.48254], [-76.18357, -6.49842], [-76.16757, -6.50568], [-76.13258, -6.4995], [-76.1128, -6.47617], [-76.07074, -6.47243], [-76.00728, -6.49863], [-75.97909, -6.49947], [-75.96929, -6.48879], [-75.95406, -6.49047], [-75.94146, -6.4644], [-75.90127, -6.4587], [-75.91059, -6.41607], [-75.92579, -6.40005], [-75.91903, -6.38625], [-75.92648, -6.37635], [-75.92274, -6.36732], [-75.97889, -6.29053], [-75.97279, -6.26675], [-75.93395, -6.21477], [-75.91655, -6.14076]]]}}, {"type": "Feature", "properties": {"admin2_pcode": "PE1403", "admin2_name": "Lambayeque", "admin1_name": "Lambayeque"}, "geometry": {"type": "Polygon", "coordinates": [[[-79.83944, -5.63003], [-79.86442, -5.56342], [-79.854, -5.53074], [-79.89835, -5.48039], [-79.90485, -5.49341], [-79.94587, -5.515], [-79.96052, -5.58162], [-80.001, -5.58534], [-80.05284, -5.56357], [-80.05697, -5.61849], [-80.06996, -5.64617], [-80.07105, -5.67325], [-80.06107, -5.6844], [-80.06637, -5.69821], [-80.09517, -5.70261], [-80.09115, -5.72686], [-80.10292, -5.76211], [-80.09237, -5.79509], [-80.05298, -5.81124], [-80.10607, -5.86745], [-80.1201, -5.87222], [-80.12385, -5.89131], [-80.19618, -5.89209], [-80.27875, -5.91999], [-80.33471, -5.9539], [-80.62713, -6.37208], [-80.17732, -6.60604], [-79.98603, -6.74705], [-79.9424, -6.8205], [-79.90074, -6.75923], [-79.89379, -6.72913], [-79.86574, -6.71786], [-79.83075, -6.72328], [-79.78143, -6.67959], [-79.8093, -6.66224], [-79.83517, -6.66157], [-79.85105, -6.64339], [-79.84767, -6.60975], [-79.81412, -6.52436], [-79.82565, -6.5208], [-79.82419, -6.49715], [-79.78666, -6.47557], [-79.80552, -6.46404], [-79.80315, -6.43483], [-79.77841, -6.44362], [-79.74725, -6.43951], [-79.65191, -6.4554], [-79.6117, -6.42425], [-79.52834, -6.39981], [-79.54279, -6.35543], [-79.51531, -6.34684], [-79.49286, -6.32314], [-79.47787, -6.32125], [-79.48198, -6.30631], [-79.47187, -6.26872], [-79.43701, -6.24001], [-79.43621, -6.2119], [-79.40185, -6.17351], [-79.40958, -6.1567], [-79.43154, -6.14044], [-79.40677, -6.08392], [-79.40968, -6.05015], [-79.40308, -6.03402], [-79.4206, -6.0154], [-79.41721, -6.00524], [-79.41861, -5.9701], [-79.46251, -5.94485], [-79.47005, -5.92808], [-79.4985, -5.91514], [-79.51396, -5.92098], [-79.52763, -5.91287], [-79.5538, -5.93831], [-79.59583, -5.93362], [-79.60132, -5.93954], [-79.61111, -5.92346], [-79.61324, -5.89554], [-79.62622, -5.88812], [-79.62994, -5.86302], [-79.63741, -5.85942], [-79.62875, -5.85161], [-79.63225, -5.82993], [-79.62321, -5.8214], [-79.62258, -5.79757], [-79.63097, -5.79638], [-79.63537, -5.809], [-79.68271, -5.84645], [-79.73688, -5.8382], [-79.73932, -5.79959], [-79.71662, -5.74156], [-79.74819, -5.71018], [-79.76642, -5.70825], [-79.74445, -5.67711], [-79.79026, -5.64573], [-79.80501, -5.64641], [-79.81901, -5.66482], [-79.83944, -5.63003]]]}}, {"type": "Feature", "properties": {"admin2_pcode": "PE2107", "admin2_name": "Lampa", "admin1_name": "Puno"}, "geometry": {"type": "Polygon", "coordinates": [[[-70.46552, -14.92815], [-70.47666, -14.93809], [-70.47499, -14.93257], [-70.49516, -14.92443], [-70.49194, -14.91337], [-70.50071, -14.91393], [-70.50893, -14.92581], [-70.50767, -14.94674], [-70.4995, -14.95149], [-70.54238, -14.99258], [-70.53184, -15.02795], [-70.55028, -15.05493], [-70.55032, -15.08379], [-70.53334, -15.0949], [-70.53262, -15.13573], [-70.51257, -15.14601], [-70.54007, -15.17595], [-70.53837, -15.1884], [-70.54687, -15.19465], [-70.56255, -15.19159], [-70.57909, -15.1464], [-70.61172, -15.11916], [-70.62221, -15.12844], [-70.6341, -15.11829], [-70.65732, -15.134], [-70.67121, -15.13206], [-70.68288, -15.11521], [-70.70789, -15.12663], [-70.70939, -15.08485], [-70.75775, -15.04517], [-70.7618, -15.02989], [-70.77377, -15.03359], [-70.79744, -15.02445], [-70.8344, -15.00132], [-70.86685, -15.03915], [-70.88088, -15.04541], [-70.90432, -15.03835], [-70.94077, -15.05977], [-70.9611, -15.06122], [-70.9936, -15.08459], [-70.99414, -15.0948], [-70.97864, -15.11137], [-70.98201, -15.14945], [-70.9625, -15.21564], [-70.98528, -15.24903], [-70.95016, -15.30195], [-70.95906, -15.31905], [-70.98511, -15.31668], [-71.00612, -15.33523], [-71.03897, -15.40517], [-71.02712, -15.43204], [-71.00591, -15.44168], [-70.99293, -15.45886], [-71.01836, -15.50002], [-71.00803, -15.51924], [-71.01836, -15.52938], [-71.00719, -15.54295], [-71.00619, -15.56904], [-70.98237, -15.59804], [-70.93916, -15.61802], [-70.91798, -15.6438], [-70.91786, -15.68634], [-70.89993, -15.71763], [-70.90475, -15.73734], [-70.92263, -15.74619], [-70.93322, -15.77067], [-70.94227, -15.77492], [-70.89054, -15.85125], [-70.88752, -15.84068], [-70.8692, -15.83727], [-70.84477, -15.80586], [-70.81387, -15.8144], [-70.81356, -15.79334], [-70.79726, -15.78032], [-70.76986, -15.7874], [-70.74614, -15.77607], [-70.71909, -15.79077], [-70.71279, -15.78195], [-70.68715, -15.7945], [-70.66251, -15.77936], [-70.65784, -15.76077], [-70.63824, -15.74638], [-70.60864, -15.75883], [-70.57236, -15.71969], [-70.55821, -15.73876], [-70.5459, -15.73859], [-70.54659, -15.72422], [-70.52836, -15.6882], [-70.49849, -15.67346], [-70.49407, -15.67776], [-70.47477, -15.657], [-70.46537, -15.65416], [-70.43383, -15.67702], [-70.39892, -15.67588], [-70.36661, -15.66429], [-70.35553, -15.64], [-70.25733, -15.55155], [-70.27297, -15.52197], [-70.27081, -15.51094], [-70.29674, -15.48874], [-70.28877, -15.46435], [-70.30105, -15.46812], [-70.32062, -15.45328], [-70.3417, -15.41147], [-70.32823, -15.39312], [-70.31539, -15.39579], [-70.3063, -15.38605], [-70.27911, -15.40211], [-70.2687, -15.39548], [-70.26687, -15.37494], [-70.29237, -15.35422], [-70.28585, -15.33742], [-70.2764, -15.33494], [-70.27574, -15.31393], [-70.23009, -15.3376], [-70.21167, -15.36052], [-70.18074, -15.37699], [-70.15924, -15.35484], [-70.16279, -15.32453], [-70.14809, -15.31263], [-70.15457, -15.29773], [-70.16049, -15.29261], [-70.17377, -15.30298], [-70.2044, -15.29896], [-70.20903, -15.25192], [-70.22739, -15.25197], [-70.22969, -15.20127], [-70.27348, -15.1656], [-70.35627, -15.16366], [-70.34955, -15.14971], [-70.3609, -15.14037], [-70.34719, -15.13663], [-70.35919, -15.12342], [-70.34706, -15.11917], [-70.36016, -15.11444], [-70.34462, -15.0727], [-70.36047, -15.04968], [-70.35372, -15.04057], [-70.36399, -15.03563], [-70.34514, -15.03165], [-70.36258, -15.01934], [-70.3618, -14.99778], [-70.38356, -14.99972], [-70.37083, -14.99387], [-70.381, -14.99183], [-70.3763, -14.98217], [-70.39084, -14.98116], [-70.38647, -14.97196], [-70.39733, -14.97446], [-70.40496, -14.958], [-70.41878, -14.96614], [-70.43088, -14.95168], [-70.44243, -14.95354], [-70.46552, -14.92815]]]}}, {"type": "Feature", "properties": {"admin2_pcode": "PE1010", "admin2_name": "Lauricocha", "admin1_name": "Huanuco"}, "geometry": {"type": "Polygon", "coordinates": [[[-76.57047, -9.95923], [-76.57238, -9.94161], [-76.58614, -9.94499], [-76.61155, -9.92688], [-76.63575, -9.93149], [-76.6265, -9.91918], [-76.65343, -9.91887], [-76.65939, -9.90886], [-76.64108, -9.8817], [-76.64892, -9.87127], [-76.66147, -9.86813], [-76.67636, -9.88073], [-76.68123, -9.91078], [-76.70163, -9.9286], [-76.72006, -9.89836], [-76.73349, -9.91183], [-76.73627, -9.93452], [-76.75113, -9.94478], [-76.76234, -9.94006], [-76.76914, -9.95371], [-76.77991, -9.95702], [-76.77329, -9.9944], [-76.79024, -10.00524], [-76.80555, -10.00212], [-76.82405, -10.011], [-76.81496, -10.02343], [-76.80719, -10.08448], [-76.84324, -10.08679], [-76.85358, -10.10178], [-76.87134, -10.0943], [-76.87989, -10.11655], [-76.90194, -10.11334], [-76.9157, -10.12043], [-76.90854, -10.17678], [-76.9161, -10.22459], [-76.90484, -10.2377], [-76.90625, -10.27419], [-76.89102, -10.29474], [-76.89451, -10.30433], [-76.88137, -10.30851], [-76.87467, -10.32086], [-76.86585, -10.37484], [-76.85639, -10.37727], [-76.8405, -10.36333], [-76.83167, -10.39307], [-76.80568, -10.3923], [-76.7999, -10.41913], [-76.79985, -10.43956], [-76.78739, -10.43865], [-76.77235, -10.46415], [-76.73962, -10.46706], [-76.72915, -10.47907], [-76.71566, -10.46246], [-76.70088, -10.46101], [-76.69682, -10.44249], [-76.66525, -10.43856], [-76.64898, -10.41584], [-76.62039, -10.41525], [-76.59336, -10.40149], [-76.59338, -10.38724], [-76.57925, -10.37587], [-76.55824, -10.39343], [-76.55188, -10.38464], [-76.5319, -10.38687], [-76.52384, -10.37722], [-76.49094, -10.3789], [-76.48658, -10.35244], [-76.4728, -10.33777], [-76.49398, -10.31053], [-76.51289, -10.29184], [-76.51746, -10.27259], [-76.51229, -10.24239], [-76.5247, -10.21934], [-76.51765, -10.18707], [-76.5278, -10.1875], [-76.53854, -10.16676], [-76.53484, -10.14006], [-76.55357, -10.10328], [-76.56829, -10.09585], [-76.59708, -10.10093], [-76.60646, -10.08311], [-76.59732, -10.04158], [-76.57845, -10.03145], [-76.58542, -10.0112], [-76.57332, -9.97082], [-76.57768, -9.96588], [-76.57047, -9.95923]]]}}, {"type": "Feature", "properties": {"admin2_pcode": "PE1006", "admin2_name": "Leoncio Prado", "admin1_name": "Huanuco"}, "geometry": {"type": "Polygon", "coordinates": [[[-75.98496, -8.32215], [-75.99412, -8.31923], [-75.99635, -8.30563], [-76.00604, -8.30472], [-76.04234, -8.34152], [-76.05519, -8.32962], [-76.07362, -8.33379], [-76.08702, -8.32814], [-76.10881, -8.33583], [-76.1291, -8.36071], [-76.10917, -8.37961], [-76.10779, -8.39901], [-76.13067, -8.46788], [-76.1264, -8.54542], [-76.13468, -8.57256], [-76.12016, -8.58956], [-76.12107, -8.63376], [-76.10762, -8.64047], [-76.10713, -8.6488], [-76.1155, -8.65768], [-76.13003, -8.65529], [-76.13949, -8.66664], [-76.15088, -8.70865], [-76.14527, -8.71144], [-76.15598, -8.73276], [-76.16286, -8.73148], [-76.16644, -8.75641], [-76.19734, -8.75731], [-76.20101, -8.77197], [-76.21377, -8.77352], [-76.22356, -8.79143], [-76.19713, -8.783], [-76.18985, -8.79637], [-76.20339, -8.80909], [-76.20018, -8.83463], [-76.22281, -8.84992], [-76.22711, -8.86956], [-76.2189, -8.8941], [-76.22442, -8.91301], [-76.21637, -8.91868], [-76.24054, -8.9711], [-76.26586, -8.97628], [-76.27749, -8.99598], [-76.35502, -9.02468], [-76.37034, -9.0255], [-76.41923, -8.9864], [-76.43914, -8.98624], [-76.47337, -9.01223], [-76.48022, -9.17208], [-76.46312, -9.16967], [-76.44302, -9.18148], [-76.41249, -9.17742], [-76.40589, -9.18838], [-76.38218, -9.18528], [-76.36071, -9.19735], [-76.30615, -9.17737], [-76.27769, -9.19542], [-76.27211, -9.21395], [-76.24689, -9.1514], [-76.23486, -9.14027], [-76.22892, -9.15117], [-76.23426, -9.17317], [-76.21709, -9.20255], [-76.19635, -9.19847], [-76.1863, -9.20741], [-76.12649, -9.20038], [-76.09783, -9.21205], [-76.07765, -9.23887], [-76.0725, -9.27904], [-76.06331, -9.2746], [-76.05679, -9.28172], [-76.08424, -9.30479], [-76.10579, -9.29662], [-76.14621, -9.30704], [-76.20934, -9.36076], [-76.2086, -9.36864], [-76.22414, -9.37526], [-76.23535, -9.41821], [-76.20153, -9.45159], [-76.20469, -9.49887], [-76.16108, -9.46923], [-76.13985, -9.47008], [-76.1246, -9.48081], [-76.07191, -9.47152], [-76.04971, -9.47856], [-76.03815, -9.49645], [-76.01135, -9.50803], [-75.95588, -9.49235], [-75.94664, -9.49703], [-75.8841, -9.42575], [-75.85237, -9.4263], [-75.81575, -9.39254], [-75.80294, -9.39389], [-75.78475, -9.40697], [-75.79192, -9.46292], [-75.77759, -9.49093], [-75.77553, -9.52321], [-75.7537, -9.54851], [-75.7493, -9.5912], [-75.72976, -9.61501], [-75.71388, -9.6125], [-75.69901, -9.58041], [-75.67905, -9.567], [-75.67172, -9.5173], [-75.63252, -9.44763], [-75.62918, -9.41086], [-75.67045, -9.41794], [-75.67113, -9.38587], [-75.69501, -9.36393], [-75.68862, -9.34937], [-75.70569, -9.33627], [-75.72024, -9.27723], [-75.76396, -9.23785], [-75.76379, -9.2171], [-75.77507, -9.21973], [-75.79613, -9.20267], [-75.80245, -9.15178], [-75.82152, -9.11897], [-75.82502, -9.09005], [-75.83787, -9.08489], [-75.83788, -9.06194], [-75.86004, -9.05006], [-75.89074, -9.00481], [-75.8945, -8.98371], [-75.88377, -8.97273], [-75.90312, -8.9155], [-75.90127, -8.89815], [-75.91051, -8.89632], [-75.9276, -8.84609], [-75.92164, -8.78081], [-75.94601, -8.71519], [-75.9649, -8.69575], [-75.97976, -8.636], [-75.96502, -8.57997], [-75.97073, -8.5124], [-75.95453, -8.49949], [-75.96755, -8.45993], [-75.9423, -8.42766], [-75.94959, -8.39133], [-75.98496, -8.32215]]]}}, {"type": "Feature", "properties": {"admin2_pcode": "PE1501", "admin2_name": "Lima", "admin1_name": "Lima"}, "geometry": {"type": "MultiPolygon", "coordinates": [[[[-76.78117, -12.40917], [-76.78145, -12.40897], [-76.78182, -12.40919], [-76.78144, -12.40925], [-76.78117, -12.40917]]], [[[-77.00476, -11.61427], [-77.04581, -11.57873], [-77.06828, -11.57271], [-77.0777, -11.57702], [-77.08527, -11.60424], [-77.10739, -11.62684], [-77.1347, -11.62664], [-77.13696, -11.63753], [-77.12207, -11.65736], [-77.15216, -11.67063], [-77.15828, -11.68174], [-77.15453, -11.7017], [-77.18211, -11.68591], [-77.19633, -11.69795], [-77.16739, -11.74244], [-77.17768, -11.77466], [-77.19827, -11.76821], [-77.19815, -11.78348], [-77.19018, -11.7837], [-77.17798, -11.80212], [-77.17668, -11.81569], [-77.18796, -11.82857], [-77.12684, -11.81848], [-77.10717, -11.86653], [-77.09456, -11.87494], [-77.08927, -11.89918], [-77.10411, -11.93563], [-77.09522, -11.94968], [-77.12849, -11.93928], [-77.11068, -11.97544], [-77.11791, -11.99429], [-77.08912, -12.01216], [-77.09618, -12.0337], [-77.08294, -12.03642], [-77.07689, -12.04745], [-77.0876, -12.05187], [-77.08726, -12.06151], [-77.10457, -12.06335], [-77.11153, -12.07949], [-77.0651, -12.10288], [-77.02993, -12.13566], [-77.02489, -12.15348], [-77.02791, -12.16551], [-77.0384, -12.16842], [-77.03784, -12.20565], [-76.94443, -12.24528], [-76.85529, -12.30019], [-76.83661, -12.31617], [-76.82699, -12.34294], [-76.81927, -12.33944], [-76.81725, -12.35227], [-76.79942, -12.36228], [-76.77569, -12.4045], [-76.78159, -12.4149], [-76.77539, -12.43927], [-76.78505, -12.44344], [-76.79093, -12.47763], [-76.80298, -12.47989], [-76.79805, -12.48938], [-76.80565, -12.49559], [-76.79867, -12.4996], [-76.80369, -12.50896], [-76.78416, -12.51993], [-76.7908, -12.50312], [-76.77289, -12.49502], [-76.75168, -12.46269], [-76.75548, -12.39821], [-76.72185, -12.39624], [-76.68341, -12.38211], [-76.66799, -12.36023], [-76.6817, -12.35431], [-76.67702, -12.32765], [-76.65417, -12.30506], [-76.65041, -12.28478], [-76.63545, -12.27711], [-76.6211, -12.22688], [-76.64771, -12.20971], [-76.66034, -12.17346], [-76.67174, -12.17237], [-76.68792, -12.15183], [-76.69156, -12.14136], [-76.6793, -12.13097], [-76.71326, -12.10887], [-76.71662, -12.09934], [-76.70519, -12.08626], [-76.68409, -12.08588], [-76.67339, -12.07283], [-76.67808, -12.05298], [-76.70656, -12.03237], [-76.72234, -11.99959], [-76.70001, -11.98587], [-76.68428, -11.9894], [-76.66141, -11.97906], [-76.64833, -11.96737], [-76.64727, -11.95226], [-76.69414, -11.89656], [-76.7178, -11.88759], [-76.72668, -11.87454], [-76.73887, -11.89332], [-76.79168, -11.92761], [-76.81816, -11.92774], [-76.82931, -11.94499], [-76.85032, -11.93516], [-76.87838, -11.95094], [-76.91828, -11.96004], [-76.93137, -11.94217], [-76.91502, -11.92712], [-76.918, -11.90645], [-76.91211, -11.88927], [-76.89741, -11.88066], [-76.89493, -11.86575], [-76.93677, -11.86918], [-76.94228, -11.86087], [-76.93564, -11.83368], [-76.90382, -11.82372], [-76.90576, -11.79536], [-76.85124, -11.79815], [-76.80487, -11.75587], [-76.83382, -11.74376], [-76.86775, -11.74747], [-76.88081, -11.73217], [-76.90268, -11.72878], [-76.91447, -11.73217], [-76.91565, -11.74516], [-76.93329, -11.75639], [-76.96069, -11.73414], [-76.97361, -11.73609], [-76.97367, -11.74798], [-76.99678, -11.75236], [-77.03245, -11.74079], [-77.04433, -11.71471], [-77.02441, -11.69174], [-77.03519, -11.65182], [-77.00476, -11.61427]]]]}}, {"type": "Feature", "properties": {"admin2_pcode": "PE1603", "admin2_name": "Loreto", "admin1_name": "Loreto"}, "geometry": {"type": "Polygon", "coordinates": [[[-73.43522, -4.44636], [-73.42067, -4.42532], [-73.42023, -4.37987], [-73.44992, -4.31991], [-73.42517, -4.28962], [-73.37865, -4.25719], [-73.40029, -4.23855], [-73.46821, -4.2849], [-73.48344, -4.32148], [-73.54459, -4.3379], [-73.59268, -4.38182], [-73.69192, -4.43978], [-73.74709, -4.44906], [-73.83358, -4.43862], [-73.88352, -4.38843], [-73.93023, -4.37719], [-73.93855, -4.36892], [-73.94526, -4.3245], [-74.0587, -4.24761], [-74.10171, -4.17703], [-74.13544, -4.06188], [-74.13535, -3.99965], [-74.14629, -3.99343], [-74.15022, -3.96825], [-74.18893, -3.89972], [-74.18605, -3.89153], [-74.2119, -3.85901], [-74.2391, -3.84424], [-74.25843, -3.84783], [-74.27805, -3.83296], [-74.31411, -3.77432], [-74.34677, -3.76033], [-74.37069, -3.716], [-74.41209, -3.71828], [-74.43054, -3.70743], [-74.45864, -3.70549], [-74.47206, -3.6843], [-74.49239, -3.70121], [-74.50401, -3.69651], [-74.55454, -3.63331], [-74.67923, -3.50937], [-74.6862, -3.49404], [-74.67933, -3.46637], [-74.69194, -3.45103], [-74.71749, -3.45881], [-74.71257, -3.43607], [-74.73176, -3.3683], [-74.75009, -3.35566], [-74.75394, -3.33453], [-74.78004, -3.32661], [-74.78174, -3.31591], [-74.81139, -3.30294], [-74.81927, -3.28712], [-74.8329, -3.28082], [-74.82861, -3.25905], [-74.81352, -3.24384], [-74.82047, -3.23351], [-74.84266, -3.21776], [-74.85515, -3.22343], [-74.86026, -3.20957], [-74.87419, -3.20078], [-74.8929, -3.20985], [-74.92185, -3.19707], [-74.96741, -3.19718], [-74.99053, -3.19088], [-75.00037, -3.17415], [-75.01779, -3.1294], [-75.01062, -3.11038], [-75.02019, -3.09966], [-75.014, -3.07555], [-75.02645, -3.06072], [-75.03639, -2.99823], [-75.05668, -2.98002], [-75.05913, -2.96214], [-75.02206, -2.79047], [-75.01027, -2.76636], [-75.00993, -2.68467], [-74.97375, -2.6607], [-74.95786, -2.61474], [-74.96202, -2.57037], [-74.97962, -2.55536], [-74.99311, -2.52419], [-74.9812, -2.5068], [-74.95413, -2.50229], [-74.94959, -2.45879], [-74.95892, -2.3699], [-75.01715, -2.35179], [-75.08323, -2.29347], [-75.10394, -2.28968], [-75.11124, -2.30185], [-75.13642, -2.2859], [-75.15534, -2.23523], [-75.17221, -2.21916], [-75.16893, -2.18669], [-75.19247, -2.16575], [-75.22411, -2.15814], [-75.24619, -2.13383], [-75.24325, -2.10037], [-75.25593, -2.09092], [-75.25314, -2.07934], [-75.26677, -2.06366], [-75.26897, -2.04371], [-75.28815, -2.00871], [-75.33755, -2.0032], [-75.39003, -2.01515], [-75.43798, -2.03659], [-75.4657, -2.00685], [-75.53629, -1.99646], [-75.5713, -1.96377], [-75.61064, -1.96936], [-75.6506, -1.94588], [-75.74592, -1.93092], [-75.77896, -1.84974], [-75.77836, -1.79395], [-76.04343, -2.12709], [-76.53432, -2.51228], [-76.50333, -2.53216], [-76.50638, -2.58284], [-76.47064, -2.60431], [-76.40797, -2.68779], [-76.38637, -2.69753], [-76.38434, -2.71677], [-76.39547, -2.72603], [-76.36531, -2.7401], [-76.34421, -2.80007], [-76.31784, -2.80772], [-76.30734, -2.83485], [-76.31687, -2.89756], [-76.34031, -2.91355], [-76.35123, -2.94643], [-76.34841, -2.97753], [-76.33793, -2.98861], [-76.35247, -3.02107], [-76.35347, -3.09042], [-76.38927, -3.12768], [-76.34878, -3.1665], [-76.36388, -3.18098], [-76.36405, -3.19324], [-76.35183, -3.20598], [-76.36729, -3.21783], [-76.35427, -3.23636], [-76.33732, -3.21888], [-76.32803, -3.21931], [-76.33766, -3.25155], [-76.32598, -3.25806], [-76.32647, -3.27471], [-76.31396, -3.28616], [-76.31066, -3.30543], [-76.28219, -3.3334], [-76.27003, -3.36113], [-76.2743, -3.39981], [-76.26372, -3.40304], [-76.25671, -3.43605], [-76.26146, -3.47522], [-76.24893, -3.47668], [-76.22454, -3.51619], [-76.20618, -3.52806], [-76.22204, -3.55372], [-76.26053, -3.57292], [-76.23753, -3.60244], [-76.23408, -3.63482], [-76.32514, -3.68153], [-76.31403, -3.69555], [-76.28873, -3.69839], [-76.27279, -3.7305], [-76.28032, -3.74702], [-76.27583, -3.76174], [-76.25744, -3.74346], [-76.24887, -3.74477], [-76.24764, -3.78784], [-76.21183, -3.83456], [-76.20431, -3.92388], [-76.14451, -3.95904], [-76.13871, -4.00269], [-76.12002, -4.0356], [-76.07848, -4.04939], [-76.07947, -4.07485], [-76.06537, -4.0892], [-76.06127, -4.1222], [-76.07031, -4.1797], [-76.02185, -4.2204], [-76.00941, -4.25785], [-76.00959, -4.27388], [-76.03021, -4.29683], [-76.02524, -4.3234], [-75.97495, -4.37201], [-75.95235, -4.37505], [-75.86785, -4.42995], [-75.86333, -4.45524], [-75.87891, -4.49045], [-75.8772, -4.54413], [-75.89169, -4.58418], [-75.85189, -4.59996], [-75.84548, -4.62581], [-75.85218, -4.65874], [-75.84305, -4.68709], [-75.74028, -4.73785], [-75.7216, -4.78966], [-75.7257, -4.81317], [-75.66429, -4.84124], [-75.68748, -4.88937], [-75.67344, -4.92481], [-75.64216, -4.93095], [-75.60409, -4.92249], [-75.58108, -4.93903], [-75.53275, -4.93907], [-75.49011, -4.95119], [-75.4239, -4.98809], [-75.38681, -5.05008], [-75.44283, -5.04781], [-75.46957, -5.05765], [-75.51163, -5.11315], [-75.61355, -5.19422], [-75.61815, -5.20848], [-75.59289, -5.23623], [-75.59004, -5.25845], [-75.59749, -5.27555], [-75.63257, -5.27624], [-75.62305, -5.31978], [-75.65319, -5.36685], [-75.65227, -5.40186], [-75.61813, -5.45436], [-75.63899, -5.50385], [-75.60028, -5.53464], [-75.61078, -5.56077], [-75.51825, -5.58735], [-75.49732, -5.58818], [-75.45439, -5.57419], [-75.49748, -5.72803], [-75.41393, -5.72015], [-75.38376, -5.68892], [-75.33581, -5.69526], [-75.30493, -5.68621], [-75.2081, -5.6171], [-75.18158, -5.62323], [-75.06599, -5.4994], [-75.01947, -5.49693], [-74.99029, -5.51391], [-74.9601, -5.51986], [-74.92871, -5.48625], [-74.90209, -5.4703], [-74.82899, -5.45371], [-74.63801, -5.35401], [-74.61517, -5.30433], [-74.57292, -5.26432], [-74.45722, -5.21595], [-74.41834, -5.20693], [-74.35063, -5.15348], [-74.32359, -5.15237], [-74.2874, -5.13362], [-74.24551, -5.13619], [-74.23246, -5.11749], [-74.17878, -5.08698], [-74.17391, -5.03489], [-74.13117, -5.01503], [-74.08939, -4.96916], [-74.06709, -4.95663], [-74.04167, -4.94651], [-74.00016, -4.95768], [-73.95681, -4.97914], [-73.94636, -5.00023], [-73.92763, -5.00967], [-73.893, -4.95558], [-73.90182, -4.92874], [-73.87435, -4.88281], [-73.84954, -4.87698], [-73.8344, -4.85206], [-73.81029, -4.84319], [-73.79209, -4.81371], [-73.76479, -4.79748], [-73.71173, -4.73554], [-73.67005, -4.732], [-73.64423, -4.71424], [-73.58198, -4.61868], [-73.52941, -4.5843], [-73.51083, -4.55191], [-73.46726, -4.51868], [-73.45845, -4.46451], [-73.43522, -4.44636]]]}}, {"type": "Feature", "properties": {"admin2_pcode": "PE0506", "admin2_name": "Lucanas", "admin1_name": "Ayacucho"}, "geometry": {"type": "Polygon", "coordinates": [[[-73.95003, -14.18573], [-73.99916, -14.15919], [-74.02602, -14.12724], [-74.03791, -14.0985], [-74.07057, -14.11662], [-74.08123, -14.11268], [-74.08752, -14.09418], [-74.07284, -14.07316], [-74.06654, -14.02992], [-74.08574, -14.0192], [-74.11604, -14.02887], [-74.17443, -14.10471], [-74.1891, -14.10343], [-74.20798, -14.1269], [-74.26138, -14.13488], [-74.32945, -14.12863], [-74.33614, -14.14811], [-74.39232, -14.16705], [-74.41971, -14.1511], [-74.47215, -14.15285], [-74.4961, -14.14631], [-74.52757, -14.14608], [-74.54129, -14.16406], [-74.57064, -14.14966], [-74.57265, -14.13532], [-74.6232, -14.13714], [-74.63567, -14.11832], [-74.62135, -14.09112], [-74.63953, -14.09512], [-74.67267, -14.07999], [-74.67708, -14.06814], [-74.69835, -14.07862], [-74.69842, -14.09467], [-74.70982, -14.10106], [-74.71679, -14.0962], [-74.7205, -14.11428], [-74.74867, -14.12299], [-74.76087, -14.12044], [-74.77253, -14.09032], [-74.82519, -14.09228], [-74.84177, -14.0713], [-74.85274, -14.07621], [-74.86079, -14.06719], [-74.87811, -14.07625], [-74.89761, -14.10379], [-74.90789, -14.09215], [-74.92516, -14.09942], [-74.97511, -14.07429], [-75.0145, -14.06915], [-75.02913, -14.07195], [-75.0365, -14.09793], [-75.05905, -14.12962], [-75.07638, -14.16591], [-75.08912, -14.22799], [-75.07367, -14.23561], [-75.06604, -14.25161], [-75.03951, -14.25417], [-75.0322, -14.26568], [-75.0497, -14.28654], [-75.08221, -14.29728], [-75.09393, -14.31242], [-75.10791, -14.34702], [-75.10509, -14.35878], [-75.13983, -14.41591], [-75.11914, -14.42113], [-75.12194, -14.42728], [-75.10584, -14.43404], [-75.08897, -14.42641], [-75.05299, -14.43115], [-75.07019, -14.44916], [-75.06846, -14.45836], [-75.09814, -14.4851], [-75.08668, -14.53021], [-75.06714, -14.52857], [-75.08082, -14.55143], [-75.08009, -14.56901], [-75.06586, -14.57448], [-75.06287, -14.61207], [-75.05322, -14.62721], [-75.03176, -14.61066], [-75.01003, -14.60616], [-74.9962, -14.6119], [-74.97802, -14.60237], [-74.95892, -14.60645], [-74.94663, -14.58084], [-74.91339, -14.56562], [-74.90276, -14.54667], [-74.88425, -14.54548], [-74.87534, -14.55527], [-74.88396, -14.57622], [-74.85903, -14.60838], [-74.78817, -14.61556], [-74.84857, -14.67218], [-74.8378, -14.69579], [-74.84574, -14.70798], [-74.8311, -14.7183], [-74.8253, -14.73644], [-74.8027, -14.75215], [-74.77738, -14.72939], [-74.75081, -14.72939], [-74.7157, -14.70978], [-74.73434, -14.72979], [-74.73853, -14.75373], [-74.75269, -14.76404], [-74.75576, -14.78309], [-74.7647, -14.79046], [-74.74776, -14.8131], [-74.7144, -14.8178], [-74.7515, -14.82755], [-74.75458, -14.83529], [-74.74624, -14.84355], [-74.7334, -14.83792], [-74.73251, -14.84666], [-74.7208, -14.83673], [-74.69384, -14.83816], [-74.68096, -14.85428], [-74.67582, -14.86207], [-74.68107, -14.87308], [-74.66239, -14.90012], [-74.68533, -14.93015], [-74.65939, -14.97034], [-74.6463, -14.97789], [-74.66569, -14.9979], [-74.66804, -15.05286], [-74.7623, -15.09805], [-74.73949, -15.12315], [-74.72144, -15.12465], [-74.71371, -15.13853], [-74.67901, -15.1322], [-74.65204, -15.13913], [-74.62875, -15.12412], [-74.60457, -15.14884], [-74.55252, -15.13994], [-74.51386, -15.14832], [-74.5036, -15.16032], [-74.46576, -15.17348], [-74.42299, -15.16785], [-74.40376, -15.1769], [-74.38992, -15.20367], [-74.40083, -15.22086], [-74.38788, -15.25178], [-74.41531, -15.29927], [-74.37785, -15.33188], [-74.34582, -15.33635], [-74.33365, -15.35326], [-74.3087, -15.35972], [-74.32897, -15.39382], [-74.31826, -15.43928], [-74.30197, -15.45206], [-74.31118, -15.46273], [-74.30453, -15.47529], [-74.24118, -15.48104], [-74.2447, -15.43651], [-74.25718, -15.40329], [-74.2129, -15.3526], [-74.20115, -15.32105], [-74.19136, -15.31522], [-74.20804, -15.29207], [-74.22417, -15.23605], [-74.1962, -15.23686], [-74.17632, -15.22292], [-74.1109, -15.23963], [-74.07931, -15.23255], [-73.99842, -15.16095], [-73.96824, -15.14605], [-73.90483, -15.12855], [-73.84071, -15.13305], [-73.83055, -15.10481], [-73.7985, -15.08093], [-73.79596, -15.06545], [-73.81797, -14.99285], [-73.81343, -14.97721], [-73.84099, -14.95131], [-73.84246, -14.92114], [-73.85624, -14.91314], [-73.85918, -14.90182], [-73.87925, -14.89271], [-73.87903, -14.87591], [-73.8974, -14.85747], [-73.9003, -14.84349], [-73.89355, -14.81086], [-73.87079, -14.80014], [-73.87057, -14.76715], [-73.85611, -14.76506], [-73.82572, -14.72592], [-73.83658, -14.71106], [-73.82108, -14.67784], [-73.82704, -14.65889], [-73.82243, -14.64624], [-73.81113, -14.63849], [-73.79344, -14.64587], [-73.78113, -14.6383], [-73.76293, -14.65076], [-73.75541, -14.64752], [-73.75557, -14.63605], [-73.72079, -14.64245], [-73.69067, -14.62942], [-73.6359, -14.59221], [-73.60589, -14.54226], [-73.58722, -14.54895], [-73.56446, -14.52089], [-73.53246, -14.50724], [-73.53506, -14.49154], [-73.55456, -14.4807], [-73.5514, -14.465], [-73.57064, -14.45657], [-73.58175, -14.41613], [-73.58574, -14.40728], [-73.60979, -14.39791], [-73.60371, -14.3838], [-73.61321, -14.37916], [-73.61243, -14.37086], [-73.65473, -14.37349], [-73.6589, -14.35453], [-73.67688, -14.34632], [-73.69042, -14.32635], [-73.7067, -14.32416], [-73.73919, -14.33821], [-73.7841, -14.32247], [-73.79683, -14.29578], [-73.81367, -14.29454], [-73.82622, -14.27891], [-73.86005, -14.27638], [-73.87798, -14.28917], [-73.89658, -14.26283], [-73.89494, -14.22939], [-73.87925, -14.2167], [-73.90714, -14.19174], [-73.9425, -14.19884], [-73.95003, -14.18573]]]}}, {"type": "Feature", "properties": {"admin2_pcode": "PE0105", "admin2_name": "Luya", "admin1_name": "Amazonas"}, "geometry": {"type": "Polygon", "coordinates": [[[-77.89095, -6.10269], [-77.96724, -6.00138], [-77.96461, -5.99075], [-77.97982, -5.9648], [-78.00564, -5.97793], [-78.05753, -5.97473], [-78.07879, -5.95412], [-78.08264, -5.93368], [-78.07658, -5.91677], [-78.12285, -5.92026], [-78.1308, -5.90256], [-78.14505, -5.94315], [-78.13551, -5.95821], [-78.15441, -5.96381], [-78.17241, -5.99415], [-78.16433, -6.01727], [-78.2028, -6.03528], [-78.22238, -6.06133], [-78.28974, -6.06319], [-78.30378, -6.08504], [-78.31761, -6.07949], [-78.34972, -6.08687], [-78.36812, -6.10862], [-78.37253, -6.16924], [-78.41973, -6.18842], [-78.41899, -6.20571], [-78.40072, -6.22789], [-78.37009, -6.23908], [-78.36934, -6.27329], [-78.33539, -6.31868], [-78.33373, -6.35098], [-78.30325, -6.37411], [-78.29126, -6.37252], [-78.27793, -6.38896], [-78.2759, -6.39975], [-78.26829, -6.39111], [-78.24345, -6.40171], [-78.20999, -6.45803], [-78.19003, -6.45702], [-78.18713, -6.46935], [-78.17673, -6.47464], [-78.17384, -6.49371], [-78.16437, -6.4908], [-78.15218, -6.49983], [-78.15117, -6.5116], [-78.13574, -6.52706], [-78.13756, -6.56273], [-78.11705, -6.57737], [-78.12157, -6.5945], [-78.10473, -6.62382], [-78.1076, -6.64233], [-78.09485, -6.65712], [-78.08, -6.65574], [-78.0783, -6.66874], [-78.05732, -6.6767], [-78.04735, -6.68942], [-78.03587, -6.74324], [-78.00886, -6.74296], [-78.00102, -6.72121], [-77.95955, -6.71395], [-77.94183, -6.70298], [-77.93597, -6.68979], [-77.91948, -6.69026], [-77.90769, -6.70114], [-77.89281, -6.73412], [-77.85626, -6.72742], [-77.83487, -6.73297], [-77.7983, -6.69557], [-77.79795, -6.65681], [-77.81391, -6.63395], [-77.81129, -6.61344], [-77.83032, -6.56786], [-77.82742, -6.54575], [-77.86371, -6.4771], [-77.86082, -6.44999], [-77.87712, -6.42796], [-77.8744, -6.41059], [-77.8888, -6.40608], [-77.90474, -6.38281], [-77.90587, -6.36758], [-77.91989, -6.3685], [-77.93779, -6.30787], [-77.94024, -6.25923], [-77.92244, -6.24539], [-77.90282, -6.20807], [-77.91051, -6.18057], [-77.89095, -6.10269]]]}}, {"type": "Feature", "properties": {"admin2_pcode": "PE1702", "admin2_name": "Manu", "admin1_name": "Madre de Dios"}, "geometry": {"type": "Polygon", "coordinates": [[[-70.40287, -13.11441], [-70.37946, -13.04164], [-70.36011, -13.01226], [-70.3548, -12.91652], [-70.32436, -12.85994], [-70.29148, -12.84408], [-70.28139, -12.81419], [-70.25693, -12.78276], [-70.24708, -12.73945], [-70.19585, -12.72094], [-70.16155, -12.67868], [-70.1334, -12.65912], [-70.07687, -12.64069], [-70.06277, -12.61917], [-70.03839, -12.60871], [-70.0374, -12.59578], [-70.07212, -12.57621], [-70.08174, -12.55441], [-70.0928, -12.55744], [-70.09186, -12.54915], [-70.08165, -12.55236], [-70.07888, -12.54912], [-70.09095, -12.54511], [-70.09677, -12.54926], [-70.09104, -12.53668], [-70.09882, -12.53373], [-70.10451, -12.50733], [-70.12086, -12.50474], [-70.12562, -12.51364], [-70.13632, -12.4979], [-70.16094, -12.48759], [-70.17332, -12.49204], [-70.17385, -12.48335], [-70.19081, -12.47984], [-70.19021, -12.47166], [-70.20764, -12.47854], [-70.21043, -12.46526], [-70.21773, -12.46379], [-70.21902, -12.47262], [-70.23048, -12.46573], [-70.23249, -12.45216], [-70.23638, -12.45807], [-70.24999, -12.44819], [-70.25033, -12.42846], [-70.26374, -12.42361], [-70.2559, -12.42038], [-70.25494, -12.40003], [-70.24772, -12.39561], [-70.25322, -12.3826], [-70.24805, -12.37636], [-70.25756, -12.37152], [-70.24846, -12.36165], [-70.25677, -12.3606], [-70.26294, -12.34299], [-70.27409, -12.34443], [-70.26769, -12.33952], [-70.26926, -12.3314], [-70.27787, -12.33055], [-70.28042, -12.29327], [-70.29373, -12.29677], [-70.30576, -12.25831], [-70.31111, -12.26335], [-70.31137, -12.25276], [-70.31988, -12.25294], [-70.31615, -12.22887], [-70.33445, -12.22011], [-70.33867, -12.23075], [-70.34696, -12.19826], [-70.37411, -12.19283], [-70.37188, -12.18114], [-70.38093, -12.17914], [-70.3753, -12.16663], [-70.38215, -12.17215], [-70.3881, -12.16216], [-70.39444, -12.16683], [-70.39584, -12.15411], [-70.40993, -12.14742], [-70.43683, -12.15402], [-70.43713, -12.14319], [-70.44245, -12.13866], [-70.43898, -12.1451], [-70.44592, -12.14494], [-70.44862, -12.13585], [-70.461, -12.14203], [-70.4655, -12.12705], [-70.47644, -12.13218], [-70.47338, -12.11758], [-70.48608, -12.12288], [-70.49355, -12.1071], [-70.50981, -12.11613], [-70.50803, -12.11149], [-70.51423, -12.10514], [-70.5135, -12.11406], [-70.52284, -12.11091], [-70.53453, -12.11905], [-70.54244, -12.10286], [-70.55557, -12.10397], [-70.5546, -12.09675], [-70.56822, -12.09261], [-70.56539, -12.08094], [-70.57181, -12.08357], [-70.57646, -12.07273], [-70.58668, -12.07861], [-70.59037, -12.06621], [-70.59817, -12.06937], [-70.59322, -12.06577], [-70.60217, -12.06208], [-70.60001, -12.05162], [-70.61092, -12.05111], [-70.60522, -12.03726], [-70.62101, -12.05189], [-70.62706, -12.03556], [-70.62991, -12.04221], [-70.64018, -12.03747], [-70.63369, -12.03338], [-70.63707, -12.01704], [-70.64765, -12.01264], [-70.64561, -12.00178], [-70.67408, -11.99369], [-70.68347, -12.00736], [-70.68534, -11.99827], [-70.70612, -11.99912], [-70.70561, -11.9895], [-70.72609, -11.99095], [-70.73363, -11.98359], [-70.73806, -11.9915], [-70.74775, -11.99071], [-70.74582, -11.99786], [-70.76241, -11.99951], [-70.773, -11.98768], [-70.77917, -11.99836], [-70.78049, -11.98959], [-70.79658, -11.98858], [-70.79731, -11.98223], [-70.8075, -11.98651], [-70.81044, -11.9772], [-70.81754, -11.98093], [-70.82579, -11.96579], [-70.86042, -11.96522], [-70.85853, -11.95603], [-70.86748, -11.95511], [-70.87602, -11.93913], [-70.88403, -11.94279], [-70.89122, -11.93278], [-70.88614, -11.92579], [-70.89813, -11.92303], [-70.89695, -11.91572], [-70.91675, -11.92465], [-70.92791, -11.91665], [-70.93484, -11.92715], [-70.94768, -11.91862], [-70.95201, -11.92907], [-70.95628, -11.91589], [-70.97185, -11.92385], [-70.97415, -11.91481], [-70.9913, -11.91404], [-71.00399, -11.89704], [-71.01158, -11.90043], [-71.00838, -11.89321], [-71.01642, -11.89765], [-71.02563, -11.88899], [-71.02139, -11.86501], [-71.04483, -11.87294], [-71.04742, -11.83965], [-71.05729, -11.83904], [-71.05979, -11.80594], [-71.06754, -11.79796], [-71.06203, -11.79751], [-71.07521, -11.78985], [-71.07771, -11.77537], [-71.10409, -11.76537], [-71.10758, -11.77126], [-71.12629, -11.75334], [-71.13774, -11.75674], [-71.15204, -11.74811], [-71.18543, -11.767], [-71.1972, -11.7636], [-71.23275, -11.73469], [-71.24719, -11.70864], [-71.27353, -11.69406], [-71.31759, -11.68473], [-71.3165, -11.65307], [-71.3308, -11.65556], [-71.34201, -11.64744], [-71.33862, -11.62969], [-71.36752, -11.61398], [-71.37678, -11.60114], [-71.36895, -11.59688], [-71.38525, -11.57638], [-71.41098, -11.57952], [-71.3987, -11.55307], [-71.42424, -11.50348], [-71.44345, -11.50208], [-71.46018, -11.51251], [-71.49442, -11.48864], [-71.52631, -11.48045], [-71.55434, -11.48707], [-71.57873, -11.46963], [-71.59114, -11.43113], [-71.61791, -11.43532], [-71.62821, -11.42391], [-71.64598, -11.42942], [-71.66284, -11.42106], [-71.66525, -11.4052], [-71.64743, -11.3848], [-71.66003, -11.3525], [-71.6899, -11.37445], [-71.6992, -11.3552], [-71.72156, -11.33905], [-71.73365, -11.34297], [-71.75021, -11.3299], [-71.76383, -11.34081], [-71.79016, -11.31623], [-71.79892, -11.32103], [-71.82613, -11.3151], [-71.85387, -11.36815], [-71.90533, -11.35124], [-71.93973, -11.3834], [-71.97689, -11.38922], [-72.00122, -11.36896], [-72.00904, -11.37455], [-72.02422, -11.36963], [-72.03598, -11.38303], [-72.05429, -11.37373], [-72.06717, -11.38288], [-72.09687, -11.3776], [-72.1128, -11.36606], [-72.11429, -11.35571], [-72.10298, -11.34432], [-72.11042, -11.33256], [-72.1593, -11.31997], [-72.182, -11.32691], [-72.1905, -11.35523], [-72.20462, -11.34743], [-72.23926, -11.34506], [-72.24789, -11.38501], [-72.27082, -11.40019], [-72.29255, -11.43327], [-72.28746, -11.46665], [-72.28963, -11.48285], [-72.30417, -11.49711], [-72.29803, -11.50412], [-72.31302, -11.56152], [-72.30789, -11.58754], [-72.34804, -11.61786], [-72.35562, -11.63503], [-72.37564, -11.63317], [-72.37461, -11.64298], [-72.3903, -11.65068], [-72.38771, -11.66046], [-72.40529, -11.6748], [-72.41007, -11.69301], [-72.4282, -11.70518], [-72.42703, -11.72133], [-72.42243, -11.73895], [-72.38501, -11.76172], [-72.37077, -11.78497], [-72.391, -11.80661], [-72.39076, -11.82756], [-72.33184, -11.85609], [-72.34751, -11.89127], [-72.33682, -11.93734], [-72.34049, -11.96577], [-72.28622, -11.97532], [-72.28154, -11.9958], [-72.25916, -12.00572], [-72.2696, -12.02284], [-72.26893, -12.05438], [-72.23042, -12.06178], [-72.17373, -12.05981], [-72.09445, -12.08519], [-72.08756, -12.14269], [-72.10044, -12.16942], [-72.0922, -12.19442], [-72.10561, -12.23879], [-72.0753, -12.24326], [-72.05644, -12.25728], [-72.04336, -12.25488], [-72.02894, -12.28723], [-71.94589, -12.33022], [-71.96718, -12.34764], [-71.9633, -12.3769], [-71.97665, -12.39945], [-72.00909, -12.40367], [-72.01748, -12.41518], [-72.04753, -12.42301], [-72.04989, -12.43444], [-72.06056, -12.43836], [-72.06467, -12.47023], [-72.07896, -12.49863], [-72.07113, -12.51148], [-72.05734, -12.50796], [-72.04979, -12.52095], [-72.02883, -12.52637], [-72.00053, -12.56962], [-71.9814, -12.58049], [-71.98421, -12.60817], [-71.96531, -12.61453], [-71.95613, -12.65446], [-71.97009, -12.66214], [-71.9786, -12.68333], [-71.96489, -12.69358], [-71.91778, -12.69891], [-71.91821, -12.72017], [-71.90035, -12.73336], [-71.88162, -12.73044], [-71.81224, -12.74386], [-71.79951, -12.76556], [-71.76466, -12.76746], [-71.76021, -12.78792], [-71.74715, -12.79616], [-71.70809, -12.77292], [-71.69475, -12.75374], [-71.69497, -12.73879], [-71.66054, -12.72892], [-71.63896, -12.70944], [-71.6003, -12.70006], [-71.5527, -12.70871], [-71.54659, -12.73542], [-71.52353, -12.7472], [-71.51314, -12.74439], [-71.49566, -12.78198], [-71.46485, -12.8097], [-71.45943, -12.82518], [-71.44648, -12.82722], [-71.45608, -12.84032], [-71.44507, -12.84073], [-71.44887, -12.86334], [-71.43739, -12.87627], [-71.42398, -12.87325], [-71.42719, -12.88197], [-71.41794, -12.8826], [-71.41637, -12.89406], [-71.39684, -12.88263], [-71.37506, -12.90055], [-71.35899, -12.88075], [-71.31475, -12.93148], [-71.27232, -12.95414], [-71.27101, -12.96249], [-71.23086, -12.97248], [-71.22093, -12.95766], [-71.19595, -12.95958], [-71.17641, -12.97094], [-71.16206, -12.96677], [-71.159, -12.97868], [-71.17192, -12.98198], [-71.1794, -12.99834], [-71.16653, -13.01767], [-71.1738, -13.05501], [-71.16158, -13.06646], [-71.16693, -13.10215], [-71.16119, -13.12043], [-71.14398, -13.13723], [-71.13486, -13.211], [-71.12201, -13.23353], [-71.09159, -13.24004], [-71.06418, -13.2567], [-71.03626, -13.27049], [-71.012, -13.26496], [-71.01121, -13.23871], [-70.99085, -13.22155], [-70.9942, -13.20222], [-70.97724, -13.16968], [-70.94219, -13.1565], [-70.94228, -13.13549], [-70.92763, -13.12878], [-70.92139, -13.11083], [-70.88729, -13.10336], [-70.89927, -13.06968], [-70.86311, -13.08032], [-70.84296, -13.06705], [-70.81735, -13.06985], [-70.79941, -13.09035], [-70.75994, -13.1081], [-70.68521, -13.10678], [-70.68293, -13.09762], [-70.66033, -13.08833], [-70.62782, -13.09232], [-70.58609, -13.10414], [-70.54943, -13.15317], [-70.46425, -13.15969], [-70.39548, -13.18305], [-70.38847, -13.19239], [-70.38558, -13.16704], [-70.40123, -13.15323], [-70.38966, -13.13154], [-70.40904, -13.13886], [-70.4177, -13.13309], [-70.40441, -13.12608], [-70.40287, -13.11441]]]}}, {"type": "Feature", "properties": {"admin2_pcode": "PE1007", "admin2_name": "Mara\u00f1on", "admin1_name": "Huanuco"}, "geometry": {"type": "Polygon", "coordinates": [[[-76.22356, -8.79143], [-76.23479, -8.79454], [-76.23178, -8.77948], [-76.24088, -8.76804], [-76.23145, -8.76013], [-76.24403, -8.75247], [-76.22851, -8.74608], [-76.25713, -8.70937], [-76.25488, -8.69007], [-76.26794, -8.68809], [-76.26299, -8.68221], [-76.24709, -8.68586], [-76.25278, -8.66531], [-76.26837, -8.65273], [-76.26252, -8.63735], [-76.26983, -8.62895], [-76.26212, -8.6149], [-76.28527, -8.58659], [-76.28036, -8.57356], [-76.30181, -8.57362], [-76.30096, -8.55875], [-76.32403, -8.52502], [-76.31144, -8.50501], [-76.32743, -8.47991], [-76.32172, -8.46984], [-76.33284, -8.43053], [-76.3561, -8.42507], [-76.36671, -8.41154], [-76.4175, -8.44375], [-76.44434, -8.48956], [-76.46617, -8.56974], [-76.49387, -8.57583], [-76.49484, -8.54959], [-76.54007, -8.51292], [-76.54781, -8.49764], [-76.56629, -8.50815], [-76.63679, -8.51456], [-76.64348, -8.52365], [-76.67844, -8.52107], [-76.69727, -8.53241], [-76.7284, -8.515], [-76.74099, -8.52465], [-76.75459, -8.51964], [-76.76842, -8.52681], [-76.79015, -8.52364], [-76.79632, -8.51119], [-76.80445, -8.51057], [-76.84266, -8.52523], [-76.84684, -8.54579], [-76.86254, -8.55254], [-76.8647, -8.56635], [-76.88736, -8.5548], [-76.89708, -8.56875], [-76.93597, -8.56697], [-76.94012, -8.55196], [-76.95423, -8.54534], [-76.9773, -8.5606], [-76.99484, -8.55563], [-77.0116, -8.53769], [-77.0498, -8.55372], [-77.09165, -8.51698], [-77.08194, -8.48726], [-77.13993, -8.48046], [-77.13384, -8.44002], [-77.18183, -8.47895], [-77.20268, -8.48541], [-77.26408, -8.46753], [-77.28278, -8.50589], [-77.31749, -8.53015], [-77.31062, -8.5349], [-77.311, -8.55594], [-77.28872, -8.58977], [-77.29364, -8.63703], [-77.2606, -8.64852], [-77.24736, -8.71276], [-77.24817, -8.72731], [-77.22706, -8.74368], [-77.22581, -8.76694], [-77.20654, -8.78162], [-77.19573, -8.81499], [-77.17482, -8.83362], [-77.15018, -8.81069], [-77.15564, -8.79772], [-77.14803, -8.7771], [-77.12701, -8.7817], [-77.10146, -8.767], [-77.08225, -8.77409], [-77.05165, -8.81097], [-77.03472, -8.81982], [-77.0371, -8.83444], [-77.00917, -8.84887], [-76.99426, -8.84122], [-76.97874, -8.85195], [-76.96402, -8.83607], [-76.93721, -8.84607], [-76.92937, -8.83654], [-76.89784, -8.84966], [-76.89357, -8.86224], [-76.86149, -8.86592], [-76.85641, -8.85125], [-76.811, -8.83257], [-76.7855, -8.84205], [-76.77054, -8.86268], [-76.75972, -8.85932], [-76.74493, -8.88269], [-76.73478, -8.87078], [-76.72787, -8.87359], [-76.7116, -8.91211], [-76.7009, -8.91509], [-76.69642, -8.92964], [-76.68317, -8.93227], [-76.68505, -8.94204], [-76.64043, -9.01556], [-76.65264, -9.02568], [-76.62581, -9.05104], [-76.59551, -9.04841], [-76.54322, -9.01495], [-76.53014, -9.02794], [-76.51015, -9.01636], [-76.47337, -9.01223], [-76.43914, -8.98624], [-76.41923, -8.9864], [-76.37034, -9.0255], [-76.35502, -9.02468], [-76.27749, -8.99598], [-76.26586, -8.97628], [-76.24054, -8.9711], [-76.21637, -8.91868], [-76.22442, -8.91301], [-76.2189, -8.8941], [-76.22711, -8.86956], [-76.22281, -8.84992], [-76.20018, -8.83463], [-76.20339, -8.80909], [-76.18985, -8.79637], [-76.19713, -8.783], [-76.22356, -8.79143]]]}}, {"type": "Feature", "properties": {"admin2_pcode": "PE2206", "admin2_name": "Mariscal Caceres", "admin1_name": "San Martin"}, "geometry": {"type": "Polygon", "coordinates": [[[-76.6704, -7.12725], [-76.68153, -7.08931], [-76.70139, -7.10235], [-76.7153, -7.09769], [-76.75903, -7.13094], [-76.77898, -7.12986], [-76.78389, -7.16287], [-76.80801, -7.17439], [-76.85268, -7.06993], [-76.87447, -7.07837], [-76.88504, -7.09466], [-76.90708, -7.08618], [-76.90576, -7.05422], [-76.89734, -7.04669], [-76.90257, -7.00972], [-76.9093, -7.00198], [-76.93794, -7.001], [-76.95703, -6.99148], [-76.96736, -6.93582], [-76.98992, -6.90095], [-77.00625, -6.8413], [-77.01534, -6.83568], [-77.0136, -6.80389], [-77.03123, -6.78272], [-77.02775, -6.76673], [-77.03915, -6.73026], [-77.02542, -6.7135], [-77.04137, -6.67565], [-77.05697, -6.66599], [-77.06206, -6.64421], [-77.07542, -6.63658], [-77.06442, -6.60101], [-77.04944, -6.5937], [-77.04661, -6.56569], [-77.05837, -6.56745], [-77.08565, -6.55016], [-77.12278, -6.50862], [-77.15822, -6.5012], [-77.17705, -6.44947], [-77.19821, -6.43154], [-77.19913, -6.41984], [-77.22144, -6.4193], [-77.252, -6.38796], [-77.27551, -6.38473], [-77.27316, -6.40653], [-77.29767, -6.42474], [-77.30591, -6.45372], [-77.32636, -6.46803], [-77.34485, -6.54723], [-77.35929, -6.56445], [-77.38051, -6.56923], [-77.39387, -6.60269], [-77.43788, -6.60253], [-77.43565, -6.61807], [-77.42369, -6.63806], [-77.40766, -6.64633], [-77.40499, -6.66305], [-77.38173, -6.69759], [-77.40014, -6.70845], [-77.40556, -6.72621], [-77.45647, -6.68052], [-77.47548, -6.68363], [-77.51066, -6.67234], [-77.5212, -6.67968], [-77.54407, -6.677], [-77.56876, -6.63822], [-77.61234, -6.61226], [-77.62666, -6.61274], [-77.65487, -6.63397], [-77.66266, -6.6599], [-77.68837, -6.67737], [-77.70193, -6.67676], [-77.71594, -6.65912], [-77.7403, -6.64746], [-77.74637, -6.66899], [-77.7395, -6.7111], [-77.74811, -6.74492], [-77.7319, -6.78347], [-77.76475, -6.79976], [-77.72332, -6.89346], [-77.7072, -6.90818], [-77.71576, -6.9212], [-77.73382, -6.92858], [-77.73838, -6.94834], [-77.75893, -6.96451], [-77.74719, -6.98606], [-77.73998, -7.03542], [-77.72383, -7.0596], [-77.70701, -7.06852], [-77.71805, -7.08755], [-77.71338, -7.10789], [-77.64243, -7.14976], [-77.63427, -7.16941], [-77.6155, -7.178], [-77.62105, -7.19163], [-77.60553, -7.21916], [-77.63381, -7.2331], [-77.63814, -7.2434], [-77.64735, -7.24151], [-77.64513, -7.25345], [-77.6372, -7.25351], [-77.64692, -7.27005], [-77.62842, -7.32081], [-77.63921, -7.3437], [-77.62168, -7.39699], [-77.63092, -7.41387], [-77.61365, -7.41995], [-77.59897, -7.44851], [-77.59187, -7.44351], [-77.55966, -7.46419], [-77.53908, -7.50739], [-77.52247, -7.50686], [-77.54007, -7.57741], [-77.49694, -7.58274], [-77.48576, -7.60399], [-77.49525, -7.61413], [-77.52839, -7.61595], [-77.5227, -7.63341], [-77.5386, -7.6489], [-77.53095, -7.65448], [-77.5116, -7.6574], [-77.50947, -7.67654], [-77.49789, -7.68635], [-77.46717, -7.67468], [-77.45924, -7.6869], [-77.48341, -7.69766], [-77.48328, -7.72025], [-77.49736, -7.73897], [-77.52618, -7.75389], [-77.52547, -7.76834], [-77.50655, -7.77038], [-77.47859, -7.80424], [-77.44286, -7.81364], [-77.43157, -7.84174], [-77.43838, -7.85015], [-77.41078, -7.90052], [-77.37691, -7.90882], [-77.37537, -7.92006], [-77.39052, -7.94731], [-77.38745, -7.96289], [-77.40713, -7.99199], [-77.37494, -8.03153], [-77.38483, -8.05597], [-77.37244, -8.06493], [-77.3493, -8.05438], [-77.29666, -8.06257], [-77.28134, -8.04878], [-77.26008, -8.04844], [-77.25131, -8.028], [-77.23187, -8.01175], [-77.16623, -8.02164], [-77.15054, -8.03204], [-77.11053, -8.02523], [-77.0687, -8.03951], [-77.07436, -7.9923], [-77.10279, -7.94639], [-77.08805, -7.91458], [-77.09388, -7.89806], [-77.08997, -7.87067], [-77.07628, -7.84778], [-77.05415, -7.83759], [-77.04886, -7.82545], [-77.0059, -7.80291], [-76.91949, -7.84795], [-76.90031, -7.86348], [-76.89543, -7.87754], [-76.87744, -7.88759], [-76.8706, -7.90333], [-76.85564, -7.89866], [-76.85527, -7.90495], [-76.83112, -7.90681], [-76.82114, -7.91917], [-76.8003, -7.92058], [-76.75976, -7.89418], [-76.74957, -7.87522], [-76.72834, -7.87606], [-76.7187, -7.86272], [-76.73136, -7.82705], [-76.74318, -7.82212], [-76.74768, -7.8059], [-76.73999, -7.7966], [-76.75489, -7.80015], [-76.76717, -7.78619], [-76.76022, -7.77471], [-76.77401, -7.77678], [-76.76944, -7.7642], [-76.75346, -7.76211], [-76.77305, -7.74571], [-76.77181, -7.73494], [-76.75632, -7.72862], [-76.7421, -7.73901], [-76.69313, -7.73656], [-76.65687, -7.72574], [-76.63298, -7.68597], [-76.59772, -7.68929], [-76.57731, -7.67885], [-76.5657, -7.65811], [-76.56804, -7.62328], [-76.57978, -7.60921], [-76.5715, -7.58052], [-76.57424, -7.55771], [-76.55711, -7.54856], [-76.55136, -7.50391], [-76.56463, -7.46221], [-76.55781, -7.44246], [-76.5688, -7.41542], [-76.56474, -7.3962], [-76.57465, -7.38526], [-76.5649, -7.36412], [-76.57136, -7.33007], [-76.55779, -7.30624], [-76.5838, -7.25842], [-76.62418, -7.23179], [-76.61412, -7.20786], [-76.63547, -7.16046], [-76.63339, -7.14917], [-76.6704, -7.12725]]]}}, {"type": "Feature", "properties": {"admin2_pcode": "PE0213", "admin2_name": "Mariscal Luzuriaga", "admin1_name": "Ancash"}, "geometry": {"type": "Polygon", "coordinates": [[[-77.24736, -8.71276], [-77.26177, -8.71471], [-77.28084, -8.70312], [-77.30872, -8.72695], [-77.32927, -8.73045], [-77.38677, -8.76348], [-77.40054, -8.79534], [-77.43793, -8.8135], [-77.44713, -8.83832], [-77.39246, -8.88104], [-77.37043, -8.91092], [-77.39231, -8.90447], [-77.40582, -8.91327], [-77.43836, -8.91422], [-77.48648, -8.90562], [-77.51482, -8.92336], [-77.52709, -8.90417], [-77.56345, -8.90337], [-77.544, -8.93129], [-77.5471, -8.94831], [-77.56192, -8.95367], [-77.55399, -8.98577], [-77.51787, -9.0052], [-77.48773, -9.00773], [-77.44571, -8.99006], [-77.3896, -8.99575], [-77.3595, -8.97724], [-77.35219, -8.96087], [-77.32047, -8.94544], [-77.26747, -8.94454], [-77.23233, -8.92522], [-77.17471, -8.92682], [-77.15953, -8.8971], [-77.17259, -8.87637], [-77.17482, -8.83362], [-77.19573, -8.81499], [-77.20654, -8.78162], [-77.22581, -8.76694], [-77.22706, -8.74368], [-77.24817, -8.72731], [-77.24736, -8.71276]]]}}, {"type": "Feature", "properties": {"admin2_pcode": "PE1801", "admin2_name": "Mariscal Nieto", "admin1_name": "Moquegua"}, "geometry": {"type": "Polygon", "coordinates": [[[-70.31294, -16.46158], [-70.35975, -16.47764], [-70.36399, -16.49419], [-70.39663, -16.52376], [-70.41949, -16.53085], [-70.43122, -16.52584], [-70.47042, -16.55638], [-70.49552, -16.55219], [-70.52002, -16.55989], [-70.5379, -16.55338], [-70.57637, -16.56575], [-70.60332, -16.54797], [-70.63372, -16.55785], [-70.68068, -16.54639], [-70.69965, -16.56928], [-70.72784, -16.57284], [-70.70319, -16.59864], [-70.72927, -16.62583], [-70.74763, -16.6231], [-70.76371, -16.63419], [-70.77918, -16.7199], [-70.78899, -16.73695], [-70.81631, -16.74603], [-70.82648, -16.76197], [-70.87893, -16.77485], [-70.89389, -16.77046], [-70.9015, -16.77771], [-70.94545, -16.77239], [-70.95575, -16.77827], [-70.99373, -16.76413], [-71.01468, -16.76787], [-71.03409, -16.75352], [-71.06092, -16.7586], [-71.06803, -16.77429], [-71.07781, -16.77442], [-71.0828, -16.79231], [-71.15491, -16.87004], [-71.16462, -16.90419], [-71.19463, -16.90254], [-71.21847, -16.9254], [-71.28586, -16.94314], [-71.3037, -16.9582], [-71.34071, -16.94438], [-71.34929, -16.94915], [-71.34484, -16.96622], [-71.3552, -16.97767], [-71.37752, -16.97403], [-71.39092, -16.98049], [-71.39488, -16.99285], [-71.38538, -17.02095], [-71.36523, -17.01411], [-71.35732, -17.02435], [-71.33942, -17.02176], [-71.31905, -17.04145], [-71.32469, -17.06031], [-71.31589, -17.06528], [-71.30284, -17.0974], [-71.32515, -17.13466], [-71.35532, -17.15127], [-71.44096, -17.25172], [-71.4313, -17.26136], [-71.38541, -17.26507], [-71.39968, -17.28098], [-71.39549, -17.30452], [-71.36621, -17.31436], [-71.37634, -17.35128], [-71.3481, -17.37647], [-71.34476, -17.38835], [-71.31985, -17.39204], [-71.33068, -17.39805], [-71.31561, -17.41995], [-71.31155, -17.44956], [-71.27624, -17.42708], [-71.2573, -17.44074], [-71.21587, -17.43467], [-71.17356, -17.45348], [-71.15761, -17.45328], [-71.14449, -17.43676], [-71.11338, -17.47671], [-71.07395, -17.48747], [-71.07255, -17.5258], [-71.03779, -17.55533], [-71.02278, -17.59774], [-70.99454, -17.62197], [-70.94638, -17.63282], [-70.91834, -17.64945], [-70.90781, -17.64722], [-70.87996, -17.55567], [-70.77998, -17.4506], [-70.75463, -17.43758], [-70.73672, -17.40828], [-70.7524, -17.38057], [-70.7467, -17.35135], [-70.73387, -17.32319], [-70.70565, -17.29118], [-70.71592, -17.27365], [-70.70428, -17.26721], [-70.68409, -17.22426], [-70.65109, -17.20918], [-70.60998, -17.2145], [-70.57251, -17.19411], [-70.55505, -17.19766], [-70.5278, -17.16831], [-70.48961, -17.08845], [-70.44874, -17.08067], [-70.4392, -17.05036], [-70.46316, -17.00437], [-70.4432, -16.96428], [-70.46502, -16.94443], [-70.45366, -16.92975], [-70.45919, -16.92274], [-70.45175, -16.90001], [-70.44157, -16.8924], [-70.4509, -16.86109], [-70.44069, -16.84005], [-70.38523, -16.81587], [-70.37279, -16.79818], [-70.31129, -16.7733], [-70.29186, -16.78135], [-70.26829, -16.77043], [-70.2473, -16.80246], [-70.18256, -16.81651], [-70.18407, -16.83469], [-70.21171, -16.84081], [-70.22308, -16.85609], [-70.24377, -16.86024], [-70.25936, -16.90365], [-70.25433, -16.94003], [-70.24718, -16.95244], [-70.22703, -16.95936], [-70.21801, -16.94635], [-70.18129, -16.93212], [-70.17369, -16.91223], [-70.14837, -16.92187], [-70.14662, -16.93873], [-70.11806, -16.92376], [-70.1056, -16.89726], [-70.09428, -16.89092], [-70.09031, -16.81085], [-70.05782, -16.78781], [-70.05712, -16.77016], [-70.03221, -16.75292], [-70.03554, -16.74289], [-70.01021, -16.74134], [-69.99556, -16.72978], [-69.99691, -16.71026], [-70.01011, -16.70044], [-70.01177, -16.68848], [-69.99839, -16.67515], [-70.00147, -16.65657], [-70.02462, -16.63118], [-70.04987, -16.62812], [-70.08785, -16.65523], [-70.13783, -16.62857], [-70.14876, -16.61531], [-70.16571, -16.61332], [-70.17624, -16.59415], [-70.17546, -16.56153], [-70.18478, -16.53761], [-70.20049, -16.53959], [-70.22867, -16.50608], [-70.30117, -16.47867], [-70.31294, -16.46158]]]}}, {"type": "Feature", "properties": {"admin2_pcode": "PE1604", "admin2_name": "Mariscal Ramon Castilla", "admin1_name": "Loreto"}, "geometry": {"type": "Polygon", "coordinates": [[[-70.47793, -3.42422], [-70.52956, -3.39567], [-70.58997, -3.41838], [-70.63023, -3.41744], [-70.65445, -3.40669], [-70.6754, -3.37342], [-70.69069, -3.36653], [-70.79835, -3.3753], [-70.87053, -3.35541], [-70.94863, -3.31447], [-70.969, -3.29884], [-70.98115, -3.27632], [-71.01168, -3.25882], [-71.05331, -3.24796], [-71.06812, -3.2125], [-71.15424, -3.21081], [-71.24126, -3.22449], [-71.24981, -3.21148], [-71.27417, -3.19917], [-71.29625, -3.201], [-71.31074, -3.18157], [-71.35404, -3.17203], [-71.37315, -3.18065], [-71.37943, -3.19336], [-71.43841, -3.19998], [-71.44606, -3.19141], [-71.44443, -3.16583], [-71.47702, -3.151], [-71.51395, -3.10166], [-71.56515, -3.08856], [-71.59974, -3.0677], [-71.62901, -3.06424], [-71.66023, -3.04152], [-71.71556, -3.0449], [-71.75762, -3.02894], [-71.7852, -2.98815], [-71.78582, -2.93279], [-71.80251, -2.91364], [-71.81663, -2.90794], [-71.85207, -2.91121], [-71.98064, -2.87749], [-72.0007, -2.86234], [-72.03274, -2.81612], [-72.07392, -2.83859], [-72.09855, -2.83938], [-72.11813, -2.83431], [-72.15542, -2.80519], [-72.18096, -2.79983], [-72.24702, -2.83944], [-72.30737, -2.83232], [-72.36385, -2.83982], [-72.38879, -2.85484], [-72.43238, -2.84182], [-72.53004, -2.88348], [-72.57077, -2.8909], [-72.57339, -2.94785], [-72.55416, -3.00841], [-72.55277, -3.06754], [-72.47906, -3.09866], [-72.47461, -3.1231], [-72.45444, -3.13233], [-72.4304, -3.17426], [-72.41787, -3.17748], [-72.40657, -3.23263], [-72.36258, -3.24791], [-72.33777, -3.28245], [-72.29344, -3.29294], [-72.27396, -3.33278], [-72.19845, -3.40426], [-72.19175, -3.4501], [-72.11719, -3.50057], [-72.14802, -3.52852], [-72.15633, -3.54774], [-72.15519, -3.57715], [-72.17427, -3.60428], [-72.22142, -3.62783], [-72.28083, -3.67881], [-72.30442, -3.68961], [-72.2898, -3.73042], [-72.27845, -3.74156], [-72.28289, -3.83484], [-72.25495, -3.91969], [-72.25381, -3.94327], [-72.30601, -3.99426], [-72.34816, -4.006], [-72.35519, -4.02214], [-72.39559, -4.05724], [-72.41155, -4.09233], [-72.40846, -4.10003], [-72.42577, -4.11905], [-72.43663, -4.16677], [-72.38776, -4.20853], [-72.48177, -4.2933], [-72.49799, -4.31939], [-72.53979, -4.29388], [-72.58078, -4.30353], [-72.62856, -4.30365], [-72.60294, -4.35523], [-72.6327, -4.39779], [-72.67219, -4.39859], [-72.75656, -4.38272], [-72.76574, -4.44609], [-72.78338, -4.48846], [-72.79577, -4.49619], [-72.88202, -4.487], [-72.90573, -4.46811], [-72.93468, -4.4671], [-72.95598, -4.47552], [-73.00677, -4.50785], [-73.02583, -4.52958], [-73.035, -4.55406], [-73.03524, -4.63254], [-73.0604, -4.66736], [-73.12944, -4.69554], [-73.10215, -4.78977], [-73.23624, -4.97057], [-73.16992, -4.998], [-73.0981, -5.0008], [-73.05387, -5.03725], [-73.00329, -5.05758], [-72.98486, -5.05257], [-72.91279, -5.1199], [-72.88292, -5.12215], [-72.85497, -5.1387], [-72.84856, -5.13652], [-72.84952, -5.14595], [-72.83356, -5.13849], [-72.82419, -5.14426], [-72.82231, -5.13168], [-72.81536, -5.13914], [-72.81725, -5.10223], [-72.80103, -5.11137], [-72.79052, -5.10584], [-72.78595, -5.11344], [-72.77906, -5.10201], [-72.78419, -5.09331], [-72.76802, -5.09922], [-72.75637, -5.07662], [-72.73986, -5.08859], [-72.73809, -5.07553], [-72.72987, -5.0744], [-72.7376, -5.06123], [-72.72622, -5.06167], [-72.72765, -5.05199], [-72.71519, -5.05746], [-72.70902, -5.04837], [-72.69245, -5.0609], [-72.67083, -5.04726], [-72.66599, -5.05912], [-72.65749, -5.05453], [-72.65737, -5.06363], [-72.64201, -5.04497], [-72.64142, -5.06299], [-72.62841, -5.05088], [-72.62881, -5.03835], [-72.6212, -5.0518], [-72.61712, -5.03596], [-72.60621, -5.03097], [-72.61223, -5.01656], [-72.59851, -4.99999], [-72.60983, -4.99601], [-72.59783, -4.99485], [-72.598, -4.98386], [-72.58467, -4.99796], [-72.58299, -4.98152], [-72.568, -4.98372], [-72.55194, -4.95556], [-72.53689, -4.95365], [-72.5388, -4.9641], [-72.52725, -4.95341], [-72.52217, -4.96002], [-72.52116, -4.93287], [-72.50494, -4.93581], [-72.50674, -4.94514], [-72.49678, -4.94999], [-72.48773, -4.93339], [-72.48795, -4.9503], [-72.48203, -4.9508], [-72.47373, -4.92455], [-72.45841, -4.92418], [-72.45135, -4.91569], [-72.46322, -4.90267], [-72.46919, -4.90529], [-72.47043, -4.89113], [-72.45451, -4.89149], [-72.45467, -4.90079], [-72.44296, -4.8982], [-72.43383, -4.91069], [-72.42833, -4.90153], [-72.41566, -4.90098], [-72.42186, -4.87599], [-72.4124, -4.87636], [-72.40611, -4.88866], [-72.39916, -4.87382], [-72.38143, -4.87199], [-72.38967, -4.86183], [-72.38025, -4.85851], [-72.38372, -4.84963], [-72.37534, -4.83757], [-72.38906, -4.83329], [-72.37233, -4.83241], [-72.38222, -4.82627], [-72.37497, -4.82194], [-72.35884, -4.82339], [-72.37071, -4.8048], [-72.34484, -4.80671], [-72.33898, -4.79318], [-72.33865, -4.80446], [-72.32526, -4.80174], [-72.32272, -4.8117], [-72.31971, -4.78859], [-72.32688, -4.77999], [-72.3105, -4.77444], [-72.31319, -4.78567], [-72.3065, -4.79042], [-72.30142, -4.77538], [-72.28327, -4.78342], [-72.27805, -4.77103], [-72.27658, -4.78886], [-72.28386, -4.79556], [-72.27115, -4.79835], [-72.26542, -4.78617], [-72.25404, -4.79125], [-72.26143, -4.78075], [-72.25572, -4.76546], [-72.24351, -4.78136], [-72.21508, -4.76703], [-72.21251, -4.7594], [-72.22192, -4.75513], [-72.20928, -4.74746], [-72.19236, -4.76295], [-72.18736, -4.75049], [-72.19323, -4.74582], [-72.1719, -4.73389], [-72.15931, -4.73526], [-72.16151, -4.7288], [-72.14673, -4.72391], [-72.14036, -4.71151], [-72.12726, -4.72251], [-72.13308, -4.7333], [-72.12511, -4.7336], [-72.12467, -4.71576], [-72.10131, -4.70551], [-72.08937, -4.68109], [-72.07742, -4.68117], [-72.08028, -4.66867], [-72.0708, -4.66288], [-72.06499, -4.67614], [-72.05967, -4.67335], [-72.06819, -4.65923], [-72.0581, -4.64936], [-72.04642, -4.65422], [-72.04591, -4.64443], [-72.03794, -4.64282], [-72.04244, -4.6229], [-72.01555, -4.63108], [-72.00599, -4.64528], [-72.00219, -4.62905], [-71.9812, -4.62601], [-71.99373, -4.60902], [-71.98386, -4.60345], [-71.97682, -4.61141], [-71.94653, -4.60783], [-71.9504, -4.59913], [-71.94261, -4.59472], [-71.95, -4.58029], [-71.93436, -4.5782], [-71.92719, -4.57006], [-71.93048, -4.56173], [-71.91911, -4.56345], [-71.92678, -4.54726], [-71.91818, -4.52885], [-71.88459, -4.53709], [-71.89359, -4.52251], [-71.90781, -4.51978], [-71.90549, -4.51475], [-71.88535, -4.52193], [-71.87935, -4.51526], [-71.865, -4.52645], [-71.85656, -4.51137], [-71.83914, -4.50453], [-71.83016, -4.51443], [-71.83212, -4.49584], [-71.80654, -4.50439], [-71.81025, -4.4929], [-71.7938, -4.48365], [-71.79242, -4.49516], [-71.78337, -4.4966], [-71.78533, -4.48232], [-71.77135, -4.4886], [-71.76765, -4.5037], [-71.74896, -4.49132], [-71.75073, -4.46742], [-71.73686, -4.49556], [-71.7068, -4.50989], [-71.68822, -4.49696], [-71.67197, -4.50583], [-71.65793, -4.50094], [-71.65404, -4.48758], [-71.66053, -4.47472], [-71.65429, -4.47114], [-71.64659, -4.48057], [-71.64791, -4.50273], [-71.62472, -4.48888], [-71.62721, -4.47603], [-71.61617, -4.46698], [-71.61251, -4.48288], [-71.63346, -4.51233], [-71.61887, -4.527], [-71.60282, -4.52845], [-71.56693, -4.50576], [-71.55071, -4.48556], [-71.55837, -4.4776], [-71.53624, -4.48169], [-71.53728, -4.46308], [-71.51741, -4.46122], [-71.51619, -4.47161], [-71.49397, -4.4852], [-71.4928, -4.47436], [-71.50658, -4.45766], [-71.50687, -4.43735], [-71.48261, -4.4566], [-71.47768, -4.43355], [-71.46152, -4.43924], [-71.45086, -4.43171], [-71.45119, -4.44551], [-71.43817, -4.44905], [-71.43629, -4.42769], [-71.41225, -4.43539], [-71.43094, -4.44668], [-71.42604, -4.46621], [-71.43787, -4.47085], [-71.43361, -4.47596], [-71.41638, -4.46228], [-71.39061, -4.42723], [-71.37855, -4.42419], [-71.36058, -4.43363], [-71.3459, -4.42554], [-71.34026, -4.44022], [-71.31347, -4.44272], [-71.30821, -4.46226], [-71.30086, -4.44444], [-71.31911, -4.41781], [-71.30474, -4.41714], [-71.28849, -4.44015], [-71.2748, -4.43849], [-71.26086, -4.42511], [-71.26779, -4.409], [-71.26067, -4.39423], [-71.27956, -4.39692], [-71.26921, -4.38376], [-71.24592, -4.39049], [-71.23026, -4.38307], [-71.22241, -4.40617], [-71.21539, -4.37845], [-71.2014, -4.37824], [-71.19797, -4.3864], [-71.20606, -4.39963], [-71.19369, -4.42307], [-71.18189, -4.3939], [-71.15784, -4.3912], [-71.15609, -4.40228], [-71.14978, -4.40225], [-71.14764, -4.38078], [-71.12936, -4.389], [-71.11504, -4.40814], [-71.10624, -4.39937], [-71.10811, -4.37869], [-71.09103, -4.3725], [-71.07745, -4.3742], [-71.07842, -4.39435], [-71.05695, -4.38577], [-71.05068, -4.36748], [-71.04349, -4.37282], [-71.04, -4.39919], [-71.01789, -4.37999], [-70.99651, -4.3858], [-70.98795, -4.37655], [-70.99449, -4.34476], [-70.97537, -4.35677], [-70.96903, -4.37759], [-70.94829, -4.37602], [-70.93804, -4.3831], [-70.93352, -4.35606], [-70.91543, -4.36001], [-70.90005, -4.32588], [-70.87638, -4.32165], [-70.87662, -4.29146], [-70.84625, -4.27938], [-70.86389, -4.25065], [-70.85098, -4.24696], [-70.83438, -4.2541], [-70.81678, -4.22944], [-70.82606, -4.21933], [-70.84458, -4.23082], [-70.84324, -4.21714], [-70.82564, -4.21186], [-70.80099, -4.18182], [-70.78674, -4.18542], [-70.75775, -4.15852], [-70.72395, -4.18599], [-70.69037, -4.18819], [-70.68228, -4.20693], [-70.66678, -4.17022], [-70.66993, -4.14438], [-70.66062, -4.14476], [-70.65018, -4.16413], [-70.64462, -4.12695], [-70.61738, -4.12918], [-70.6352, -4.17349], [-70.6221, -4.19213], [-70.56446, -4.17412], [-70.57189, -4.21125], [-70.55542, -4.2016], [-70.55774, -4.16535], [-70.54101, -4.1548], [-70.55111, -4.13632], [-70.5356, -4.14541], [-70.52342, -4.13638], [-70.50825, -4.15119], [-70.50364, -4.16877], [-70.51411, -4.19084], [-70.50557, -4.19913], [-70.49269, -4.19158], [-70.48523, -4.16079], [-70.46491, -4.17587], [-70.45424, -4.15892], [-70.4349, -4.16273], [-70.44237, -4.13944], [-70.43282, -4.13129], [-70.37681, -4.13501], [-70.33853, -4.17915], [-70.32863, -4.17147], [-70.32917, -4.14711], [-70.32152, -4.14268], [-70.28565, -4.1704], [-70.2792, -4.23271], [-70.30948, -4.25118], [-70.28434, -4.27251], [-70.29092, -4.28723], [-70.2522, -4.2712], [-70.24582, -4.28462], [-70.2681, -4.2958], [-70.25996, -4.3086], [-70.22542, -4.31704], [-70.21379, -4.29845], [-70.19633, -4.36034], [-70.18084, -4.3554], [-70.1748, -4.33488], [-70.15261, -4.33003], [-70.15207, -4.32129], [-70.17063, -4.30523], [-70.15639, -4.27474], [-70.14514, -4.27275], [-70.12099, -4.28542], [-70.10936, -4.25615], [-70.09604, -4.28777], [-70.07508, -4.28529], [-70.06136, -4.2947], [-70.04027, -4.29479], [-70.0486, -4.30508], [-70.07324, -4.30392], [-70.07908, -4.31206], [-70.04141, -4.33496], [-70.04026, -4.34697], [-70.05144, -4.3625], [-70.04638, -4.37235], [-70.03364, -4.37454], [-70.01514, -4.35052], [-69.98583, -4.34477], [-69.94959, -4.27938], [-69.95569, -4.20764], [-70.03408, -4.13441], [-70.06778, -4.07598], [-70.1144, -4.04955], [-70.17428, -3.97006], [-70.1867, -3.91835], [-70.25352, -3.8845], [-70.27631, -3.83763], [-70.29228, -3.82119], [-70.35406, -3.79929], [-70.3876, -3.8285], [-70.41376, -3.82203], [-70.44981, -3.85668], [-70.51063, -3.87547], [-70.54092, -3.86304], [-70.57727, -3.82801], [-70.61902, -3.84006], [-70.62716, -3.83202], [-70.65252, -3.82888], [-70.68519, -3.79334], [-70.71313, -3.79643], [-70.47793, -3.42422]]]}}, {"type": "Feature", "properties": {"admin2_pcode": "PE1601", "admin2_name": "Maynas", "admin1_name": "Loreto"}, "geometry": {"type": "Polygon", "coordinates": [[[-72.57077, -2.8909], [-72.6539, -2.88917], [-72.7662, -2.91527], [-72.89123, -2.91638], [-72.93539, -2.87295], [-73.06518, -2.78094], [-73.12683, -2.77195], [-73.1448, -2.7089], [-73.2088, -2.69853], [-73.27147, -2.63953], [-73.32852, -2.62306], [-73.36023, -2.60459], [-73.39591, -2.53541], [-73.36955, -2.49278], [-73.37318, -2.4656], [-73.4424, -2.41786], [-73.48179, -2.4101], [-73.51668, -2.37861], [-73.56121, -2.36767], [-73.57572, -2.34099], [-73.63375, -2.29998], [-73.66697, -2.28959], [-73.6942, -2.30224], [-73.71081, -2.29678], [-73.73151, -2.23838], [-73.75564, -2.21805], [-73.73696, -2.15691], [-73.7874, -2.12236], [-73.80744, -2.02853], [-73.86423, -2.01937], [-73.88483, -1.99781], [-73.9221, -1.9856], [-73.9214, -1.97868], [-73.89963, -1.96921], [-73.88118, -1.93554], [-73.87528, -1.91871], [-73.87985, -1.89456], [-73.83716, -1.84939], [-73.84245, -1.82454], [-73.81901, -1.76332], [-73.82449, -1.69635], [-73.85132, -1.68096], [-73.88748, -1.68277], [-73.92455, -1.61494], [-73.94141, -1.60332], [-73.94096, -1.58777], [-73.97565, -1.58329], [-74.00573, -1.52434], [-74.0877, -1.52067], [-74.12079, -1.50309], [-74.15169, -1.47155], [-74.1747, -1.46641], [-74.19615, -1.44796], [-74.2088, -1.44602], [-74.22279, -1.45553], [-74.28458, -1.434], [-74.30421, -1.43806], [-74.32286, -1.422], [-74.40406, -1.39449], [-74.4285, -1.39035], [-74.44356, -1.39792], [-74.46311, -1.37683], [-74.49418, -1.37844], [-74.51608, -1.35182], [-74.54337, -1.34485], [-74.5489, -1.327], [-74.56488, -1.32488], [-74.58845, -1.30753], [-74.58691, -1.27821], [-74.60289, -1.25526], [-74.64122, -1.23273], [-74.64439, -1.2169], [-74.71059, -1.15225], [-74.72004, -1.11271], [-74.73716, -1.10547], [-74.75951, -1.05631], [-74.78442, -1.04995], [-74.79464, -1.03614], [-74.84861, -1.02051], [-74.88269, -0.96509], [-74.88735, -0.91963], [-74.90978, -0.91979], [-74.92675, -0.89833], [-74.95409, -0.88798], [-74.98702, -0.81898], [-75.02839, -0.79591], [-75.04371, -0.79996], [-75.0584, -0.78123], [-75.10396, -0.77774], [-75.12752, -0.76353], [-75.13115, -0.75033], [-75.14051, -0.75339], [-75.1928, -0.73663], [-75.19931, -0.72162], [-75.18157, -0.71203], [-75.20931, -0.70492], [-75.23157, -0.68755], [-75.22858, -0.67214], [-75.24091, -0.65636], [-75.23153, -0.64709], [-75.24473, -0.63937], [-75.24791, -0.64746], [-75.25647, -0.6435], [-75.25791, -0.65506], [-75.27138, -0.66361], [-75.24786, -0.6945], [-75.27218, -0.71392], [-75.27344, -0.72894], [-75.26579, -0.75116], [-75.25094, -0.76252], [-75.26497, -0.78394], [-75.23979, -0.79929], [-75.24847, -0.8341], [-75.22117, -0.86576], [-75.2194, -0.89955], [-75.2335, -0.92201], [-75.22891, -0.94149], [-75.18833, -0.9702], [-75.20322, -0.97566], [-75.21145, -0.96957], [-75.27437, -0.9696], [-75.28853, -0.98566], [-75.30006, -0.98715], [-75.36981, -0.92901], [-75.37948, -0.92375], [-75.3867, -0.92974], [-75.53805, -1.48077], [-75.55036, -1.50199], [-75.55763, -1.55951], [-75.56357, -1.56277], [-75.58267, -1.54746], [-75.77836, -1.79395], [-75.77896, -1.84974], [-75.74592, -1.93092], [-75.6506, -1.94588], [-75.61064, -1.96936], [-75.5713, -1.96377], [-75.53629, -1.99646], [-75.4657, -2.00685], [-75.43798, -2.03659], [-75.39003, -2.01515], [-75.33755, -2.0032], [-75.28815, -2.00871], [-75.26897, -2.04371], [-75.26677, -2.06366], [-75.25314, -2.07934], [-75.25593, -2.09092], [-75.24325, -2.10037], [-75.24619, -2.13383], [-75.22411, -2.15814], [-75.19247, -2.16575], [-75.16893, -2.18669], [-75.17221, -2.21916], [-75.15534, -2.23523], [-75.13642, -2.2859], [-75.11124, -2.30185], [-75.10394, -2.28968], [-75.08323, -2.29347], [-75.01715, -2.35179], [-74.95892, -2.3699], [-74.94959, -2.45879], [-74.95413, -2.50229], [-74.9812, -2.5068], [-74.99311, -2.52419], [-74.97962, -2.55536], [-74.96202, -2.57037], [-74.95786, -2.61474], [-74.97375, -2.6607], [-75.00993, -2.68467], [-75.01027, -2.76636], [-75.02206, -2.79047], [-75.05913, -2.96214], [-75.05668, -2.98002], [-75.03639, -2.99823], [-75.02645, -3.06072], [-75.014, -3.07555], [-75.02019, -3.09966], [-75.01062, -3.11038], [-75.01779, -3.1294], [-75.00037, -3.17415], [-74.99053, -3.19088], [-74.96741, -3.19718], [-74.92185, -3.19707], [-74.8929, -3.20985], [-74.87419, -3.20078], [-74.86026, -3.20957], [-74.85515, -3.22343], [-74.84266, -3.21776], [-74.82047, -3.23351], [-74.81352, -3.24384], [-74.82861, -3.25905], [-74.8329, -3.28082], [-74.81927, -3.28712], [-74.81139, -3.30294], [-74.78174, -3.31591], [-74.78004, -3.32661], [-74.75394, -3.33453], [-74.75009, -3.35566], [-74.73176, -3.3683], [-74.71257, -3.43607], [-74.71749, -3.45881], [-74.69194, -3.45103], [-74.67933, -3.46637], [-74.6862, -3.49404], [-74.67923, -3.50937], [-74.55454, -3.63331], [-74.50401, -3.69651], [-74.49239, -3.70121], [-74.47206, -3.6843], [-74.45864, -3.70549], [-74.43054, -3.70743], [-74.41209, -3.71828], [-74.37069, -3.716], [-74.34677, -3.76033], [-74.31411, -3.77432], [-74.27805, -3.83296], [-74.25843, -3.84783], [-74.2391, -3.84424], [-74.2119, -3.85901], [-74.18605, -3.89153], [-74.18893, -3.89972], [-74.15022, -3.96825], [-74.14629, -3.99343], [-74.13535, -3.99965], [-74.13544, -4.06188], [-74.10171, -4.17703], [-74.0587, -4.24761], [-73.94526, -4.3245], [-73.93855, -4.36892], [-73.93023, -4.37719], [-73.88352, -4.38843], [-73.83358, -4.43862], [-73.74709, -4.44906], [-73.69192, -4.43978], [-73.59268, -4.38182], [-73.54459, -4.3379], [-73.48344, -4.32148], [-73.46821, -4.2849], [-73.40029, -4.23855], [-73.37865, -4.25719], [-73.42517, -4.28962], [-73.44992, -4.31991], [-73.42023, -4.37987], [-73.42067, -4.42532], [-73.43522, -4.44636], [-73.42374, -4.46184], [-73.39747, -4.47611], [-73.32256, -4.58432], [-73.2894, -4.60867], [-73.26236, -4.64537], [-73.21716, -4.67396], [-73.18381, -4.68467], [-73.16034, -4.70842], [-73.12944, -4.69554], [-73.0604, -4.66736], [-73.03524, -4.63254], [-73.035, -4.55406], [-73.02583, -4.52958], [-73.00677, -4.50785], [-72.95598, -4.47552], [-72.93468, -4.4671], [-72.90573, -4.46811], [-72.88202, -4.487], [-72.79577, -4.49619], [-72.78338, -4.48846], [-72.76574, -4.44609], [-72.75656, -4.38272], [-72.67219, -4.39859], [-72.6327, -4.39779], [-72.60294, -4.35523], [-72.62856, -4.30365], [-72.58078, -4.30353], [-72.53979, -4.29388], [-72.49799, -4.31939], [-72.48177, -4.2933], [-72.38776, -4.20853], [-72.43663, -4.16677], [-72.42577, -4.11905], [-72.40846, -4.10003], [-72.41155, -4.09233], [-72.39559, -4.05724], [-72.35519, -4.02214], [-72.34816, -4.006], [-72.30601, -3.99426], [-72.25381, -3.94327], [-72.25495, -3.91969], [-72.28289, -3.83484], [-72.27845, -3.74156], [-72.2898, -3.73042], [-72.30442, -3.68961], [-72.28083, -3.67881], [-72.22142, -3.62783], [-72.17427, -3.60428], [-72.15519, -3.57715], [-72.15633, -3.54774], [-72.14802, -3.52852], [-72.11719, -3.50057], [-72.19175, -3.4501], [-72.19845, -3.40426], [-72.27396, -3.33278], [-72.29344, -3.29294], [-72.33777, -3.28245], [-72.36258, -3.24791], [-72.40657, -3.23263], [-72.41787, -3.17748], [-72.4304, -3.17426], [-72.45444, -3.13233], [-72.47461, -3.1231], [-72.47906, -3.09866], [-72.55277, -3.06754], [-72.55416, -3.00841], [-72.57339, -2.94785], [-72.57077, -2.8909]]]}}, {"type": "Feature", "properties": {"admin2_pcode": "PE2108", "admin2_name": "Melgar", "admin1_name": "Puno"}, "geometry": {"type": "Polygon", "coordinates": [[[-70.26824, -14.28297], [-70.27528, -14.27677], [-70.27282, -14.26722], [-70.28589, -14.26773], [-70.29036, -14.25831], [-70.28945, -14.21828], [-70.30224, -14.21853], [-70.3163, -14.20584], [-70.32946, -14.17518], [-70.35664, -14.17059], [-70.36347, -14.18823], [-70.38774, -14.19622], [-70.42517, -14.17809], [-70.48152, -14.22338], [-70.49618, -14.22025], [-70.50952, -14.20002], [-70.52201, -14.20217], [-70.54119, -14.18971], [-70.55105, -14.15532], [-70.56712, -14.15265], [-70.57005, -14.1446], [-70.58937, -14.15787], [-70.60725, -14.16148], [-70.6124, -14.15392], [-70.61929, -14.15936], [-70.6524, -14.12086], [-70.69202, -14.12392], [-70.70342, -14.08564], [-70.71805, -14.07572], [-70.78982, -14.07882], [-70.82114, -14.14115], [-70.84626, -14.1489], [-70.86734, -14.16956], [-70.88618, -14.17141], [-70.88939, -14.18704], [-70.88214, -14.19879], [-70.89458, -14.20911], [-70.89979, -14.23299], [-70.88216, -14.25347], [-70.87991, -14.27043], [-70.89099, -14.27271], [-70.89282, -14.28667], [-70.91346, -14.30332], [-70.90783, -14.33397], [-70.9129, -14.34243], [-70.92977, -14.34088], [-70.96208, -14.36117], [-70.97048, -14.37828], [-70.98604, -14.37976], [-70.97869, -14.39448], [-70.98582, -14.40673], [-70.97872, -14.41666], [-70.96235, -14.44454], [-70.98797, -14.45532], [-70.98659, -14.49872], [-70.99935, -14.50264], [-70.96612, -14.56834], [-70.9777, -14.58302], [-70.99954, -14.5723], [-71.01471, -14.57798], [-71.02043, -14.58535], [-71.01005, -14.59754], [-71.03104, -14.59326], [-71.0739, -14.63145], [-71.10912, -14.63395], [-71.11794, -14.64892], [-71.11011, -14.67354], [-71.08804, -14.6957], [-71.08951, -14.71319], [-71.05324, -14.75433], [-71.03569, -14.75212], [-71.02776, -14.76007], [-71.01309, -14.73969], [-70.97506, -14.76498], [-70.98371, -14.78603], [-70.97833, -14.82415], [-70.99468, -14.8299], [-70.99659, -14.84394], [-70.99137, -14.86127], [-70.99597, -14.89391], [-70.98474, -14.94607], [-70.99664, -14.95393], [-71.00442, -14.9752], [-70.99338, -15.03581], [-70.9936, -15.08459], [-70.9611, -15.06122], [-70.94077, -15.05977], [-70.90432, -15.03835], [-70.88088, -15.04541], [-70.86685, -15.03915], [-70.8344, -15.00132], [-70.79744, -15.02445], [-70.77377, -15.03359], [-70.7618, -15.02989], [-70.75775, -15.04517], [-70.70939, -15.08485], [-70.70789, -15.12663], [-70.68288, -15.11521], [-70.67121, -15.13206], [-70.65732, -15.134], [-70.6341, -15.11829], [-70.62221, -15.12844], [-70.61172, -15.11916], [-70.57909, -15.1464], [-70.56255, -15.19159], [-70.54687, -15.19465], [-70.53837, -15.1884], [-70.54007, -15.17595], [-70.51257, -15.14601], [-70.53262, -15.13573], [-70.53334, -15.0949], [-70.55032, -15.08379], [-70.55028, -15.05493], [-70.53184, -15.02795], [-70.54238, -14.99258], [-70.4995, -14.95149], [-70.50767, -14.94674], [-70.50893, -14.92581], [-70.50071, -14.91393], [-70.49194, -14.91337], [-70.49516, -14.92443], [-70.47499, -14.93257], [-70.47666, -14.93809], [-70.46552, -14.92815], [-70.46104, -14.89112], [-70.43642, -14.8579], [-70.44225, -14.83281], [-70.45423, -14.82492], [-70.44554, -14.78799], [-70.42682, -14.77021], [-70.41714, -14.73125], [-70.40024, -14.71667], [-70.38181, -14.6664], [-70.38775, -14.63671], [-70.41724, -14.61491], [-70.41237, -14.60098], [-70.43077, -14.5791], [-70.40404, -14.5623], [-70.36545, -14.59738], [-70.34257, -14.5793], [-70.34538, -14.5658], [-70.3692, -14.54105], [-70.35256, -14.5304], [-70.3528, -14.50767], [-70.32955, -14.46808], [-70.33401, -14.45264], [-70.31521, -14.38002], [-70.32782, -14.35283], [-70.31473, -14.34024], [-70.30434, -14.34564], [-70.28114, -14.3294], [-70.26824, -14.28297]]]}}, {"type": "Feature", "properties": {"admin2_pcode": "PE2109", "admin2_name": "Moho", "admin1_name": "Puno"}, "geometry": {"type": "Polygon", "coordinates": [[[-69.1763, -15.26136], [-69.17349, -15.25448], [-69.18942, -15.23118], [-69.2269, -15.21534], [-69.24063, -15.18684], [-69.27289, -15.18176], [-69.29277, -15.16222], [-69.35064, -15.18724], [-69.362, -15.21407], [-69.40108, -15.2128], [-69.41147, -15.2292], [-69.44338, -15.24441], [-69.44731, -15.26685], [-69.48606, -15.27158], [-69.5082, -15.24881], [-69.51945, -15.24857], [-69.52695, -15.27064], [-69.54749, -15.28496], [-69.54311, -15.30845], [-69.63806, -15.26148], [-69.65511, -15.27137], [-69.6692, -15.26916], [-69.66336, -15.2793], [-69.64035, -15.28599], [-69.64394, -15.2959], [-69.63335, -15.31299], [-69.65387, -15.29789], [-69.63013, -15.33072], [-69.63086, -15.33697], [-69.64052, -15.3342], [-69.6298, -15.34371], [-69.63425, -15.35322], [-69.62327, -15.35348], [-69.62939, -15.34629], [-69.62228, -15.34436], [-69.58905, -15.37305], [-69.57862, -15.36189], [-69.56825, -15.3623], [-69.57322, -15.35094], [-69.56659, -15.34756], [-69.55322, -15.37601], [-69.54044, -15.37964], [-69.52211, -15.36997], [-69.51614, -15.37867], [-69.5317, -15.3868], [-69.51239, -15.4074], [-69.49744, -15.40491], [-69.49905, -15.41379], [-69.47737, -15.42619], [-69.45977, -15.45329], [-69.44032, -15.46256], [-69.43572, -15.47727], [-69.44181, -15.4911], [-69.43214, -15.5056], [-69.41499, -15.49798], [-69.4322, -15.4867], [-69.43307, -15.47831], [-69.39816, -15.48272], [-69.37611, -15.4715], [-69.35837, -15.48293], [-69.3591, -15.50275], [-69.35002, -15.51084], [-69.36308, -15.51415], [-69.36185, -15.49921], [-69.37259, -15.50254], [-69.36789, -15.49619], [-69.37708, -15.48202], [-69.37484, -15.49147], [-69.39111, -15.50725], [-69.33146, -15.53798], [-69.30886, -15.50513], [-69.31338, -15.49253], [-69.30058, -15.48635], [-69.31172, -15.47297], [-69.29007, -15.43688], [-69.25351, -15.46919], [-69.24083, -15.46039], [-69.23233, -15.4418], [-69.24985, -15.42672], [-69.26033, -15.37404], [-69.24856, -15.37081], [-69.21564, -15.31716], [-69.20656, -15.32425], [-69.19479, -15.31504], [-69.19349, -15.29582], [-69.17797, -15.27918], [-69.1763, -15.26136]]]}}, {"type": "Feature", "properties": {"admin2_pcode": "PE2004", "admin2_name": "Morropon", "admin1_name": "Piura"}, "geometry": {"type": "Polygon", "coordinates": [[[-79.64221, -5.10722], [-79.65044, -5.1031], [-79.64883, -5.09059], [-79.67481, -5.09559], [-79.72528, -5.0568], [-79.73152, -5.01779], [-79.75463, -5.02484], [-79.78848, -4.99082], [-79.80637, -4.99789], [-79.83091, -4.99429], [-79.83844, -4.97559], [-79.84956, -4.97237], [-79.85281, -4.9536], [-79.86425, -4.96509], [-79.86398, -4.9756], [-79.8995, -4.99363], [-79.9005, -5.00903], [-79.91342, -5.02159], [-79.92528, -5.01938], [-79.95664, -5.03661], [-80.00082, -5.01572], [-80.0388, -5.02636], [-80.0496, -5.01423], [-80.0834, -5.00365], [-80.09029, -4.96944], [-80.07852, -4.94154], [-80.10245, -4.92904], [-80.11054, -4.91236], [-80.11619, -4.93271], [-80.15859, -4.9559], [-80.17612, -4.98809], [-80.18632, -4.98643], [-80.20409, -5.00346], [-80.22829, -4.98967], [-80.25897, -5.00377], [-80.23264, -5.0108], [-80.23386, -5.02287], [-80.22133, -5.03094], [-80.22176, -5.05272], [-80.24607, -5.06723], [-80.28706, -5.06848], [-80.29545, -5.08901], [-80.3146, -5.09603], [-80.33554, -5.12172], [-80.33807, -5.13717], [-80.35372, -5.14015], [-80.35233, -5.17402], [-80.36426, -5.2325], [-80.34666, -5.2332], [-80.35141, -5.25983], [-80.33029, -5.28406], [-80.25913, -5.33033], [-80.12683, -5.51081], [-80.10668, -5.51892], [-80.08287, -5.56041], [-80.05515, -5.55383], [-80.05284, -5.56357], [-80.001, -5.58534], [-79.96052, -5.58162], [-79.94587, -5.515], [-79.90485, -5.49341], [-79.89835, -5.48039], [-79.854, -5.53074], [-79.86442, -5.56342], [-79.83944, -5.63003], [-79.83165, -5.6025], [-79.80074, -5.56226], [-79.77705, -5.56192], [-79.75833, -5.54103], [-79.7376, -5.50956], [-79.72963, -5.47348], [-79.68326, -5.53048], [-79.66164, -5.53207], [-79.64982, -5.52061], [-79.64446, -5.47497], [-79.71568, -5.45603], [-79.73365, -5.44398], [-79.74999, -5.44644], [-79.76859, -5.42503], [-79.76403, -5.40251], [-79.73831, -5.37979], [-79.71544, -5.37594], [-79.69804, -5.38566], [-79.67574, -5.38063], [-79.64735, -5.33623], [-79.66984, -5.31743], [-79.6686, -5.29665], [-79.72004, -5.21525], [-79.69999, -5.20337], [-79.72033, -5.17723], [-79.71246, -5.15591], [-79.71492, -5.12663], [-79.68841, -5.09816], [-79.66295, -5.12672], [-79.66434, -5.15274], [-79.64692, -5.13845], [-79.65496, -5.12161], [-79.64221, -5.10722]]]}}, {"type": "Feature", "properties": {"admin2_pcode": "PE2201", "admin2_name": "Moyobamba", "admin1_name": "San Martin"}, "geometry": {"type": "Polygon", "coordinates": [[[-77.69596, -5.41105], [-77.7127, -5.41641], [-77.74483, -5.4069], [-77.73164, -5.43634], [-77.64185, -5.52274], [-77.65901, -5.57198], [-77.62422, -5.6299], [-77.62053, -5.65571], [-77.58287, -5.68669], [-77.5872, -5.69825], [-77.57173, -5.70725], [-77.57542, -5.71282], [-77.5333, -5.70444], [-77.53339, -5.69274], [-77.52518, -5.69809], [-77.50812, -5.68624], [-77.51603, -5.67765], [-77.50892, -5.67341], [-77.46622, -5.68415], [-77.46172, -5.67919], [-77.44607, -5.68966], [-77.439, -5.67995], [-77.43214, -5.68515], [-77.43184, -5.67887], [-77.42041, -5.67873], [-77.40165, -5.71021], [-77.38139, -5.7071], [-77.38402, -5.71586], [-77.37511, -5.71134], [-77.37127, -5.72188], [-77.37881, -5.72236], [-77.37288, -5.72523], [-77.35983, -5.71979], [-77.36057, -5.7337], [-77.35118, -5.73062], [-77.34027, -5.7594], [-77.33244, -5.75365], [-77.31472, -5.76701], [-77.31511, -5.75459], [-77.30696, -5.76404], [-77.29888, -5.75547], [-77.29963, -5.76744], [-77.29178, -5.76574], [-77.2849, -5.77667], [-77.27934, -5.76898], [-77.28228, -5.78006], [-77.26741, -5.77844], [-77.27244, -5.78231], [-77.26299, -5.79208], [-77.27056, -5.79897], [-77.25896, -5.80227], [-77.25726, -5.79658], [-77.25746, -5.80505], [-77.25139, -5.80425], [-77.24748, -5.83251], [-77.25637, -5.82901], [-77.25454, -5.84184], [-77.24747, -5.84145], [-77.24102, -5.85179], [-77.24642, -5.85531], [-77.23775, -5.86066], [-77.24647, -5.88277], [-77.23573, -5.88328], [-77.23144, -5.89787], [-77.22503, -5.89526], [-77.2127, -5.90763], [-77.2189, -5.91992], [-77.2053, -5.92425], [-77.2029, -5.94002], [-77.18892, -5.93626], [-77.18226, -5.94712], [-77.16142, -5.93578], [-77.15297, -5.94007], [-77.15402, -5.93283], [-77.14838, -5.94209], [-77.14205, -5.93653], [-77.13882, -5.95363], [-77.14839, -5.95952], [-77.14041, -5.96035], [-77.14592, -5.9649], [-77.14036, -5.97178], [-77.14918, -5.97793], [-77.13963, -5.98014], [-77.14225, -5.99713], [-77.14815, -5.99398], [-77.1504, -6.00896], [-77.15733, -6.00894], [-77.1479, -6.01791], [-77.14936, -6.03804], [-77.15597, -6.03928], [-77.1442, -6.05625], [-77.1454, -6.06237], [-77.15149, -6.05732], [-77.15203, -6.07039], [-77.14355, -6.08039], [-77.13943, -6.07332], [-77.13686, -6.08619], [-77.14598, -6.08689], [-77.14637, -6.108], [-77.14079, -6.11443], [-77.13392, -6.10966], [-77.13267, -6.12853], [-77.12354, -6.13293], [-77.13111, -6.14636], [-77.11982, -6.16247], [-77.12841, -6.18983], [-77.12454, -6.20336], [-77.15314, -6.20972], [-77.16214, -6.22533], [-77.1778, -6.23346], [-77.19728, -6.23342], [-77.17407, -6.24653], [-77.17079, -6.2652], [-77.13273, -6.30242], [-77.1323, -6.32255], [-77.14658, -6.35111], [-77.11548, -6.39921], [-77.09747, -6.38735], [-77.06567, -6.40766], [-77.05176, -6.40995], [-77.04371, -6.40268], [-77.00608, -6.4133], [-76.99064, -6.40762], [-76.98154, -6.38746], [-76.97164, -6.38322], [-76.95252, -6.39716], [-76.93449, -6.38431], [-76.9441, -6.35425], [-76.97181, -6.32252], [-76.95387, -6.28027], [-76.90071, -6.28775], [-76.88522, -6.26939], [-76.8671, -6.26461], [-76.83514, -6.28515], [-76.81533, -6.24432], [-76.81454, -6.21969], [-76.81679, -6.20315], [-76.82899, -6.20033], [-76.83115, -6.19078], [-76.83657, -6.11291], [-76.84756, -6.09959], [-76.87069, -6.09785], [-76.88417, -6.08099], [-76.87192, -6.07623], [-76.84708, -6.03072], [-76.81926, -6.03305], [-76.81189, -6.02458], [-76.78683, -6.02388], [-76.76081, -6.01001], [-76.75642, -5.99956], [-76.74555, -5.97556], [-76.74777, -5.95221], [-76.76463, -5.94662], [-76.77771, -5.89932], [-76.82065, -5.85787], [-76.82634, -5.81785], [-76.81633, -5.80757], [-76.82942, -5.77734], [-76.8246, -5.7573], [-76.84407, -5.74253], [-76.89454, -5.74623], [-76.93443, -5.71149], [-76.97291, -5.69895], [-76.99561, -5.66712], [-77.01393, -5.67075], [-77.04574, -5.66194], [-77.06214, -5.66761], [-77.10995, -5.64795], [-77.12691, -5.65099], [-77.13713, -5.64403], [-77.14235, -5.62544], [-77.16193, -5.62457], [-77.17867, -5.64142], [-77.20216, -5.63446], [-77.23194, -5.59546], [-77.2658, -5.61397], [-77.27991, -5.60108], [-77.33703, -5.60403], [-77.37182, -5.56711], [-77.40424, -5.57437], [-77.4106, -5.58975], [-77.43201, -5.58314], [-77.43734, -5.59244], [-77.46083, -5.58469], [-77.47275, -5.55479], [-77.49019, -5.56246], [-77.50737, -5.55266], [-77.49227, -5.5197], [-77.50043, -5.51534], [-77.51807, -5.46554], [-77.55812, -5.42558], [-77.57949, -5.45981], [-77.59481, -5.46422], [-77.60697, -5.44858], [-77.66001, -5.42474], [-77.67187, -5.40877], [-77.69596, -5.41105]]]}}, {"type": "Feature", "properties": {"admin2_pcode": "PE1103", "admin2_name": "Nasca", "admin1_name": "Ica"}, "geometry": {"type": "Polygon", "coordinates": [[[-74.7623, -15.09805], [-74.66804, -15.05286], [-74.66569, -14.9979], [-74.6463, -14.97789], [-74.65939, -14.97034], [-74.68533, -14.93015], [-74.66239, -14.90012], [-74.68107, -14.87308], [-74.67582, -14.86207], [-74.68096, -14.85428], [-74.69384, -14.83816], [-74.7208, -14.83673], [-74.73251, -14.84666], [-74.7334, -14.83792], [-74.74624, -14.84355], [-74.75458, -14.83529], [-74.7515, -14.82755], [-74.7144, -14.8178], [-74.74776, -14.8131], [-74.7647, -14.79046], [-74.75576, -14.78309], [-74.75269, -14.76404], [-74.73853, -14.75373], [-74.73434, -14.72979], [-74.7157, -14.70978], [-74.75081, -14.72939], [-74.77738, -14.72939], [-74.8027, -14.75215], [-74.8253, -14.73644], [-74.8311, -14.7183], [-74.84574, -14.70798], [-74.8378, -14.69579], [-74.84857, -14.67218], [-74.78817, -14.61556], [-74.85903, -14.60838], [-74.88396, -14.57622], [-74.87534, -14.55527], [-74.88425, -14.54548], [-74.90276, -14.54667], [-74.91339, -14.56562], [-74.94663, -14.58084], [-74.95892, -14.60645], [-74.97802, -14.60237], [-74.9962, -14.6119], [-75.01003, -14.60616], [-75.03176, -14.61066], [-75.05322, -14.62721], [-75.06287, -14.61207], [-75.06586, -14.57448], [-75.08009, -14.56901], [-75.0903, -14.58032], [-75.08331, -14.60898], [-75.09516, -14.62396], [-75.11656, -14.62787], [-75.13238, -14.64406], [-75.14221, -14.67884], [-75.15485, -14.67702], [-75.18558, -14.63689], [-75.2264, -14.6447], [-75.22655, -14.61464], [-75.2392, -14.59102], [-75.26975, -14.59274], [-75.33232, -14.61565], [-75.36211, -14.59847], [-75.36369, -14.58209], [-75.36935, -14.60148], [-75.36089, -14.62073], [-75.37187, -14.63753], [-75.39954, -14.6269], [-75.42649, -14.64135], [-75.41064, -14.68626], [-75.42644, -14.70717], [-75.43245, -14.75403], [-75.41473, -14.78174], [-75.44034, -14.89509], [-75.47371, -14.92326], [-75.49404, -14.92966], [-75.50314, -14.96238], [-75.48632, -14.97908], [-75.44269, -15.00059], [-75.43316, -15.02658], [-75.41357, -15.04312], [-75.40921, -15.06799], [-75.39479, -15.08067], [-75.38413, -15.11641], [-75.37134, -15.12815], [-75.37062, -15.15272], [-75.35792, -15.13995], [-75.34812, -15.14842], [-75.3495, -15.15833], [-75.33622, -15.14622], [-75.31557, -15.15041], [-75.27468, -15.16832], [-75.23137, -15.20395], [-75.21623, -15.2333], [-75.22281, -15.25638], [-75.26381, -15.25118], [-75.24865, -15.2553], [-75.22913, -15.28574], [-75.19593, -15.29115], [-75.16916, -15.30708], [-75.15135, -15.33511], [-75.15587, -15.35538], [-75.18628, -15.35442], [-75.19421, -15.36854], [-75.16151, -15.37813], [-75.15857, -15.39287], [-75.14468, -15.39381], [-75.1404, -15.40717], [-75.12219, -15.40586], [-75.09964, -15.42348], [-75.08191, -15.42401], [-75.07108, -15.43563], [-75.07333, -15.44294], [-75.04555, -15.43033], [-75.01849, -15.38241], [-75.01656, -15.3511], [-75.00388, -15.33023], [-74.9682, -15.29942], [-74.96364, -15.2539], [-74.92931, -15.1924], [-74.87375, -15.15184], [-74.85521, -15.15383], [-74.81305, -15.1379], [-74.7623, -15.09805]]]}}, {"type": "Feature", "properties": {"admin2_pcode": "PE0214", "admin2_name": "Ocros", "admin1_name": "Ancash"}, "geometry": {"type": "Polygon", "coordinates": [[[-77.17604, -10.4831], [-77.18932, -10.45793], [-77.17219, -10.44401], [-77.17438, -10.405], [-77.15821, -10.36192], [-77.19945, -10.33678], [-77.21713, -10.34042], [-77.22886, -10.33104], [-77.24122, -10.30502], [-77.23597, -10.29803], [-77.24376, -10.26717], [-77.2588, -10.25301], [-77.29074, -10.26871], [-77.30114, -10.28477], [-77.32712, -10.25622], [-77.3595, -10.29203], [-77.39915, -10.27205], [-77.41104, -10.27787], [-77.46252, -10.27566], [-77.46629, -10.29561], [-77.4782, -10.30719], [-77.48148, -10.34623], [-77.50018, -10.34779], [-77.50295, -10.35749], [-77.51633, -10.36353], [-77.52272, -10.3872], [-77.59937, -10.38333], [-77.63456, -10.41227], [-77.6453, -10.40866], [-77.66578, -10.42712], [-77.68674, -10.43402], [-77.68818, -10.45377], [-77.71241, -10.49165], [-77.71059, -10.50385], [-77.72064, -10.50303], [-77.74314, -10.52897], [-77.74479, -10.56078], [-77.73574, -10.56848], [-77.72756, -10.55271], [-77.71008, -10.56017], [-77.70882, -10.54806], [-77.694, -10.5395], [-77.66924, -10.54057], [-77.62474, -10.50203], [-77.60132, -10.5093], [-77.60092, -10.51877], [-77.61633, -10.52467], [-77.61458, -10.54639], [-77.63821, -10.56303], [-77.64534, -10.58286], [-77.63816, -10.6029], [-77.61951, -10.61425], [-77.61931, -10.60229], [-77.60494, -10.59013], [-77.58462, -10.58383], [-77.57425, -10.58841], [-77.57412, -10.61466], [-77.59058, -10.64556], [-77.57535, -10.65887], [-77.57454, -10.69431], [-77.56314, -10.70943], [-77.57844, -10.72272], [-77.59119, -10.78645], [-77.52395, -10.73498], [-77.48587, -10.74508], [-77.43614, -10.72364], [-77.41543, -10.72998], [-77.38566, -10.70779], [-77.40379, -10.69097], [-77.40226, -10.67755], [-77.38011, -10.63944], [-77.3673, -10.6383], [-77.3447, -10.60798], [-77.33835, -10.59605], [-77.32051, -10.58792], [-77.31063, -10.56769], [-77.29166, -10.55631], [-77.27185, -10.56111], [-77.26726, -10.55054], [-77.25187, -10.54524], [-77.22577, -10.54601], [-77.2093, -10.55539], [-77.19112, -10.55227], [-77.16731, -10.50814], [-77.17604, -10.4831]]]}}, {"type": "Feature", "properties": {"admin2_pcode": "PE1306", "admin2_name": "Otuzco", "admin1_name": "La Libertad"}, "geometry": {"type": "Polygon", "coordinates": [[[-78.37606, -7.63996], [-78.44161, -7.64061], [-78.44796, -7.62242], [-78.4721, -7.63651], [-78.4897, -7.63389], [-78.48705, -7.64003], [-78.45528, -7.65704], [-78.47954, -7.66828], [-78.49945, -7.6974], [-78.53308, -7.7206], [-78.55149, -7.7263], [-78.59643, -7.70347], [-78.60098, -7.73623], [-78.62732, -7.75129], [-78.66504, -7.79699], [-78.69741, -7.76027], [-78.71253, -7.70355], [-78.73094, -7.6886], [-78.74262, -7.68837], [-78.75047, -7.6734], [-78.76977, -7.66688], [-78.78211, -7.64695], [-78.80377, -7.63411], [-78.89544, -7.64489], [-78.89951, -7.67829], [-78.91229, -7.68608], [-78.9077, -7.70919], [-78.91427, -7.71906], [-78.90073, -7.7262], [-78.88786, -7.75232], [-78.89011, -7.77181], [-78.86307, -7.77426], [-78.85913, -7.78886], [-78.82136, -7.7871], [-78.81677, -7.79672], [-78.77407, -7.8015], [-78.78149, -7.81999], [-78.7679, -7.83332], [-78.7831, -7.86303], [-78.78022, -7.88362], [-78.72723, -7.88336], [-78.7368, -7.91051], [-78.73193, -7.92778], [-78.72015, -7.92721], [-78.6889, -7.94741], [-78.69434, -7.97282], [-78.68231, -7.99666], [-78.71645, -8.01684], [-78.70586, -8.03865], [-78.72011, -8.05002], [-78.72305, -8.09228], [-78.68399, -8.09091], [-78.68237, -8.09722], [-78.65207, -8.09112], [-78.63412, -8.09732], [-78.62526, -8.07616], [-78.60236, -8.06102], [-78.53848, -8.0851], [-78.53127, -8.07485], [-78.53312, -8.04267], [-78.51359, -8.0229], [-78.50056, -8.02661], [-78.46725, -7.99345], [-78.4306, -8.00027], [-78.40615, -7.9901], [-78.37859, -7.97636], [-78.36622, -7.95018], [-78.34628, -7.94721], [-78.32759, -7.93354], [-78.32047, -7.90595], [-78.30344, -7.89421], [-78.27272, -7.88778], [-78.2602, -7.89358], [-78.25301, -7.88653], [-78.25232, -7.83718], [-78.2729, -7.79723], [-78.26115, -7.75402], [-78.28162, -7.74677], [-78.28209, -7.7264], [-78.27554, -7.72117], [-78.28865, -7.70704], [-78.30448, -7.69588], [-78.31235, -7.70287], [-78.33032, -7.69952], [-78.35786, -7.67288], [-78.36024, -7.64489], [-78.37606, -7.63996]]]}}, {"type": "Feature", "properties": {"admin2_pcode": "PE1903", "admin2_name": "Oxapampa", "admin1_name": "Pasco"}, "geometry": {"type": "Polygon", "coordinates": [[[-74.67596, -9.44691], [-74.69478, -9.44767], [-74.72882, -9.47241], [-74.74135, -9.51624], [-74.75052, -9.52461], [-74.73559, -9.57445], [-74.75585, -9.58405], [-74.75574, -9.60654], [-74.77249, -9.61238], [-74.76481, -9.63572], [-74.78748, -9.66577], [-74.82188, -9.67719], [-74.81775, -9.69126], [-74.82877, -9.70396], [-74.81684, -9.73643], [-74.8438, -9.74915], [-74.8393, -9.76493], [-74.84707, -9.78048], [-74.84252, -9.78746], [-74.82137, -9.78492], [-74.8156, -9.79543], [-74.82615, -9.81969], [-74.83624, -9.82005], [-74.8304, -9.83381], [-74.83599, -9.8478], [-74.85946, -9.84452], [-74.88235, -9.81974], [-74.90339, -9.83889], [-74.95162, -9.85991], [-74.98555, -9.86406], [-74.99362, -9.8398], [-75.05779, -9.81892], [-75.09447, -9.84448], [-75.16012, -9.83997], [-75.25465, -9.779], [-75.30977, -9.77439], [-75.27922, -9.83824], [-75.27574, -9.85207], [-75.28241, -9.86473], [-75.32122, -9.87691], [-75.36936, -9.87083], [-75.3996, -9.87846], [-75.41118, -9.88843], [-75.4096, -9.90201], [-75.39555, -9.91278], [-75.40478, -9.93021], [-75.42144, -9.94344], [-75.44174, -9.93626], [-75.44955, -9.94155], [-75.4537, -9.95577], [-75.46231, -9.95728], [-75.46778, -9.98906], [-75.50858, -9.97692], [-75.54838, -9.98441], [-75.56038, -9.96414], [-75.59227, -9.95196], [-75.60208, -10.02477], [-75.64518, -10.02693], [-75.67647, -10.05428], [-75.6914, -10.09226], [-75.68991, -10.11888], [-75.70386, -10.1419], [-75.70073, -10.19734], [-75.70943, -10.21507], [-75.72868, -10.23277], [-75.75953, -10.23768], [-75.78477, -10.25216], [-75.81215, -10.24409], [-75.82668, -10.24807], [-75.84274, -10.26193], [-75.84895, -10.29075], [-75.85973, -10.30284], [-75.85537, -10.40593], [-75.85894, -10.44155], [-75.8699, -10.45537], [-75.85222, -10.4437], [-75.81916, -10.43965], [-75.80822, -10.45738], [-75.79799, -10.43744], [-75.77821, -10.44141], [-75.75876, -10.43282], [-75.74525, -10.44029], [-75.72619, -10.42926], [-75.6691, -10.45754], [-75.66488, -10.47258], [-75.67654, -10.51843], [-75.66098, -10.55225], [-75.67074, -10.56631], [-75.66701, -10.57844], [-75.67934, -10.61017], [-75.65242, -10.6307], [-75.64005, -10.62987], [-75.63425, -10.62006], [-75.62033, -10.62827], [-75.61237, -10.62056], [-75.60112, -10.63165], [-75.59436, -10.6284], [-75.58118, -10.64915], [-75.55685, -10.63705], [-75.53952, -10.64106], [-75.53843, -10.65973], [-75.54852, -10.67315], [-75.51138, -10.68455], [-75.51688, -10.72853], [-75.53142, -10.7433], [-75.52281, -10.75377], [-75.49025, -10.75683], [-75.47637, -10.7812], [-75.46079, -10.74977], [-75.43591, -10.74746], [-75.39502, -10.75902], [-75.38689, -10.80029], [-75.39076, -10.83226], [-75.40934, -10.84521], [-75.41072, -10.8617], [-75.39629, -10.85323], [-75.38573, -10.86494], [-75.36274, -10.85011], [-75.35473, -10.82854], [-75.36189, -10.81917], [-75.34542, -10.79949], [-75.30427, -10.83824], [-75.28308, -10.84103], [-75.24796, -10.8031], [-75.2439, -10.76388], [-75.20418, -10.76468], [-75.18995, -10.7804], [-75.1747, -10.74544], [-75.15708, -10.76198], [-75.14233, -10.74125], [-75.10964, -10.72399], [-75.08845, -10.68354], [-75.07162, -10.67785], [-75.07432, -10.66581], [-75.06507, -10.65289], [-75.03564, -10.68232], [-75.0207, -10.67369], [-75.01173, -10.67953], [-75.00649, -10.7188], [-74.98734, -10.73416], [-74.98282, -10.74979], [-74.95648, -10.73282], [-74.93829, -10.7496], [-74.91801, -10.75513], [-74.91328, -10.74839], [-74.88524, -10.7706], [-74.86594, -10.75897], [-74.88754, -10.71074], [-74.87816, -10.7007], [-74.85114, -10.73297], [-74.83131, -10.78054], [-74.79483, -10.82987], [-74.76036, -10.82514], [-74.73431, -10.83333], [-74.70795, -10.85816], [-74.70017, -10.87789], [-74.68135, -10.88916], [-74.67918, -10.87907], [-74.64435, -10.86738], [-74.6141, -10.90463], [-74.56996, -10.91521], [-74.56923, -10.90404], [-74.548, -10.891], [-74.50671, -10.89952], [-74.48708, -10.88903], [-74.48454, -10.85587], [-74.49193, -10.84461], [-74.48268, -10.83539], [-74.4673, -10.83666], [-74.43106, -10.81296], [-74.38676, -10.81312], [-74.3744, -10.78857], [-74.38521, -10.76448], [-74.3839, -10.74748], [-74.35972, -10.75941], [-74.3503, -10.75473], [-74.33702, -10.73386], [-74.31644, -10.72593], [-74.31716, -10.7155], [-74.28757, -10.68431], [-74.28688, -10.67041], [-74.25892, -10.68043], [-74.25281, -10.65948], [-74.22758, -10.65184], [-74.22966, -10.6346], [-74.20368, -10.63014], [-74.19276, -10.63918], [-74.15986, -10.64059], [-74.15672, -10.6501], [-74.14045, -10.65677], [-74.13622, -10.67169], [-74.13126, -10.65666], [-74.1394, -10.6252], [-74.1341, -10.59911], [-74.18235, -10.50333], [-74.17872, -10.48865], [-74.22577, -10.44387], [-74.23929, -10.44119], [-74.25288, -10.41714], [-74.24424, -10.41045], [-74.242, -10.38317], [-74.26274, -10.36366], [-74.23691, -10.32161], [-74.25219, -10.30513], [-74.23437, -10.29544], [-74.22716, -10.27733], [-74.2264, -10.2305], [-74.23517, -10.21826], [-74.22752, -10.19394], [-74.24325, -10.17747], [-74.30287, -10.16484], [-74.31502, -10.11316], [-74.33127, -10.10855], [-74.35565, -10.11877], [-74.37039, -10.10974], [-74.3899, -10.05135], [-74.40432, -10.0506], [-74.41883, -10.02575], [-74.4124, -10.00824], [-74.42459, -9.98533], [-74.41233, -9.95396], [-74.41483, -9.90123], [-74.43541, -9.8736], [-74.4533, -9.86364], [-74.44724, -9.77715], [-74.45536, -9.74598], [-74.47409, -9.73012], [-74.49014, -9.6852], [-74.49464, -9.65615], [-74.48947, -9.65196], [-74.49729, -9.6376], [-74.49073, -9.61878], [-74.49383, -9.59222], [-74.53165, -9.5921], [-74.57485, -9.57272], [-74.57445, -9.54578], [-74.59349, -9.50736], [-74.58318, -9.49844], [-74.58109, -9.4766], [-74.67596, -9.44691]]]}}, {"type": "Feature", "properties": {"admin2_pcode": "PE1509", "admin2_name": "Oyon", "admin1_name": "Lima"}, "geometry": {"type": "Polygon", "coordinates": [[[-76.7999, -10.41913], [-76.82903, -10.43006], [-76.82276, -10.48314], [-76.84064, -10.47358], [-76.8572, -10.49336], [-76.85456, -10.54748], [-76.86598, -10.55791], [-76.85838, -10.56419], [-76.86503, -10.5845], [-76.85948, -10.59721], [-76.87844, -10.65557], [-76.88977, -10.65345], [-76.89563, -10.66628], [-76.91038, -10.66802], [-76.94989, -10.698], [-76.97361, -10.68222], [-76.99345, -10.68076], [-77.01097, -10.69599], [-77.01085, -10.70527], [-77.0234, -10.70615], [-77.04017, -10.73655], [-77.08074, -10.74392], [-77.08606, -10.75354], [-77.1212, -10.75062], [-77.15331, -10.76154], [-77.17759, -10.77906], [-77.18803, -10.80292], [-77.17351, -10.80863], [-77.15597, -10.85502], [-77.16488, -10.87266], [-77.16804, -10.91854], [-77.19421, -10.93002], [-77.19566, -10.95494], [-77.18038, -10.96119], [-77.1706, -10.99111], [-77.13884, -11.01123], [-77.12462, -11.00841], [-77.11842, -10.99797], [-77.07941, -11.0144], [-77.02725, -10.93229], [-77.01025, -10.9143], [-76.9926, -10.90969], [-76.96241, -10.86163], [-76.92423, -10.85255], [-76.91508, -10.85985], [-76.90212, -10.84554], [-76.88976, -10.84381], [-76.79091, -10.92459], [-76.74391, -10.93526], [-76.73236, -10.91242], [-76.69761, -10.88043], [-76.65421, -10.88198], [-76.58821, -10.84505], [-76.60158, -10.81587], [-76.61523, -10.81673], [-76.62654, -10.79972], [-76.6336, -10.78393], [-76.62785, -10.76596], [-76.64224, -10.7464], [-76.65943, -10.68793], [-76.67067, -10.67872], [-76.65566, -10.64678], [-76.67557, -10.62137], [-76.6727, -10.60989], [-76.68586, -10.58146], [-76.70372, -10.58859], [-76.71019, -10.54074], [-76.73024, -10.5084], [-76.72915, -10.47907], [-76.73962, -10.46706], [-76.77235, -10.46415], [-76.78739, -10.43865], [-76.79985, -10.43956], [-76.7999, -10.41913]]]}}, {"type": "Feature", "properties": {"admin2_pcode": "PE1307", "admin2_name": "Pacasmayo", "admin1_name": "La Libertad"}, "geometry": {"type": "Polygon", "coordinates": [[[-79.36928, -7.32412], [-79.40397, -7.30235], [-79.42477, -7.25472], [-79.46216, -7.22368], [-79.47168, -7.2302], [-79.4885, -7.22129], [-79.48581, -7.23018], [-79.50082, -7.23392], [-79.50916, -7.25879], [-79.54136, -7.246], [-79.55665, -7.28768], [-79.59972, -7.28575], [-79.58762, -7.31838], [-79.58854, -7.35093], [-79.56954, -7.38999], [-79.58864, -7.4149], [-79.57661, -7.46151], [-79.45576, -7.63664], [-79.38559, -7.59765], [-79.35844, -7.55909], [-79.33602, -7.58228], [-79.3292, -7.57459], [-79.31877, -7.58373], [-79.31059, -7.57833], [-79.30037, -7.54976], [-79.29172, -7.54547], [-79.29606, -7.51295], [-79.26178, -7.50471], [-79.26783, -7.48972], [-79.25377, -7.46267], [-79.23906, -7.45842], [-79.24168, -7.45005], [-79.21177, -7.42207], [-79.20724, -7.40173], [-79.18734, -7.38872], [-79.1865, -7.37735], [-79.1968, -7.3729], [-79.23087, -7.39095], [-79.2457, -7.38671], [-79.27428, -7.36603], [-79.28225, -7.34907], [-79.3158, -7.35955], [-79.36928, -7.32412]]]}}, {"type": "Feature", "properties": {"admin2_pcode": "PE1008", "admin2_name": "Pachitea", "admin1_name": "Huanuco"}, "geometry": {"type": "Polygon", "coordinates": [[[-75.71388, -9.6125], [-75.72976, -9.61501], [-75.7493, -9.5912], [-75.7537, -9.54851], [-75.77553, -9.52321], [-75.77759, -9.49093], [-75.79192, -9.46292], [-75.78475, -9.40697], [-75.80294, -9.39389], [-75.81575, -9.39254], [-75.85237, -9.4263], [-75.8841, -9.42575], [-75.94664, -9.49703], [-75.92957, -9.51313], [-75.91267, -9.56745], [-75.8401, -9.65077], [-75.85221, -9.6834], [-75.816, -9.71335], [-75.80501, -9.73193], [-75.80923, -9.76729], [-75.79582, -9.81379], [-75.82466, -9.8314], [-75.87379, -9.79308], [-75.89223, -9.79103], [-75.92567, -9.7949], [-75.96369, -9.81462], [-76.04756, -9.82424], [-76.06193, -9.81951], [-76.08681, -9.88132], [-76.12324, -9.88862], [-76.11721, -9.9031], [-76.12454, -9.92539], [-76.11621, -9.95226], [-76.13621, -9.98628], [-76.13563, -10.00183], [-76.12403, -10.0146], [-76.12728, -10.03658], [-76.11734, -10.04971], [-76.12396, -10.07102], [-76.08853, -10.07879], [-76.07377, -10.08637], [-76.0724, -10.09485], [-76.04844, -10.0961], [-76.04085, -10.10485], [-76.0647, -10.13241], [-76.05476, -10.14029], [-76.05337, -10.15811], [-76.06736, -10.19521], [-76.05481, -10.20454], [-76.05959, -10.21795], [-76.04253, -10.22858], [-76.03495, -10.25832], [-76.05001, -10.26911], [-76.04657, -10.30672], [-76.0662, -10.31664], [-76.04227, -10.33043], [-76.03788, -10.34608], [-76.04128, -10.37365], [-76.03321, -10.38409], [-76.04012, -10.39597], [-76.02897, -10.40598], [-76.02579, -10.42557], [-76.03236, -10.43164], [-76.03167, -10.45593], [-76.02589, -10.46763], [-76.01069, -10.4554], [-76.00299, -10.48887], [-75.97581, -10.47934], [-75.92505, -10.40656], [-75.93454, -10.37498], [-75.92494, -10.35672], [-75.89354, -10.32428], [-75.85973, -10.30284], [-75.84895, -10.29075], [-75.84274, -10.26193], [-75.82668, -10.24807], [-75.81215, -10.24409], [-75.78477, -10.25216], [-75.75953, -10.23768], [-75.72868, -10.23277], [-75.70943, -10.21507], [-75.70073, -10.19734], [-75.70386, -10.1419], [-75.68991, -10.11888], [-75.6914, -10.09226], [-75.67647, -10.05428], [-75.64518, -10.02693], [-75.60208, -10.02477], [-75.59227, -9.95196], [-75.5953, -9.94434], [-75.62438, -9.94105], [-75.64922, -9.94823], [-75.67275, -9.94015], [-75.68535, -9.91747], [-75.7093, -9.9158], [-75.74024, -9.8839], [-75.75305, -9.8831], [-75.76143, -9.85435], [-75.75183, -9.81272], [-75.73557, -9.80241], [-75.71795, -9.80397], [-75.71411, -9.79048], [-75.72454, -9.74], [-75.71147, -9.69077], [-75.71388, -9.6125]]]}}, {"type": "Feature", "properties": {"admin2_pcode": "PE2503", "admin2_name": "Padre Abad", "admin1_name": "Ucayali"}, "geometry": {"type": "Polygon", "coordinates": [[[-74.95447, -8.86357], [-74.96587, -8.80848], [-74.94634, -8.77983], [-74.94151, -8.72165], [-74.9668, -8.6658], [-74.95148, -8.6094], [-74.93918, -8.5923], [-74.96011, -8.56601], [-74.97742, -8.52324], [-74.99907, -8.50547], [-75.00506, -8.47802], [-75.01206, -8.47444], [-75.00899, -8.46128], [-75.01737, -8.45673], [-75.01372, -8.44918], [-75.02502, -8.44263], [-75.02983, -8.41633], [-75.01247, -8.40684], [-75.01621, -8.3929], [-75.00387, -8.38299], [-75.02664, -8.36286], [-75.04036, -8.31256], [-75.07206, -8.27813], [-75.11035, -8.26555], [-75.12992, -8.26548], [-75.13196, -8.27324], [-75.15089, -8.26478], [-75.17263, -8.26707], [-75.18428, -8.25727], [-75.20303, -8.25727], [-75.21777, -8.24012], [-75.24173, -8.24267], [-75.27178, -8.26355], [-75.37597, -8.24506], [-75.39108, -8.23615], [-75.41573, -8.24366], [-75.45297, -8.21007], [-75.47168, -8.25257], [-75.50155, -8.28616], [-75.49098, -8.31616], [-75.4944, -8.32933], [-75.51005, -8.33482], [-75.49882, -8.34589], [-75.48267, -8.34548], [-75.47718, -8.38637], [-75.41887, -8.45084], [-75.45759, -8.4498], [-75.477, -8.43537], [-75.51084, -8.43204], [-75.52727, -8.43997], [-75.54642, -8.43239], [-75.57229, -8.44458], [-75.58346, -8.44119], [-75.59775, -8.41295], [-75.6184, -8.40829], [-75.64512, -8.40889], [-75.68731, -8.42329], [-75.70717, -8.44374], [-75.71646, -8.48689], [-75.76069, -8.48739], [-75.77013, -8.49809], [-75.78455, -8.49433], [-75.78337, -8.50524], [-75.79922, -8.51216], [-75.78216, -8.52544], [-75.77826, -8.54641], [-75.79507, -8.59299], [-75.81772, -8.61726], [-75.8168, -8.63602], [-75.83367, -8.65216], [-75.85349, -8.64916], [-75.89132, -8.66022], [-75.90085, -8.67771], [-75.91136, -8.67866], [-75.94601, -8.71519], [-75.92164, -8.78081], [-75.9276, -8.84609], [-75.91051, -8.89632], [-75.90127, -8.89815], [-75.90312, -8.9155], [-75.88377, -8.97273], [-75.8945, -8.98371], [-75.89074, -9.00481], [-75.86004, -9.05006], [-75.83788, -9.06194], [-75.83787, -9.08489], [-75.82502, -9.09005], [-75.82152, -9.11897], [-75.80245, -9.15178], [-75.79613, -9.20267], [-75.77507, -9.21973], [-75.76379, -9.2171], [-75.76396, -9.23785], [-75.72024, -9.27723], [-75.70569, -9.33627], [-75.68862, -9.34937], [-75.69501, -9.36393], [-75.67113, -9.38587], [-75.67045, -9.41794], [-75.62918, -9.41086], [-75.61666, -9.41408], [-75.60943, -9.40624], [-75.60066, -9.41381], [-75.4926, -9.37638], [-75.45625, -9.325], [-75.45197, -9.29634], [-75.41849, -9.29261], [-75.37215, -9.31023], [-75.34949, -9.30454], [-75.33406, -9.28876], [-75.31393, -9.30209], [-75.30429, -9.29702], [-75.27227, -9.26804], [-75.27192, -9.23342], [-75.25669, -9.23248], [-75.2422, -9.22093], [-75.22091, -9.18008], [-75.21193, -9.17643], [-75.21648, -9.15508], [-75.22875, -9.1477], [-75.24131, -9.1011], [-75.20646, -9.10134], [-75.2049, -9.08029], [-75.19467, -9.07313], [-75.20121, -9.06384], [-75.1624, -9.03395], [-75.17571, -9.02473], [-75.17386, -9.01158], [-75.15681, -9.01031], [-75.15435, -8.99913], [-75.13921, -8.9995], [-75.13756, -8.98836], [-75.11976, -8.98356], [-75.12011, -8.9607], [-75.13485, -8.94597], [-75.10841, -8.92229], [-75.11943, -8.90718], [-75.12259, -8.88095], [-75.07325, -8.8731], [-75.06471, -8.88228], [-75.0224, -8.85853], [-74.98876, -8.8715], [-74.95447, -8.86357]]]}}, {"type": "Feature", "properties": {"admin2_pcode": "PE2005", "admin2_name": "Paita", "admin1_name": "Piura"}, "geometry": {"type": "Polygon", "coordinates": [[[-80.85955, -5.28064], [-80.84816, -5.09313], [-80.85081, -4.95071], [-80.82858, -4.94036], [-80.82424, -4.9193], [-80.83314, -4.90189], [-80.85362, -4.90929], [-80.85766, -4.89592], [-80.93354, -4.88869], [-80.93806, -4.86719], [-80.95376, -4.86319], [-80.94037, -4.8463], [-80.93193, -4.80492], [-80.96826, -4.77179], [-81.21055, -4.8164], [-81.14045, -4.90981], [-81.08651, -4.96706], [-81.06029, -5.03401], [-81.06254, -5.05027], [-81.09067, -5.08174], [-81.1122, -5.08418], [-81.13239, -5.06971], [-81.1488, -5.07936], [-81.15998, -5.07275], [-81.16784, -5.08097], [-81.16047, -5.12341], [-81.17962, -5.13294], [-81.16736, -5.16712], [-81.1733, -5.18399], [-81.189, -5.19404], [-81.19279, -5.21695], [-81.13812, -5.26362], [-81.10777, -5.31524], [-81.09184, -5.30837], [-81.07817, -5.31321], [-80.99395, -5.38846], [-80.9722, -5.3526], [-80.96108, -5.35045], [-80.96169, -5.31018], [-80.99532, -5.27669], [-81.01714, -5.26654], [-81.01986, -5.23627], [-80.99813, -5.23087], [-80.97061, -5.24134], [-80.93767, -5.23782], [-80.90623, -5.26199], [-80.85955, -5.28064]]]}}, {"type": "Feature", "properties": {"admin2_pcode": "PE0215", "admin2_name": "Pallasca", "admin1_name": "Ancash"}, "geometry": {"type": "Polygon", "coordinates": [[[-77.56581, -8.23721], [-77.57527, -8.23006], [-77.57329, -8.21245], [-77.55692, -8.19425], [-77.57567, -8.168], [-77.60539, -8.15521], [-77.60214, -8.13594], [-77.61659, -8.13124], [-77.63666, -8.10859], [-77.61875, -8.07983], [-77.64386, -8.06662], [-77.64737, -8.04971], [-77.75127, -8.07744], [-77.78578, -8.0792], [-77.81044, -8.06773], [-77.84965, -8.07534], [-77.86791, -8.05589], [-77.89694, -8.06323], [-77.93321, -8.19701], [-78.01863, -8.22432], [-78.0368, -8.25595], [-78.08198, -8.28109], [-78.10223, -8.30538], [-78.11943, -8.31365], [-78.10839, -8.33811], [-78.1375, -8.36867], [-78.13927, -8.42715], [-78.15739, -8.47885], [-78.17366, -8.50354], [-78.18787, -8.5081], [-78.2026, -8.52607], [-78.21688, -8.55692], [-78.20165, -8.57418], [-78.19362, -8.59968], [-78.20051, -8.62251], [-78.23558, -8.65292], [-78.21606, -8.66261], [-78.20407, -8.66001], [-78.19446, -8.68792], [-78.1838, -8.69427], [-78.16371, -8.69447], [-78.15186, -8.66962], [-78.13429, -8.67333], [-78.1058, -8.65982], [-78.13049, -8.61714], [-78.12178, -8.59621], [-78.09577, -8.59712], [-78.07852, -8.57962], [-78.07774, -8.56887], [-78.05182, -8.56356], [-78.02944, -8.5421], [-77.99185, -8.53169], [-77.98281, -8.51184], [-77.96832, -8.50408], [-77.97594, -8.47577], [-77.94896, -8.48083], [-77.93392, -8.44929], [-77.91631, -8.45798], [-77.89753, -8.44057], [-77.88121, -8.44046], [-77.87645, -8.39775], [-77.86073, -8.39337], [-77.85283, -8.40326], [-77.79886, -8.38119], [-77.74416, -8.36265], [-77.73697, -8.34621], [-77.71946, -8.33931], [-77.72315, -8.3309], [-77.70321, -8.3076], [-77.65974, -8.30804], [-77.63488, -8.26877], [-77.57588, -8.26032], [-77.56581, -8.23721]]]}}, {"type": "Feature", "properties": {"admin2_pcode": "PE1104", "admin2_name": "Palpa", "admin1_name": "Ica"}, "geometry": {"type": "Polygon", "coordinates": [[[-75.05905, -14.12962], [-75.06353, -14.08841], [-75.0696, -14.07985], [-75.0885, -14.08157], [-75.10884, -14.03288], [-75.16568, -14.07253], [-75.18659, -14.05411], [-75.21055, -14.05044], [-75.23978, -14.08342], [-75.2244, -14.0994], [-75.22617, -14.12641], [-75.24304, -14.15243], [-75.22948, -14.17811], [-75.23713, -14.21344], [-75.22938, -14.23179], [-75.23788, -14.3426], [-75.21795, -14.35378], [-75.22792, -14.39541], [-75.24973, -14.42831], [-75.24554, -14.44082], [-75.30125, -14.47254], [-75.31914, -14.53529], [-75.36097, -14.56665], [-75.36369, -14.58209], [-75.36211, -14.59847], [-75.33232, -14.61565], [-75.26975, -14.59274], [-75.2392, -14.59102], [-75.22655, -14.61464], [-75.2264, -14.6447], [-75.18558, -14.63689], [-75.15485, -14.67702], [-75.14221, -14.67884], [-75.13238, -14.64406], [-75.11656, -14.62787], [-75.09516, -14.62396], [-75.08331, -14.60898], [-75.0903, -14.58032], [-75.08009, -14.56901], [-75.08082, -14.55143], [-75.06714, -14.52857], [-75.08668, -14.53021], [-75.09814, -14.4851], [-75.06846, -14.45836], [-75.07019, -14.44916], [-75.05299, -14.43115], [-75.08897, -14.42641], [-75.10584, -14.43404], [-75.12194, -14.42728], [-75.11914, -14.42113], [-75.13983, -14.41591], [-75.10509, -14.35878], [-75.10791, -14.34702], [-75.09393, -14.31242], [-75.08221, -14.29728], [-75.0497, -14.28654], [-75.0322, -14.26568], [-75.03951, -14.25417], [-75.06604, -14.25161], [-75.07367, -14.23561], [-75.08912, -14.22799], [-75.07638, -14.16591], [-75.05905, -14.12962]]]}}, {"type": "Feature", "properties": {"admin2_pcode": "PE0507", "admin2_name": "Parinacochas", "admin1_name": "Ayacucho"}, "geometry": {"type": "Polygon", "coordinates": [[[-73.50701, -14.54431], [-73.52075, -14.53355], [-73.52284, -14.51379], [-73.53246, -14.50724], [-73.56446, -14.52089], [-73.58722, -14.54895], [-73.60589, -14.54226], [-73.6359, -14.59221], [-73.69067, -14.62942], [-73.72079, -14.64245], [-73.75557, -14.63605], [-73.75541, -14.64752], [-73.76293, -14.65076], [-73.78113, -14.6383], [-73.79344, -14.64587], [-73.81113, -14.63849], [-73.82243, -14.64624], [-73.82704, -14.65889], [-73.82108, -14.67784], [-73.83658, -14.71106], [-73.82572, -14.72592], [-73.85611, -14.76506], [-73.87057, -14.76715], [-73.87079, -14.80014], [-73.89355, -14.81086], [-73.9003, -14.84349], [-73.8974, -14.85747], [-73.87903, -14.87591], [-73.87925, -14.89271], [-73.85918, -14.90182], [-73.85624, -14.91314], [-73.84246, -14.92114], [-73.84099, -14.95131], [-73.81343, -14.97721], [-73.81797, -14.99285], [-73.79596, -15.06545], [-73.7985, -15.08093], [-73.83055, -15.10481], [-73.84071, -15.13305], [-73.90483, -15.12855], [-73.96824, -15.14605], [-73.99842, -15.16095], [-74.07931, -15.23255], [-74.1109, -15.23963], [-74.17632, -15.22292], [-74.1962, -15.23686], [-74.22417, -15.23605], [-74.20804, -15.29207], [-74.19136, -15.31522], [-74.20115, -15.32105], [-74.2129, -15.3526], [-74.25718, -15.40329], [-74.2447, -15.43651], [-74.24118, -15.48104], [-74.19374, -15.49166], [-74.16647, -15.48396], [-74.14844, -15.44938], [-74.15392, -15.44619], [-74.15047, -15.42758], [-74.11501, -15.41157], [-74.09452, -15.392], [-74.06543, -15.40219], [-74.03729, -15.45548], [-74.04342, -15.49104], [-74.07344, -15.50192], [-74.07919, -15.51572], [-74.06728, -15.53929], [-74.07655, -15.55222], [-74.08474, -15.61891], [-74.06342, -15.62962], [-74.01966, -15.59985], [-74.01028, -15.5594], [-73.96922, -15.53294], [-73.9403, -15.48339], [-73.91251, -15.45625], [-73.87212, -15.43298], [-73.86971, -15.40025], [-73.87708, -15.38916], [-73.87082, -15.37991], [-73.88408, -15.33746], [-73.86565, -15.32416], [-73.80593, -15.32445], [-73.79306, -15.33976], [-73.77634, -15.33874], [-73.77932, -15.3464], [-73.75887, -15.38527], [-73.68583, -15.43766], [-73.65304, -15.41653], [-73.61286, -15.41923], [-73.59411, -15.4037], [-73.55593, -15.40822], [-73.52957, -15.39205], [-73.47811, -15.37962], [-73.4411, -15.35572], [-73.44854, -15.3189], [-73.50339, -15.2716], [-73.52166, -15.23735], [-73.52083, -15.22356], [-73.53703, -15.21561], [-73.53761, -15.188], [-73.55497, -15.15476], [-73.54428, -15.12847], [-73.55265, -15.12445], [-73.55238, -15.11302], [-73.53607, -15.08123], [-73.54548, -15.05581], [-73.4856, -15.06058], [-73.46249, -15.03821], [-73.44807, -15.06139], [-73.42038, -15.06488], [-73.38098, -15.04331], [-73.34427, -15.03728], [-73.33164, -15.02962], [-73.34201, -15.00316], [-73.31343, -14.98671], [-73.26387, -14.97605], [-73.27259, -14.95079], [-73.25618, -14.92953], [-73.26561, -14.91192], [-73.255, -14.89975], [-73.21063, -14.91063], [-73.19753, -14.92349], [-73.19149, -14.91018], [-73.16164, -14.91119], [-73.1519, -14.89951], [-73.13769, -14.89736], [-73.11671, -14.87252], [-73.1292, -14.85605], [-73.11923, -14.84306], [-73.09615, -14.84404], [-73.07176, -14.82595], [-73.05425, -14.82731], [-73.03333, -14.84993], [-73.01421, -14.85571], [-73.00382, -14.83958], [-73.00278, -14.81499], [-72.99232, -14.80374], [-72.97932, -14.80613], [-72.93083, -14.75851], [-72.88535, -14.77223], [-72.87241, -14.76147], [-72.84682, -14.75982], [-72.86688, -14.70831], [-72.91036, -14.69758], [-72.91781, -14.68526], [-72.93573, -14.69527], [-72.95531, -14.68268], [-72.97456, -14.65182], [-72.99849, -14.66247], [-73.0174, -14.63071], [-73.04265, -14.62308], [-73.04218, -14.65599], [-73.06312, -14.6658], [-73.09806, -14.65077], [-73.11005, -14.66992], [-73.10464, -14.68299], [-73.10986, -14.6923], [-73.15324, -14.67435], [-73.17843, -14.68568], [-73.19041, -14.70577], [-73.21827, -14.70161], [-73.22853, -14.71001], [-73.26362, -14.70979], [-73.28424, -14.7341], [-73.30857, -14.71651], [-73.32833, -14.71736], [-73.35081, -14.70403], [-73.36437, -14.68165], [-73.3904, -14.71606], [-73.40681, -14.76892], [-73.43992, -14.78695], [-73.45382, -14.80491], [-73.46448, -14.83983], [-73.48456, -14.8427], [-73.5145, -14.82553], [-73.52857, -14.80135], [-73.54957, -14.80143], [-73.56528, -14.77583], [-73.5629, -14.73934], [-73.57714, -14.71443], [-73.5711, -14.68727], [-73.52308, -14.67305], [-73.51006, -14.6501], [-73.53359, -14.58408], [-73.51228, -14.56586], [-73.50701, -14.54431]]]}}, {"type": "Feature", "properties": {"admin2_pcode": "PE0810", "admin2_name": "Paruro", "admin1_name": "Cusco"}, "geometry": {"type": "Polygon", "coordinates": [[[-71.84316, -13.63079], [-71.86367, -13.61458], [-71.91564, -13.59363], [-71.9284, -13.61544], [-71.94211, -13.61197], [-71.95047, -13.6182], [-71.96577, -13.60925], [-72.0221, -13.61344], [-72.04548, -13.63838], [-72.0715, -13.64747], [-72.10046, -13.64567], [-72.11468, -13.6284], [-72.13221, -13.6393], [-72.16724, -13.64904], [-72.22867, -13.71406], [-72.23188, -13.72172], [-72.20637, -13.72807], [-72.1894, -13.74535], [-72.16591, -13.74764], [-72.14755, -13.77924], [-72.13173, -13.78695], [-72.09172, -13.88446], [-72.08132, -13.88913], [-72.07783, -13.90673], [-72.05568, -13.93485], [-72.01662, -13.94822], [-71.98548, -13.94684], [-71.96804, -13.96034], [-71.95893, -13.97735], [-71.96514, -13.98678], [-71.95789, -13.99299], [-71.9382, -13.97943], [-71.94359, -14.00631], [-71.91041, -14.05766], [-71.91123, -14.0917], [-71.90325, -14.10832], [-71.90824, -14.11923], [-71.90189, -14.13691], [-71.91726, -14.155], [-71.90477, -14.16093], [-71.88597, -14.19371], [-71.86611, -14.20432], [-71.8102, -14.20007], [-71.80204, -14.17971], [-71.76372, -14.19242], [-71.74071, -14.24001], [-71.74031, -14.25378], [-71.75973, -14.25966], [-71.74493, -14.27535], [-71.73038, -14.26567], [-71.69266, -14.27873], [-71.67966, -14.26492], [-71.68768, -14.24082], [-71.67343, -14.19623], [-71.68234, -14.14604], [-71.70067, -14.12629], [-71.69971, -14.11629], [-71.71848, -14.05927], [-71.7287, -13.9765], [-71.77697, -13.93973], [-71.77985, -13.90657], [-71.80914, -13.89452], [-71.80797, -13.87137], [-71.79892, -13.86799], [-71.80718, -13.82814], [-71.83444, -13.81142], [-71.82959, -13.78001], [-71.78976, -13.69836], [-71.82688, -13.6727], [-71.84316, -13.63079]]]}}, {"type": "Feature", "properties": {"admin2_pcode": "PE1901", "admin2_name": "Pasco", "admin1_name": "Pasco"}, "geometry": {"type": "Polygon", "coordinates": [[[-75.53142, -10.7433], [-75.51688, -10.72853], [-75.51138, -10.68455], [-75.54852, -10.67315], [-75.53843, -10.65973], [-75.53952, -10.64106], [-75.55685, -10.63705], [-75.58118, -10.64915], [-75.59436, -10.6284], [-75.60112, -10.63165], [-75.61237, -10.62056], [-75.62033, -10.62827], [-75.63425, -10.62006], [-75.64005, -10.62987], [-75.65242, -10.6307], [-75.67934, -10.61017], [-75.66701, -10.57844], [-75.67074, -10.56631], [-75.66098, -10.55225], [-75.67654, -10.51843], [-75.66488, -10.47258], [-75.6691, -10.45754], [-75.72619, -10.42926], [-75.74525, -10.44029], [-75.75876, -10.43282], [-75.77821, -10.44141], [-75.79799, -10.43744], [-75.80822, -10.45738], [-75.81916, -10.43965], [-75.85222, -10.4437], [-75.8699, -10.45537], [-75.85894, -10.44155], [-75.85537, -10.40593], [-75.85973, -10.30284], [-75.89354, -10.32428], [-75.92494, -10.35672], [-75.93454, -10.37498], [-75.92505, -10.40656], [-75.97581, -10.47934], [-76.00299, -10.48887], [-76.01069, -10.4554], [-76.02589, -10.46763], [-76.03167, -10.45593], [-76.05704, -10.46542], [-76.07828, -10.45199], [-76.07827, -10.43415], [-76.09289, -10.42928], [-76.10419, -10.43555], [-76.1188, -10.42637], [-76.12963, -10.4308], [-76.1413, -10.4093], [-76.17195, -10.41155], [-76.1854, -10.39546], [-76.20717, -10.38871], [-76.20282, -10.37758], [-76.23089, -10.37179], [-76.2256, -10.39693], [-76.26847, -10.36874], [-76.27471, -10.40246], [-76.28529, -10.41642], [-76.30588, -10.41217], [-76.28333, -10.4522], [-76.26716, -10.45745], [-76.24512, -10.48086], [-76.25364, -10.49848], [-76.24981, -10.51002], [-76.2375, -10.51601], [-76.23842, -10.53844], [-76.27127, -10.56049], [-76.27337, -10.57875], [-76.28347, -10.5826], [-76.29317, -10.60164], [-76.30407, -10.59853], [-76.30888, -10.58707], [-76.33455, -10.59011], [-76.34587, -10.59573], [-76.36254, -10.62729], [-76.37309, -10.62009], [-76.41961, -10.65317], [-76.45636, -10.64743], [-76.47053, -10.66707], [-76.47541, -10.69437], [-76.49543, -10.71083], [-76.50689, -10.74651], [-76.5204, -10.73767], [-76.53851, -10.70435], [-76.57305, -10.70899], [-76.59433, -10.67694], [-76.61566, -10.67006], [-76.63633, -10.64692], [-76.65566, -10.64678], [-76.67067, -10.67872], [-76.65943, -10.68793], [-76.64224, -10.7464], [-76.62785, -10.76596], [-76.6336, -10.78393], [-76.62654, -10.79972], [-76.61523, -10.81673], [-76.60158, -10.81587], [-76.58821, -10.84505], [-76.56502, -10.96393], [-76.5816, -10.98498], [-76.57695, -11.01653], [-76.56925, -11.01348], [-76.56401, -11.02291], [-76.53299, -11.03413], [-76.51468, -11.06871], [-76.49121, -11.08944], [-76.4612, -11.08413], [-76.44681, -11.07125], [-76.43366, -11.08009], [-76.3895, -11.07099], [-76.35096, -11.09419], [-76.33551, -11.08253], [-76.31807, -11.09164], [-76.3079, -11.13266], [-76.25777, -11.15175], [-76.24459, -11.14294], [-76.22745, -11.15576], [-76.21463, -11.15031], [-76.25015, -11.1052], [-76.23957, -11.0492], [-76.25967, -11.0274], [-76.25344, -11.02288], [-76.25995, -11.01501], [-76.25567, -11.0024], [-76.26375, -10.99859], [-76.27295, -10.97102], [-76.26553, -10.95901], [-76.2766, -10.95073], [-76.27886, -10.92345], [-76.2817, -10.91392], [-76.27004, -10.91654], [-76.26223, -10.90897], [-76.2659, -10.92012], [-76.24946, -10.92453], [-76.22368, -10.91501], [-76.2098, -10.91897], [-76.21284, -10.93237], [-76.1909, -10.96031], [-76.14624, -10.94581], [-76.12253, -10.95234], [-76.12293, -10.96264], [-76.08214, -10.89514], [-76.04551, -10.88074], [-75.99571, -10.82124], [-75.93715, -10.87151], [-75.93592, -10.88972], [-75.91316, -10.872], [-75.87607, -10.8675], [-75.86478, -10.87659], [-75.85826, -10.86786], [-75.83838, -10.8863], [-75.81558, -10.87249], [-75.81545, -10.84698], [-75.78914, -10.82527], [-75.75857, -10.83009], [-75.73281, -10.80926], [-75.69325, -10.81722], [-75.69296, -10.83514], [-75.67855, -10.84018], [-75.64977, -10.82338], [-75.60662, -10.82312], [-75.5841, -10.80157], [-75.56812, -10.72716], [-75.55692, -10.74407], [-75.53142, -10.7433]]]}}, {"type": "Feature", "properties": {"admin2_pcode": "PE1308", "admin2_name": "Pataz", "admin1_name": "La Libertad"}, "geometry": {"type": "Polygon", "coordinates": [[[-77.53095, -7.65448], [-77.53548, -7.66606], [-77.55918, -7.67356], [-77.60607, -7.64704], [-77.63298, -7.61452], [-77.70093, -7.59354], [-77.69823, -7.61521], [-77.67603, -7.6406], [-77.67719, -7.68715], [-77.65453, -7.71014], [-77.66545, -7.71232], [-77.66885, -7.7222], [-77.65359, -7.77046], [-77.65689, -7.79633], [-77.64838, -7.80176], [-77.65012, -7.81293], [-77.63636, -7.82992], [-77.62269, -7.87187], [-77.63578, -7.89143], [-77.62709, -7.90122], [-77.62991, -7.93613], [-77.62392, -7.94535], [-77.64049, -7.96057], [-77.64082, -7.98333], [-77.64737, -8.04971], [-77.64386, -8.06662], [-77.61875, -8.07983], [-77.63666, -8.10859], [-77.61659, -8.13124], [-77.60214, -8.13594], [-77.60539, -8.15521], [-77.57567, -8.168], [-77.55692, -8.19425], [-77.57329, -8.21245], [-77.57527, -8.23006], [-77.56581, -8.23721], [-77.53109, -8.24334], [-77.52762, -8.26708], [-77.49137, -8.28255], [-77.48763, -8.30355], [-77.47364, -8.3205], [-77.47828, -8.32607], [-77.4589, -8.33566], [-77.45933, -8.35556], [-77.44696, -8.36937], [-77.43754, -8.40115], [-77.43836, -8.42233], [-77.41834, -8.43965], [-77.40588, -8.44088], [-77.40005, -8.48263], [-77.36602, -8.50709], [-77.33494, -8.53297], [-77.31749, -8.53015], [-77.28278, -8.50589], [-77.26408, -8.46753], [-77.20268, -8.48541], [-77.18183, -8.47895], [-77.13384, -8.44002], [-77.11978, -8.44765], [-77.10459, -8.44476], [-77.0932, -8.43447], [-77.08664, -8.40714], [-77.06762, -8.39659], [-77.03401, -8.40471], [-77.00043, -8.3824], [-76.99168, -8.3963], [-76.97648, -8.39594], [-76.96837, -8.37124], [-76.95125, -8.37571], [-76.94268, -8.35995], [-76.927, -8.35926], [-76.93193, -8.3426], [-76.91375, -8.32609], [-76.91052, -8.29507], [-76.90124, -8.28347], [-76.91308, -8.23699], [-76.9256, -8.2185], [-76.90701, -8.17136], [-76.91177, -8.1589], [-76.93224, -8.13714], [-76.94703, -8.13992], [-76.98491, -8.11385], [-76.99388, -8.08692], [-77.02094, -8.05159], [-77.0687, -8.03951], [-77.11053, -8.02523], [-77.15054, -8.03204], [-77.16623, -8.02164], [-77.23187, -8.01175], [-77.25131, -8.028], [-77.26008, -8.04844], [-77.28134, -8.04878], [-77.29666, -8.06257], [-77.3493, -8.05438], [-77.37244, -8.06493], [-77.38483, -8.05597], [-77.37494, -8.03153], [-77.40713, -7.99199], [-77.38745, -7.96289], [-77.39052, -7.94731], [-77.37537, -7.92006], [-77.37691, -7.90882], [-77.41078, -7.90052], [-77.43838, -7.85015], [-77.43157, -7.84174], [-77.44286, -7.81364], [-77.47859, -7.80424], [-77.50655, -7.77038], [-77.52547, -7.76834], [-77.52618, -7.75389], [-77.49736, -7.73897], [-77.48328, -7.72025], [-77.48341, -7.69766], [-77.45924, -7.6869], [-77.46717, -7.67468], [-77.49789, -7.68635], [-77.50947, -7.67654], [-77.5116, -7.6574], [-77.53095, -7.65448]]]}}, {"type": "Feature", "properties": {"admin2_pcode": "PE0508", "admin2_name": "Paucar del Sara Sara", "admin1_name": "Ayacucho"}, "geometry": {"type": "Polygon", "coordinates": [[[-73.01421, -14.85571], [-73.03333, -14.84993], [-73.05425, -14.82731], [-73.07176, -14.82595], [-73.09615, -14.84404], [-73.11923, -14.84306], [-73.1292, -14.85605], [-73.11671, -14.87252], [-73.13769, -14.89736], [-73.1519, -14.89951], [-73.16164, -14.91119], [-73.19149, -14.91018], [-73.19753, -14.92349], [-73.21063, -14.91063], [-73.255, -14.89975], [-73.26561, -14.91192], [-73.25618, -14.92953], [-73.27259, -14.95079], [-73.26387, -14.97605], [-73.31343, -14.98671], [-73.34201, -15.00316], [-73.33164, -15.02962], [-73.34427, -15.03728], [-73.38098, -15.04331], [-73.42038, -15.06488], [-73.44807, -15.06139], [-73.46249, -15.03821], [-73.4856, -15.06058], [-73.54548, -15.05581], [-73.53607, -15.08123], [-73.55238, -15.11302], [-73.55265, -15.12445], [-73.54428, -15.12847], [-73.55497, -15.15476], [-73.53761, -15.188], [-73.53703, -15.21561], [-73.52083, -15.22356], [-73.52166, -15.23735], [-73.50339, -15.2716], [-73.44854, -15.3189], [-73.4411, -15.35572], [-73.42713, -15.36321], [-73.43035, -15.37913], [-73.41685, -15.37582], [-73.39124, -15.39914], [-73.36597, -15.38743], [-73.33628, -15.40515], [-73.2748, -15.39295], [-73.2938, -15.35941], [-73.28983, -15.33436], [-73.27773, -15.31818], [-73.28492, -15.29494], [-73.24593, -15.28609], [-73.22157, -15.29797], [-73.20683, -15.29394], [-73.17213, -15.30608], [-73.15295, -15.28306], [-73.14994, -15.25984], [-73.12058, -15.23082], [-73.11167, -15.18653], [-73.10078, -15.18764], [-73.06191, -15.14538], [-73.04677, -15.1407], [-73.04756, -15.13435], [-73.02184, -15.1318], [-73.02453, -15.09176], [-73.00424, -15.06413], [-73.00511, -15.00775], [-72.98274, -14.98236], [-72.98666, -14.9561], [-73.03146, -14.90005], [-73.01421, -14.85571]]]}}, {"type": "Feature", "properties": {"admin2_pcode": "PE0811", "admin2_name": "Paucartambo", "admin1_name": "Cusco"}, "geometry": {"type": "Polygon", "coordinates": [[[-71.06418, -13.2567], [-71.09159, -13.24004], [-71.12201, -13.23353], [-71.13486, -13.211], [-71.14398, -13.13723], [-71.16119, -13.12043], [-71.16693, -13.10215], [-71.16158, -13.06646], [-71.1738, -13.05501], [-71.16653, -13.01767], [-71.1794, -12.99834], [-71.17192, -12.98198], [-71.159, -12.97868], [-71.16206, -12.96677], [-71.17641, -12.97094], [-71.19595, -12.95958], [-71.22093, -12.95766], [-71.23086, -12.97248], [-71.27101, -12.96249], [-71.27232, -12.95414], [-71.31475, -12.93148], [-71.35899, -12.88075], [-71.37506, -12.90055], [-71.39684, -12.88263], [-71.41637, -12.89406], [-71.41794, -12.8826], [-71.42719, -12.88197], [-71.42398, -12.87325], [-71.43739, -12.87627], [-71.44887, -12.86334], [-71.44507, -12.84073], [-71.45608, -12.84032], [-71.44648, -12.82722], [-71.45943, -12.82518], [-71.46485, -12.8097], [-71.49566, -12.78198], [-71.51314, -12.74439], [-71.52353, -12.7472], [-71.54659, -12.73542], [-71.5527, -12.70871], [-71.6003, -12.70006], [-71.63896, -12.70944], [-71.66054, -12.72892], [-71.69497, -12.73879], [-71.69475, -12.75374], [-71.70809, -12.77292], [-71.74715, -12.79616], [-71.76021, -12.78792], [-71.76466, -12.76746], [-71.79951, -12.76556], [-71.81224, -12.74386], [-71.88162, -12.73044], [-71.90035, -12.73336], [-71.92118, -12.75278], [-71.87753, -12.79579], [-71.89481, -12.81108], [-71.89426, -12.82957], [-71.87634, -12.84128], [-71.87701, -12.86391], [-71.86569, -12.87282], [-71.86468, -12.8888], [-71.85284, -12.89339], [-71.84122, -12.91918], [-71.82908, -12.92078], [-71.82393, -12.93152], [-71.83152, -12.95973], [-71.84779, -12.96664], [-71.8501, -12.98601], [-71.88057, -12.99281], [-71.91069, -13.03209], [-71.88889, -13.05349], [-71.88941, -13.08618], [-71.87848, -13.09842], [-71.88589, -13.10957], [-71.86324, -13.12559], [-71.86236, -13.13684], [-71.88006, -13.15308], [-71.87147, -13.18744], [-71.85482, -13.20657], [-71.86418, -13.22705], [-71.83, -13.27883], [-71.838, -13.30127], [-71.8213, -13.3196], [-71.79453, -13.31738], [-71.78326, -13.34282], [-71.75479, -13.36564], [-71.72774, -13.40646], [-71.72509, -13.42081], [-71.74372, -13.41954], [-71.7548, -13.43131], [-71.72573, -13.4568], [-71.73616, -13.46266], [-71.72839, -13.4732], [-71.73805, -13.47687], [-71.7264, -13.49386], [-71.71952, -13.55247], [-71.72384, -13.57305], [-71.70392, -13.58694], [-71.69831, -13.60317], [-71.68082, -13.61806], [-71.68078, -13.62948], [-71.65575, -13.64001], [-71.61986, -13.59988], [-71.62473, -13.56523], [-71.59353, -13.56276], [-71.57395, -13.56959], [-71.56906, -13.56218], [-71.5459, -13.59921], [-71.51197, -13.57561], [-71.51342, -13.50254], [-71.52662, -13.46984], [-71.50229, -13.4549], [-71.48137, -13.4711], [-71.46878, -13.49424], [-71.4389, -13.50887], [-71.43145, -13.52049], [-71.40417, -13.50478], [-71.40612, -13.49644], [-71.37178, -13.44609], [-71.34976, -13.45074], [-71.34196, -13.46036], [-71.29836, -13.45433], [-71.28106, -13.46675], [-71.26646, -13.46517], [-71.26541, -13.481], [-71.25122, -13.48222], [-71.21889, -13.51777], [-71.1901, -13.52635], [-71.18023, -13.50055], [-71.17204, -13.49338], [-71.16031, -13.49758], [-71.14328, -13.47654], [-71.14524, -13.44173], [-71.16147, -13.40953], [-71.15823, -13.39383], [-71.15008, -13.39141], [-71.15268, -13.37398], [-71.1122, -13.31815], [-71.11834, -13.30521], [-71.09685, -13.30327], [-71.09345, -13.28838], [-71.06418, -13.2567]]]}}, {"type": "Feature", "properties": {"admin2_pcode": "PE2207", "admin2_name": "Picota", "admin1_name": "San Martin"}, "geometry": {"type": "Polygon", "coordinates": [[[-76.0509, -6.81086], [-76.06852, -6.80149], [-76.10339, -6.72881], [-76.09541, -6.71486], [-76.12121, -6.69944], [-76.12677, -6.68799], [-76.15615, -6.70697], [-76.1841, -6.70826], [-76.19628, -6.7269], [-76.19768, -6.75056], [-76.20799, -6.76099], [-76.25682, -6.77261], [-76.27505, -6.69207], [-76.32335, -6.68044], [-76.35105, -6.68922], [-76.38328, -6.6782], [-76.40882, -6.68992], [-76.41679, -6.68097], [-76.45632, -6.68001], [-76.48111, -6.69449], [-76.52421, -6.69287], [-76.52387, -6.72538], [-76.50434, -6.75362], [-76.50008, -6.79246], [-76.46306, -6.82109], [-76.47419, -6.82663], [-76.47284, -6.85867], [-76.50845, -6.88917], [-76.51413, -6.90561], [-76.53814, -6.91342], [-76.54938, -6.92824], [-76.53887, -6.94006], [-76.54553, -6.94677], [-76.52714, -6.9503], [-76.52843, -6.96154], [-76.51972, -6.96213], [-76.52384, -6.97583], [-76.50566, -6.96826], [-76.49863, -6.99254], [-76.4868, -6.98713], [-76.48161, -6.99547], [-76.4779, -6.98675], [-76.47091, -6.99874], [-76.46496, -6.99218], [-76.46562, -7.00886], [-76.45462, -7.01391], [-76.45015, -7.00587], [-76.42434, -7.01345], [-76.41907, -7.00142], [-76.41586, -7.02087], [-76.36931, -7.01701], [-76.3136, -7.06087], [-76.29604, -7.05728], [-76.27413, -7.0662], [-76.25727, -7.06134], [-76.23716, -7.07451], [-76.2253, -7.07056], [-76.16984, -7.08158], [-76.15776, -7.10275], [-76.16367, -7.12694], [-76.15727, -7.14523], [-76.15937, -7.19567], [-76.14353, -7.20396], [-76.05994, -7.1613], [-76.04659, -7.12143], [-76.0233, -7.11431], [-76.01072, -7.07838], [-76.00811, -7.00222], [-76.02049, -6.98966], [-76.03564, -6.99315], [-76.05184, -6.93787], [-76.0464, -6.92493], [-76.01574, -6.9137], [-76.01065, -6.89042], [-76.035, -6.86499], [-76.0509, -6.81086]]]}}, {"type": "Feature", "properties": {"admin2_pcode": "PE1105", "admin2_name": "Pisco", "admin1_name": "Ica"}, "geometry": {"type": "Polygon", "coordinates": [[[-75.47731, -13.52548], [-75.49493, -13.52405], [-75.47016, -13.48384], [-75.47344, -13.46326], [-75.46566, -13.43258], [-75.49981, -13.38908], [-75.49219, -13.37753], [-75.50324, -13.35277], [-75.50523, -13.37185], [-75.52235, -13.39134], [-75.53117, -13.38938], [-75.53806, -13.40476], [-75.58512, -13.40267], [-75.59897, -13.38999], [-75.61495, -13.4168], [-75.63342, -13.41118], [-75.6512, -13.42685], [-75.67741, -13.42997], [-75.68928, -13.43967], [-75.709, -13.45876], [-75.70751, -13.47179], [-75.73229, -13.49328], [-75.75619, -13.50123], [-75.75277, -13.514], [-75.77318, -13.55593], [-75.78414, -13.55888], [-75.78722, -13.56997], [-75.81355, -13.57818], [-75.80512, -13.59378], [-75.81565, -13.62056], [-75.83503, -13.62523], [-75.86385, -13.61143], [-75.88906, -13.61259], [-75.89935, -13.62602], [-75.93488, -13.63145], [-75.94554, -13.61897], [-75.95868, -13.61999], [-75.96327, -13.59998], [-75.97331, -13.59772], [-75.98697, -13.57164], [-76.00667, -13.56097], [-76.03787, -13.56268], [-76.04975, -13.57694], [-76.08747, -13.56408], [-76.15246, -13.59242], [-76.19161, -13.5945], [-76.19766, -13.64088], [-76.21704, -13.6812], [-76.2204, -13.71765], [-76.2503, -13.81304], [-76.24803, -13.83139], [-76.25815, -13.83857], [-76.25161, -13.85539], [-76.26141, -13.86583], [-76.29764, -13.83804], [-76.31165, -13.84707], [-76.28888, -13.79786], [-76.29642, -13.79328], [-76.32547, -13.79329], [-76.34465, -13.80427], [-76.35841, -13.80069], [-76.371, -13.8062], [-76.36791, -13.82863], [-76.38595, -13.84385], [-76.39647, -13.90876], [-76.36226, -13.91382], [-76.35601, -13.9228], [-76.33913, -13.91532], [-76.32808, -13.92488], [-76.31633, -13.91545], [-76.31427, -13.89418], [-76.30615, -13.89217], [-76.28287, -13.90904], [-76.28252, -13.91805], [-76.29536, -13.92837], [-76.27304, -13.95187], [-76.27023, -13.98087], [-76.28578, -13.99679], [-76.26262, -14.02023], [-76.27051, -14.03615], [-76.26063, -14.05577], [-76.27637, -14.06187], [-76.27613, -14.08249], [-76.29216, -14.089], [-76.28444, -14.10001], [-76.27989, -14.12754], [-76.28576, -14.13822], [-76.27872, -14.15243], [-76.29338, -14.16325], [-76.27549, -14.1829], [-76.27215, -14.2002], [-76.25321, -14.16046], [-76.25493, -14.15491], [-76.25658, -14.16749], [-76.27093, -14.14216], [-76.25991, -14.14216], [-76.25198, -14.15439], [-76.2258, -14.15047], [-76.21644, -14.15763], [-76.21786, -14.16792], [-76.19804, -14.17277], [-76.19048, -14.19826], [-76.14357, -14.22762], [-76.1053, -14.31406], [-76.11096, -14.32922], [-76.14524, -14.33016], [-76.13652, -14.34881], [-76.0662, -14.38694], [-76.03668, -14.42605], [-76.00384, -14.39178], [-76.00393, -14.36894], [-75.98085, -14.3155], [-75.98618, -14.29632], [-76.0075, -14.28741], [-76.02142, -14.27097], [-76.0304, -14.27713], [-76.03897, -14.27289], [-76.07233, -14.22904], [-76.07114, -14.20369], [-76.02184, -14.12451], [-76.02658, -14.1082], [-75.98609, -14.07175], [-76.00508, -14.03975], [-75.99772, -14.02776], [-76.00141, -14.0198], [-76.02545, -14.00503], [-76.02505, -13.95923], [-76.0603, -13.91633], [-76.06024, -13.90188], [-76.04914, -13.89157], [-76.02798, -13.84012], [-76.01575, -13.84425], [-75.99194, -13.83341], [-75.97122, -13.84594], [-75.93947, -13.85046], [-75.92481, -13.84139], [-75.88454, -13.85517], [-75.84834, -13.83622], [-75.81916, -13.85145], [-75.78889, -13.85644], [-75.7753, -13.84341], [-75.71993, -13.83433], [-75.70144, -13.81704], [-75.648, -13.80744], [-75.60846, -13.78596], [-75.59123, -13.75816], [-75.57047, -13.74293], [-75.55458, -13.74957], [-75.5312, -13.74271], [-75.51591, -13.69639], [-75.50106, -13.68673], [-75.49621, -13.67333], [-75.4882, -13.6759], [-75.48809, -13.64319], [-75.51958, -13.60351], [-75.5107, -13.59018], [-75.50969, -13.56543], [-75.49582, -13.56705], [-75.47731, -13.52548]]]}}, {"type": "Feature", "properties": {"admin2_pcode": "PE2001", "admin2_name": "Piura", "admin1_name": "Piura"}, "geometry": {"type": "Polygon", "coordinates": [[[-80.22139, -4.59539], [-80.24875, -4.58504], [-80.26344, -4.59061], [-80.3368, -4.62808], [-80.35083, -4.6597], [-80.38862, -4.66709], [-80.40612, -4.70841], [-80.38158, -4.75342], [-80.35575, -4.77108], [-80.36065, -4.77748], [-80.34757, -4.79252], [-80.36185, -4.80101], [-80.38107, -4.79872], [-80.41973, -4.82937], [-80.44274, -4.82584], [-80.45444, -4.83257], [-80.47653, -4.82583], [-80.48917, -4.8312], [-80.50743, -4.82337], [-80.54005, -4.83979], [-80.55453, -4.86305], [-80.5534, -4.87617], [-80.572, -4.88452], [-80.57359, -4.89972], [-80.59569, -4.90606], [-80.62996, -4.97493], [-80.64529, -4.97858], [-80.65688, -5.02355], [-80.70032, -5.01762], [-80.7416, -5.12364], [-80.76771, -5.15141], [-80.80508, -5.22193], [-80.82176, -5.21678], [-80.8289, -5.22662], [-80.84328, -5.28687], [-80.84912, -5.29322], [-80.85955, -5.28064], [-80.90623, -5.26199], [-80.93767, -5.23782], [-80.97061, -5.24134], [-80.99813, -5.23087], [-81.01986, -5.23627], [-81.01714, -5.26654], [-80.99532, -5.27669], [-80.96169, -5.31018], [-80.96108, -5.35045], [-80.85102, -5.40605], [-80.75191, -5.40266], [-80.75617, -5.40885], [-80.74915, -5.41365], [-80.7379, -5.4052], [-80.72089, -5.41974], [-80.64432, -5.43673], [-80.64519, -5.48711], [-80.59146, -5.47937], [-80.55258, -5.49227], [-80.53463, -5.60161], [-80.32249, -5.67994], [-80.29416, -5.67757], [-80.25339, -5.69442], [-80.24281, -5.71023], [-80.20755, -5.72183], [-80.17213, -5.75054], [-80.09237, -5.79509], [-80.10292, -5.76211], [-80.09115, -5.72686], [-80.09517, -5.70261], [-80.06637, -5.69821], [-80.06107, -5.6844], [-80.07105, -5.67325], [-80.06996, -5.64617], [-80.05697, -5.61849], [-80.05284, -5.56357], [-80.05515, -5.55383], [-80.08287, -5.56041], [-80.10668, -5.51892], [-80.12683, -5.51081], [-80.25913, -5.33033], [-80.33029, -5.28406], [-80.35141, -5.25983], [-80.34666, -5.2332], [-80.36426, -5.2325], [-80.35233, -5.17402], [-80.35372, -5.14015], [-80.33807, -5.13717], [-80.33554, -5.12172], [-80.3146, -5.09603], [-80.29545, -5.08901], [-80.28706, -5.06848], [-80.24607, -5.06723], [-80.22176, -5.05272], [-80.22133, -5.03094], [-80.23386, -5.02287], [-80.23264, -5.0108], [-80.25897, -5.00377], [-80.22829, -4.98967], [-80.20409, -5.00346], [-80.18632, -4.98643], [-80.17612, -4.98809], [-80.15859, -4.9559], [-80.11619, -4.93271], [-80.11054, -4.91236], [-80.12195, -4.89152], [-80.09613, -4.86266], [-80.09343, -4.84295], [-80.10397, -4.83532], [-80.10278, -4.82184], [-80.11476, -4.80497], [-80.08506, -4.79428], [-80.0768, -4.77885], [-80.0961, -4.74707], [-80.07984, -4.73257], [-80.04969, -4.73074], [-80.02577, -4.71939], [-80.00831, -4.67865], [-80.03768, -4.65524], [-80.1013, -4.66359], [-80.11305, -4.67757], [-80.12608, -4.66988], [-80.15342, -4.60419], [-80.18586, -4.60336], [-80.20123, -4.61041], [-80.22139, -4.59539]]]}}, {"type": "Feature", "properties": {"admin2_pcode": "PE0216", "admin2_name": "Pomabamba", "admin1_name": "Ancash"}, "geometry": {"type": "Polygon", "coordinates": [[[-77.31749, -8.53015], [-77.33494, -8.53297], [-77.36602, -8.50709], [-77.43117, -8.54875], [-77.44603, -8.57085], [-77.46486, -8.58083], [-77.47573, -8.57624], [-77.48773, -8.58814], [-77.50156, -8.61436], [-77.50507, -8.65124], [-77.50176, -8.66811], [-77.48601, -8.68343], [-77.49746, -8.69789], [-77.52289, -8.69541], [-77.5417, -8.70319], [-77.56216, -8.7278], [-77.58596, -8.74059], [-77.58278, -8.74973], [-77.59274, -8.75767], [-77.5812, -8.77112], [-77.58974, -8.79325], [-77.58043, -8.81464], [-77.59762, -8.83377], [-77.59491, -8.85475], [-77.60829, -8.87223], [-77.60463, -8.88671], [-77.58782, -8.88738], [-77.57427, -8.90044], [-77.56345, -8.90337], [-77.52709, -8.90417], [-77.51482, -8.92336], [-77.48648, -8.90562], [-77.43836, -8.91422], [-77.40582, -8.91327], [-77.39231, -8.90447], [-77.37043, -8.91092], [-77.39246, -8.88104], [-77.44713, -8.83832], [-77.43793, -8.8135], [-77.40054, -8.79534], [-77.38677, -8.76348], [-77.32927, -8.73045], [-77.30872, -8.72695], [-77.28084, -8.70312], [-77.26177, -8.71471], [-77.24736, -8.71276], [-77.2606, -8.64852], [-77.29364, -8.63703], [-77.28872, -8.58977], [-77.311, -8.55594], [-77.31062, -8.5349], [-77.31749, -8.53015]]]}}, {"type": "Feature", "properties": {"admin2_pcode": "PE1009", "admin2_name": "Puerto Inca", "admin1_name": "Huanuco"}, "geometry": {"type": "Polygon", "coordinates": [[[-74.67596, -9.44691], [-74.70942, -9.42221], [-74.68474, -9.40887], [-74.67275, -9.38888], [-74.65783, -9.38201], [-74.65432, -9.36877], [-74.62737, -9.36478], [-74.62537, -9.35021], [-74.58715, -9.29661], [-74.5899, -9.26717], [-74.62447, -9.21556], [-74.63956, -9.15968], [-74.63654, -9.12551], [-74.67186, -9.11054], [-74.67809, -9.09404], [-74.6584, -9.0714], [-74.65137, -9.04877], [-74.66916, -9.02026], [-74.66171, -9.00383], [-74.64787, -8.99577], [-74.65274, -8.97958], [-74.64431, -8.91878], [-74.62421, -8.88873], [-74.61831, -8.83203], [-74.58809, -8.81265], [-74.57287, -8.79265], [-74.53218, -8.77613], [-74.5266, -8.755], [-74.53612, -8.62986], [-74.54713, -8.58457], [-74.58298, -8.55109], [-74.63033, -8.55041], [-74.66415, -8.56191], [-74.84715, -8.66152], [-74.84078, -8.67907], [-74.84798, -8.69198], [-74.8522, -8.76309], [-74.9399, -8.85722], [-74.95447, -8.86357], [-74.98876, -8.8715], [-75.0224, -8.85853], [-75.06471, -8.88228], [-75.07325, -8.8731], [-75.12259, -8.88095], [-75.11943, -8.90718], [-75.10841, -8.92229], [-75.13485, -8.94597], [-75.12011, -8.9607], [-75.11976, -8.98356], [-75.13756, -8.98836], [-75.13921, -8.9995], [-75.15435, -8.99913], [-75.15681, -9.01031], [-75.17386, -9.01158], [-75.17571, -9.02473], [-75.1624, -9.03395], [-75.20121, -9.06384], [-75.19467, -9.07313], [-75.2049, -9.08029], [-75.20646, -9.10134], [-75.24131, -9.1011], [-75.22875, -9.1477], [-75.21648, -9.15508], [-75.21193, -9.17643], [-75.22091, -9.18008], [-75.2422, -9.22093], [-75.25669, -9.23248], [-75.27192, -9.23342], [-75.27227, -9.26804], [-75.30429, -9.29702], [-75.31393, -9.30209], [-75.33406, -9.28876], [-75.34949, -9.30454], [-75.37215, -9.31023], [-75.41849, -9.29261], [-75.45197, -9.29634], [-75.45625, -9.325], [-75.4926, -9.37638], [-75.60066, -9.41381], [-75.60943, -9.40624], [-75.61666, -9.41408], [-75.62918, -9.41086], [-75.63252, -9.44763], [-75.67172, -9.5173], [-75.67905, -9.567], [-75.69901, -9.58041], [-75.71388, -9.6125], [-75.71147, -9.69077], [-75.72454, -9.74], [-75.71411, -9.79048], [-75.71795, -9.80397], [-75.73557, -9.80241], [-75.75183, -9.81272], [-75.76143, -9.85435], [-75.75305, -9.8831], [-75.74024, -9.8839], [-75.7093, -9.9158], [-75.68535, -9.91747], [-75.67275, -9.94015], [-75.64922, -9.94823], [-75.62438, -9.94105], [-75.5953, -9.94434], [-75.59227, -9.95196], [-75.56038, -9.96414], [-75.54838, -9.98441], [-75.50858, -9.97692], [-75.46778, -9.98906], [-75.46231, -9.95728], [-75.4537, -9.95577], [-75.44955, -9.94155], [-75.44174, -9.93626], [-75.42144, -9.94344], [-75.40478, -9.93021], [-75.39555, -9.91278], [-75.4096, -9.90201], [-75.41118, -9.88843], [-75.3996, -9.87846], [-75.36936, -9.87083], [-75.32122, -9.87691], [-75.28241, -9.86473], [-75.27574, -9.85207], [-75.27922, -9.83824], [-75.30977, -9.77439], [-75.25465, -9.779], [-75.16012, -9.83997], [-75.09447, -9.84448], [-75.05779, -9.81892], [-74.99362, -9.8398], [-74.98555, -9.86406], [-74.95162, -9.85991], [-74.90339, -9.83889], [-74.88235, -9.81974], [-74.85946, -9.84452], [-74.83599, -9.8478], [-74.8304, -9.83381], [-74.83624, -9.82005], [-74.82615, -9.81969], [-74.8156, -9.79543], [-74.82137, -9.78492], [-74.84252, -9.78746], [-74.84707, -9.78048], [-74.8393, -9.76493], [-74.8438, -9.74915], [-74.81684, -9.73643], [-74.82877, -9.70396], [-74.81775, -9.69126], [-74.82188, -9.67719], [-74.78748, -9.66577], [-74.76481, -9.63572], [-74.77249, -9.61238], [-74.75574, -9.60654], [-74.75585, -9.58405], [-74.73559, -9.57445], [-74.75052, -9.52461], [-74.74135, -9.51624], [-74.72882, -9.47241], [-74.69478, -9.44767], [-74.67596, -9.44691]]]}}, {"type": "Feature", "properties": {"admin2_pcode": "PE2101", "admin2_name": "Puno", "admin1_name": "Puno"}, "geometry": {"type": "MultiPolygon", "coordinates": [[[[-69.61024, -15.95676], [-69.67217, -15.9564], [-69.68536, -15.93649], [-69.68868, -15.91359], [-69.68715, -15.93606], [-69.67911, -15.95036], [-69.67201, -15.95997], [-69.63269, -15.95889], [-69.62927, -15.96791], [-69.60994, -15.95902], [-69.61024, -15.95676]]], [[[-69.69433, -15.89239], [-69.69704, -15.88976], [-69.70484, -15.89636], [-69.69829, -15.89306], [-69.70002, -15.90738], [-69.7108, -15.91634], [-69.68769, -15.90829], [-69.66669, -15.91512], [-69.67312, -15.90882], [-69.69433, -15.89239]]], [[[-69.82593, -15.89393], [-69.8228, -15.8885], [-69.82522, -15.87833], [-69.83375, -15.88821], [-69.82593, -15.89393]]], [[[-69.68485, -15.7508], [-69.69623, -15.75422], [-69.68243, -15.79812], [-69.67549, -15.79061], [-69.67619, -15.76826], [-69.68485, -15.7508]]], [[[-69.70655, -15.6493], [-69.72731, -15.66296], [-69.71721, -15.6804], [-69.70218, -15.67631], [-69.6928, -15.66277], [-69.70655, -15.6493]]], [[[-69.60974, -15.98339], [-69.62291, -15.98805], [-69.63336, -15.97735], [-69.6739, -15.96349], [-69.70079, -15.92016], [-69.72531, -15.91455], [-69.73076, -15.90351], [-69.73948, -15.90485], [-69.74062, -15.91919], [-69.75765, -15.90039], [-69.7603, -15.91198], [-69.77945, -15.85603], [-69.76588, -15.83308], [-69.79625, -15.80828], [-69.80556, -15.78339], [-69.82891, -15.78705], [-69.84283, -15.80818], [-69.85058, -15.85469], [-69.84797, -15.86759], [-69.8365, -15.86871], [-69.8273, -15.85935], [-69.82664, -15.86849], [-69.81543, -15.86827], [-69.81893, -15.88155], [-69.81122, -15.88161], [-69.81016, -15.86765], [-69.79866, -15.87863], [-69.80464, -15.88593], [-69.79458, -15.88631], [-69.79774, -15.89367], [-69.78343, -15.89117], [-69.77765, -15.91672], [-69.78414, -15.92811], [-69.78776, -15.92126], [-69.80826, -15.92209], [-69.81561, -15.91069], [-69.83696, -15.91096], [-69.83603, -15.92335], [-69.84624, -15.90953], [-69.84537, -15.93317], [-69.86035, -15.93164], [-69.8918, -15.88222], [-69.91946, -15.87998], [-69.9637, -15.85064], [-69.99501, -15.864], [-70.01508, -15.8507], [-70.01826, -15.8297], [-69.98866, -15.81906], [-70.00529, -15.78936], [-70.01868, -15.79187], [-70.03515, -15.76868], [-70.03584, -15.75382], [-70.02385, -15.74221], [-70.03418, -15.72263], [-70.01159, -15.68666], [-69.99015, -15.69027], [-69.97489, -15.70528], [-69.96487, -15.70152], [-69.96438, -15.6917], [-69.95602, -15.68829], [-69.96354, -15.68759], [-69.95508, -15.68742], [-69.96814, -15.67808], [-69.96601, -15.67788], [-69.96259, -15.67975], [-69.9617, -15.67919], [-69.96737, -15.66545], [-69.95856, -15.66372], [-69.94825, -15.67503], [-69.93925, -15.65282], [-69.92627, -15.64454], [-69.92559, -15.6304], [-69.91632, -15.6284], [-69.9183, -15.61255], [-69.93112, -15.61776], [-69.91756, -15.5914], [-69.92716, -15.58289], [-69.93316, -15.58886], [-69.9247, -15.57655], [-69.92955, -15.5709], [-69.91514, -15.56876], [-69.92729, -15.56073], [-69.93913, -15.56599], [-69.94323, -15.55651], [-69.90635, -15.5652], [-69.88088, -15.60755], [-69.85487, -15.625], [-69.84479, -15.63958], [-69.85054, -15.67571], [-69.82069, -15.70758], [-69.79009, -15.72607], [-69.75284, -15.72974], [-69.74376, -15.72284], [-69.80298, -15.67478], [-69.79804, -15.66723], [-69.7759, -15.68219], [-69.76108, -15.68181], [-69.7709, -15.65819], [-69.78061, -15.65319], [-69.78232, -15.66134], [-69.79254, -15.66287], [-69.8046, -15.65397], [-69.81354, -15.63441], [-69.80736, -15.62512], [-69.81614, -15.61929], [-69.81068, -15.60767], [-69.84926, -15.56081], [-69.86044, -15.55761], [-69.86441, -15.53493], [-69.89583, -15.4955], [-69.89338, -15.47861], [-69.89632, -15.48464], [-69.89694, -15.49463], [-69.90694, -15.50777], [-69.94708, -15.51444], [-69.96831, -15.53571], [-69.96178, -15.54681], [-69.98847, -15.55367], [-69.98786, -15.54395], [-69.99501, -15.5421], [-70.01492, -15.55675], [-69.99859, -15.56012], [-70.02573, -15.5655], [-70.08571, -15.63438], [-70.08374, -15.64246], [-70.12344, -15.6375], [-70.14582, -15.66983], [-70.14813, -15.65712], [-70.16962, -15.63968], [-70.16795, -15.63224], [-70.20123, -15.61688], [-70.20508, -15.64227], [-70.24624, -15.67554], [-70.2613, -15.67369], [-70.26897, -15.69207], [-70.28374, -15.69545], [-70.31279, -15.7369], [-70.34143, -15.72613], [-70.37426, -15.74104], [-70.39595, -15.72981], [-70.41575, -15.73661], [-70.43842, -15.78715], [-70.41906, -15.81941], [-70.43145, -15.83355], [-70.42765, -15.84889], [-70.44525, -15.86757], [-70.44617, -15.89573], [-70.47928, -15.9112], [-70.48081, -15.9465], [-70.50414, -15.95898], [-70.51657, -15.97624], [-70.56289, -15.9825], [-70.52608, -16.02672], [-70.51032, -16.02999], [-70.50732, -16.03814], [-70.48256, -16.03947], [-70.46578, -16.05037], [-70.44746, -16.03447], [-70.44012, -16.03675], [-70.43428, -16.06188], [-70.40323, -16.08723], [-70.4083, -16.1208], [-70.40194, -16.14903], [-70.37375, -16.17592], [-70.36064, -16.20779], [-70.34028, -16.2009], [-70.32856, -16.20541], [-70.32652, -16.23211], [-70.34513, -16.2561], [-70.34028, -16.27009], [-70.3466, -16.3056], [-70.33876, -16.3228], [-70.34561, -16.34814], [-70.3566, -16.3677], [-70.3706, -16.36865], [-70.38237, -16.38543], [-70.35655, -16.40027], [-70.36089, -16.41083], [-70.32505, -16.41752], [-70.31674, -16.4444], [-70.30631, -16.44721], [-70.31294, -16.46158], [-70.30117, -16.47867], [-70.22867, -16.50608], [-70.20049, -16.53959], [-70.18478, -16.53761], [-70.17546, -16.56153], [-70.17624, -16.59415], [-70.16571, -16.61332], [-70.14876, -16.61531], [-70.13783, -16.62857], [-70.08785, -16.65523], [-70.04987, -16.62812], [-70.02462, -16.63118], [-70.02415, -16.59681], [-69.99065, -16.5788], [-69.96347, -16.5384], [-69.92655, -16.51428], [-69.90576, -16.51934], [-69.89528, -16.50901], [-69.87849, -16.4737], [-69.88414, -16.46352], [-69.86469, -16.44532], [-69.85203, -16.40104], [-69.79974, -16.38549], [-69.785, -16.3622], [-69.80288, -16.34437], [-69.79825, -16.32142], [-69.80688, -16.27682], [-69.77558, -16.25993], [-69.76047, -16.21533], [-69.75517, -16.21786], [-69.74364, -16.20443], [-69.7255, -16.20841], [-69.70656, -16.19448], [-69.70314, -16.16894], [-69.69156, -16.16034], [-69.69364, -16.14873], [-69.68691, -16.14874], [-69.68895, -16.12866], [-69.66889, -16.11492], [-69.70267, -16.08661], [-69.68822, -16.08435], [-69.68167, -16.06913], [-69.65533, -16.05991], [-69.65117, -16.01542], [-69.6212, -16.01367], [-69.6098, -15.99768], [-69.60974, -15.98339]]]]}}, {"type": "Feature", "properties": {"admin2_pcode": "PE2504", "admin2_name": "Purus", "admin1_name": "Ucayali"}, "geometry": {"type": "Polygon", "coordinates": [[[-70.6138, -9.87339], [-70.62314, -9.81995], [-70.60816, -9.80114], [-70.5909, -9.80298], [-70.57777, -9.77779], [-70.55963, -9.78947], [-70.54592, -9.7788], [-70.52523, -9.71498], [-70.54256, -9.67994], [-70.55302, -9.66818], [-70.56663, -9.66741], [-70.5847, -9.64084], [-70.59824, -9.60762], [-70.58804, -9.59833], [-70.58565, -9.57558], [-70.59973, -9.56409], [-70.59916, -9.55614], [-70.58909, -9.54887], [-70.58755, -9.56726], [-70.57638, -9.56373], [-70.56603, -9.57318], [-70.55532, -9.57189], [-70.55629, -9.56076], [-70.56908, -9.55435], [-70.564, -9.54071], [-70.57062, -9.53292], [-70.54213, -9.5377], [-70.54433, -9.51409], [-70.53098, -9.51552], [-70.53152, -9.50355], [-70.52192, -9.50547], [-70.51372, -9.4928], [-70.5057, -9.5046], [-70.5249, -9.4612], [-70.50478, -9.46334], [-70.51156, -9.44775], [-70.49587, -9.44088], [-70.49665, -9.42489], [-70.51047, -9.42468], [-70.52602, -9.43831], [-70.52672, -9.42889], [-70.53853, -9.43836], [-70.54649, -9.42788], [-70.54969, -9.43566], [-70.56191, -9.43001], [-70.57081, -9.44039], [-70.59581, -9.4425], [-70.59635, -9.45909], [-70.61154, -9.45743], [-70.61599, -9.47613], [-70.6233, -9.47059], [-70.6319, -9.48019], [-70.63578, -9.50163], [-70.65295, -9.50027], [-70.65138, -9.51237], [-70.6632, -9.52601], [-70.66612, -9.51942], [-70.67972, -9.53446], [-70.71476, -9.54715], [-70.7298, -9.57026], [-70.73832, -9.55901], [-70.75067, -9.56043], [-70.75953, -9.58404], [-70.75724, -9.60425], [-70.76775, -9.60069], [-70.76569, -9.60697], [-70.78615, -9.61427], [-70.79332, -9.63846], [-70.83615, -9.64324], [-70.83824, -9.65637], [-70.8685, -9.66481], [-70.8978, -9.71413], [-70.92383, -9.7413], [-70.96337, -9.74891], [-70.99243, -9.79504], [-70.99391, -9.81721], [-71.05122, -9.81584], [-71.05859, -9.82475], [-71.07692, -9.8277], [-71.10224, -9.85319], [-71.13974, -9.85702], [-71.17118, -9.89053], [-71.17876, -9.91812], [-71.18943, -9.92091], [-71.19257, -9.94176], [-71.20509, -9.94638], [-71.20939, -9.96505], [-71.22052, -9.96968], [-71.25321, -9.96293], [-71.254, -9.97656], [-71.29105, -9.98193], [-71.29819, -9.9922], [-71.31241, -9.99164], [-71.34276, -9.96677], [-71.35007, -9.98519], [-71.36001, -9.98374], [-71.37504, -10.00014], [-72.1804, -9.99967], [-72.18978, -10.0067], [-72.18923, -10.02213], [-72.16289, -10.07609], [-72.14107, -10.09055], [-72.14657, -10.09846], [-72.14268, -10.13948], [-72.15651, -10.16502], [-72.22942, -10.16307], [-72.24255, -10.18881], [-72.33432, -10.17816], [-72.36446, -10.20046], [-72.36807, -10.21349], [-72.41889, -10.23344], [-72.44472, -10.25504], [-72.47238, -10.29978], [-72.47816, -10.33164], [-72.46514, -10.34953], [-72.47777, -10.36611], [-72.47717, -10.37869], [-72.42334, -10.44391], [-72.41966, -10.47363], [-72.42767, -10.48955], [-72.46443, -10.509], [-72.40942, -10.51628], [-72.3808, -10.53783], [-72.37884, -10.5477], [-72.39228, -10.5745], [-72.38794, -10.59466], [-72.4061, -10.64946], [-72.4458, -10.63832], [-72.46686, -10.71627], [-72.46679, -10.75053], [-72.48087, -10.76642], [-72.48439, -10.78775], [-72.47232, -10.81707], [-72.43721, -10.84259], [-72.41904, -10.90629], [-72.4008, -10.91595], [-72.39805, -10.93266], [-72.36081, -10.96181], [-72.33158, -10.96835], [-72.31263, -10.98351], [-72.26213, -10.97168], [-72.23998, -10.98353], [-72.21629, -11.01311], [-72.19418, -11.00449], [-72.18519, -11.00893], [-72.17354, -10.99553], [-72.15649, -11.0045], [-72.15286, -10.99421], [-72.12793, -10.97984], [-72.12503, -10.99562], [-72.10471, -10.99293], [-72.05441, -11.01107], [-72.0437, -10.99692], [-72.01083, -10.98775], [-71.93838, -11.0039], [-71.92333, -10.9961], [-71.84701, -10.99568], [-71.82846, -11.01187], [-71.80895, -10.99383], [-71.78023, -10.98781], [-71.75114, -10.99375], [-71.72928, -10.98368], [-71.716, -10.99785], [-71.70169, -10.97384], [-71.69356, -10.97974], [-71.68072, -10.97156], [-71.66172, -10.98318], [-71.55885, -10.9648], [-71.53198, -10.95214], [-71.52715, -10.96173], [-71.50813, -10.96609], [-71.48595, -10.96379], [-71.47251, -10.95369], [-71.41294, -10.95807], [-71.39346, -10.94733], [-71.37801, -10.95347], [-71.35401, -10.94979], [-71.33613, -10.91679], [-71.3173, -10.90957], [-71.30834, -10.87781], [-71.29471, -10.8763], [-71.27273, -10.85282], [-71.27147, -10.81905], [-71.25872, -10.78493], [-71.24505, -10.77653], [-71.22156, -10.7767], [-71.22887, -10.765], [-71.21875, -10.76021], [-71.2246, -10.73065], [-71.21554, -10.71495], [-71.22781, -10.70281], [-71.23131, -10.68524], [-71.20629, -10.65216], [-71.2208, -10.63673], [-71.19621, -10.57986], [-71.16529, -10.56964], [-71.16457, -10.53126], [-71.1468, -10.53098], [-71.12851, -10.50474], [-71.07851, -10.50137], [-71.02453, -10.4782], [-71.00064, -10.44222], [-71.00497, -10.43082], [-70.95841, -10.38958], [-70.96801, -10.33555], [-70.88946, -10.33514], [-70.87399, -10.3007], [-70.88083, -10.26197], [-70.86685, -10.25305], [-70.8032, -10.25115], [-70.75069, -10.19101], [-70.70644, -10.16136], [-70.70823, -10.13684], [-70.69817, -10.11803], [-70.6499, -10.07947], [-70.64454, -10.06874], [-70.66003, -10.05147], [-70.65206, -10.04006], [-70.67232, -10.02313], [-70.65689, -9.99973], [-70.66763, -9.97069], [-70.64852, -9.95158], [-70.65089, -9.93196], [-70.63348, -9.89896], [-70.63954, -9.88438], [-70.6138, -9.87339]]]}}, {"type": "Feature", "properties": {"admin2_pcode": "PE1608", "admin2_name": "Putumayo", "admin1_name": "Loreto"}, "geometry": {"type": "Polygon", "coordinates": [[[-70.47793, -3.42422], [-70.07361, -2.79066], [-70.06006, -2.75892], [-70.07125, -2.72432], [-70.06737, -2.67782], [-70.08494, -2.64903], [-70.10103, -2.65386], [-70.11843, -2.69863], [-70.13535, -2.7027], [-70.16206, -2.68785], [-70.15421, -2.65688], [-70.16616, -2.63639], [-70.18216, -2.63461], [-70.1963, -2.65898], [-70.21683, -2.64852], [-70.23101, -2.57122], [-70.24531, -2.55042], [-70.26787, -2.5436], [-70.31787, -2.57854], [-70.33458, -2.57789], [-70.35651, -2.56421], [-70.35211, -2.54354], [-70.3018, -2.52822], [-70.29517, -2.51538], [-70.30098, -2.50258], [-70.32404, -2.50328], [-70.36201, -2.48987], [-70.40775, -2.52329], [-70.42862, -2.52487], [-70.44629, -2.51079], [-70.45148, -2.48157], [-70.46928, -2.45588], [-70.51055, -2.47176], [-70.54466, -2.42885], [-70.57413, -2.41743], [-70.5931, -2.41902], [-70.59642, -2.42591], [-70.55759, -2.44308], [-70.55435, -2.46775], [-70.58927, -2.48293], [-70.62119, -2.4796], [-70.64137, -2.45551], [-70.6283, -2.42162], [-70.62785, -2.39503], [-70.66488, -2.41041], [-70.67844, -2.40214], [-70.67727, -2.38605], [-70.66273, -2.36377], [-70.66991, -2.35032], [-70.75124, -2.32827], [-70.77776, -2.29299], [-70.83595, -2.29081], [-70.85496, -2.23701], [-70.87185, -2.22331], [-70.89961, -2.22535], [-70.92066, -2.25014], [-70.93735, -2.25448], [-70.95572, -2.24308], [-70.9727, -2.21422], [-71.00021, -2.20785], [-71.01207, -2.2132], [-71.01874, -2.23148], [-70.99042, -2.28709], [-70.99614, -2.30349], [-71.01691, -2.29553], [-71.03035, -2.27705], [-71.05333, -2.27062], [-71.11993, -2.2805], [-71.13679, -2.28717], [-71.14338, -2.30159], [-71.13032, -2.33749], [-71.13788, -2.34335], [-71.15358, -2.33361], [-71.16684, -2.33777], [-71.17578, -2.37903], [-71.20018, -2.37456], [-71.23477, -2.33675], [-71.24865, -2.33902], [-71.26811, -2.35777], [-71.26634, -2.33648], [-71.27219, -2.33345], [-71.30709, -2.34742], [-71.32074, -2.37777], [-71.35785, -2.38264], [-71.39472, -2.40703], [-71.40656, -2.38825], [-71.3964, -2.34711], [-71.42892, -2.32067], [-71.45825, -2.27415], [-71.47732, -2.26936], [-71.49481, -2.278], [-71.49615, -2.29334], [-71.47938, -2.34006], [-71.48751, -2.35338], [-71.50046, -2.35221], [-71.51983, -2.30208], [-71.51889, -2.24897], [-71.58716, -2.23828], [-71.64768, -2.20006], [-71.7085, -2.22733], [-71.723, -2.22655], [-71.73122, -2.20145], [-71.71892, -2.15994], [-71.73248, -2.14014], [-71.76693, -2.1585], [-71.79913, -2.20437], [-71.80975, -2.20418], [-71.82284, -2.18814], [-71.83277, -2.19042], [-71.88476, -2.31159], [-71.93491, -2.31235], [-71.93832, -2.32835], [-71.91922, -2.36542], [-71.92244, -2.37815], [-71.93482, -2.37967], [-71.93998, -2.36232], [-71.94978, -2.35636], [-72.01011, -2.36895], [-72.0372, -2.338], [-72.04874, -2.33494], [-72.08206, -2.36796], [-72.09783, -2.37027], [-72.14528, -2.40625], [-72.13714, -2.44942], [-72.14982, -2.47002], [-72.16635, -2.46441], [-72.16947, -2.4319], [-72.18446, -2.4297], [-72.22036, -2.44835], [-72.24854, -2.43066], [-72.26216, -2.4355], [-72.25955, -2.45852], [-72.28628, -2.45418], [-72.29753, -2.4736], [-72.37177, -2.48919], [-72.38088, -2.47821], [-72.37942, -2.45498], [-72.40866, -2.41449], [-72.42815, -2.43743], [-72.47159, -2.42003], [-72.49797, -2.41826], [-72.51699, -2.42637], [-72.53526, -2.40543], [-72.56879, -2.39758], [-72.59552, -2.36655], [-72.6197, -2.35628], [-72.6408, -2.36326], [-72.63732, -2.38879], [-72.65822, -2.40724], [-72.66709, -2.43995], [-72.68129, -2.45166], [-72.69103, -2.44848], [-72.68914, -2.41383], [-72.70775, -2.38907], [-72.72693, -2.39091], [-72.73378, -2.41962], [-72.74579, -2.42677], [-72.75529, -2.41967], [-72.76009, -2.39585], [-72.77645, -2.38437], [-72.80281, -2.41071], [-72.8518, -2.43578], [-72.89513, -2.43367], [-72.9338, -2.45487], [-72.93742, -2.44441], [-72.92263, -2.4195], [-72.95173, -2.40096], [-72.9645, -2.34115], [-72.97846, -2.33865], [-72.99412, -2.35722], [-73.00488, -2.35761], [-73.02403, -2.31881], [-73.0338, -2.31465], [-73.04241, -2.32326], [-73.04423, -2.35279], [-73.0523, -2.36086], [-73.06236, -2.35897], [-73.07003, -2.34525], [-73.0683, -2.31514], [-73.08215, -2.31115], [-73.09997, -2.32457], [-73.12293, -2.32394], [-73.11768, -2.28701], [-73.15163, -2.26016], [-73.16767, -2.22902], [-73.17046, -2.19161], [-73.13004, -2.1816], [-73.11419, -2.13087], [-73.07673, -2.10819], [-73.06979, -2.08788], [-73.07368, -2.08163], [-73.10063, -2.08258], [-73.10675, -2.07495], [-73.09373, -2.03546], [-73.12032, -2.01316], [-73.12337, -1.98122], [-73.11231, -1.94617], [-73.11842, -1.91208], [-73.10745, -1.88606], [-73.11277, -1.87281], [-73.13326, -1.87241], [-73.15028, -1.86136], [-73.14729, -1.80269], [-73.18603, -1.80792], [-73.20379, -1.76392], [-73.22087, -1.74867], [-73.23207, -1.76106], [-73.23435, -1.80172], [-73.25679, -1.80252], [-73.24417, -1.78842], [-73.24986, -1.78039], [-73.29459, -1.77654], [-73.30884, -1.78793], [-73.30373, -1.81811], [-73.31738, -1.82619], [-73.32697, -1.80486], [-73.38334, -1.77471], [-73.43159, -1.7887], [-73.43566, -1.76248], [-73.45928, -1.7364], [-73.49995, -1.7312], [-73.52953, -1.70727], [-73.53667, -1.68591], [-73.51659, -1.66271], [-73.50366, -1.62258], [-73.46523, -1.59117], [-73.45735, -1.57432], [-73.46374, -1.5673], [-73.47962, -1.57552], [-73.4903, -1.5693], [-73.47841, -1.53043], [-73.47857, -1.52209], [-73.4951, -1.51015], [-73.48565, -1.49778], [-73.48901, -1.48304], [-73.511, -1.48213], [-73.52631, -1.468], [-73.53432, -1.43285], [-73.58536, -1.42307], [-73.5814, -1.41392], [-73.55386, -1.41677], [-73.55022, -1.40688], [-73.56148, -1.37718], [-73.57916, -1.35958], [-73.56979, -1.32243], [-73.57653, -1.31806], [-73.59583, -1.32875], [-73.6108, -1.31903], [-73.62109, -1.2596], [-73.64701, -1.26719], [-73.68093, -1.23802], [-73.7084, -1.25177], [-73.73231, -1.24563], [-73.741, -1.23426], [-73.74512, -1.19966], [-73.75369, -1.20599], [-73.75401, -1.2384], [-73.77433, -1.25909], [-73.78392, -1.25761], [-73.78815, -1.23968], [-73.80962, -1.24912], [-73.82355, -1.23636], [-73.85713, -1.23178], [-73.86752, -1.22316], [-73.87142, -1.1973], [-73.89541, -1.16858], [-73.89707, -1.13718], [-73.90947, -1.12164], [-73.96165, -1.12907], [-73.96656, -1.11778], [-73.95059, -1.09791], [-73.96167, -1.08263], [-73.98804, -1.10316], [-74.01097, -1.09281], [-74.02266, -1.06292], [-74.01518, -1.01824], [-74.02277, -1.00488], [-74.03826, -1.01362], [-74.0462, -1.04482], [-74.06392, -1.05295], [-74.09426, -1.04801], [-74.16836, -1.00633], [-74.21862, -1.00942], [-74.26722, -0.98236], [-74.27135, -0.96711], [-74.26311, -0.94408], [-74.2783, -0.89986], [-74.28742, -0.89354], [-74.31287, -0.89538], [-74.31995, -0.87965], [-74.30546, -0.86517], [-74.26917, -0.87929], [-74.26815, -0.84701], [-74.24533, -0.8184], [-74.28493, -0.82484], [-74.29235, -0.81324], [-74.28026, -0.78728], [-74.28334, -0.77786], [-74.29007, -0.77499], [-74.30351, -0.7923], [-74.31666, -0.79303], [-74.31255, -0.75627], [-74.34428, -0.75903], [-74.37259, -0.73479], [-74.37556, -0.71699], [-74.34537, -0.70544], [-74.33757, -0.68293], [-74.37283, -0.65289], [-74.36093, -0.62382], [-74.38772, -0.59071], [-74.39451, -0.54198], [-74.40057, -0.54004], [-74.41477, -0.55809], [-74.42397, -0.55346], [-74.42505, -0.49688], [-74.46505, -0.48794], [-74.4764, -0.4741], [-74.49756, -0.48834], [-74.49897, -0.46162], [-74.52795, -0.46675], [-74.55318, -0.42081], [-74.57342, -0.41063], [-74.57622, -0.39228], [-74.61515, -0.37882], [-74.60934, -0.35139], [-74.66131, -0.37433], [-74.68387, -0.35926], [-74.68192, -0.33042], [-74.68959, -0.32927], [-74.71065, -0.35024], [-74.72668, -0.34356], [-74.73251, -0.33492], [-74.73147, -0.29006], [-74.74802, -0.25033], [-74.78246, -0.20136], [-74.80898, -0.18902], [-74.83176, -0.20619], [-74.84809, -0.23358], [-74.89229, -0.2369], [-74.91068, -0.20355], [-74.9173, -0.20246], [-74.9182, -0.2153], [-74.92826, -0.22021], [-74.93845, -0.20366], [-74.95862, -0.19384], [-74.96967, -0.18002], [-74.9728, -0.15353], [-75.01689, -0.14569], [-75.07736, -0.0842], [-75.13702, -0.06844], [-75.17981, -0.03885], [-75.21549, -0.04869], [-75.21959, -0.07657], [-75.25546, -0.11149], [-75.2588, -0.12716], [-75.27674, -0.13424], [-75.28795, -0.15396], [-75.29578, -0.14807], [-75.31214, -0.16034], [-75.33957, -0.15539], [-75.35217, -0.16382], [-75.35912, -0.15799], [-75.35284, -0.14731], [-75.36402, -0.14611], [-75.36821, -0.16323], [-75.40626, -0.17015], [-75.43108, -0.15379], [-75.46068, -0.15167], [-75.46702, -0.14078], [-75.48506, -0.13018], [-75.4968, -0.13202], [-75.51607, -0.11447], [-75.5349, -0.11504], [-75.53709, -0.12127], [-75.54244, -0.11568], [-75.55265, -0.13068], [-75.56876, -0.13108], [-75.57814, -0.12038], [-75.58948, -0.12283], [-75.60749, -0.11066], [-75.61062, -0.19245], [-75.59052, -0.19063], [-75.5788, -0.17835], [-75.56871, -0.18527], [-75.53077, -0.1809], [-75.51417, -0.19738], [-75.51082, -0.21202], [-75.48222, -0.23696], [-75.47371, -0.29675], [-75.46436, -0.29859], [-75.46273, -0.31843], [-75.41501, -0.39622], [-75.40098, -0.39966], [-75.38971, -0.41516], [-75.38785, -0.43412], [-75.35646, -0.44678], [-75.3491, -0.46354], [-75.32485, -0.45314], [-75.32645, -0.46065], [-75.31095, -0.47442], [-75.31276, -0.49424], [-75.30073, -0.49278], [-75.2947, -0.50577], [-75.28612, -0.49733], [-75.26965, -0.50259], [-75.26416, -0.53344], [-75.25001, -0.51782], [-75.2414, -0.52384], [-75.23796, -0.539], [-75.24408, -0.54695], [-75.22749, -0.55076], [-75.22448, -0.57064], [-75.23953, -0.58071], [-75.23987, -0.60156], [-75.22597, -0.60572], [-75.23223, -0.6144], [-75.22301, -0.62407], [-75.23336, -0.63397], [-75.23153, -0.64709], [-75.24091, -0.65636], [-75.22858, -0.67214], [-75.23157, -0.68755], [-75.20931, -0.70492], [-75.18157, -0.71203], [-75.19931, -0.72162], [-75.1928, -0.73663], [-75.14051, -0.75339], [-75.13115, -0.75033], [-75.12752, -0.76353], [-75.10396, -0.77774], [-75.0584, -0.78123], [-75.04371, -0.79996], [-75.02839, -0.79591], [-74.98702, -0.81898], [-74.95409, -0.88798], [-74.92675, -0.89833], [-74.90978, -0.91979], [-74.88735, -0.91963], [-74.88269, -0.96509], [-74.84861, -1.02051], [-74.79464, -1.03614], [-74.78442, -1.04995], [-74.75951, -1.05631], [-74.73716, -1.10547], [-74.72004, -1.11271], [-74.71059, -1.15225], [-74.64439, -1.2169], [-74.64122, -1.23273], [-74.60289, -1.25526], [-74.58691, -1.27821], [-74.58845, -1.30753], [-74.56488, -1.32488], [-74.5489, -1.327], [-74.54337, -1.34485], [-74.51608, -1.35182], [-74.49418, -1.37844], [-74.46311, -1.37683], [-74.44356, -1.39792], [-74.4285, -1.39035], [-74.40406, -1.39449], [-74.32286, -1.422], [-74.30421, -1.43806], [-74.28458, -1.434], [-74.22279, -1.45553], [-74.2088, -1.44602], [-74.19615, -1.44796], [-74.1747, -1.46641], [-74.15169, -1.47155], [-74.12079, -1.50309], [-74.0877, -1.52067], [-74.00573, -1.52434], [-73.97565, -1.58329], [-73.94096, -1.58777], [-73.94141, -1.60332], [-73.92455, -1.61494], [-73.88748, -1.68277], [-73.85132, -1.68096], [-73.82449, -1.69635], [-73.81901, -1.76332], [-73.84245, -1.82454], [-73.83716, -1.84939], [-73.87985, -1.89456], [-73.87528, -1.91871], [-73.88118, -1.93554], [-73.89963, -1.96921], [-73.9214, -1.97868], [-73.9221, -1.9856], [-73.88483, -1.99781], [-73.86423, -2.01937], [-73.80744, -2.02853], [-73.7874, -2.12236], [-73.73696, -2.15691], [-73.75564, -2.21805], [-73.73151, -2.23838], [-73.71081, -2.29678], [-73.6942, -2.30224], [-73.66697, -2.28959], [-73.63375, -2.29998], [-73.57572, -2.34099], [-73.56121, -2.36767], [-73.51668, -2.37861], [-73.48179, -2.4101], [-73.4424, -2.41786], [-73.37318, -2.4656], [-73.36955, -2.49278], [-73.39591, -2.53541], [-73.36023, -2.60459], [-73.32852, -2.62306], [-73.27147, -2.63953], [-73.2088, -2.69853], [-73.1448, -2.7089], [-73.12683, -2.77195], [-73.06518, -2.78094], [-72.93539, -2.87295], [-72.89123, -2.91638], [-72.7662, -2.91527], [-72.6539, -2.88917], [-72.57077, -2.8909], [-72.53004, -2.88348], [-72.43238, -2.84182], [-72.38879, -2.85484], [-72.36385, -2.83982], [-72.30737, -2.83232], [-72.24702, -2.83944], [-72.18096, -2.79983], [-72.15542, -2.80519], [-72.11813, -2.83431], [-72.09855, -2.83938], [-72.07392, -2.83859], [-72.03274, -2.81612], [-72.0007, -2.86234], [-71.98064, -2.87749], [-71.85207, -2.91121], [-71.81663, -2.90794], [-71.80251, -2.91364], [-71.78582, -2.93279], [-71.7852, -2.98815], [-71.75762, -3.02894], [-71.71556, -3.0449], [-71.66023, -3.04152], [-71.62901, -3.06424], [-71.59974, -3.0677], [-71.56515, -3.08856], [-71.51395, -3.10166], [-71.47702, -3.151], [-71.44443, -3.16583], [-71.44606, -3.19141], [-71.43841, -3.19998], [-71.37943, -3.19336], [-71.37315, -3.18065], [-71.35404, -3.17203], [-71.31074, -3.18157], [-71.29625, -3.201], [-71.27417, -3.19917], [-71.24981, -3.21148], [-71.24126, -3.22449], [-71.15424, -3.21081], [-71.06812, -3.2125], [-71.05331, -3.24796], [-71.01168, -3.25882], [-70.98115, -3.27632], [-70.969, -3.29884], [-70.94863, -3.31447], [-70.87053, -3.35541], [-70.79835, -3.3753], [-70.69069, -3.36653], [-70.6754, -3.37342], [-70.65445, -3.40669], [-70.63023, -3.41744], [-70.58997, -3.41838], [-70.52956, -3.39567], [-70.47793, -3.42422]]]}}, {"type": "Feature", "properties": {"admin2_pcode": "PE0812", "admin2_name": "Quispicanchi", "admin1_name": "Cusco"}, "geometry": {"type": "Polygon", "coordinates": [[[-70.38847, -13.19239], [-70.39548, -13.18305], [-70.46425, -13.15969], [-70.54943, -13.15317], [-70.58609, -13.10414], [-70.62782, -13.09232], [-70.66033, -13.08833], [-70.68293, -13.09762], [-70.68521, -13.10678], [-70.75994, -13.1081], [-70.79941, -13.09035], [-70.81735, -13.06985], [-70.84296, -13.06705], [-70.86311, -13.08032], [-70.89927, -13.06968], [-70.88729, -13.10336], [-70.92139, -13.11083], [-70.92763, -13.12878], [-70.94228, -13.13549], [-70.94219, -13.1565], [-70.97724, -13.16968], [-70.9942, -13.20222], [-70.99085, -13.22155], [-71.01121, -13.23871], [-71.012, -13.26496], [-71.03626, -13.27049], [-71.06418, -13.2567], [-71.09345, -13.28838], [-71.09685, -13.30327], [-71.11834, -13.30521], [-71.1122, -13.31815], [-71.15268, -13.37398], [-71.15008, -13.39141], [-71.15823, -13.39383], [-71.16147, -13.40953], [-71.14524, -13.44173], [-71.14328, -13.47654], [-71.16031, -13.49758], [-71.17204, -13.49338], [-71.18023, -13.50055], [-71.1901, -13.52635], [-71.21889, -13.51777], [-71.25122, -13.48222], [-71.26541, -13.481], [-71.26646, -13.46517], [-71.28106, -13.46675], [-71.29836, -13.45433], [-71.34196, -13.46036], [-71.34976, -13.45074], [-71.37178, -13.44609], [-71.40612, -13.49644], [-71.40417, -13.50478], [-71.43145, -13.52049], [-71.4389, -13.50887], [-71.46878, -13.49424], [-71.48137, -13.4711], [-71.50229, -13.4549], [-71.52662, -13.46984], [-71.51342, -13.50254], [-71.51197, -13.57561], [-71.5459, -13.59921], [-71.56906, -13.56218], [-71.57395, -13.56959], [-71.59353, -13.56276], [-71.62473, -13.56523], [-71.61986, -13.59988], [-71.65575, -13.64001], [-71.68078, -13.62948], [-71.68082, -13.61806], [-71.69831, -13.60317], [-71.70392, -13.58694], [-71.72384, -13.57305], [-71.71952, -13.55247], [-71.74599, -13.57527], [-71.7796, -13.52563], [-71.80463, -13.50826], [-71.82094, -13.52058], [-71.81591, -13.57624], [-71.83559, -13.59083], [-71.81982, -13.60776], [-71.84316, -13.63079], [-71.82688, -13.6727], [-71.78976, -13.69836], [-71.74837, -13.71033], [-71.73686, -13.73646], [-71.72767, -13.73286], [-71.71296, -13.74279], [-71.69596, -13.79574], [-71.7121, -13.82067], [-71.64653, -13.82379], [-71.62148, -13.89603], [-71.60085, -13.90627], [-71.56538, -13.90328], [-71.55802, -13.92174], [-71.56722, -13.92334], [-71.56415, -13.93326], [-71.54765, -13.94495], [-71.53725, -13.94105], [-71.52681, -13.96292], [-71.51688, -13.96722], [-71.47396, -13.92592], [-71.44279, -13.93778], [-71.44098, -13.926], [-71.42272, -13.92577], [-71.40755, -13.89651], [-71.39256, -13.89637], [-71.37408, -13.92059], [-71.35222, -13.90116], [-71.31981, -13.90575], [-71.30782, -13.89001], [-71.31142, -13.87586], [-71.3008, -13.87298], [-71.30459, -13.85693], [-71.29038, -13.82837], [-71.24136, -13.81887], [-71.22317, -13.78009], [-71.1931, -13.79315], [-71.18322, -13.78872], [-71.16377, -13.7432], [-71.13695, -13.74436], [-71.12219, -13.76159], [-71.10354, -13.76038], [-71.08097, -13.7255], [-71.03557, -13.75323], [-71.02409, -13.74994], [-70.98867, -13.76295], [-70.95716, -13.80465], [-70.93501, -13.80062], [-70.91315, -13.81421], [-70.90493, -13.79241], [-70.88832, -13.77791], [-70.871, -13.78502], [-70.8625, -13.80029], [-70.8533, -13.79887], [-70.84908, -13.8153], [-70.8284, -13.82763], [-70.76773, -13.81438], [-70.73222, -13.82345], [-70.70919, -13.84315], [-70.69886, -13.80317], [-70.71386, -13.7728], [-70.72209, -13.77064], [-70.7187, -13.7649], [-70.73538, -13.7353], [-70.73587, -13.71245], [-70.72124, -13.70016], [-70.71513, -13.66225], [-70.68952, -13.65259], [-70.66281, -13.66057], [-70.61619, -13.60906], [-70.5886, -13.59858], [-70.57787, -13.58584], [-70.54363, -13.57764], [-70.5466, -13.54984], [-70.53887, -13.53126], [-70.48879, -13.50038], [-70.45262, -13.44792], [-70.47183, -13.43993], [-70.44265, -13.39541], [-70.45112, -13.36517], [-70.41983, -13.35855], [-70.3995, -13.37164], [-70.39273, -13.34477], [-70.4025, -13.32941], [-70.3956, -13.31667], [-70.36806, -13.30707], [-70.34585, -13.31275], [-70.34665, -13.29519], [-70.37084, -13.27641], [-70.40535, -13.26941], [-70.42271, -13.25546], [-70.41631, -13.24261], [-70.38921, -13.22988], [-70.38847, -13.19239]]]}}, {"type": "Feature", "properties": {"admin2_pcode": "PE0217", "admin2_name": "Recuay", "admin1_name": "Ancash"}, "geometry": {"type": "Polygon", "coordinates": [[[-77.18713, -9.83621], [-77.20282, -9.8311], [-77.20659, -9.82121], [-77.21694, -9.82393], [-77.22572, -9.80664], [-77.24403, -9.80759], [-77.23848, -9.78532], [-77.24554, -9.77323], [-77.23079, -9.74749], [-77.23612, -9.7258], [-77.22773, -9.71324], [-77.25063, -9.69186], [-77.24906, -9.67981], [-77.26971, -9.64874], [-77.32692, -9.67893], [-77.33504, -9.66549], [-77.42438, -9.67972], [-77.45205, -9.66812], [-77.47546, -9.67297], [-77.48412, -9.6616], [-77.5031, -9.6627], [-77.5256, -9.6896], [-77.52094, -9.71035], [-77.53625, -9.73787], [-77.52145, -9.79227], [-77.48895, -9.81984], [-77.49428, -9.83752], [-77.48436, -9.83962], [-77.4789, -9.87377], [-77.50328, -9.87476], [-77.50797, -9.86628], [-77.53773, -9.86127], [-77.55249, -9.87218], [-77.55807, -9.89363], [-77.60817, -9.95014], [-77.63187, -10.02229], [-77.72753, -10.01379], [-77.75063, -10.00621], [-77.76393, -9.9899], [-77.77499, -10.00143], [-77.7705, -10.0251], [-77.75036, -10.04538], [-77.73498, -10.04258], [-77.70997, -10.05245], [-77.72187, -10.07868], [-77.69968, -10.10853], [-77.69807, -10.14367], [-77.67217, -10.13969], [-77.6574, -10.14687], [-77.6744, -10.20671], [-77.66709, -10.21643], [-77.63432, -10.22423], [-77.60803, -10.24051], [-77.59251, -10.23675], [-77.57532, -10.24986], [-77.56123, -10.23101], [-77.5539, -10.18641], [-77.53211, -10.17203], [-77.51681, -10.1479], [-77.45867, -10.15616], [-77.40065, -10.13215], [-77.34581, -10.16053], [-77.33518, -10.14423], [-77.34234, -10.13084], [-77.32053, -10.12704], [-77.28045, -10.16031], [-77.24949, -10.13651], [-77.20878, -10.13248], [-77.20156, -10.09217], [-77.21624, -10.0868], [-77.20793, -10.06154], [-77.22436, -10.03789], [-77.21412, -10.02373], [-77.219, -10.01423], [-77.2056, -9.96703], [-77.22344, -9.95199], [-77.21606, -9.94297], [-77.21903, -9.9195], [-77.18905, -9.92949], [-77.17341, -9.91198], [-77.18713, -9.83621]]]}}, {"type": "Feature", "properties": {"admin2_pcode": "PE1605", "admin2_name": "Requena", "admin1_name": "Loreto"}, "geometry": {"type": "Polygon", "coordinates": [[[-73.12944, -4.69554], [-73.16034, -4.70842], [-73.18381, -4.68467], [-73.21716, -4.67396], [-73.26236, -4.64537], [-73.2894, -4.60867], [-73.32256, -4.58432], [-73.39747, -4.47611], [-73.42374, -4.46184], [-73.43522, -4.44636], [-73.45845, -4.46451], [-73.46726, -4.51868], [-73.51083, -4.55191], [-73.52941, -4.5843], [-73.58198, -4.61868], [-73.64423, -4.71424], [-73.67005, -4.732], [-73.71173, -4.73554], [-73.76479, -4.79748], [-73.79209, -4.81371], [-73.81029, -4.84319], [-73.8344, -4.85206], [-73.84954, -4.87698], [-73.87435, -4.88281], [-73.90182, -4.92874], [-73.893, -4.95558], [-73.92763, -5.00967], [-73.94636, -5.00023], [-73.95681, -4.97914], [-74.00016, -4.95768], [-74.04167, -4.94651], [-74.06709, -4.95663], [-74.08939, -4.96916], [-74.13117, -5.01503], [-74.17391, -5.03489], [-74.17878, -5.08698], [-74.23246, -5.11749], [-74.24551, -5.13619], [-74.2874, -5.13362], [-74.32359, -5.15237], [-74.35063, -5.15348], [-74.41834, -5.20693], [-74.45722, -5.21595], [-74.57292, -5.26432], [-74.61517, -5.30433], [-74.63801, -5.35401], [-74.82899, -5.45371], [-74.90209, -5.4703], [-74.92871, -5.48625], [-74.9601, -5.51986], [-74.99029, -5.51391], [-75.01947, -5.49693], [-75.06599, -5.4994], [-75.18158, -5.62323], [-75.2081, -5.6171], [-75.30493, -5.68621], [-75.33581, -5.69526], [-75.38376, -5.68892], [-75.41393, -5.72015], [-75.49748, -5.72803], [-75.50722, -5.75356], [-75.53936, -5.79466], [-75.5124, -5.86709], [-75.54671, -5.93608], [-75.56701, -5.95837], [-75.57111, -6.00399], [-75.53279, -6.0956], [-75.52937, -6.12216], [-75.39308, -6.08171], [-75.32031, -6.09975], [-75.23, -6.07242], [-75.18481, -6.0723], [-75.13831, -6.03453], [-75.04114, -6.00448], [-74.96169, -5.90149], [-74.90125, -5.86826], [-74.88427, -5.86685], [-74.84783, -5.89002], [-74.83518, -5.91988], [-74.80963, -5.92333], [-74.81108, -5.93815], [-74.82923, -5.95801], [-74.8068, -5.97336], [-74.80034, -6.00002], [-74.78687, -6.01295], [-74.76859, -6.0122], [-74.76059, -5.99714], [-74.78457, -5.95162], [-74.77897, -5.92662], [-74.76131, -5.92606], [-74.7314, -5.94744], [-74.69339, -5.95142], [-74.69049, -5.9794], [-74.69997, -6.01849], [-74.69233, -6.03396], [-74.70805, -6.03238], [-74.72913, -6.08079], [-74.77571, -6.10514], [-74.79337, -6.16154], [-74.86958, -6.22569], [-74.86506, -6.27286], [-74.89361, -6.33829], [-74.89853, -6.4064], [-74.91212, -6.43592], [-74.96423, -6.50092], [-74.97357, -6.52797], [-74.97379, -6.58073], [-74.95603, -6.68549], [-74.90076, -6.73387], [-74.88958, -6.85255], [-74.79849, -6.9802], [-74.82981, -7.03632], [-74.83661, -7.07167], [-74.87687, -7.11934], [-74.85489, -7.13793], [-74.85236, -7.15814], [-74.8763, -7.20552], [-74.88129, -7.23418], [-74.84106, -7.27173], [-74.83446, -7.29328], [-74.70762, -7.32154], [-74.64987, -7.30432], [-74.6251, -7.27049], [-74.62396, -7.24668], [-74.64881, -7.24119], [-74.64032, -7.1844], [-74.62299, -7.17332], [-74.59738, -7.17768], [-74.55162, -7.16593], [-74.53799, -7.17896], [-74.5393, -7.20214], [-74.51452, -7.21785], [-74.51206, -7.2428], [-74.50009, -7.26205], [-74.47204, -7.27547], [-74.46352, -7.2986], [-74.44445, -7.30713], [-74.43132, -7.30159], [-74.41383, -7.3149], [-74.37018, -7.31727], [-74.36157, -7.33661], [-74.34431, -7.34473], [-74.28404, -7.3542], [-74.25366, -7.34368], [-74.23373, -7.36002], [-74.18086, -7.35875], [-74.14164, -7.37777], [-74.13294, -7.4008], [-74.03911, -7.44888], [-74.03647, -7.48124], [-74.01837, -7.49145], [-74.01209, -7.51388], [-73.98303, -7.53436], [-73.94171, -7.53343], [-73.91834, -7.50386], [-73.92368, -7.47995], [-73.90976, -7.47299], [-73.92509, -7.42813], [-73.92174, -7.41988], [-73.93877, -7.40818], [-73.95555, -7.37083], [-73.95117, -7.35748], [-73.93497, -7.37726], [-73.92176, -7.36176], [-73.9067, -7.37342], [-73.90387, -7.3857], [-73.88733, -7.37892], [-73.86355, -7.38925], [-73.85366, -7.35431], [-73.82998, -7.35191], [-73.82253, -7.3392], [-73.78902, -7.34774], [-73.78136, -7.33875], [-73.76163, -7.3369], [-73.7529, -7.34039], [-73.75464, -7.35379], [-73.72289, -7.34172], [-73.69562, -7.31148], [-73.69736, -7.29304], [-73.716, -7.27371], [-73.70912, -7.24631], [-73.72107, -7.23705], [-73.71662, -7.22756], [-73.74246, -7.21949], [-73.75604, -7.1957], [-73.75611, -7.17413], [-73.76984, -7.16915], [-73.76903, -7.15495], [-73.78932, -7.14449], [-73.78264, -7.13062], [-73.79462, -7.13002], [-73.79986, -7.1171], [-73.78398, -7.10365], [-73.78707, -7.09029], [-73.75997, -7.05757], [-73.76128, -6.97773], [-73.74389, -6.96416], [-73.76155, -6.93867], [-73.74744, -6.90903], [-73.72227, -6.8846], [-73.71046, -6.84019], [-73.69595, -6.83997], [-73.68198, -6.81426], [-73.66637, -6.80555], [-73.63826, -6.75415], [-73.6244, -6.75283], [-73.62416, -6.74516], [-73.58713, -6.72362], [-73.56179, -6.72203], [-73.53639, -6.6834], [-73.50181, -6.67149], [-73.48532, -6.67452], [-73.47214, -6.66434], [-73.46405, -6.66906], [-73.4403, -6.65191], [-73.42485, -6.65502], [-73.41503, -6.64293], [-73.39115, -6.64193], [-73.37957, -6.63518], [-73.38263, -6.62197], [-73.37294, -6.60812], [-73.36847, -6.61347], [-73.35281, -6.59327], [-73.33327, -6.59354], [-73.32957, -6.60041], [-73.31592, -6.59085], [-73.29696, -6.59715], [-73.29238, -6.58768], [-73.27538, -6.58492], [-73.2683, -6.59346], [-73.25072, -6.581], [-73.23935, -6.59276], [-73.24176, -6.58375], [-73.22741, -6.58884], [-73.23006, -6.57345], [-73.22179, -6.56443], [-73.20669, -6.57711], [-73.19611, -6.56287], [-73.20297, -6.5532], [-73.19335, -6.55424], [-73.19953, -6.54671], [-73.18168, -6.54578], [-73.18726, -6.54074], [-73.17574, -6.53457], [-73.18797, -6.52302], [-73.17304, -6.52778], [-73.17033, -6.51794], [-73.16339, -6.53133], [-73.15135, -6.52668], [-73.14187, -6.50532], [-73.14182, -6.51468], [-73.13523, -6.51046], [-73.13195, -6.49675], [-73.14253, -6.49077], [-73.12791, -6.47693], [-73.12974, -6.46358], [-73.11856, -6.462], [-73.11979, -6.46795], [-73.11117, -6.45357], [-73.12119, -6.43174], [-73.10578, -6.4194], [-73.10473, -6.40666], [-73.11858, -6.38866], [-73.12791, -6.3932], [-73.12986, -6.37505], [-73.13558, -6.38026], [-73.13205, -6.36265], [-73.1409, -6.35874], [-73.14301, -6.33484], [-73.15055, -6.3384], [-73.14728, -6.32307], [-73.15253, -6.32934], [-73.15792, -6.32255], [-73.1607, -6.27667], [-73.18061, -6.25729], [-73.18667, -6.26207], [-73.2086, -6.21954], [-73.21283, -6.22609], [-73.22029, -6.21958], [-73.21121, -6.20171], [-73.22423, -6.19437], [-73.2156, -6.19247], [-73.21627, -6.18318], [-73.24664, -6.14962], [-73.24819, -6.10802], [-73.23573, -6.10075], [-73.23764, -6.09056], [-73.23112, -6.09134], [-73.23957, -6.07739], [-73.22747, -6.0767], [-73.2345, -6.06349], [-73.22879, -6.0536], [-73.23538, -6.05133], [-73.22754, -6.04358], [-73.23821, -6.04399], [-73.23629, -6.03569], [-73.21799, -6.02757], [-73.22234, -6.02206], [-73.2094, -6.0221], [-73.21839, -6.01988], [-73.20898, -6.00864], [-73.1868, -6.00513], [-73.19417, -5.99056], [-73.17734, -5.97085], [-73.18695, -5.94472], [-73.1796, -5.92679], [-73.17211, -5.93011], [-73.16766, -5.90765], [-73.16123, -5.90786], [-73.16732, -5.89712], [-73.15361, -5.88686], [-73.15612, -5.88085], [-73.16116, -5.88534], [-73.15207, -5.86796], [-73.13485, -5.86964], [-73.13575, -5.86343], [-73.12821, -5.87057], [-73.12236, -5.85783], [-73.11702, -5.86433], [-73.11422, -5.83318], [-73.10131, -5.82574], [-73.08909, -5.83023], [-73.08767, -5.82024], [-73.0954, -5.82118], [-73.07647, -5.81644], [-73.07548, -5.8098], [-73.08479, -5.81145], [-73.07979, -5.8012], [-73.073, -5.80515], [-73.07086, -5.79657], [-73.06726, -5.80217], [-73.06229, -5.79362], [-73.05303, -5.79517], [-73.04904, -5.78267], [-73.05465, -5.77564], [-73.04272, -5.77554], [-73.0464, -5.75935], [-73.01919, -5.74052], [-73.02753, -5.73341], [-73.00524, -5.73232], [-73.00791, -5.72434], [-73.00047, -5.72852], [-73.00318, -5.7202], [-72.99511, -5.71583], [-73.00399, -5.70847], [-72.99842, -5.70057], [-72.99067, -5.70621], [-72.99296, -5.69634], [-72.98422, -5.69351], [-72.97994, -5.6785], [-72.98956, -5.67451], [-72.98557, -5.66128], [-72.95912, -5.65689], [-72.97368, -5.61291], [-72.95165, -5.58267], [-72.96076, -5.57989], [-72.95298, -5.57747], [-72.96129, -5.5731], [-72.95015, -5.56358], [-72.95731, -5.55819], [-72.93857, -5.54128], [-72.95286, -5.54487], [-72.95441, -5.52359], [-72.96059, -5.52198], [-72.9616, -5.4953], [-72.94904, -5.47988], [-72.95843, -5.4809], [-72.95888, -5.46613], [-72.94592, -5.45369], [-72.95281, -5.44465], [-72.93211, -5.42687], [-72.93866, -5.41852], [-72.92414, -5.40761], [-72.92028, -5.37595], [-72.90725, -5.37099], [-72.90395, -5.35293], [-72.89029, -5.35084], [-72.89609, -5.33246], [-72.90353, -5.34], [-72.90416, -5.33381], [-72.88815, -5.32359], [-72.89185, -5.31772], [-72.88253, -5.31062], [-72.88864, -5.30691], [-72.8745, -5.30385], [-72.87045, -5.29378], [-72.87646, -5.28907], [-72.86778, -5.29073], [-72.86789, -5.27445], [-72.86052, -5.27117], [-72.87108, -5.26346], [-72.86224, -5.2475], [-72.87327, -5.24889], [-72.8639, -5.234], [-72.8649, -5.20768], [-72.87574, -5.20367], [-72.86936, -5.20086], [-72.87673, -5.18841], [-72.86903, -5.17906], [-72.87578, -5.17668], [-72.87999, -5.18689], [-72.87719, -5.17418], [-72.88421, -5.17525], [-72.88789, -5.16582], [-72.85497, -5.1387], [-72.88292, -5.12215], [-72.91279, -5.1199], [-72.98486, -5.05257], [-73.00329, -5.05758], [-73.05387, -5.03725], [-73.0981, -5.0008], [-73.16992, -4.998], [-73.23624, -4.97057], [-73.10215, -4.78977], [-73.12944, -4.69554]]]}}, {"type": "Feature", "properties": {"admin2_pcode": "PE2208", "admin2_name": "Rioja", "admin1_name": "San Martin"}, "geometry": {"type": "Polygon", "coordinates": [[[-77.19728, -6.23342], [-77.1778, -6.23346], [-77.16214, -6.22533], [-77.15314, -6.20972], [-77.12454, -6.20336], [-77.12841, -6.18983], [-77.11982, -6.16247], [-77.13111, -6.14636], [-77.12354, -6.13293], [-77.13267, -6.12853], [-77.13392, -6.10966], [-77.14079, -6.11443], [-77.14637, -6.108], [-77.14598, -6.08689], [-77.13686, -6.08619], [-77.13943, -6.07332], [-77.14355, -6.08039], [-77.15203, -6.07039], [-77.15149, -6.05732], [-77.1454, -6.06237], [-77.1442, -6.05625], [-77.15597, -6.03928], [-77.14936, -6.03804], [-77.1479, -6.01791], [-77.15733, -6.00894], [-77.1504, -6.00896], [-77.14815, -5.99398], [-77.14225, -5.99713], [-77.13963, -5.98014], [-77.14918, -5.97793], [-77.14036, -5.97178], [-77.14592, -5.9649], [-77.14041, -5.96035], [-77.14839, -5.95952], [-77.13882, -5.95363], [-77.14205, -5.93653], [-77.14838, -5.94209], [-77.15402, -5.93283], [-77.15297, -5.94007], [-77.16142, -5.93578], [-77.18226, -5.94712], [-77.18892, -5.93626], [-77.2029, -5.94002], [-77.2053, -5.92425], [-77.2189, -5.91992], [-77.2127, -5.90763], [-77.22503, -5.89526], [-77.23144, -5.89787], [-77.23573, -5.88328], [-77.24647, -5.88277], [-77.23775, -5.86066], [-77.24642, -5.85531], [-77.24102, -5.85179], [-77.24747, -5.84145], [-77.25454, -5.84184], [-77.25637, -5.82901], [-77.24748, -5.83251], [-77.25139, -5.80425], [-77.25746, -5.80505], [-77.25726, -5.79658], [-77.25896, -5.80227], [-77.27056, -5.79897], [-77.26299, -5.79208], [-77.27244, -5.78231], [-77.26741, -5.77844], [-77.28228, -5.78006], [-77.27934, -5.76898], [-77.2849, -5.77667], [-77.29178, -5.76574], [-77.29963, -5.76744], [-77.29888, -5.75547], [-77.30696, -5.76404], [-77.31511, -5.75459], [-77.31472, -5.76701], [-77.33244, -5.75365], [-77.34027, -5.7594], [-77.35118, -5.73062], [-77.36057, -5.7337], [-77.35983, -5.71979], [-77.37288, -5.72523], [-77.37881, -5.72236], [-77.37127, -5.72188], [-77.37511, -5.71134], [-77.38402, -5.71586], [-77.38139, -5.7071], [-77.40165, -5.71021], [-77.42041, -5.67873], [-77.43184, -5.67887], [-77.43214, -5.68515], [-77.439, -5.67995], [-77.44607, -5.68966], [-77.46172, -5.67919], [-77.46622, -5.68415], [-77.50892, -5.67341], [-77.51603, -5.67765], [-77.50812, -5.68624], [-77.52518, -5.69809], [-77.53339, -5.69274], [-77.5333, -5.70444], [-77.57542, -5.71282], [-77.57173, -5.70725], [-77.5872, -5.69825], [-77.58287, -5.68669], [-77.62053, -5.65571], [-77.62422, -5.6299], [-77.65901, -5.57198], [-77.64185, -5.52274], [-77.73164, -5.43634], [-77.74483, -5.4069], [-77.76774, -5.43572], [-77.74883, -5.45986], [-77.77064, -5.47815], [-77.77179, -5.49212], [-77.75704, -5.51394], [-77.76576, -5.53898], [-77.73638, -5.60929], [-77.75261, -5.63758], [-77.75437, -5.659], [-77.77509, -5.68968], [-77.77515, -5.71075], [-77.75936, -5.72985], [-77.77242, -5.75335], [-77.76056, -5.77045], [-77.77036, -5.78814], [-77.76393, -5.81971], [-77.74614, -5.83511], [-77.72642, -5.84398], [-77.69481, -5.84023], [-77.68153, -5.84949], [-77.68308, -5.87758], [-77.66551, -5.8922], [-77.66329, -5.91767], [-77.65189, -5.93533], [-77.67167, -5.9741], [-77.63914, -6.00108], [-77.59771, -6.00442], [-77.59636, -6.03333], [-77.5862, -6.03692], [-77.5668, -6.02812], [-77.55474, -6.05073], [-77.53381, -6.06337], [-77.51792, -6.05485], [-77.50975, -6.0325], [-77.48902, -6.02851], [-77.48708, -6.01025], [-77.4769, -5.99997], [-77.43212, -6.06192], [-77.4193, -6.03238], [-77.40461, -6.03473], [-77.39419, -6.04112], [-77.3805, -6.07999], [-77.35868, -6.07282], [-77.34643, -6.11434], [-77.33241, -6.11218], [-77.28048, -6.14221], [-77.25796, -6.13802], [-77.24065, -6.14976], [-77.22437, -6.14555], [-77.20206, -6.17971], [-77.21909, -6.19573], [-77.19728, -6.23342]]]}}, {"type": "Feature", "properties": {"admin2_pcode": "PE0106", "admin2_name": "Rodriguez de Mendoza", "admin1_name": "Amazonas"}, "geometry": {"type": "Polygon", "coordinates": [[[-77.19728, -6.23342], [-77.21909, -6.19573], [-77.20206, -6.17971], [-77.22437, -6.14555], [-77.24065, -6.14976], [-77.25796, -6.13802], [-77.28048, -6.14221], [-77.33241, -6.11218], [-77.34643, -6.11434], [-77.35868, -6.07282], [-77.3805, -6.07999], [-77.39419, -6.04112], [-77.40461, -6.03473], [-77.4193, -6.03238], [-77.43212, -6.06192], [-77.4769, -5.99997], [-77.48708, -6.01025], [-77.48902, -6.02851], [-77.50975, -6.0325], [-77.51792, -6.05485], [-77.53381, -6.06337], [-77.52117, -6.08543], [-77.50652, -6.08931], [-77.50938, -6.11873], [-77.4976, -6.13282], [-77.49974, -6.154], [-77.48807, -6.1586], [-77.46965, -6.18646], [-77.5153, -6.22504], [-77.52976, -6.24571], [-77.5277, -6.25896], [-77.54013, -6.28745], [-77.55481, -6.30258], [-77.56788, -6.30946], [-77.58901, -6.30442], [-77.61757, -6.28076], [-77.62909, -6.31374], [-77.67004, -6.33982], [-77.69537, -6.33503], [-77.70835, -6.34095], [-77.70431, -6.36147], [-77.72986, -6.37162], [-77.75226, -6.40355], [-77.74352, -6.42066], [-77.74606, -6.4366], [-77.7326, -6.45315], [-77.73913, -6.46478], [-77.72884, -6.49412], [-77.72618, -6.55206], [-77.70672, -6.55977], [-77.70618, -6.58159], [-77.69138, -6.58609], [-77.66655, -6.57826], [-77.65587, -6.60366], [-77.62666, -6.61274], [-77.61234, -6.61226], [-77.56876, -6.63822], [-77.54407, -6.677], [-77.5212, -6.67968], [-77.51066, -6.67234], [-77.47548, -6.68363], [-77.45647, -6.68052], [-77.40556, -6.72621], [-77.40014, -6.70845], [-77.38173, -6.69759], [-77.40499, -6.66305], [-77.40766, -6.64633], [-77.42369, -6.63806], [-77.43565, -6.61807], [-77.43788, -6.60253], [-77.39387, -6.60269], [-77.38051, -6.56923], [-77.35929, -6.56445], [-77.34485, -6.54723], [-77.32636, -6.46803], [-77.30591, -6.45372], [-77.29767, -6.42474], [-77.27316, -6.40653], [-77.27551, -6.38473], [-77.28265, -6.37269], [-77.28291, -6.32839], [-77.26169, -6.32714], [-77.24365, -6.33812], [-77.22146, -6.38113], [-77.20896, -6.37504], [-77.16595, -6.37943], [-77.14658, -6.35111], [-77.1323, -6.32255], [-77.13273, -6.30242], [-77.17079, -6.2652], [-77.17407, -6.24653], [-77.19728, -6.23342]]]}}, {"type": "Feature", "properties": {"admin2_pcode": "PE2110", "admin2_name": "San Antonio de Putina", "admin1_name": "Puno"}, "geometry": {"type": "Polygon", "coordinates": [[[-69.11391, -14.4878], [-69.1488, -14.45132], [-69.18173, -14.43837], [-69.22049, -14.43927], [-69.22572, -14.42608], [-69.21855, -14.39249], [-69.23204, -14.38289], [-69.23504, -14.35699], [-69.22844, -14.34264], [-69.24577, -14.31625], [-69.26643, -14.30628], [-69.27408, -14.31132], [-69.2708, -14.34743], [-69.30313, -14.39912], [-69.28917, -14.42495], [-69.29059, -14.45151], [-69.29643, -14.48554], [-69.30804, -14.49819], [-69.30697, -14.51746], [-69.31533, -14.52249], [-69.31332, -14.55205], [-69.3332, -14.57642], [-69.3248, -14.60142], [-69.33182, -14.61617], [-69.34785, -14.62352], [-69.37299, -14.61018], [-69.41273, -14.62111], [-69.44467, -14.61163], [-69.44697, -14.59742], [-69.46061, -14.5874], [-69.48172, -14.58995], [-69.50614, -14.60756], [-69.51615, -14.60161], [-69.53887, -14.61136], [-69.54891, -14.6269], [-69.58176, -14.62722], [-69.61353, -14.66182], [-69.63545, -14.62586], [-69.65713, -14.60865], [-69.66664, -14.53104], [-69.69096, -14.51782], [-69.7274, -14.50873], [-69.73188, -14.49276], [-69.76569, -14.47245], [-69.76922, -14.45374], [-69.77774, -14.4486], [-69.79513, -14.4464], [-69.79614, -14.45662], [-69.81033, -14.45935], [-69.81702, -14.4487], [-69.87009, -14.44467], [-69.88988, -14.43427], [-69.89494, -14.4783], [-69.94984, -14.49155], [-69.95417, -14.50408], [-69.98615, -14.52376], [-70.01183, -14.55892], [-69.98758, -14.58367], [-69.93358, -14.56865], [-69.91395, -14.57966], [-69.89709, -14.56701], [-69.87744, -14.60247], [-69.8651, -14.58534], [-69.85498, -14.61223], [-69.85702, -14.64705], [-69.84859, -14.6558], [-69.85866, -14.68628], [-69.83618, -14.73838], [-69.85416, -14.76079], [-69.85827, -14.77763], [-69.84957, -14.79008], [-69.90075, -14.82728], [-69.89767, -14.85179], [-69.91162, -14.86529], [-69.93819, -14.84285], [-69.96949, -14.85205], [-69.97014, -14.86076], [-69.98858, -14.8731], [-69.96592, -14.92545], [-69.97611, -14.94401], [-69.95822, -14.96438], [-69.9669, -15.02965], [-69.94733, -15.05505], [-69.92193, -15.05939], [-69.91728, -15.09792], [-69.90992, -15.09463], [-69.89988, -15.11042], [-69.88431, -15.10263], [-69.87661, -15.10876], [-69.87457, -15.08777], [-69.88567, -15.08134], [-69.86878, -15.06477], [-69.86731, -15.0519], [-69.85144, -15.04278], [-69.84316, -15.01869], [-69.84734, -15.00489], [-69.83343, -14.99716], [-69.82754, -14.98183], [-69.8158, -14.98718], [-69.79846, -14.97885], [-69.80025, -14.95814], [-69.78241, -14.95455], [-69.7649, -14.96336], [-69.74586, -14.99447], [-69.73094, -14.99769], [-69.72937, -14.97592], [-69.71239, -14.95419], [-69.70506, -14.95799], [-69.65878, -14.94321], [-69.6365, -14.95505], [-69.62166, -14.94957], [-69.62332, -14.93588], [-69.6121, -14.91316], [-69.568, -14.91572], [-69.54179, -14.92943], [-69.51766, -14.87617], [-69.5296, -14.85797], [-69.52966, -14.84296], [-69.49954, -14.80237], [-69.5122, -14.78064], [-69.5055, -14.76816], [-69.49428, -14.76284], [-69.46364, -14.77201], [-69.44942, -14.78797], [-69.43804, -14.83411], [-69.41565, -14.84576], [-69.41352, -14.85504], [-69.4038, -14.82566], [-69.3538, -14.80167], [-69.30265, -14.76584], [-69.27085, -14.76957], [-69.23994, -14.75947], [-69.22847, -14.74576], [-69.22595, -14.73637], [-69.25449, -14.69976], [-69.25837, -14.68398], [-69.2449, -14.66133], [-69.2279, -14.65416], [-69.2296, -14.59969], [-69.22089, -14.58154], [-69.17925, -14.59052], [-69.15003, -14.58031], [-69.14354, -14.53026], [-69.15424, -14.52208], [-69.11829, -14.50789], [-69.11391, -14.4878]]]}}, {"type": "Feature", "properties": {"admin2_pcode": "PE0609", "admin2_name": "San Ignacio", "admin1_name": "Cajamarca"}, "geometry": {"type": "Polygon", "coordinates": [[[-78.58981, -5.32494], [-78.60966, -5.30751], [-78.64157, -5.30375], [-78.65443, -5.2743], [-78.68424, -5.26749], [-78.68409, -5.23903], [-78.69399, -5.23188], [-78.70911, -5.17963], [-78.70062, -5.10408], [-78.68341, -5.08703], [-78.68062, -5.07248], [-78.65771, -5.06742], [-78.64053, -5.03424], [-78.65143, -4.97857], [-78.66622, -4.9795], [-78.67833, -4.96838], [-78.6451, -4.90747], [-78.6438, -4.85815], [-78.63188, -4.83645], [-78.64194, -4.80235], [-78.6207, -4.76793], [-78.63113, -4.75731], [-78.62827, -4.73968], [-78.64503, -4.73483], [-78.64, -4.70523], [-78.63171, -4.69843], [-78.64363, -4.68216], [-78.63787, -4.65642], [-78.65172, -4.64618], [-78.66503, -4.65583], [-78.70596, -4.62387], [-78.76206, -4.62911], [-78.77434, -4.64206], [-78.80476, -4.63793], [-78.84099, -4.6536], [-78.86183, -4.67471], [-78.86322, -4.6906], [-78.89049, -4.71729], [-78.88963, -4.76393], [-78.91542, -4.78086], [-78.89169, -4.80801], [-78.8969, -4.8322], [-78.91186, -4.85164], [-78.88953, -4.87303], [-78.89166, -4.88734], [-78.94497, -4.89815], [-78.97228, -4.89487], [-78.99139, -4.96578], [-79.01491, -5.01562], [-79.03436, -5.01334], [-79.05635, -4.98909], [-79.07104, -4.99107], [-79.07616, -4.97104], [-79.11071, -4.9794], [-79.14974, -4.96472], [-79.20987, -4.96551], [-79.22206, -4.98238], [-79.21296, -5.00133], [-79.22591, -5.0474], [-79.27291, -5.05848], [-79.2736, -5.07371], [-79.29613, -5.1016], [-79.29513, -5.11076], [-79.33028, -5.1243], [-79.34168, -5.14029], [-79.34437, -5.16584], [-79.36872, -5.17525], [-79.37837, -5.18998], [-79.36972, -5.213], [-79.34867, -5.23454], [-79.34731, -5.25245], [-79.36074, -5.27393], [-79.35729, -5.28988], [-79.3277, -5.31674], [-79.32648, -5.34804], [-79.3197, -5.36293], [-79.30854, -5.3654], [-79.30546, -5.42701], [-79.29459, -5.43989], [-79.29927, -5.46], [-79.28057, -5.48661], [-79.28133, -5.52471], [-79.25906, -5.50174], [-79.20098, -5.50524], [-79.19014, -5.49033], [-79.18909, -5.45451], [-79.17617, -5.45049], [-79.15285, -5.42211], [-79.1551, -5.39736], [-79.12241, -5.38768], [-79.10012, -5.36578], [-79.07961, -5.42303], [-79.06086, -5.44561], [-79.0305, -5.45251], [-79.01023, -5.44534], [-78.99685, -5.46378], [-78.93557, -5.47717], [-78.86651, -5.46966], [-78.83404, -5.44389], [-78.7867, -5.42843], [-78.77793, -5.39146], [-78.76078, -5.37414], [-78.74605, -5.38206], [-78.7476, -5.39257], [-78.72736, -5.39551], [-78.72381, -5.38874], [-78.69748, -5.40753], [-78.67737, -5.40874], [-78.63803, -5.36565], [-78.59565, -5.33938], [-78.58981, -5.32494]]]}}, {"type": "Feature", "properties": {"admin2_pcode": "PE0610", "admin2_name": "San Marcos", "admin1_name": "Cajamarca"}, "geometry": {"type": "Polygon", "coordinates": [[[-77.8296, -7.34764], [-77.83837, -7.34112], [-77.83283, -7.30455], [-77.84149, -7.28877], [-77.85681, -7.28262], [-77.85943, -7.25402], [-77.84924, -7.23557], [-77.88201, -7.22055], [-77.88107, -7.19462], [-77.89778, -7.18249], [-77.89787, -7.16681], [-77.92561, -7.15457], [-77.92974, -7.10555], [-77.95115, -7.06461], [-78.01595, -7.0968], [-78.05628, -7.13486], [-78.1026, -7.12777], [-78.11445, -7.14625], [-78.18369, -7.14915], [-78.20051, -7.17615], [-78.23956, -7.20654], [-78.25083, -7.23066], [-78.23939, -7.24104], [-78.21621, -7.29654], [-78.22172, -7.30681], [-78.23638, -7.31827], [-78.27175, -7.29361], [-78.28794, -7.32817], [-78.32558, -7.34286], [-78.30799, -7.34111], [-78.27665, -7.3589], [-78.27738, -7.37345], [-78.21984, -7.38762], [-78.21767, -7.41024], [-78.20452, -7.4164], [-78.16837, -7.46549], [-78.13025, -7.48052], [-78.12076, -7.46632], [-78.08645, -7.45406], [-78.05364, -7.4653], [-78.04122, -7.4565], [-78.01332, -7.46216], [-77.9856, -7.4091], [-77.98225, -7.38589], [-77.94255, -7.34566], [-77.91965, -7.34377], [-77.88259, -7.36424], [-77.8296, -7.34764]]]}}, {"type": "Feature", "properties": {"admin2_pcode": "PE2209", "admin2_name": "San Martin", "admin1_name": "San Martin"}, "geometry": {"type": "Polygon", "coordinates": [[[-75.52937, -6.12216], [-75.53279, -6.0956], [-75.57111, -6.00399], [-75.62107, -6.02938], [-75.62921, -6.08299], [-75.6517, -6.09791], [-75.68005, -6.09531], [-75.71883, -6.14123], [-75.77116, -6.14765], [-75.76774, -6.12756], [-75.77478, -6.12039], [-75.78309, -6.12334], [-75.79878, -6.10483], [-75.82768, -6.09858], [-75.83472, -6.10701], [-75.85152, -6.10175], [-75.83798, -6.14051], [-75.89587, -6.13202], [-75.91655, -6.14076], [-75.93395, -6.21477], [-75.97279, -6.26675], [-75.97889, -6.29053], [-75.92274, -6.36732], [-75.92648, -6.37635], [-75.91903, -6.38625], [-75.92579, -6.40005], [-75.91059, -6.41607], [-75.90127, -6.4587], [-75.94146, -6.4644], [-75.95406, -6.49047], [-75.96929, -6.48879], [-75.97909, -6.49947], [-76.00728, -6.49863], [-76.07074, -6.47243], [-76.1128, -6.47617], [-76.13258, -6.4995], [-76.16757, -6.50568], [-76.18357, -6.49842], [-76.18279, -6.48254], [-76.19765, -6.47478], [-76.18075, -6.45956], [-76.18454, -6.42745], [-76.23244, -6.41937], [-76.24689, -6.43171], [-76.26985, -6.42647], [-76.31579, -6.36566], [-76.35892, -6.33941], [-76.38236, -6.39487], [-76.4108, -6.38], [-76.42548, -6.3813], [-76.44765, -6.41301], [-76.45914, -6.46168], [-76.47826, -6.48393], [-76.49156, -6.48716], [-76.45625, -6.51613], [-76.46059, -6.53087], [-76.41839, -6.56183], [-76.42526, -6.57332], [-76.37374, -6.61797], [-76.40793, -6.63565], [-76.42757, -6.66369], [-76.45632, -6.68001], [-76.41679, -6.68097], [-76.40882, -6.68992], [-76.38328, -6.6782], [-76.35105, -6.68922], [-76.32335, -6.68044], [-76.27505, -6.69207], [-76.25682, -6.77261], [-76.20799, -6.76099], [-76.19768, -6.75056], [-76.19628, -6.7269], [-76.1841, -6.70826], [-76.15615, -6.70697], [-76.12677, -6.68799], [-76.12121, -6.69944], [-76.09541, -6.71486], [-76.10339, -6.72881], [-76.06852, -6.80149], [-76.0509, -6.81086], [-76.01158, -6.80602], [-76.00058, -6.79506], [-75.98383, -6.79375], [-75.98016, -6.80007], [-75.96495, -6.78841], [-75.94295, -6.79503], [-75.91536, -6.79064], [-75.87752, -6.8023], [-75.84388, -6.79726], [-75.81393, -6.81723], [-75.81397, -6.82548], [-75.79418, -6.8214], [-75.78054, -6.84841], [-75.74606, -6.85655], [-75.7248, -6.85087], [-75.70081, -6.86911], [-75.68999, -6.86127], [-75.68675, -6.84614], [-75.67292, -6.8444], [-75.65967, -6.81933], [-75.6427, -6.81556], [-75.63344, -6.84306], [-75.61689, -6.84119], [-75.57679, -6.82099], [-75.57417, -6.80883], [-75.56184, -6.80161], [-75.5118, -6.78557], [-75.50044, -6.75935], [-75.50621, -6.69705], [-75.50023, -6.64032], [-75.5093, -6.58298], [-75.50298, -6.55223], [-75.5096, -6.49214], [-75.52423, -6.47558], [-75.52014, -6.46482], [-75.52985, -6.4401], [-75.539, -6.43513], [-75.53373, -6.4163], [-75.54342, -6.40687], [-75.53645, -6.39154], [-75.55009, -6.34771], [-75.49634, -6.28103], [-75.48729, -6.25426], [-75.48719, -6.20342], [-75.49415, -6.18932], [-75.52555, -6.16513], [-75.52937, -6.12216]]]}}, {"type": "Feature", "properties": {"admin2_pcode": "PE0611", "admin2_name": "San Miguel", "admin1_name": "Cajamarca"}, "geometry": {"type": "Polygon", "coordinates": [[[-78.71841, -6.73967], [-78.74616, -6.74461], [-78.81698, -6.69225], [-78.84599, -6.70253], [-78.85253, -6.71064], [-78.84949, -6.73869], [-78.88694, -6.79718], [-78.88322, -6.84354], [-78.91576, -6.84703], [-78.93645, -6.83958], [-78.97851, -6.86242], [-79.02293, -6.83974], [-79.04974, -6.83622], [-79.08189, -6.87352], [-79.1337, -6.86908], [-79.20709, -6.82144], [-79.22479, -6.85838], [-79.26274, -6.85916], [-79.27308, -6.87665], [-79.29564, -6.8835], [-79.31101, -6.90134], [-79.31014, -6.9254], [-79.29923, -6.94072], [-79.30729, -6.96862], [-79.29665, -7.00074], [-79.32259, -7.02568], [-79.33049, -7.07597], [-79.31292, -7.09039], [-79.3137, -7.12066], [-79.29619, -7.12962], [-79.3053, -7.14715], [-79.28096, -7.15708], [-79.27455, -7.18278], [-79.2518, -7.19835], [-79.21315, -7.19535], [-79.19848, -7.18543], [-79.17008, -7.19273], [-79.15502, -7.18623], [-79.14324, -7.19375], [-79.1244, -7.18058], [-79.10501, -7.19344], [-79.08759, -7.2209], [-79.0822, -7.25276], [-79.05802, -7.23956], [-79.04413, -7.19519], [-79.01662, -7.17878], [-78.98611, -7.19184], [-78.95568, -7.18767], [-78.9437, -7.20487], [-78.93376, -7.2022], [-78.91954, -7.21095], [-78.88563, -7.17043], [-78.87824, -7.14179], [-78.88286, -7.09134], [-78.87317, -7.08316], [-78.8654, -7.04278], [-78.82507, -7.02097], [-78.78645, -7.02368], [-78.76013, -6.99979], [-78.74059, -6.99928], [-78.73693, -6.97487], [-78.69657, -6.94198], [-78.68968, -6.91467], [-78.64917, -6.90363], [-78.62771, -6.87828], [-78.62643, -6.85781], [-78.61508, -6.85161], [-78.61158, -6.83427], [-78.62809, -6.82716], [-78.63314, -6.80889], [-78.62688, -6.79344], [-78.63839, -6.77782], [-78.67789, -6.76091], [-78.69181, -6.74319], [-78.70501, -6.7512], [-78.71841, -6.73967]]]}}, {"type": "Feature", "properties": {"admin2_pcode": "PE0612", "admin2_name": "San Pablo", "admin1_name": "Cajamarca"}, "geometry": {"type": "Polygon", "coordinates": [[[-78.60138, -6.86763], [-78.61508, -6.85161], [-78.62643, -6.85781], [-78.62771, -6.87828], [-78.64917, -6.90363], [-78.68968, -6.91467], [-78.69657, -6.94198], [-78.73693, -6.97487], [-78.74059, -6.99928], [-78.76013, -6.99979], [-78.78645, -7.02368], [-78.82507, -7.02097], [-78.8654, -7.04278], [-78.87317, -7.08316], [-78.88286, -7.09134], [-78.87824, -7.14179], [-78.88563, -7.17043], [-78.91954, -7.21095], [-78.89555, -7.22879], [-78.86705, -7.22028], [-78.80637, -7.22417], [-78.77975, -7.21417], [-78.74599, -7.21933], [-78.73091, -7.21211], [-78.72, -7.17082], [-78.6623, -7.10408], [-78.66267, -7.09285], [-78.637, -7.05754], [-78.62793, -7.01637], [-78.60495, -6.99759], [-78.60439, -6.9555], [-78.61351, -6.92073], [-78.59893, -6.88582], [-78.60138, -6.86763]]]}}, {"type": "Feature", "properties": {"admin2_pcode": "PE2111", "admin2_name": "San Roman", "admin1_name": "Puno"}, "geometry": {"type": "Polygon", "coordinates": [[[-70.15924, -15.35484], [-70.18074, -15.37699], [-70.21167, -15.36052], [-70.23009, -15.3376], [-70.27574, -15.31393], [-70.2764, -15.33494], [-70.28585, -15.33742], [-70.29237, -15.35422], [-70.26687, -15.37494], [-70.2687, -15.39548], [-70.27911, -15.40211], [-70.3063, -15.38605], [-70.31539, -15.39579], [-70.32823, -15.39312], [-70.3417, -15.41147], [-70.32062, -15.45328], [-70.30105, -15.46812], [-70.28877, -15.46435], [-70.29674, -15.48874], [-70.27081, -15.51094], [-70.27297, -15.52197], [-70.25733, -15.55155], [-70.35553, -15.64], [-70.36661, -15.66429], [-70.39892, -15.67588], [-70.43383, -15.67702], [-70.46537, -15.65416], [-70.47477, -15.657], [-70.49407, -15.67776], [-70.49849, -15.67346], [-70.52836, -15.6882], [-70.54659, -15.72422], [-70.5459, -15.73859], [-70.55821, -15.73876], [-70.57236, -15.71969], [-70.60864, -15.75883], [-70.63824, -15.74638], [-70.65784, -15.76077], [-70.66251, -15.77936], [-70.68715, -15.7945], [-70.71279, -15.78195], [-70.71909, -15.79077], [-70.74614, -15.77607], [-70.76986, -15.7874], [-70.79726, -15.78032], [-70.81356, -15.79334], [-70.81387, -15.8144], [-70.84477, -15.80586], [-70.8692, -15.83727], [-70.88752, -15.84068], [-70.89054, -15.85125], [-70.89291, -15.8884], [-70.86578, -15.88939], [-70.84534, -15.92193], [-70.8322, -15.9491], [-70.84195, -15.971], [-70.8202, -15.97847], [-70.80751, -15.98802], [-70.79997, -15.97596], [-70.77597, -16.0134], [-70.74124, -16.01618], [-70.72211, -16.03419], [-70.66835, -16.01339], [-70.64082, -15.98764], [-70.62477, -16.00302], [-70.56289, -15.9825], [-70.51657, -15.97624], [-70.50414, -15.95898], [-70.48081, -15.9465], [-70.47928, -15.9112], [-70.44617, -15.89573], [-70.44525, -15.86757], [-70.42765, -15.84889], [-70.43145, -15.83355], [-70.41906, -15.81941], [-70.43842, -15.78715], [-70.41575, -15.73661], [-70.39595, -15.72981], [-70.37426, -15.74104], [-70.34143, -15.72613], [-70.31279, -15.7369], [-70.28374, -15.69545], [-70.26897, -15.69207], [-70.2613, -15.67369], [-70.24624, -15.67554], [-70.20508, -15.64227], [-70.20123, -15.61688], [-70.16795, -15.63224], [-70.16962, -15.63968], [-70.14813, -15.65712], [-70.14582, -15.66983], [-70.12344, -15.6375], [-70.08374, -15.64246], [-70.08571, -15.63438], [-70.02573, -15.5655], [-69.99859, -15.56012], [-70.01492, -15.55675], [-69.99501, -15.5421], [-69.98786, -15.54395], [-69.98847, -15.55367], [-69.96178, -15.54681], [-69.96831, -15.53571], [-69.99656, -15.5061], [-69.99015, -15.48871], [-70.00378, -15.47041], [-70.02819, -15.45819], [-70.02539, -15.43793], [-70.08405, -15.45524], [-70.07113, -15.42524], [-70.08129, -15.39877], [-70.07065, -15.39743], [-70.09471, -15.38368], [-70.10714, -15.34526], [-70.12355, -15.33726], [-70.13203, -15.33382], [-70.15924, -15.35484]]]}}, {"type": "Feature", "properties": {"admin2_pcode": "PE1309", "admin2_name": "Sanchez Carrion", "admin1_name": "La Libertad"}, "geometry": {"type": "Polygon", "coordinates": [[[-77.74598, -7.47916], [-77.76487, -7.47945], [-77.7912, -7.5], [-77.85686, -7.52353], [-77.86794, -7.58303], [-77.92242, -7.59974], [-77.91314, -7.62587], [-77.9405, -7.64063], [-77.93195, -7.65249], [-77.93658, -7.65748], [-77.96014, -7.65526], [-77.9628, -7.67431], [-77.97385, -7.66704], [-77.99864, -7.67907], [-78.04957, -7.67856], [-78.08122, -7.69617], [-78.11605, -7.65401], [-78.12816, -7.65316], [-78.1423, -7.66483], [-78.141, -7.68272], [-78.15886, -7.69335], [-78.17135, -7.71339], [-78.19029, -7.7175], [-78.19809, -7.72909], [-78.21935, -7.72446], [-78.21313, -7.75753], [-78.22182, -7.76346], [-78.26115, -7.75402], [-78.2729, -7.79723], [-78.25232, -7.83718], [-78.25301, -7.88653], [-78.24347, -7.88165], [-78.21716, -7.90205], [-78.21463, -7.89446], [-78.18932, -7.94081], [-78.16983, -7.94267], [-78.16715, -7.9336], [-78.14721, -7.93271], [-78.13286, -7.95735], [-78.07146, -7.94377], [-78.06631, -7.92879], [-78.0465, -7.92496], [-78.03221, -7.90696], [-78.00711, -7.98123], [-77.98563, -7.98232], [-77.97188, -8.01263], [-77.95864, -8.00049], [-77.96064, -7.97064], [-77.93248, -7.98411], [-77.91999, -8.00022], [-77.90561, -7.99308], [-77.88782, -7.99959], [-77.87736, -7.97932], [-77.86459, -7.9872], [-77.83795, -7.97524], [-77.80364, -8.00757], [-77.75565, -8.00261], [-77.7557, -7.98991], [-77.71279, -7.95761], [-77.69126, -7.97596], [-77.64082, -7.98333], [-77.64049, -7.96057], [-77.62392, -7.94535], [-77.62991, -7.93613], [-77.62709, -7.90122], [-77.63578, -7.89143], [-77.62269, -7.87187], [-77.63636, -7.82992], [-77.65012, -7.81293], [-77.64838, -7.80176], [-77.65689, -7.79633], [-77.65359, -7.77046], [-77.66885, -7.7222], [-77.66545, -7.71232], [-77.65453, -7.71014], [-77.67719, -7.68715], [-77.67603, -7.6406], [-77.69823, -7.61521], [-77.70093, -7.59354], [-77.6982, -7.56455], [-77.74338, -7.50767], [-77.74598, -7.47916]]]}}, {"type": "Feature", "properties": {"admin2_pcode": "PE2112", "admin2_name": "Sandia", "admin1_name": "Puno"}, "geometry": {"type": "Polygon", "coordinates": [[[-69.11391, -14.4878], [-69.09748, -14.48572], [-69.08195, -14.44444], [-69.06123, -14.44254], [-69.05038, -14.42913], [-69.02838, -14.42482], [-69.02481, -14.40681], [-69.00526, -14.40434], [-69.00401, -14.39117], [-68.98541, -14.37466], [-69.01524, -14.31471], [-69.00518, -14.29087], [-68.97925, -14.26563], [-68.9884, -14.25043], [-68.98501, -14.23712], [-68.96894, -14.23523], [-68.96241, -14.22005], [-68.82676, -14.21561], [-68.84631, -14.19694], [-68.85618, -14.16267], [-68.84625, -14.15303], [-68.8337, -14.15394], [-68.83329, -14.14487], [-68.84926, -14.1383], [-68.87113, -14.11106], [-68.87528, -14.08679], [-68.88405, -14.08392], [-68.87943, -14.06467], [-68.89032, -14.04661], [-68.90905, -14.04042], [-68.91794, -14.02735], [-68.93634, -14.02635], [-68.94629, -14.00452], [-68.95401, -14.00528], [-68.97889, -13.97653], [-68.9633, -13.94867], [-68.98283, -13.93008], [-68.98253, -13.89471], [-68.9728, -13.88219], [-68.95096, -13.87867], [-68.94105, -13.83954], [-68.92307, -13.82804], [-68.91724, -13.81417], [-68.95859, -13.7905], [-68.97428, -13.79617], [-68.99423, -13.78751], [-68.99239, -13.77805], [-68.98036, -13.78298], [-68.97446, -13.76059], [-69.00776, -13.7385], [-69.02595, -13.73929], [-69.0355, -13.7162], [-69.06724, -13.68675], [-69.06319, -13.65941], [-69.04685, -13.645], [-69.03559, -13.64048], [-69.033, -13.65386], [-69.02505, -13.65075], [-69.02033, -13.65763], [-68.99579, -13.65239], [-68.9902, -13.63489], [-69.00504, -13.62412], [-68.97244, -13.61111], [-68.97224, -13.60139], [-68.95247, -13.6044], [-68.95806, -13.58981], [-68.9458, -13.56858], [-68.94952, -13.55153], [-68.93562, -13.53475], [-68.94083, -13.52228], [-68.93517, -13.52909], [-68.92207, -13.51728], [-68.91934, -13.52533], [-68.91454, -13.51254], [-68.92194, -13.5101], [-68.90743, -13.48909], [-68.91676, -13.48427], [-68.90548, -13.47539], [-68.90833, -13.46954], [-68.90144, -13.47045], [-68.90599, -13.45667], [-68.89608, -13.46126], [-68.906, -13.43707], [-68.8988, -13.44671], [-68.90052, -13.43522], [-68.88949, -13.4354], [-68.89775, -13.41326], [-68.88533, -13.40444], [-68.8947, -13.40171], [-68.88458, -13.3931], [-68.89168, -13.38319], [-68.88316, -13.38141], [-68.88846, -13.37191], [-68.8688, -13.35924], [-68.87537, -13.35388], [-68.867, -13.35077], [-68.879, -13.3444], [-68.86803, -13.3335], [-68.87879, -13.32938], [-68.85941, -13.31229], [-68.8684, -13.29983], [-68.85691, -13.29399], [-68.86191, -13.27128], [-68.84902, -13.26961], [-68.85933, -13.2672], [-68.85291, -13.26139], [-68.85952, -13.25596], [-68.84529, -13.24669], [-68.85753, -13.23501], [-68.8538, -13.22209], [-68.86274, -13.22502], [-68.86139, -13.21245], [-68.85467, -13.21688], [-68.85222, -13.2107], [-68.87213, -13.18136], [-68.86113, -13.18348], [-68.8568, -13.16996], [-68.87086, -13.16803], [-68.85809, -13.15052], [-68.8699, -13.14893], [-68.8677, -13.13439], [-68.87802, -13.1362], [-68.86597, -13.1193], [-68.87311, -13.11309], [-68.85924, -13.11329], [-68.86638, -13.11098], [-68.8598, -13.09566], [-68.86911, -13.0815], [-68.85417, -13.05986], [-68.863, -13.04743], [-68.85011, -13.04799], [-68.85166, -13.03245], [-68.86678, -13.03088], [-68.85318, -13.0159], [-68.87116, -13.01861], [-68.87187, -13.00393], [-69.64986, -13.34172], [-69.65413, -13.37979], [-69.63231, -13.40826], [-69.64182, -13.40837], [-69.65118, -13.42674], [-69.65468, -13.45903], [-69.6792, -13.45772], [-69.66895, -13.47521], [-69.68266, -13.5008], [-69.71314, -13.50558], [-69.72377, -13.49223], [-69.73706, -13.5057], [-69.71458, -13.52102], [-69.69624, -13.5217], [-69.71091, -13.53733], [-69.70697, -13.54933], [-69.72605, -13.592], [-69.71854, -13.60428], [-69.72629, -13.63469], [-69.75236, -13.67653], [-69.74601, -13.6906], [-69.75372, -13.73789], [-69.76909, -13.74557], [-69.7787, -13.7389], [-69.7858, -13.7497], [-69.76171, -13.79224], [-69.73246, -13.81169], [-69.72845, -13.84109], [-69.6978, -13.86695], [-69.67767, -13.87039], [-69.66446, -13.88238], [-69.66497, -13.90536], [-69.70221, -13.93578], [-69.7232, -13.97697], [-69.72538, -14.01916], [-69.75272, -14.03493], [-69.76466, -14.03084], [-69.79754, -14.06667], [-69.82113, -14.13112], [-69.83291, -14.13817], [-69.82333, -14.1619], [-69.84124, -14.20664], [-69.85045, -14.21217], [-69.84332, -14.22117], [-69.85356, -14.25543], [-69.84007, -14.27463], [-69.80048, -14.26823], [-69.78529, -14.27593], [-69.78323, -14.31199], [-69.7574, -14.33562], [-69.73626, -14.33375], [-69.72833, -14.34824], [-69.73305, -14.36511], [-69.72217, -14.42094], [-69.70175, -14.41587], [-69.68899, -14.42083], [-69.6816, -14.44131], [-69.66048, -14.45186], [-69.69096, -14.51782], [-69.66664, -14.53104], [-69.65713, -14.60865], [-69.63545, -14.62586], [-69.61353, -14.66182], [-69.58176, -14.62722], [-69.54891, -14.6269], [-69.53887, -14.61136], [-69.51615, -14.60161], [-69.50614, -14.60756], [-69.48172, -14.58995], [-69.46061, -14.5874], [-69.44697, -14.59742], [-69.44467, -14.61163], [-69.41273, -14.62111], [-69.37299, -14.61018], [-69.34785, -14.62352], [-69.33182, -14.61617], [-69.3248, -14.60142], [-69.3332, -14.57642], [-69.31332, -14.55205], [-69.31533, -14.52249], [-69.30697, -14.51746], [-69.30804, -14.49819], [-69.29643, -14.48554], [-69.29059, -14.45151], [-69.28917, -14.42495], [-69.30313, -14.39912], [-69.2708, -14.34743], [-69.27408, -14.31132], [-69.26643, -14.30628], [-69.24577, -14.31625], [-69.22844, -14.34264], [-69.23504, -14.35699], [-69.23204, -14.38289], [-69.21855, -14.39249], [-69.22572, -14.42608], [-69.22049, -14.43927], [-69.18173, -14.43837], [-69.1488, -14.45132], [-69.11391, -14.4878]]]}}, {"type": "Feature", "properties": {"admin2_pcode": "PE0218", "admin2_name": "Santa", "admin1_name": "Ancash"}, "geometry": {"type": "Polygon", "coordinates": [[[-78.1058, -8.65982], [-78.13429, -8.67333], [-78.15186, -8.66962], [-78.16371, -8.69447], [-78.1838, -8.69427], [-78.19446, -8.68792], [-78.20407, -8.66001], [-78.21606, -8.66261], [-78.23558, -8.65292], [-78.33425, -8.66645], [-78.33821, -8.67596], [-78.35481, -8.67328], [-78.43841, -8.73275], [-78.48724, -8.75116], [-78.51814, -8.75298], [-78.55157, -8.77502], [-78.56534, -8.7926], [-78.58828, -8.85868], [-78.57648, -8.88905], [-78.58994, -8.94262], [-78.61951, -8.96653], [-78.64492, -8.96923], [-78.64406, -8.98327], [-78.65051, -8.99095], [-78.65833, -8.98607], [-78.65794, -8.99594], [-78.62108, -9.0174], [-78.63353, -9.02859], [-78.63774, -9.04772], [-78.62991, -9.07357], [-78.62261, -9.08124], [-78.61255, -9.07294], [-78.6131, -9.08153], [-78.60472, -9.07613], [-78.58462, -9.08279], [-78.55786, -9.12965], [-78.5704, -9.17072], [-78.60993, -9.16011], [-78.61018, -9.17621], [-78.60308, -9.17544], [-78.59, -9.19568], [-78.57704, -9.19474], [-78.58381, -9.20336], [-78.55388, -9.23512], [-78.55676, -9.20348], [-78.56636, -9.19356], [-78.56219, -9.18174], [-78.53324, -9.17462], [-78.49628, -9.18951], [-78.48497, -9.20791], [-78.4918, -9.25087], [-78.52552, -9.27456], [-78.49887, -9.28692], [-78.49834, -9.31197], [-78.47948, -9.3219], [-78.48133, -9.33334], [-78.4722, -9.32882], [-78.47461, -9.31794], [-78.46086, -9.31619], [-78.4567, -9.32743], [-78.44294, -9.32703], [-78.43768, -9.34175], [-78.4254, -9.3413], [-78.42789, -9.3493], [-78.41173, -9.35344], [-78.38362, -9.32619], [-78.38582, -9.3053], [-78.36193, -9.26407], [-78.33601, -9.26309], [-78.33708, -9.2503], [-78.29938, -9.21627], [-78.28111, -9.22279], [-78.2608, -9.20092], [-78.23283, -9.21188], [-78.21128, -9.20897], [-78.17547, -9.24703], [-78.15529, -9.25105], [-78.1424, -9.26856], [-78.11575, -9.25734], [-78.0561, -9.2747], [-78.04567, -9.24757], [-78.03717, -9.24371], [-78.059, -9.23116], [-78.06775, -9.21481], [-78.06681, -9.18597], [-78.07383, -9.17234], [-78.04763, -9.17686], [-78.01634, -9.16719], [-78.06206, -9.12901], [-78.06056, -9.0889], [-78.02395, -9.06034], [-77.99716, -9.01722], [-77.97993, -9.01271], [-77.95548, -8.98173], [-77.94244, -8.97858], [-77.94213, -8.9687], [-77.95572, -8.95478], [-77.9417, -8.92077], [-77.96206, -8.89069], [-77.98337, -8.88042], [-77.97848, -8.87336], [-77.98603, -8.84843], [-78.00077, -8.84192], [-77.9889, -8.82706], [-77.99145, -8.79939], [-78.01529, -8.76168], [-77.99546, -8.70708], [-77.98645, -8.69499], [-77.97203, -8.692], [-78.00884, -8.66698], [-78.02912, -8.67597], [-78.04652, -8.66252], [-78.07279, -8.65682], [-78.1058, -8.65982]]]}}, {"type": "Feature", "properties": {"admin2_pcode": "PE0613", "admin2_name": "Santa Cruz", "admin1_name": "Cajamarca"}, "geometry": {"type": "Polygon", "coordinates": [[[-78.75802, -6.63212], [-78.76004, -6.59608], [-78.77295, -6.57996], [-78.78638, -6.58124], [-78.77665, -6.56311], [-78.794, -6.55272], [-78.80964, -6.55425], [-78.82106, -6.52697], [-78.85692, -6.52092], [-78.90614, -6.52781], [-78.92858, -6.50346], [-78.9647, -6.53198], [-78.99063, -6.51168], [-79.0255, -6.51314], [-79.04776, -6.5248], [-79.05471, -6.51677], [-79.06214, -6.51959], [-79.08754, -6.55814], [-79.09428, -6.60175], [-79.12684, -6.63222], [-79.19367, -6.62841], [-79.22139, -6.61254], [-79.25295, -6.60955], [-79.23935, -6.61917], [-79.22906, -6.67141], [-79.21845, -6.69268], [-79.19645, -6.69517], [-79.18843, -6.71654], [-79.17105, -6.7017], [-79.14197, -6.70041], [-79.13875, -6.73924], [-79.12085, -6.77697], [-79.20709, -6.82144], [-79.1337, -6.86908], [-79.08189, -6.87352], [-79.04974, -6.83622], [-79.02293, -6.83974], [-78.97851, -6.86242], [-78.93645, -6.83958], [-78.91576, -6.84703], [-78.88322, -6.84354], [-78.88694, -6.79718], [-78.84949, -6.73869], [-78.85253, -6.71064], [-78.84599, -6.70253], [-78.81698, -6.69225], [-78.74616, -6.74461], [-78.71841, -6.73967], [-78.72544, -6.71468], [-78.73996, -6.70445], [-78.76946, -6.65108], [-78.75802, -6.63212]]]}}, {"type": "Feature", "properties": {"admin2_pcode": "PE1310", "admin2_name": "Santiago de Chuco", "admin1_name": "La Libertad"}, "geometry": {"type": "Polygon", "coordinates": [[[-77.64082, -7.98333], [-77.69126, -7.97596], [-77.71279, -7.95761], [-77.7557, -7.98991], [-77.75565, -8.00261], [-77.80364, -8.00757], [-77.83795, -7.97524], [-77.86459, -7.9872], [-77.87736, -7.97932], [-77.88782, -7.99959], [-77.90561, -7.99308], [-77.91999, -8.00022], [-77.93248, -7.98411], [-77.96064, -7.97064], [-77.95864, -8.00049], [-77.97188, -8.01263], [-77.98563, -7.98232], [-78.00711, -7.98123], [-78.03221, -7.90696], [-78.0465, -7.92496], [-78.06631, -7.92879], [-78.07146, -7.94377], [-78.13286, -7.95735], [-78.14721, -7.93271], [-78.16715, -7.9336], [-78.16983, -7.94267], [-78.18932, -7.94081], [-78.21463, -7.89446], [-78.21716, -7.90205], [-78.24347, -7.88165], [-78.25301, -7.88653], [-78.2602, -7.89358], [-78.27272, -7.88778], [-78.30344, -7.89421], [-78.32047, -7.90595], [-78.32759, -7.93354], [-78.34628, -7.94721], [-78.36622, -7.95018], [-78.37859, -7.97636], [-78.40615, -7.9901], [-78.38227, -8.01702], [-78.35222, -8.02503], [-78.35343, -8.03338], [-78.3282, -8.05543], [-78.30371, -8.05185], [-78.28831, -8.06411], [-78.32439, -8.15412], [-78.30351, -8.17025], [-78.3007, -8.23634], [-78.31292, -8.25335], [-78.34653, -8.27117], [-78.37018, -8.30748], [-78.41251, -8.30438], [-78.41543, -8.33537], [-78.42985, -8.36024], [-78.42639, -8.38958], [-78.41092, -8.39345], [-78.40723, -8.41231], [-78.39537, -8.40195], [-78.374, -8.4041], [-78.37478, -8.45959], [-78.34455, -8.47546], [-78.34274, -8.48368], [-78.3327, -8.46691], [-78.29579, -8.46177], [-78.26171, -8.46884], [-78.27355, -8.48327], [-78.2726, -8.50451], [-78.28089, -8.51054], [-78.26632, -8.5369], [-78.29009, -8.54889], [-78.23558, -8.65292], [-78.20051, -8.62251], [-78.19362, -8.59968], [-78.20165, -8.57418], [-78.21688, -8.55692], [-78.2026, -8.52607], [-78.18787, -8.5081], [-78.17366, -8.50354], [-78.15739, -8.47885], [-78.13927, -8.42715], [-78.1375, -8.36867], [-78.10839, -8.33811], [-78.11943, -8.31365], [-78.10223, -8.30538], [-78.08198, -8.28109], [-78.0368, -8.25595], [-78.01863, -8.22432], [-77.93321, -8.19701], [-77.89694, -8.06323], [-77.86791, -8.05589], [-77.84965, -8.07534], [-77.81044, -8.06773], [-77.78578, -8.0792], [-77.75127, -8.07744], [-77.64737, -8.04971], [-77.64082, -7.98333]]]}}, {"type": "Feature", "properties": {"admin2_pcode": "PE1206", "admin2_name": "Satipo", "admin1_name": "Junin"}, "geometry": {"type": "Polygon", "coordinates": [[[-73.41975, -11.38394], [-73.44976, -11.36808], [-73.46787, -11.34365], [-73.47953, -11.35397], [-73.48456, -11.35026], [-73.48413, -11.31853], [-73.45919, -11.30092], [-73.46323, -11.28441], [-73.44981, -11.23677], [-73.47519, -11.12836], [-73.46678, -11.11907], [-73.47108, -11.08849], [-73.4826, -11.06524], [-73.54258, -11.04742], [-73.54099, -11.0221], [-73.55301, -11.01405], [-73.55878, -10.97496], [-73.57258, -10.9545], [-73.56426, -10.93403], [-73.56055, -10.85995], [-73.6104, -10.84657], [-73.66657, -10.80264], [-73.66803, -10.79111], [-73.73174, -10.75382], [-73.74212, -10.73401], [-73.78199, -10.75062], [-73.77837, -10.77453], [-73.78694, -10.79414], [-73.81422, -10.7999], [-73.82216, -10.83607], [-73.81601, -10.85737], [-73.82077, -10.87901], [-73.813, -10.88924], [-73.82675, -10.91135], [-73.82366, -10.92158], [-73.85575, -10.95697], [-73.8622, -10.97877], [-73.86565, -11.09868], [-73.8527, -11.16426], [-73.86306, -11.16912], [-73.89061, -11.16965], [-73.91649, -11.1431], [-73.95455, -11.1504], [-73.97593, -11.1255], [-73.98372, -11.09244], [-73.97884, -11.06904], [-74.0072, -10.99131], [-74.06136, -10.99574], [-74.10291, -10.9864], [-74.13738, -10.98869], [-74.15565, -10.99876], [-74.19087, -10.986], [-74.20277, -11.02101], [-74.25644, -11.01822], [-74.28151, -11.03313], [-74.31645, -11.03671], [-74.34163, -11.05477], [-74.37317, -11.05662], [-74.45031, -11.00187], [-74.49647, -11.00024], [-74.50838, -10.9503], [-74.56236, -10.91368], [-74.56996, -10.91521], [-74.6141, -10.90463], [-74.64435, -10.86738], [-74.67918, -10.87907], [-74.68135, -10.88916], [-74.70017, -10.87789], [-74.69534, -10.89394], [-74.70202, -10.915], [-74.69375, -10.93307], [-74.69875, -10.95655], [-74.67904, -10.95114], [-74.67159, -10.95808], [-74.66124, -10.95283], [-74.64318, -10.95743], [-74.62776, -10.96511], [-74.62577, -10.98254], [-74.64608, -11.00885], [-74.68544, -11.00999], [-74.71779, -11.02062], [-74.74776, -11.01134], [-74.75236, -11.03467], [-74.74654, -11.07029], [-74.76265, -11.07201], [-74.7857, -11.10192], [-74.79178, -11.09776], [-74.81042, -11.10794], [-74.8162, -11.12352], [-74.8371, -11.12367], [-74.8392, -11.13096], [-74.84332, -11.12569], [-74.85424, -11.148], [-74.85967, -11.14381], [-74.878, -11.16238], [-74.89914, -11.16666], [-74.89143, -11.18929], [-74.90499, -11.18696], [-74.90286, -11.20171], [-74.91106, -11.21575], [-74.90336, -11.23744], [-74.89123, -11.23387], [-74.88809, -11.23954], [-74.89487, -11.24627], [-74.89036, -11.27009], [-74.96824, -11.3003], [-75.01153, -11.29561], [-75.03777, -11.30413], [-75.04416, -11.29759], [-75.051, -11.30869], [-75.02577, -11.33971], [-75.0284, -11.35023], [-75.00066, -11.36096], [-74.98778, -11.37484], [-74.99866, -11.39722], [-74.97294, -11.43818], [-74.95076, -11.46269], [-74.91494, -11.4804], [-74.9179, -11.49053], [-74.95414, -11.50395], [-74.94781, -11.51787], [-74.96304, -11.52827], [-74.97496, -11.55076], [-74.97095, -11.5711], [-74.94186, -11.56535], [-74.91828, -11.52905], [-74.90764, -11.52951], [-74.82025, -11.58836], [-74.81, -11.58726], [-74.78627, -11.60346], [-74.76601, -11.5984], [-74.76185, -11.61199], [-74.74758, -11.60519], [-74.72722, -11.61245], [-74.72101, -11.66466], [-74.70808, -11.67477], [-74.67963, -11.66125], [-74.64254, -11.70095], [-74.65028, -11.73631], [-74.6394, -11.74123], [-74.60634, -11.79311], [-74.61064, -11.80739], [-74.59613, -11.81919], [-74.59673, -11.84278], [-74.58128, -11.8548], [-74.57789, -11.88238], [-74.53366, -11.87873], [-74.50785, -11.91597], [-74.49051, -11.91367], [-74.48783, -11.92309], [-74.50479, -11.93767], [-74.49884, -11.95443], [-74.50481, -11.98328], [-74.54307, -11.98405], [-74.549, -11.99699], [-74.48762, -12.03371], [-74.48068, -12.02659], [-74.45438, -12.03395], [-74.45307, -12.04862], [-74.44248, -12.04504], [-74.43312, -12.06989], [-74.42137, -12.06753], [-74.41422, -12.07646], [-74.41952, -12.09378], [-74.41031, -12.10649], [-74.39882, -12.10361], [-74.36348, -12.13784], [-74.3519, -12.13672], [-74.36131, -12.15522], [-74.34435, -12.16741], [-74.34595, -12.17374], [-74.35185, -12.17694], [-74.34498, -12.19427], [-74.33419, -12.19446], [-74.32976, -12.2109], [-74.33652, -12.21493], [-74.32187, -12.22978], [-74.29149, -12.22305], [-74.28407, -12.24064], [-74.26983, -12.23935], [-74.25754, -12.25644], [-74.24776, -12.25804], [-74.24551, -12.26948], [-74.23263, -12.26751], [-74.21804, -12.27808], [-74.2187, -12.30174], [-74.19014, -12.30242], [-74.18489, -12.31615], [-74.16623, -12.3124], [-74.14733, -12.32438], [-74.13116, -12.31461], [-74.12517, -12.33386], [-74.10412, -12.31324], [-74.09735, -12.28371], [-74.05928, -12.27655], [-74.03979, -12.26141], [-74.02188, -12.27736], [-73.99985, -12.28358], [-73.9875, -12.27166], [-73.98045, -12.24259], [-73.94905, -12.23473], [-73.93741, -12.22271], [-73.92384, -12.22475], [-73.90142, -12.249], [-73.88333, -12.23579], [-73.84325, -12.23943], [-73.83124, -12.22776], [-73.80069, -12.2207], [-73.7375, -12.26662], [-73.70311, -12.27049], [-73.68907, -12.29941], [-73.65992, -12.32875], [-73.65769, -12.35954], [-73.6365, -12.37879], [-73.61601, -12.37617], [-73.60376, -12.38699], [-73.58617, -12.36658], [-73.58495, -12.31311], [-73.57433, -12.27684], [-73.55895, -12.27489], [-73.54812, -12.26093], [-73.5217, -12.24998], [-73.49783, -12.25237], [-73.46987, -12.23689], [-73.46965, -12.21997], [-73.43952, -12.15201], [-73.36189, -12.13596], [-73.35612, -12.11108], [-73.40102, -12.09083], [-73.39123, -12.07571], [-73.40845, -12.06421], [-73.39788, -12.02094], [-73.40531, -12.00549], [-73.42145, -12.01544], [-73.43607, -11.99585], [-73.4301, -11.9821], [-73.44519, -11.96104], [-73.44272, -11.93931], [-73.46266, -11.92981], [-73.49053, -11.87817], [-73.50655, -11.86527], [-73.55526, -11.85236], [-73.57751, -11.83648], [-73.58133, -11.78906], [-73.57991, -11.76939], [-73.57052, -11.76289], [-73.57194, -11.74263], [-73.61251, -11.67791], [-73.58203, -11.61558], [-73.55965, -11.59205], [-73.50233, -11.56316], [-73.48713, -11.53492], [-73.4504, -11.53307], [-73.45381, -11.50533], [-73.47983, -11.46991], [-73.46905, -11.44522], [-73.45676, -11.44212], [-73.4433, -11.40968], [-73.41975, -11.38394]]]}}, {"type": "Feature", "properties": {"admin2_pcode": "PE2008", "admin2_name": "Sechura", "admin1_name": "Piura"}, "geometry": {"type": "Polygon", "coordinates": [[[-80.09237, -5.79509], [-80.17213, -5.75054], [-80.20755, -5.72183], [-80.24281, -5.71023], [-80.25339, -5.69442], [-80.29416, -5.67757], [-80.32249, -5.67994], [-80.53463, -5.60161], [-80.55258, -5.49227], [-80.59146, -5.47937], [-80.64519, -5.48711], [-80.64432, -5.43673], [-80.72089, -5.41974], [-80.7379, -5.4052], [-80.74915, -5.41365], [-80.75617, -5.40885], [-80.75191, -5.40266], [-80.85102, -5.40605], [-80.96108, -5.35045], [-80.9722, -5.3526], [-80.99395, -5.38846], [-80.9147, -5.48071], [-80.87252, -5.57149], [-80.85131, -5.64577], [-80.85641, -5.73173], [-80.89149, -5.80982], [-80.94314, -5.84568], [-81.02387, -5.8299], [-81.06807, -5.78582], [-81.08362, -5.79166], [-81.08544, -5.81566], [-81.09746, -5.83817], [-81.12351, -5.84297], [-81.12851, -5.86446], [-81.14943, -5.88959], [-81.14954, -5.97945], [-81.14295, -6.0], [-81.1115, -6.06194], [-81.09157, -6.08203], [-80.89454, -6.20335], [-80.7838, -6.29896], [-80.62713, -6.37208], [-80.33471, -5.9539], [-80.27875, -5.91999], [-80.19618, -5.89209], [-80.12385, -5.89131], [-80.1201, -5.87222], [-80.10607, -5.86745], [-80.05298, -5.81124], [-80.09237, -5.79509]]]}}, {"type": "Feature", "properties": {"admin2_pcode": "PE0219", "admin2_name": "Sihuas", "admin1_name": "Ancash"}, "geometry": {"type": "Polygon", "coordinates": [[[-77.36602, -8.50709], [-77.40005, -8.48263], [-77.40588, -8.44088], [-77.41834, -8.43965], [-77.43836, -8.42233], [-77.43754, -8.40115], [-77.44696, -8.36937], [-77.45933, -8.35556], [-77.4589, -8.33566], [-77.47828, -8.32607], [-77.47364, -8.3205], [-77.48763, -8.30355], [-77.49137, -8.28255], [-77.52762, -8.26708], [-77.53109, -8.24334], [-77.56581, -8.23721], [-77.57588, -8.26032], [-77.63488, -8.26877], [-77.65974, -8.30804], [-77.70321, -8.3076], [-77.72315, -8.3309], [-77.71946, -8.33931], [-77.73697, -8.34621], [-77.74416, -8.36265], [-77.79886, -8.38119], [-77.78218, -8.40324], [-77.77402, -8.39578], [-77.75915, -8.40337], [-77.75523, -8.41869], [-77.76507, -8.42808], [-77.76454, -8.44161], [-77.7414, -8.46], [-77.73578, -8.47749], [-77.70304, -8.51087], [-77.71422, -8.54035], [-77.69127, -8.55682], [-77.68866, -8.57636], [-77.70915, -8.58627], [-77.69566, -8.60233], [-77.70862, -8.6123], [-77.70182, -8.62745], [-77.71364, -8.63183], [-77.72073, -8.65653], [-77.67169, -8.69305], [-77.65573, -8.72348], [-77.64536, -8.72437], [-77.61499, -8.75097], [-77.60139, -8.74505], [-77.59274, -8.75767], [-77.58278, -8.74973], [-77.58596, -8.74059], [-77.56216, -8.7278], [-77.5417, -8.70319], [-77.52289, -8.69541], [-77.49746, -8.69789], [-77.48601, -8.68343], [-77.50176, -8.66811], [-77.50507, -8.65124], [-77.50156, -8.61436], [-77.48773, -8.58814], [-77.47573, -8.57624], [-77.46486, -8.58083], [-77.44603, -8.57085], [-77.43117, -8.54875], [-77.36602, -8.50709]]]}}, {"type": "Feature", "properties": {"admin2_pcode": "PE0509", "admin2_name": "Sucre", "admin1_name": "Ayacucho"}, "geometry": {"type": "Polygon", "coordinates": [[[-73.58175, -14.41613], [-73.55386, -14.40122], [-73.55351, -14.37751], [-73.53552, -14.3578], [-73.52801, -14.32256], [-73.51719, -14.30936], [-73.51225, -14.26816], [-73.51874, -14.24222], [-73.57728, -14.14718], [-73.58663, -14.11034], [-73.61107, -14.08994], [-73.62578, -14.04902], [-73.618, -14.02553], [-73.62589, -13.99491], [-73.64276, -13.97854], [-73.65647, -13.92995], [-73.68509, -13.90593], [-73.69778, -13.84742], [-73.72869, -13.81612], [-73.74789, -13.76337], [-73.75976, -13.77992], [-73.80334, -13.79558], [-73.79773, -13.82926], [-73.80948, -13.87682], [-73.82941, -13.91894], [-73.86305, -13.93768], [-73.89039, -13.95855], [-73.88118, -13.98191], [-73.88263, -14.01663], [-73.91202, -14.11963], [-73.97205, -14.10985], [-73.98851, -14.09351], [-73.98629, -14.11854], [-73.96666, -14.13553], [-73.96461, -14.15894], [-73.95003, -14.18573], [-73.9425, -14.19884], [-73.90714, -14.19174], [-73.87925, -14.2167], [-73.89494, -14.22939], [-73.89658, -14.26283], [-73.87798, -14.28917], [-73.86005, -14.27638], [-73.82622, -14.27891], [-73.81367, -14.29454], [-73.79683, -14.29578], [-73.7841, -14.32247], [-73.73919, -14.33821], [-73.7067, -14.32416], [-73.69042, -14.32635], [-73.67688, -14.34632], [-73.6589, -14.35453], [-73.65473, -14.37349], [-73.61243, -14.37086], [-73.61321, -14.37916], [-73.60371, -14.3838], [-73.60979, -14.39791], [-73.58574, -14.40728], [-73.58175, -14.41613]]]}}, {"type": "Feature", "properties": {"admin2_pcode": "PE2006", "admin2_name": "Sullana", "admin1_name": "Piura"}, "geometry": {"type": "Polygon", "coordinates": [[[-80.28988, -4.43324], [-80.33587, -4.4674], [-80.36189, -4.48008], [-80.38052, -4.47675], [-80.38954, -4.48611], [-80.41667, -4.46005], [-80.41951, -4.46688], [-80.44913, -4.44761], [-80.45388, -4.40765], [-80.44602, -4.39365], [-80.45387, -4.38733], [-80.44579, -4.3678], [-80.43512, -4.36127], [-80.42357, -4.33098], [-80.3908, -4.29577], [-80.36718, -4.28205], [-80.36725, -4.26995], [-80.30958, -4.20562], [-80.31319, -4.19825], [-80.32937, -4.21458], [-80.33979, -4.20838], [-80.35268, -4.2207], [-80.36778, -4.19743], [-80.40928, -4.21854], [-80.43114, -4.19606], [-80.44931, -4.20934], [-80.44701, -4.12115], [-80.46696, -4.12786], [-80.46385, -4.1158], [-80.48733, -4.08313], [-80.52277, -4.10486], [-80.52675, -4.12118], [-80.55898, -4.16108], [-80.56126, -4.17658], [-80.58695, -4.19895], [-80.59016, -4.21441], [-80.60442, -4.21074], [-80.62298, -4.2319], [-80.64523, -4.22956], [-80.66645, -4.21506], [-80.6949, -4.19009], [-80.71968, -4.19419], [-80.73514, -4.17803], [-80.74475, -4.18429], [-80.76301, -4.17491], [-80.78337, -4.18057], [-80.80331, -4.17597], [-80.83723, -4.18936], [-80.88187, -4.1928], [-80.92368, -4.16948], [-80.93638, -4.17824], [-80.93695, -4.18951], [-80.92882, -4.19116], [-80.92379, -4.20947], [-80.90893, -4.22452], [-80.92704, -4.24631], [-80.93693, -4.29553], [-80.91519, -4.31795], [-80.90526, -4.3078], [-80.89239, -4.31887], [-80.86729, -4.31658], [-80.86885, -4.33554], [-80.88038, -4.35078], [-80.87718, -4.36472], [-80.85048, -4.38417], [-80.82852, -4.38445], [-80.85113, -4.40909], [-80.8455, -4.42263], [-80.85851, -4.43586], [-80.85029, -4.45628], [-80.8722, -4.46482], [-80.87378, -4.49039], [-80.91944, -4.52033], [-80.91959, -4.54467], [-80.91321, -4.55249], [-80.90307, -4.55064], [-80.88574, -4.57981], [-80.88849, -4.59199], [-80.91375, -4.6153], [-80.93676, -4.61875], [-80.89688, -4.67348], [-80.87248, -4.68843], [-80.84821, -4.74837], [-80.96826, -4.77179], [-80.93193, -4.80492], [-80.94037, -4.8463], [-80.95376, -4.86319], [-80.93806, -4.86719], [-80.93354, -4.88869], [-80.85766, -4.89592], [-80.85362, -4.90929], [-80.83314, -4.90189], [-80.82424, -4.9193], [-80.82858, -4.94036], [-80.85081, -4.95071], [-80.84816, -5.09313], [-80.85955, -5.28064], [-80.84912, -5.29322], [-80.84328, -5.28687], [-80.8289, -5.22662], [-80.82176, -5.21678], [-80.80508, -5.22193], [-80.76771, -5.15141], [-80.7416, -5.12364], [-80.70032, -5.01762], [-80.65688, -5.02355], [-80.64529, -4.97858], [-80.62996, -4.97493], [-80.59569, -4.90606], [-80.57359, -4.89972], [-80.572, -4.88452], [-80.5534, -4.87617], [-80.55453, -4.86305], [-80.54005, -4.83979], [-80.50743, -4.82337], [-80.48917, -4.8312], [-80.47653, -4.82583], [-80.45444, -4.83257], [-80.44274, -4.82584], [-80.41973, -4.82937], [-80.38107, -4.79872], [-80.36185, -4.80101], [-80.34757, -4.79252], [-80.36065, -4.77748], [-80.35575, -4.77108], [-80.38158, -4.75342], [-80.40612, -4.70841], [-80.38862, -4.66709], [-80.35083, -4.6597], [-80.3368, -4.62808], [-80.26344, -4.59061], [-80.24875, -4.58504], [-80.22139, -4.59539], [-80.20159, -4.57385], [-80.20833, -4.54564], [-80.22337, -4.53227], [-80.22403, -4.51446], [-80.21262, -4.50602], [-80.21425, -4.48447], [-80.22506, -4.47602], [-80.21225, -4.46316], [-80.22713, -4.45417], [-80.2357, -4.43704], [-80.24138, -4.43563], [-80.24102, -4.44316], [-80.26408, -4.42921], [-80.27223, -4.43871], [-80.28376, -4.42577], [-80.28988, -4.43324]]]}}, {"type": "Feature", "properties": {"admin2_pcode": "PE2301", "admin2_name": "Tacna", "admin1_name": "Tacna"}, "geometry": {"type": "Polygon", "coordinates": [[[-69.46838, -17.4648], [-69.48779, -17.4377], [-69.51915, -17.42388], [-69.52657, -17.40992], [-69.58811, -17.40189], [-69.59849, -17.39304], [-69.61442, -17.418], [-69.65502, -17.41288], [-69.66556, -17.42922], [-69.69039, -17.44352], [-69.67988, -17.45757], [-69.70343, -17.4741], [-69.72834, -17.45996], [-69.80298, -17.46127], [-69.81955, -17.45465], [-69.83749, -17.45963], [-69.83669, -17.47138], [-69.8498, -17.48942], [-69.8463, -17.50569], [-69.87211, -17.54637], [-69.87575, -17.58484], [-69.93101, -17.59023], [-69.94307, -17.57782], [-69.95765, -17.59075], [-69.96714, -17.58622], [-70.01438, -17.62548], [-70.0073, -17.64206], [-70.01503, -17.65514], [-70.0486, -17.67278], [-70.05497, -17.69446], [-70.09472, -17.72496], [-70.1103, -17.76065], [-70.13761, -17.77267], [-70.18075, -17.77821], [-70.19435, -17.77487], [-70.20119, -17.75833], [-70.15372, -17.6934], [-70.14318, -17.63539], [-70.15183, -17.62414], [-70.15002, -17.59754], [-70.1608, -17.59947], [-70.17326, -17.58692], [-70.23619, -17.59006], [-70.2597, -17.57828], [-70.28125, -17.56073], [-70.2876, -17.53756], [-70.30322, -17.53899], [-70.31287, -17.51956], [-70.33222, -17.50876], [-70.34579, -17.46074], [-70.39225, -17.46431], [-70.40404, -17.47775], [-70.42902, -17.4839], [-70.44683, -17.51591], [-70.5089, -17.54534], [-70.60842, -17.65628], [-70.68091, -17.71561], [-70.69741, -17.76778], [-70.72932, -17.78509], [-70.7905, -17.85777], [-70.80685, -17.88957], [-70.82286, -17.89394], [-70.83929, -17.91152], [-70.86334, -17.9668], [-70.88947, -17.97652], [-70.88259, -17.99336], [-70.8877, -18.00929], [-70.81316, -18.04049], [-70.81167, -18.05025], [-70.7606, -18.07871], [-70.67857, -18.16185], [-70.48482, -18.27118], [-70.37671, -18.35093], [-70.35388, -18.32619], [-70.31745, -18.3097], [-70.19717, -18.32219], [-70.14965, -18.31837], [-70.05071, -18.2688], [-69.97086, -18.2669], [-69.85431, -18.16535], [-69.81308, -18.11448], [-69.7515, -17.98559], [-69.74718, -17.94394], [-69.77672, -17.90816], [-69.79571, -17.86226], [-69.80005, -17.76233], [-69.82168, -17.74381], [-69.8212, -17.68636], [-69.79599, -17.64624], [-69.66541, -17.6599], [-69.46829, -17.50417], [-69.46838, -17.4648]]]}}, {"type": "Feature", "properties": {"admin2_pcode": "PE1703", "admin2_name": "Tahuamanu", "admin1_name": "Madre de Dios"}, "geometry": {"type": "Polygon", "coordinates": [[[-68.97029, -11.91315], [-69.10345, -11.68135], [-69.22833, -11.49982], [-69.57699, -10.94125], [-69.5881, -10.94063], [-69.58346, -10.94787], [-69.60922, -10.94567], [-69.61048, -10.95758], [-69.62034, -10.95006], [-69.6336, -10.95739], [-69.65869, -10.95256], [-69.69731, -10.97245], [-69.70053, -10.96553], [-69.71686, -10.97591], [-69.72226, -10.96472], [-69.73764, -10.97497], [-69.75993, -10.93951], [-69.77309, -10.94003], [-69.76954, -10.92994], [-69.79431, -10.93409], [-69.81107, -10.926], [-69.83159, -10.93388], [-69.85114, -10.92458], [-69.85827, -10.93434], [-69.86272, -10.92683], [-69.87344, -10.93106], [-69.90122, -10.92056], [-69.92068, -10.93381], [-69.9333, -10.92222], [-69.95398, -10.92857], [-69.95796, -10.94085], [-69.97425, -10.9493], [-69.98202, -10.94313], [-69.9845, -10.95566], [-69.9944, -10.9507], [-69.99882, -10.96517], [-70.00753, -10.96271], [-70.02736, -10.97775], [-70.03685, -10.97097], [-70.03713, -10.98002], [-70.06459, -10.99388], [-70.09285, -10.98712], [-70.10741, -11.00789], [-70.1157, -11.00591], [-70.14053, -11.02967], [-70.15614, -11.03353], [-70.15827, -11.04187], [-70.17608, -11.04013], [-70.19905, -11.05401], [-70.24154, -11.04706], [-70.30843, -11.07059], [-70.37377, -11.06054], [-70.38578, -11.04777], [-70.43776, -11.0388], [-70.45174, -10.99676], [-70.51538, -10.94717], [-70.52167, -10.93422], [-70.61375, -11.00017], [-70.6138, -9.87339], [-70.63954, -9.88438], [-70.63348, -9.89896], [-70.65089, -9.93196], [-70.64852, -9.95158], [-70.66763, -9.97069], [-70.65689, -9.99973], [-70.67232, -10.02313], [-70.65206, -10.04006], [-70.66003, -10.05147], [-70.64454, -10.06874], [-70.6499, -10.07947], [-70.69817, -10.11803], [-70.70823, -10.13684], [-70.70644, -10.16136], [-70.75069, -10.19101], [-70.8032, -10.25115], [-70.86685, -10.25305], [-70.88083, -10.26197], [-70.87399, -10.3007], [-70.88946, -10.33514], [-70.96801, -10.33555], [-70.95841, -10.38958], [-71.00497, -10.43082], [-71.00064, -10.44222], [-71.02453, -10.4782], [-71.07851, -10.50137], [-71.12851, -10.50474], [-71.1468, -10.53098], [-71.16457, -10.53126], [-71.16529, -10.56964], [-71.19621, -10.57986], [-71.2208, -10.63673], [-71.20629, -10.65216], [-71.23131, -10.68524], [-71.22781, -10.70281], [-71.21554, -10.71495], [-71.2246, -10.73065], [-71.21875, -10.76021], [-71.22887, -10.765], [-71.22156, -10.7767], [-71.24505, -10.77653], [-71.25872, -10.78493], [-71.27147, -10.81905], [-71.27273, -10.85282], [-71.29471, -10.8763], [-71.30834, -10.87781], [-71.3173, -10.90957], [-71.33613, -10.91679], [-71.35401, -10.94979], [-71.37801, -10.95347], [-71.39346, -10.94733], [-71.41294, -10.95807], [-71.47251, -10.95369], [-71.48595, -10.96379], [-71.50813, -10.96609], [-71.52715, -10.96173], [-71.53198, -10.95214], [-71.55885, -10.9648], [-71.66172, -10.98318], [-71.68072, -10.97156], [-71.69356, -10.97974], [-71.70169, -10.97384], [-71.716, -10.99785], [-71.72928, -10.98368], [-71.75114, -10.99375], [-71.78023, -10.98781], [-71.80895, -10.99383], [-71.82846, -11.01187], [-71.84701, -10.99568], [-71.92333, -10.9961], [-71.93838, -11.0039], [-72.01083, -10.98775], [-72.0437, -10.99692], [-72.05441, -11.01107], [-72.10471, -10.99293], [-72.12503, -10.99562], [-72.12793, -10.97984], [-72.15286, -10.99421], [-72.15649, -11.0045], [-72.17354, -10.99553], [-72.18519, -11.00893], [-72.1746, -11.0277], [-72.17761, -11.04067], [-72.16032, -11.05113], [-72.15994, -11.0648], [-72.13851, -11.08358], [-72.09687, -11.08357], [-72.07879, -11.05476], [-72.06713, -11.06607], [-72.05479, -11.06157], [-72.0528, -11.07134], [-72.04447, -11.06047], [-72.01804, -11.06368], [-71.99972, -11.05413], [-71.98166, -11.0547], [-71.9817, -11.06124], [-71.97834, -11.05251], [-71.96133, -11.0591], [-71.95507, -11.05212], [-71.94108, -11.06176], [-71.94062, -11.05217], [-71.9168, -11.05042], [-71.91247, -11.04084], [-71.91107, -11.04998], [-71.89968, -11.04674], [-71.90449, -11.05939], [-71.8981, -11.06682], [-71.87563, -11.05864], [-71.87541, -11.05017], [-71.86181, -11.05344], [-71.86917, -11.03353], [-71.85534, -11.04807], [-71.85113, -11.04303], [-71.84302, -11.05326], [-71.83397, -11.04743], [-71.83174, -11.05882], [-71.81015, -11.06424], [-71.80754, -11.07188], [-71.79671, -11.06909], [-71.79123, -11.0782], [-71.7561, -11.07297], [-71.75262, -11.08656], [-71.7241, -11.06452], [-71.72235, -11.07199], [-71.71281, -11.07012], [-71.70799, -11.08924], [-71.6805, -11.10017], [-71.67994, -11.10724], [-71.67139, -11.09378], [-71.64607, -11.09845], [-71.6378, -11.08896], [-71.63, -11.10556], [-71.62272, -11.09243], [-71.60999, -11.09746], [-71.59533, -11.0903], [-71.58397, -11.10407], [-71.56942, -11.08348], [-71.55803, -11.09334], [-71.54609, -11.08161], [-71.53946, -11.09997], [-71.53576, -11.08711], [-71.52766, -11.08564], [-71.49685, -11.10666], [-71.49846, -11.09157], [-71.49226, -11.09029], [-71.47464, -11.10627], [-71.44934, -11.11067], [-71.44238, -11.1032], [-71.43597, -11.11207], [-71.44557, -11.11581], [-71.4511, -11.1323], [-71.43962, -11.12307], [-71.43749, -11.13941], [-71.41972, -11.13698], [-71.39772, -11.15183], [-71.38391, -11.14856], [-71.37472, -11.17852], [-71.37208, -11.16469], [-71.34752, -11.1644], [-71.33595, -11.15501], [-71.33136, -11.17117], [-71.30992, -11.16899], [-71.31111, -11.18588], [-71.30079, -11.17997], [-71.28645, -11.18684], [-71.27836, -11.17975], [-71.26217, -11.19326], [-71.24697, -11.18036], [-71.24377, -11.19572], [-71.23288, -11.20034], [-71.23626, -11.21871], [-71.22017, -11.2003], [-71.2179, -11.21005], [-71.19145, -11.21239], [-71.17708, -11.22924], [-71.1738, -11.21504], [-71.16134, -11.20973], [-71.15585, -11.2267], [-71.1333, -11.2211], [-71.12078, -11.23941], [-71.10078, -11.22029], [-71.10564, -11.23194], [-71.09544, -11.24098], [-71.0914, -11.22995], [-71.06866, -11.23547], [-71.06832, -11.25156], [-71.05855, -11.23788], [-71.04842, -11.25024], [-71.0341, -11.24533], [-71.03689, -11.26017], [-71.02734, -11.24391], [-71.01845, -11.24574], [-71.01494, -11.26424], [-71.00128, -11.25373], [-70.97996, -11.26886], [-70.96452, -11.2681], [-70.94233, -11.29095], [-70.93158, -11.27563], [-70.92398, -11.27845], [-70.92392, -11.2904], [-70.90744, -11.2768], [-70.91108, -11.29417], [-70.90315, -11.28366], [-70.87818, -11.28774], [-70.87944, -11.27413], [-70.86487, -11.2738], [-70.86294, -11.29233], [-70.87603, -11.31238], [-70.84637, -11.32697], [-70.83197, -11.32765], [-70.82381, -11.31873], [-70.81266, -11.32431], [-70.81861, -11.3477], [-70.80401, -11.34815], [-70.79356, -11.36099], [-70.80045, -11.3427], [-70.79423, -11.34117], [-70.76882, -11.38434], [-70.74782, -11.38371], [-70.75007, -11.37474], [-70.74412, -11.38159], [-70.47636, -11.35232], [-70.45386, -11.37317], [-70.45193, -11.39616], [-70.43514, -11.40354], [-70.41312, -11.43089], [-70.37727, -11.434], [-70.35777, -11.4538], [-70.34158, -11.44558], [-70.28987, -11.46119], [-70.25669, -11.53093], [-70.24106, -11.54286], [-70.24005, -11.55844], [-70.21792, -11.57159], [-70.21443, -11.58528], [-70.19165, -11.60218], [-70.17806, -11.62652], [-70.13518, -11.64416], [-70.13258, -11.65576], [-70.11582, -11.6666], [-70.09027, -11.67559], [-70.07736, -11.67022], [-70.03099, -11.70998], [-69.99571, -11.70141], [-69.98393, -11.71291], [-69.96078, -11.70958], [-69.93649, -11.73525], [-69.92294, -11.72699], [-69.92099, -11.73945], [-69.90811, -11.73729], [-69.89819, -11.75983], [-69.87332, -11.76658], [-69.86072, -11.77928], [-69.82848, -11.79005], [-69.81399, -11.78287], [-69.8032, -11.79571], [-69.7732, -11.79615], [-69.75879, -11.80721], [-69.73959, -11.79628], [-69.72503, -11.80624], [-69.72086, -11.79046], [-69.71051, -11.79482], [-69.69421, -11.76968], [-69.67616, -11.77003], [-69.66773, -11.75839], [-69.6552, -11.75878], [-69.64758, -11.77048], [-69.62661, -11.76022], [-69.61211, -11.77413], [-69.58779, -11.77728], [-69.58427, -11.79563], [-69.55805, -11.8002], [-69.54887, -11.82028], [-69.52692, -11.82729], [-69.52716, -11.84176], [-69.495, -11.84494], [-69.46738, -11.87234], [-69.41396, -11.86676], [-69.33613, -11.90804], [-69.32389, -11.90075], [-69.31139, -11.91042], [-69.29026, -11.89824], [-69.28179, -11.90491], [-69.25855, -11.89287], [-69.25252, -11.89656], [-69.24447, -11.88271], [-69.23581, -11.88261], [-69.21739, -11.89897], [-69.21307, -11.89304], [-69.19317, -11.90167], [-69.19037, -11.91134], [-69.13383, -11.91547], [-69.11581, -11.93184], [-69.08202, -11.90611], [-69.01877, -11.91991], [-68.98173, -11.90791], [-68.97029, -11.91315]]]}}, {"type": "Feature", "properties": {"admin2_pcode": "PE2007", "admin2_name": "Talara", "admin1_name": "Piura"}, "geometry": {"type": "Polygon", "coordinates": [[[-80.93638, -4.17824], [-80.94409, -4.16848], [-80.96756, -4.1726], [-80.96165, -4.14824], [-80.97132, -4.12712], [-80.99996, -4.11136], [-81.01928, -4.11282], [-81.04142, -4.08755], [-81.05409, -4.10623], [-81.10005, -4.12818], [-81.12654, -4.17303], [-81.14614, -4.17946], [-81.17352, -4.21485], [-81.24052, -4.2541], [-81.26082, -4.30969], [-81.24963, -4.34747], [-81.25283, -4.39562], [-81.27345, -4.44578], [-81.30039, -4.46107], [-81.30501, -4.47964], [-81.28064, -4.52961], [-81.2744, -4.57112], [-81.2861, -4.57504], [-81.30871, -4.66008], [-81.3273, -4.66914], [-81.3282, -4.68259], [-81.21055, -4.8164], [-80.96826, -4.77179], [-80.84821, -4.74837], [-80.87248, -4.68843], [-80.89688, -4.67348], [-80.93676, -4.61875], [-80.91375, -4.6153], [-80.88849, -4.59199], [-80.88574, -4.57981], [-80.90307, -4.55064], [-80.91321, -4.55249], [-80.91959, -4.54467], [-80.91944, -4.52033], [-80.87378, -4.49039], [-80.8722, -4.46482], [-80.85029, -4.45628], [-80.85851, -4.43586], [-80.8455, -4.42263], [-80.85113, -4.40909], [-80.82852, -4.38445], [-80.85048, -4.38417], [-80.87718, -4.36472], [-80.88038, -4.35078], [-80.86885, -4.33554], [-80.86729, -4.31658], [-80.89239, -4.31887], [-80.90526, -4.3078], [-80.91519, -4.31795], [-80.93693, -4.29553], [-80.92704, -4.24631], [-80.90893, -4.22452], [-80.92379, -4.20947], [-80.92882, -4.19116], [-80.93695, -4.18951], [-80.93638, -4.17824]]]}}, {"type": "Feature", "properties": {"admin2_pcode": "PE1701", "admin2_name": "Tambopata", "admin1_name": "Madre de Dios"}, "geometry": {"type": "Polygon", "coordinates": [[[-68.97029, -11.91315], [-68.98173, -11.90791], [-69.01877, -11.91991], [-69.08202, -11.90611], [-69.11581, -11.93184], [-69.13383, -11.91547], [-69.19037, -11.91134], [-69.19317, -11.90167], [-69.21307, -11.89304], [-69.21739, -11.89897], [-69.23581, -11.88261], [-69.24447, -11.88271], [-69.25252, -11.89656], [-69.25855, -11.89287], [-69.28179, -11.90491], [-69.29026, -11.89824], [-69.31139, -11.91042], [-69.32389, -11.90075], [-69.33613, -11.90804], [-69.41396, -11.86676], [-69.46738, -11.87234], [-69.495, -11.84494], [-69.52716, -11.84176], [-69.52692, -11.82729], [-69.54887, -11.82028], [-69.55805, -11.8002], [-69.58427, -11.79563], [-69.58779, -11.77728], [-69.61211, -11.77413], [-69.62661, -11.76022], [-69.64758, -11.77048], [-69.6552, -11.75878], [-69.66773, -11.75839], [-69.67616, -11.77003], [-69.69421, -11.76968], [-69.71051, -11.79482], [-69.72086, -11.79046], [-69.72503, -11.80624], [-69.73959, -11.79628], [-69.75879, -11.80721], [-69.7732, -11.79615], [-69.8032, -11.79571], [-69.81399, -11.78287], [-69.82848, -11.79005], [-69.86072, -11.77928], [-69.87332, -11.76658], [-69.89819, -11.75983], [-69.90811, -11.73729], [-69.92099, -11.73945], [-69.92294, -11.72699], [-69.93649, -11.73525], [-69.96078, -11.70958], [-69.98393, -11.71291], [-69.99571, -11.70141], [-70.03099, -11.70998], [-70.07736, -11.67022], [-70.09027, -11.67559], [-70.11582, -11.6666], [-70.13258, -11.65576], [-70.13518, -11.64416], [-70.17806, -11.62652], [-70.19165, -11.60218], [-70.21443, -11.58528], [-70.21792, -11.57159], [-70.24005, -11.55844], [-70.24106, -11.54286], [-70.25669, -11.53093], [-70.28987, -11.46119], [-70.34158, -11.44558], [-70.35777, -11.4538], [-70.37727, -11.434], [-70.41312, -11.43089], [-70.43514, -11.40354], [-70.45193, -11.39616], [-70.45386, -11.37317], [-70.47636, -11.35232], [-70.74412, -11.38159], [-70.75007, -11.37474], [-70.74782, -11.38371], [-70.76882, -11.38434], [-70.79423, -11.34117], [-70.80045, -11.3427], [-70.79356, -11.36099], [-70.80401, -11.34815], [-70.81861, -11.3477], [-70.81266, -11.32431], [-70.82381, -11.31873], [-70.83197, -11.32765], [-70.84637, -11.32697], [-70.87603, -11.31238], [-70.86294, -11.29233], [-70.86487, -11.2738], [-70.87944, -11.27413], [-70.87818, -11.28774], [-70.90315, -11.28366], [-70.91108, -11.29417], [-70.90744, -11.2768], [-70.92392, -11.2904], [-70.92398, -11.27845], [-70.93158, -11.27563], [-70.94233, -11.29095], [-70.96452, -11.2681], [-70.97996, -11.26886], [-71.00128, -11.25373], [-71.01494, -11.26424], [-71.01845, -11.24574], [-71.02734, -11.24391], [-71.03689, -11.26017], [-71.0341, -11.24533], [-71.04842, -11.25024], [-71.05855, -11.23788], [-71.06832, -11.25156], [-71.06866, -11.23547], [-71.0914, -11.22995], [-71.09544, -11.24098], [-71.10564, -11.23194], [-71.10078, -11.22029], [-71.12078, -11.23941], [-71.1333, -11.2211], [-71.15585, -11.2267], [-71.16134, -11.20973], [-71.1738, -11.21504], [-71.17708, -11.22924], [-71.19145, -11.21239], [-71.2179, -11.21005], [-71.22017, -11.2003], [-71.23626, -11.21871], [-71.23288, -11.20034], [-71.24377, -11.19572], [-71.24697, -11.18036], [-71.26217, -11.19326], [-71.27836, -11.17975], [-71.28645, -11.18684], [-71.30079, -11.17997], [-71.31111, -11.18588], [-71.30992, -11.16899], [-71.33136, -11.17117], [-71.33595, -11.15501], [-71.34752, -11.1644], [-71.37208, -11.16469], [-71.37472, -11.17852], [-71.38391, -11.14856], [-71.39772, -11.15183], [-71.41972, -11.13698], [-71.43749, -11.13941], [-71.43962, -11.12307], [-71.4511, -11.1323], [-71.44557, -11.11581], [-71.43597, -11.11207], [-71.44238, -11.1032], [-71.44934, -11.11067], [-71.47464, -11.10627], [-71.49226, -11.09029], [-71.49846, -11.09157], [-71.49685, -11.10666], [-71.52766, -11.08564], [-71.53576, -11.08711], [-71.53946, -11.09997], [-71.54609, -11.08161], [-71.55803, -11.09334], [-71.56942, -11.08348], [-71.58397, -11.10407], [-71.59533, -11.0903], [-71.60999, -11.09746], [-71.62272, -11.09243], [-71.63, -11.10556], [-71.6378, -11.08896], [-71.64607, -11.09845], [-71.67139, -11.09378], [-71.67994, -11.10724], [-71.6805, -11.10017], [-71.70799, -11.08924], [-71.71281, -11.07012], [-71.72235, -11.07199], [-71.7241, -11.06452], [-71.75262, -11.08656], [-71.7561, -11.07297], [-71.79123, -11.0782], [-71.79671, -11.06909], [-71.80754, -11.07188], [-71.81015, -11.06424], [-71.83174, -11.05882], [-71.83397, -11.04743], [-71.84302, -11.05326], [-71.85113, -11.04303], [-71.85534, -11.04807], [-71.86917, -11.03353], [-71.86181, -11.05344], [-71.87541, -11.05017], [-71.87563, -11.05864], [-71.8981, -11.06682], [-71.90449, -11.05939], [-71.89968, -11.04674], [-71.91107, -11.04998], [-71.91247, -11.04084], [-71.9168, -11.05042], [-71.94062, -11.05217], [-71.94108, -11.06176], [-71.95507, -11.05212], [-71.96133, -11.0591], [-71.97834, -11.05251], [-71.9817, -11.06124], [-71.98166, -11.0547], [-71.99972, -11.05413], [-72.01804, -11.06368], [-72.04447, -11.06047], [-72.0528, -11.07134], [-72.05479, -11.06157], [-72.06713, -11.06607], [-72.07879, -11.05476], [-72.09687, -11.08357], [-72.13851, -11.08358], [-72.15994, -11.0648], [-72.16032, -11.05113], [-72.17761, -11.04067], [-72.19306, -11.04968], [-72.18251, -11.0578], [-72.1833, -11.09259], [-72.17877, -11.09755], [-72.14815, -11.08778], [-72.12325, -11.10359], [-72.12025, -11.11811], [-72.13502, -11.13556], [-72.167, -11.14222], [-72.17648, -11.15911], [-72.18432, -11.15554], [-72.18794, -11.16373], [-72.19386, -11.15666], [-72.20678, -11.17229], [-72.18652, -11.18489], [-72.19941, -11.19781], [-72.19706, -11.22786], [-72.20518, -11.2399], [-72.19941, -11.26424], [-72.21888, -11.29686], [-72.20462, -11.34743], [-72.1905, -11.35523], [-72.182, -11.32691], [-72.1593, -11.31997], [-72.11042, -11.33256], [-72.10298, -11.34432], [-72.11429, -11.35571], [-72.1128, -11.36606], [-72.09687, -11.3776], [-72.06717, -11.38288], [-72.05429, -11.37373], [-72.03598, -11.38303], [-72.02422, -11.36963], [-72.00904, -11.37455], [-72.00122, -11.36896], [-71.97689, -11.38922], [-71.93973, -11.3834], [-71.90533, -11.35124], [-71.85387, -11.36815], [-71.82613, -11.3151], [-71.79892, -11.32103], [-71.79016, -11.31623], [-71.76383, -11.34081], [-71.75021, -11.3299], [-71.73365, -11.34297], [-71.72156, -11.33905], [-71.6992, -11.3552], [-71.6899, -11.37445], [-71.66003, -11.3525], [-71.64743, -11.3848], [-71.66525, -11.4052], [-71.66284, -11.42106], [-71.64598, -11.42942], [-71.62821, -11.42391], [-71.61791, -11.43532], [-71.59114, -11.43113], [-71.57873, -11.46963], [-71.55434, -11.48707], [-71.52631, -11.48045], [-71.49442, -11.48864], [-71.46018, -11.51251], [-71.44345, -11.50208], [-71.42424, -11.50348], [-71.3987, -11.55307], [-71.41098, -11.57952], [-71.38525, -11.57638], [-71.36895, -11.59688], [-71.37678, -11.60114], [-71.36752, -11.61398], [-71.33862, -11.62969], [-71.34201, -11.64744], [-71.3308, -11.65556], [-71.3165, -11.65307], [-71.31759, -11.68473], [-71.27353, -11.69406], [-71.24719, -11.70864], [-71.23275, -11.73469], [-71.1972, -11.7636], [-71.18543, -11.767], [-71.15204, -11.74811], [-71.13774, -11.75674], [-71.12629, -11.75334], [-71.10758, -11.77126], [-71.10409, -11.76537], [-71.07771, -11.77537], [-71.07521, -11.78985], [-71.06203, -11.79751], [-71.06754, -11.79796], [-71.05979, -11.80594], [-71.05729, -11.83904], [-71.04742, -11.83965], [-71.04483, -11.87294], [-71.02139, -11.86501], [-71.02563, -11.88899], [-71.01642, -11.89765], [-71.00838, -11.89321], [-71.01158, -11.90043], [-71.00399, -11.89704], [-70.9913, -11.91404], [-70.97415, -11.91481], [-70.97185, -11.92385], [-70.95628, -11.91589], [-70.95201, -11.92907], [-70.94768, -11.91862], [-70.93484, -11.92715], [-70.92791, -11.91665], [-70.91675, -11.92465], [-70.89695, -11.91572], [-70.89813, -11.92303], [-70.88614, -11.92579], [-70.89122, -11.93278], [-70.88403, -11.94279], [-70.87602, -11.93913], [-70.86748, -11.95511], [-70.85853, -11.95603], [-70.86042, -11.96522], [-70.82579, -11.96579], [-70.81754, -11.98093], [-70.81044, -11.9772], [-70.8075, -11.98651], [-70.79731, -11.98223], [-70.79658, -11.98858], [-70.78049, -11.98959], [-70.77917, -11.99836], [-70.773, -11.98768], [-70.76241, -11.99951], [-70.74582, -11.99786], [-70.74775, -11.99071], [-70.73806, -11.9915], [-70.73363, -11.98359], [-70.72609, -11.99095], [-70.70561, -11.9895], [-70.70612, -11.99912], [-70.68534, -11.99827], [-70.68347, -12.00736], [-70.67408, -11.99369], [-70.64561, -12.00178], [-70.64765, -12.01264], [-70.63707, -12.01704], [-70.63369, -12.03338], [-70.64018, -12.03747], [-70.62991, -12.04221], [-70.62706, -12.03556], [-70.62101, -12.05189], [-70.60522, -12.03726], [-70.61092, -12.05111], [-70.60001, -12.05162], [-70.60217, -12.06208], [-70.59322, -12.06577], [-70.59817, -12.06937], [-70.59037, -12.06621], [-70.58668, -12.07861], [-70.57646, -12.07273], [-70.57181, -12.08357], [-70.56539, -12.08094], [-70.56822, -12.09261], [-70.5546, -12.09675], [-70.55557, -12.10397], [-70.54244, -12.10286], [-70.53453, -12.11905], [-70.52284, -12.11091], [-70.5135, -12.11406], [-70.51423, -12.10514], [-70.50803, -12.11149], [-70.50981, -12.11613], [-70.49355, -12.1071], [-70.48608, -12.12288], [-70.47338, -12.11758], [-70.47644, -12.13218], [-70.4655, -12.12705], [-70.461, -12.14203], [-70.44862, -12.13585], [-70.44592, -12.14494], [-70.43898, -12.1451], [-70.44245, -12.13866], [-70.43713, -12.14319], [-70.43683, -12.15402], [-70.40993, -12.14742], [-70.39584, -12.15411], [-70.39444, -12.16683], [-70.3881, -12.16216], [-70.38215, -12.17215], [-70.3753, -12.16663], [-70.38093, -12.17914], [-70.37188, -12.18114], [-70.37411, -12.19283], [-70.34696, -12.19826], [-70.33867, -12.23075], [-70.33445, -12.22011], [-70.31615, -12.22887], [-70.31988, -12.25294], [-70.31137, -12.25276], [-70.31111, -12.26335], [-70.30576, -12.25831], [-70.29373, -12.29677], [-70.28042, -12.29327], [-70.27787, -12.33055], [-70.26926, -12.3314], [-70.26769, -12.33952], [-70.27409, -12.34443], [-70.26294, -12.34299], [-70.25677, -12.3606], [-70.24846, -12.36165], [-70.25756, -12.37152], [-70.24805, -12.37636], [-70.25322, -12.3826], [-70.24772, -12.39561], [-70.25494, -12.40003], [-70.2559, -12.42038], [-70.26374, -12.42361], [-70.25033, -12.42846], [-70.24999, -12.44819], [-70.23638, -12.45807], [-70.23249, -12.45216], [-70.23048, -12.46573], [-70.21902, -12.47262], [-70.21773, -12.46379], [-70.21043, -12.46526], [-70.20764, -12.47854], [-70.19021, -12.47166], [-70.19081, -12.47984], [-70.17385, -12.48335], [-70.17332, -12.49204], [-70.16094, -12.48759], [-70.13632, -12.4979], [-70.12562, -12.51364], [-70.12086, -12.50474], [-70.10451, -12.50733], [-70.09882, -12.53373], [-70.09104, -12.53668], [-70.09677, -12.54926], [-70.09095, -12.54511], [-70.07888, -12.54912], [-70.08165, -12.55236], [-70.09186, -12.54915], [-70.0928, -12.55744], [-70.08174, -12.55441], [-70.07212, -12.57621], [-70.0374, -12.59578], [-70.03839, -12.60871], [-70.06277, -12.61917], [-70.07687, -12.64069], [-70.1334, -12.65912], [-70.16155, -12.67868], [-70.19585, -12.72094], [-70.24708, -12.73945], [-70.25693, -12.78276], [-70.28139, -12.81419], [-70.29148, -12.84408], [-70.32436, -12.85994], [-70.3548, -12.91652], [-70.36011, -13.01226], [-70.37946, -13.04164], [-70.40287, -13.11441], [-69.64986, -13.34172], [-68.87187, -13.00393], [-68.86838, -12.99025], [-68.8768, -12.98719], [-68.86232, -12.98127], [-68.86504, -12.97201], [-68.87599, -12.97802], [-68.87921, -12.94176], [-68.86021, -12.94777], [-68.87341, -12.93976], [-68.86613, -12.93132], [-68.87663, -12.92868], [-68.86131, -12.92663], [-68.87487, -12.91923], [-68.86611, -12.89552], [-68.87251, -12.88751], [-68.86409, -12.87484], [-68.87054, -12.87009], [-68.85854, -12.85891], [-68.85098, -12.86644], [-68.8348, -12.85784], [-68.84175, -12.84349], [-68.83095, -12.84166], [-68.8393, -12.82963], [-68.82913, -12.82847], [-68.83937, -12.8239], [-68.82435, -12.80483], [-68.80763, -12.80862], [-68.81802, -12.79076], [-68.80473, -12.78357], [-68.80395, -12.75657], [-68.78897, -12.75779], [-68.78045, -12.73208], [-68.76689, -12.74219], [-68.72791, -12.71339], [-68.74237, -12.70799], [-68.72513, -12.69726], [-68.73449, -12.69212], [-68.71193, -12.68011], [-68.71992, -12.66703], [-68.7283, -12.67132], [-68.71955, -12.66122], [-68.73381, -12.66738], [-68.73104, -12.6509], [-68.74059, -12.63276], [-68.73176, -12.60991], [-68.72415, -12.60204], [-68.71384, -12.60412], [-68.70142, -12.57911], [-68.69386, -12.58661], [-68.6993, -12.5721], [-68.69148, -12.55726], [-68.67448, -12.55297], [-68.67409, -12.53246], [-68.68138, -12.52536], [-68.66473, -12.52422], [-68.65552, -12.53459], [-68.66043, -12.51941], [-68.65228, -12.50274], [-68.97029, -11.91315]]]}}, {"type": "Feature", "properties": {"admin2_pcode": "PE2304", "admin2_name": "Tarata", "admin1_name": "Tacna"}, "geometry": {"type": "Polygon", "coordinates": [[[-69.64132, -17.28745], [-69.65544, -17.27075], [-69.68293, -17.27874], [-69.69525, -17.27439], [-69.73107, -17.29547], [-69.76184, -17.28044], [-69.76529, -17.26336], [-69.79055, -17.23529], [-69.85078, -17.24408], [-69.87554, -17.22232], [-69.89863, -17.22091], [-69.9428, -17.19784], [-69.96796, -17.17852], [-69.97228, -17.16601], [-69.98136, -17.16862], [-69.98763, -17.15142], [-70.01394, -17.14101], [-70.02513, -17.12218], [-70.04033, -17.12768], [-70.0468, -17.09943], [-70.04234, -17.05871], [-70.07315, -17.03491], [-70.07, -17.08118], [-70.08406, -17.09395], [-70.09766, -17.13862], [-70.09604, -17.18776], [-70.08637, -17.19614], [-70.10143, -17.20024], [-70.09906, -17.21733], [-70.11479, -17.23725], [-70.09332, -17.29005], [-70.1004, -17.30487], [-70.12286, -17.31964], [-70.16921, -17.31631], [-70.20974, -17.33342], [-70.22558, -17.35778], [-70.2446, -17.35913], [-70.26457, -17.38814], [-70.28219, -17.39523], [-70.27746, -17.40856], [-70.29208, -17.40966], [-70.34579, -17.46074], [-70.33222, -17.50876], [-70.31287, -17.51956], [-70.30322, -17.53899], [-70.2876, -17.53756], [-70.28125, -17.56073], [-70.2597, -17.57828], [-70.23619, -17.59006], [-70.17326, -17.58692], [-70.1608, -17.59947], [-70.15002, -17.59754], [-70.15183, -17.62414], [-70.14318, -17.63539], [-70.15372, -17.6934], [-70.20119, -17.75833], [-70.19435, -17.77487], [-70.18075, -17.77821], [-70.13761, -17.77267], [-70.1103, -17.76065], [-70.09472, -17.72496], [-70.05497, -17.69446], [-70.0486, -17.67278], [-70.01503, -17.65514], [-70.0073, -17.64206], [-70.01438, -17.62548], [-69.96714, -17.58622], [-69.95765, -17.59075], [-69.94307, -17.57782], [-69.93101, -17.59023], [-69.87575, -17.58484], [-69.87211, -17.54637], [-69.8463, -17.50569], [-69.8498, -17.48942], [-69.83669, -17.47138], [-69.83749, -17.45963], [-69.81955, -17.45465], [-69.80298, -17.46127], [-69.72834, -17.45996], [-69.70343, -17.4741], [-69.67988, -17.45757], [-69.69039, -17.44352], [-69.66556, -17.42922], [-69.65502, -17.41288], [-69.61442, -17.418], [-69.59849, -17.39304], [-69.58811, -17.40189], [-69.52657, -17.40992], [-69.51915, -17.42388], [-69.48779, -17.4377], [-69.46838, -17.4648], [-69.46732, -17.37354], [-69.57522, -17.29259], [-69.64132, -17.28745]]]}}, {"type": "Feature", "properties": {"admin2_pcode": "PE1207", "admin2_name": "Tarma", "admin1_name": "Junin"}, "geometry": {"type": "Polygon", "coordinates": [[[-75.43479, -11.25821], [-75.50673, -11.22408], [-75.57931, -11.22873], [-75.59056, -11.19145], [-75.58394, -11.1679], [-75.60221, -11.17249], [-75.6202, -11.15518], [-75.63768, -11.1642], [-75.65583, -11.12135], [-75.67084, -11.11146], [-75.66739, -11.09827], [-75.62464, -11.07726], [-75.60229, -11.0744], [-75.58367, -11.05069], [-75.52869, -11.05057], [-75.49936, -11.02281], [-75.48193, -11.01616], [-75.46412, -11.02421], [-75.45178, -11.01589], [-75.4452, -11.00703], [-75.45501, -10.99917], [-75.44054, -10.96921], [-75.42234, -10.95729], [-75.43552, -10.91213], [-75.45335, -10.9003], [-75.46522, -10.90113], [-75.46597, -10.90937], [-75.4946, -10.92304], [-75.50284, -10.96207], [-75.53667, -10.94828], [-75.55833, -10.95733], [-75.59958, -10.95439], [-75.61551, -10.96102], [-75.64973, -10.95917], [-75.66772, -10.94925], [-75.73222, -11.00149], [-75.7616, -11.01033], [-75.78406, -10.99749], [-75.81717, -11.03444], [-75.81346, -11.05072], [-75.83277, -11.05231], [-75.83894, -11.11941], [-75.85219, -11.11971], [-75.8612, -11.14479], [-75.88431, -11.14354], [-75.88457, -11.15785], [-75.90447, -11.17563], [-75.90126, -11.19987], [-75.92204, -11.21975], [-75.97208, -11.21389], [-75.89015, -11.33316], [-75.96019, -11.33332], [-75.90895, -11.37582], [-75.91267, -11.38449], [-75.88269, -11.40318], [-75.91703, -11.41918], [-75.87092, -11.50708], [-75.85881, -11.50565], [-75.82101, -11.54137], [-75.80176, -11.54477], [-75.77055, -11.53689], [-75.74947, -11.54236], [-75.73493, -11.52272], [-75.72675, -11.52672], [-75.70998, -11.56713], [-75.69167, -11.5563], [-75.67901, -11.56699], [-75.64919, -11.57015], [-75.63957, -11.56406], [-75.62622, -11.58878], [-75.59931, -11.57716], [-75.5814, -11.59583], [-75.57576, -11.58156], [-75.55056, -11.59984], [-75.55331, -11.57713], [-75.57301, -11.54249], [-75.54741, -11.52599], [-75.54721, -11.50359], [-75.53003, -11.49386], [-75.51139, -11.51666], [-75.49803, -11.50927], [-75.4741, -11.52166], [-75.47164, -11.496], [-75.47946, -11.48575], [-75.45747, -11.45343], [-75.46126, -11.42894], [-75.42979, -11.39149], [-75.40934, -11.3873], [-75.40419, -11.34046], [-75.43096, -11.33231], [-75.43362, -11.30861], [-75.44366, -11.30202], [-75.43801, -11.28794], [-75.447, -11.27174], [-75.43359, -11.26593], [-75.43479, -11.25821]]]}}, {"type": "Feature", "properties": {"admin2_pcode": "PE0907", "admin2_name": "Tayacaja", "admin1_name": "Huancavelica"}, "geometry": {"type": "Polygon", "coordinates": [[[-74.549, -11.99699], [-74.56696, -11.99746], [-74.57313, -11.98468], [-74.59411, -11.98697], [-74.59275, -11.9955], [-74.60355, -11.99954], [-74.61255, -11.98798], [-74.63181, -11.98534], [-74.65757, -11.99268], [-74.66141, -12.00564], [-74.6792, -12.01826], [-74.68336, -12.03814], [-74.71069, -12.0572], [-74.72009, -12.05913], [-74.74451, -12.0409], [-74.79428, -12.05829], [-74.81875, -12.05353], [-74.83737, -12.07082], [-74.87077, -12.06599], [-74.93902, -12.01836], [-74.99775, -12.02108], [-75.02194, -12.01307], [-75.02681, -12.0022], [-75.04895, -11.99923], [-75.04705, -12.01156], [-75.0864, -12.05326], [-75.07383, -12.06131], [-75.06516, -12.09192], [-75.07095, -12.11293], [-75.06292, -12.13472], [-75.07695, -12.14715], [-75.07262, -12.1578], [-75.04892, -12.16755], [-75.04936, -12.20134], [-75.05905, -12.20547], [-75.07163, -12.2352], [-75.08551, -12.23673], [-75.10045, -12.2511], [-75.10522, -12.27114], [-75.09893, -12.28532], [-75.14014, -12.34141], [-75.13101, -12.3785], [-75.10111, -12.37721], [-75.04211, -12.40815], [-75.0352, -12.42911], [-75.02118, -12.4399], [-75.00665, -12.49376], [-74.96391, -12.51471], [-74.95089, -12.51107], [-74.94385, -12.53305], [-74.92929, -12.53408], [-74.885, -12.51608], [-74.88492, -12.52863], [-74.8762, -12.53113], [-74.83809, -12.49728], [-74.82218, -12.49852], [-74.81712, -12.47722], [-74.78231, -12.46353], [-74.75053, -12.48522], [-74.72244, -12.48706], [-74.71954, -12.50268], [-74.70866, -12.5043], [-74.70632, -12.52309], [-74.69122, -12.52438], [-74.64676, -12.52546], [-74.6306, -12.51248], [-74.63865, -12.49264], [-74.6335, -12.4848], [-74.60355, -12.46865], [-74.59777, -12.4751], [-74.58743, -12.47115], [-74.59746, -12.40718], [-74.62499, -12.3685], [-74.60167, -12.35995], [-74.57599, -12.37317], [-74.58093, -12.32439], [-74.55545, -12.28809], [-74.5071, -12.31246], [-74.48734, -12.27876], [-74.45305, -12.26973], [-74.44007, -12.27361], [-74.41493, -12.30375], [-74.38478, -12.27153], [-74.39368, -12.25247], [-74.37607, -12.22919], [-74.38737, -12.18798], [-74.37885, -12.17601], [-74.35078, -12.16795], [-74.34595, -12.17374], [-74.34435, -12.16741], [-74.36131, -12.15522], [-74.3519, -12.13672], [-74.36348, -12.13784], [-74.39882, -12.10361], [-74.41031, -12.10649], [-74.41952, -12.09378], [-74.41422, -12.07646], [-74.42137, -12.06753], [-74.43312, -12.06989], [-74.44248, -12.04504], [-74.45307, -12.04862], [-74.45438, -12.03395], [-74.48068, -12.02659], [-74.48762, -12.03371], [-74.549, -11.99699]]]}}, {"type": "Feature", "properties": {"admin2_pcode": "PE2210", "admin2_name": "Tocache", "admin1_name": "San Martin"}, "geometry": {"type": "Polygon", "coordinates": [[[-76.59772, -7.68929], [-76.63298, -7.68597], [-76.65687, -7.72574], [-76.69313, -7.73656], [-76.7421, -7.73901], [-76.75632, -7.72862], [-76.77181, -7.73494], [-76.77305, -7.74571], [-76.75346, -7.76211], [-76.76944, -7.7642], [-76.77401, -7.77678], [-76.76022, -7.77471], [-76.76717, -7.78619], [-76.75489, -7.80015], [-76.73999, -7.7966], [-76.74768, -7.8059], [-76.74318, -7.82212], [-76.73136, -7.82705], [-76.7187, -7.86272], [-76.72834, -7.87606], [-76.74957, -7.87522], [-76.75976, -7.89418], [-76.8003, -7.92058], [-76.82114, -7.91917], [-76.83112, -7.90681], [-76.85527, -7.90495], [-76.85564, -7.89866], [-76.8706, -7.90333], [-76.87744, -7.88759], [-76.89543, -7.87754], [-76.90031, -7.86348], [-76.91949, -7.84795], [-77.0059, -7.80291], [-77.04886, -7.82545], [-77.05415, -7.83759], [-77.07628, -7.84778], [-77.08997, -7.87067], [-77.09388, -7.89806], [-77.08805, -7.91458], [-77.10279, -7.94639], [-77.07436, -7.9923], [-77.0687, -8.03951], [-77.02094, -8.05159], [-76.99388, -8.08692], [-76.98491, -8.11385], [-76.94703, -8.13992], [-76.93224, -8.13714], [-76.91177, -8.1589], [-76.90701, -8.17136], [-76.9256, -8.2185], [-76.91308, -8.23699], [-76.90124, -8.28347], [-76.91052, -8.29507], [-76.91375, -8.32609], [-76.93193, -8.3426], [-76.927, -8.35926], [-76.94268, -8.35995], [-76.95125, -8.37571], [-76.96837, -8.37124], [-76.97648, -8.39594], [-76.99168, -8.3963], [-77.00043, -8.3824], [-77.03401, -8.40471], [-77.06762, -8.39659], [-77.08664, -8.40714], [-77.0932, -8.43447], [-77.10459, -8.44476], [-77.11978, -8.44765], [-77.13384, -8.44002], [-77.13993, -8.48046], [-77.08194, -8.48726], [-77.09165, -8.51698], [-77.0498, -8.55372], [-77.0116, -8.53769], [-76.99484, -8.55563], [-76.9773, -8.5606], [-76.95423, -8.54534], [-76.94012, -8.55196], [-76.93597, -8.56697], [-76.89708, -8.56875], [-76.88736, -8.5548], [-76.8647, -8.56635], [-76.86254, -8.55254], [-76.84684, -8.54579], [-76.84266, -8.52523], [-76.80445, -8.51057], [-76.79632, -8.51119], [-76.79015, -8.52364], [-76.76842, -8.52681], [-76.75459, -8.51964], [-76.74099, -8.52465], [-76.7284, -8.515], [-76.69727, -8.53241], [-76.67844, -8.52107], [-76.64348, -8.52365], [-76.63679, -8.51456], [-76.56629, -8.50815], [-76.54781, -8.49764], [-76.54007, -8.51292], [-76.49484, -8.54959], [-76.49387, -8.57583], [-76.46617, -8.56974], [-76.44434, -8.48956], [-76.4175, -8.44375], [-76.36671, -8.41154], [-76.3561, -8.42507], [-76.33284, -8.43053], [-76.32172, -8.46984], [-76.32743, -8.47991], [-76.31144, -8.50501], [-76.32403, -8.52502], [-76.30096, -8.55875], [-76.30181, -8.57362], [-76.28036, -8.57356], [-76.28527, -8.58659], [-76.26212, -8.6149], [-76.26983, -8.62895], [-76.26252, -8.63735], [-76.26837, -8.65273], [-76.25278, -8.66531], [-76.24709, -8.68586], [-76.26299, -8.68221], [-76.26794, -8.68809], [-76.25488, -8.69007], [-76.25713, -8.70937], [-76.22851, -8.74608], [-76.24403, -8.75247], [-76.23145, -8.76013], [-76.24088, -8.76804], [-76.23178, -8.77948], [-76.23479, -8.79454], [-76.22356, -8.79143], [-76.21377, -8.77352], [-76.20101, -8.77197], [-76.19734, -8.75731], [-76.16644, -8.75641], [-76.16286, -8.73148], [-76.15598, -8.73276], [-76.14527, -8.71144], [-76.15088, -8.70865], [-76.13949, -8.66664], [-76.13003, -8.65529], [-76.1155, -8.65768], [-76.10713, -8.6488], [-76.10762, -8.64047], [-76.12107, -8.63376], [-76.12016, -8.58956], [-76.13468, -8.57256], [-76.1264, -8.54542], [-76.13067, -8.46788], [-76.10779, -8.39901], [-76.10917, -8.37961], [-76.1291, -8.36071], [-76.13276, -8.37727], [-76.15143, -8.35757], [-76.16583, -8.31123], [-76.19669, -8.2957], [-76.20263, -8.26462], [-76.22738, -8.23867], [-76.23164, -8.21399], [-76.25384, -8.21485], [-76.26047, -8.20826], [-76.29752, -8.21813], [-76.30374, -8.20684], [-76.33321, -8.20369], [-76.33622, -8.17549], [-76.32828, -8.15809], [-76.33501, -8.14869], [-76.35344, -8.137], [-76.36605, -8.14739], [-76.37644, -8.14498], [-76.37658, -8.12916], [-76.43046, -8.07815], [-76.44881, -8.07353], [-76.45585, -8.05551], [-76.52005, -8.03136], [-76.55542, -7.99547], [-76.59307, -8.0024], [-76.60717, -7.98453], [-76.61466, -7.9854], [-76.61435, -7.95895], [-76.62781, -7.9445], [-76.62828, -7.92824], [-76.60594, -7.87083], [-76.61497, -7.8519], [-76.63633, -7.85539], [-76.63637, -7.82998], [-76.61598, -7.77804], [-76.63042, -7.74912], [-76.59772, -7.68929]]]}}, {"type": "Feature", "properties": {"admin2_pcode": "PE1301", "admin2_name": "Trujillo", "admin1_name": "La Libertad"}, "geometry": {"type": "Polygon", "coordinates": [[[-78.68237, -8.09722], [-78.68399, -8.09091], [-78.72305, -8.09228], [-78.72011, -8.05002], [-78.70586, -8.03865], [-78.71645, -8.01684], [-78.68231, -7.99666], [-78.69434, -7.97282], [-78.6889, -7.94741], [-78.72015, -7.92721], [-78.73193, -7.92778], [-78.7368, -7.91051], [-78.72723, -7.88336], [-78.78022, -7.88362], [-78.7831, -7.86303], [-78.7679, -7.83332], [-78.78149, -7.81999], [-78.77407, -7.8015], [-78.81677, -7.79672], [-78.83831, -7.80413], [-78.85584, -7.82528], [-78.88092, -7.83665], [-78.88845, -7.86712], [-78.90383, -7.88768], [-78.94387, -7.89217], [-78.95521, -7.90285], [-78.98509, -7.89349], [-79.01228, -7.9597], [-79.03681, -7.97051], [-79.03994, -7.98834], [-79.10589, -7.98198], [-79.12592, -7.93699], [-79.14997, -7.94382], [-79.17848, -7.97771], [-79.2108, -7.99882], [-79.13008, -8.05985], [-79.11935, -8.07186], [-79.1231, -8.08376], [-79.11557, -8.09666], [-78.98609, -8.21236], [-78.98346, -8.22903], [-78.95784, -8.2621], [-78.95831, -8.29245], [-78.90053, -8.37145], [-78.88237, -8.34334], [-78.81676, -8.30999], [-78.80807, -8.28689], [-78.81526, -8.27237], [-78.80302, -8.25082], [-78.81571, -8.23307], [-78.83747, -8.22931], [-78.8416, -8.19146], [-78.83147, -8.20359], [-78.7967, -8.2012], [-78.78158, -8.20955], [-78.77234, -8.17641], [-78.72963, -8.17164], [-78.66919, -8.14074], [-78.65578, -8.14747], [-78.63909, -8.143], [-78.63763, -8.13044], [-78.6818, -8.12542], [-78.68237, -8.09722]]]}}, {"type": "Feature", "properties": {"admin2_pcode": "PE2401", "admin2_name": "Tumbes", "admin1_name": "Tumbes"}, "geometry": {"type": "Polygon", "coordinates": [[[-80.37883, -3.49461], [-80.42104, -3.51281], [-80.41596, -3.49639], [-80.43114, -3.49862], [-80.4287, -3.49018], [-80.44113, -3.49477], [-80.42316, -3.48713], [-80.39902, -3.48626], [-80.40732, -3.48522], [-80.42672, -3.48729], [-80.45625, -3.5], [-80.46095, -3.50592], [-80.46296, -3.50397], [-80.45794, -3.50025], [-80.4797, -3.50362], [-80.47579, -3.50522], [-80.4697, -3.50571], [-80.47487, -3.50646], [-80.49771, -3.49919], [-80.55878, -3.61055], [-80.58085, -3.63536], [-80.60473, -3.6372], [-80.5992, -3.64734], [-80.60415, -3.67007], [-80.59463, -3.6743], [-80.59779, -3.68141], [-80.57588, -3.70832], [-80.5808, -3.72706], [-80.55345, -3.73452], [-80.55217, -3.77221], [-80.55898, -3.784], [-80.57773, -3.78536], [-80.58996, -3.83121], [-80.54676, -3.83516], [-80.53979, -3.84319], [-80.55057, -3.88262], [-80.54022, -3.89908], [-80.52321, -3.90805], [-80.53339, -3.92886], [-80.52046, -3.97921], [-80.52805, -4.00316], [-80.51518, -4.02124], [-80.53928, -4.02924], [-80.55675, -4.05209], [-80.58348, -4.13891], [-80.61251, -4.17194], [-80.63564, -4.17926], [-80.64449, -4.2053], [-80.66645, -4.21506], [-80.64523, -4.22956], [-80.62298, -4.2319], [-80.60442, -4.21074], [-80.59016, -4.21441], [-80.58695, -4.19895], [-80.56126, -4.17658], [-80.55898, -4.16108], [-80.52675, -4.12118], [-80.52277, -4.10486], [-80.48733, -4.08313], [-80.47276, -4.07734], [-80.47988, -4.05487], [-80.46792, -4.03504], [-80.45113, -4.03103], [-80.45623, -4.01736], [-80.44558, -4.01633], [-80.44382, -3.9954], [-80.43024, -3.9895], [-80.42454, -3.99647], [-80.39829, -3.98026], [-80.37711, -3.98964], [-80.3656, -3.98182], [-80.35276, -3.99476], [-80.33865, -3.99217], [-80.32369, -4.01117], [-80.29808, -4.01726], [-80.26233, -3.99945], [-80.23616, -3.96272], [-80.23495, -3.94883], [-80.21678, -3.95698], [-80.18074, -3.92583], [-80.21255, -3.90262], [-80.25879, -3.90211], [-80.26389, -3.88525], [-80.25253, -3.86886], [-80.25789, -3.82574], [-80.305, -3.77257], [-80.2969, -3.66659], [-80.31296, -3.64353], [-80.34227, -3.62509], [-80.37883, -3.49461]]]}}, {"type": "Feature", "properties": {"admin2_pcode": "PE1606", "admin2_name": "Ucayali", "admin1_name": "Loreto"}, "geometry": {"type": "Polygon", "coordinates": [[[-74.50009, -7.26205], [-74.51206, -7.2428], [-74.51452, -7.21785], [-74.5393, -7.20214], [-74.53799, -7.17896], [-74.55162, -7.16593], [-74.59738, -7.17768], [-74.62299, -7.17332], [-74.64032, -7.1844], [-74.64881, -7.24119], [-74.62396, -7.24668], [-74.6251, -7.27049], [-74.64987, -7.30432], [-74.70762, -7.32154], [-74.83446, -7.29328], [-74.84106, -7.27173], [-74.88129, -7.23418], [-74.8763, -7.20552], [-74.85236, -7.15814], [-74.85489, -7.13793], [-74.87687, -7.11934], [-74.83661, -7.07167], [-74.82981, -7.03632], [-74.79849, -6.9802], [-74.88958, -6.85255], [-74.90076, -6.73387], [-74.95603, -6.68549], [-74.97379, -6.58073], [-74.97357, -6.52797], [-74.96423, -6.50092], [-74.91212, -6.43592], [-74.89853, -6.4064], [-74.89361, -6.33829], [-74.86506, -6.27286], [-74.86958, -6.22569], [-74.79337, -6.16154], [-74.77571, -6.10514], [-74.72913, -6.08079], [-74.70805, -6.03238], [-74.69233, -6.03396], [-74.69997, -6.01849], [-74.69049, -5.9794], [-74.69339, -5.95142], [-74.7314, -5.94744], [-74.76131, -5.92606], [-74.77897, -5.92662], [-74.78457, -5.95162], [-74.76059, -5.99714], [-74.76859, -6.0122], [-74.78687, -6.01295], [-74.80034, -6.00002], [-74.8068, -5.97336], [-74.82923, -5.95801], [-74.81108, -5.93815], [-74.80963, -5.92333], [-74.83518, -5.91988], [-74.84783, -5.89002], [-74.88427, -5.86685], [-74.90125, -5.86826], [-74.96169, -5.90149], [-75.04114, -6.00448], [-75.13831, -6.03453], [-75.18481, -6.0723], [-75.23, -6.07242], [-75.32031, -6.09975], [-75.39308, -6.08171], [-75.52937, -6.12216], [-75.52555, -6.16513], [-75.49415, -6.18932], [-75.48719, -6.20342], [-75.48729, -6.25426], [-75.49634, -6.28103], [-75.55009, -6.34771], [-75.53645, -6.39154], [-75.54342, -6.40687], [-75.53373, -6.4163], [-75.539, -6.43513], [-75.52985, -6.4401], [-75.52014, -6.46482], [-75.52423, -6.47558], [-75.5096, -6.49214], [-75.50298, -6.55223], [-75.5093, -6.58298], [-75.50023, -6.64032], [-75.50621, -6.69705], [-75.50044, -6.75935], [-75.5118, -6.78557], [-75.56184, -6.80161], [-75.57417, -6.80883], [-75.57679, -6.82099], [-75.61689, -6.84119], [-75.63344, -6.84306], [-75.6427, -6.81556], [-75.65967, -6.81933], [-75.67292, -6.8444], [-75.68675, -6.84614], [-75.68999, -6.86127], [-75.70081, -6.86911], [-75.7248, -6.85087], [-75.74606, -6.85655], [-75.78054, -6.84841], [-75.79418, -6.8214], [-75.81397, -6.82548], [-75.81393, -6.81723], [-75.84388, -6.79726], [-75.87752, -6.8023], [-75.91536, -6.79064], [-75.94295, -6.79503], [-75.96495, -6.78841], [-75.98016, -6.80007], [-75.98383, -6.79375], [-76.00058, -6.79506], [-76.01158, -6.80602], [-76.0509, -6.81086], [-76.035, -6.86499], [-76.01065, -6.89042], [-76.01574, -6.9137], [-76.0464, -6.92493], [-76.05184, -6.93787], [-76.03564, -6.99315], [-76.02049, -6.98966], [-76.00811, -7.00222], [-76.01072, -7.07838], [-76.0233, -7.11431], [-76.04659, -7.12143], [-76.05994, -7.1613], [-76.14353, -7.20396], [-76.14571, -7.21793], [-76.15928, -7.23057], [-76.16666, -7.2676], [-76.21311, -7.31014], [-76.19592, -7.3344], [-76.21494, -7.4023], [-76.16728, -7.49302], [-76.12191, -7.52599], [-76.11567, -7.5625], [-76.09137, -7.56036], [-76.08725, -7.58075], [-76.07972, -7.58434], [-76.0849, -7.60512], [-76.09387, -7.60973], [-76.08286, -7.61965], [-76.08237, -7.63189], [-76.10133, -7.65046], [-76.10159, -7.72266], [-76.08667, -7.72923], [-76.08444, -7.76256], [-76.06707, -7.76929], [-76.06055, -7.78781], [-76.0438, -7.79234], [-76.0373, -7.81693], [-76.00849, -7.85604], [-76.00604, -7.89059], [-75.97952, -7.90076], [-75.9756, -7.90962], [-75.98586, -7.91714], [-75.99285, -7.95428], [-75.96698, -7.96036], [-75.93946, -7.94612], [-75.92784, -7.95726], [-75.89521, -7.93393], [-75.85879, -7.92113], [-75.82949, -7.9735], [-75.84493, -8.05964], [-75.88731, -8.07488], [-75.92099, -8.07312], [-75.92936, -8.0893], [-75.9518, -8.1013], [-75.94064, -8.11046], [-75.93403, -8.13443], [-75.94116, -8.18618], [-75.92616, -8.20717], [-75.91289, -8.2561], [-75.91858, -8.26407], [-75.91435, -8.28283], [-75.93489, -8.31155], [-75.98496, -8.32215], [-75.94959, -8.39133], [-75.9423, -8.42766], [-75.96755, -8.45993], [-75.95453, -8.49949], [-75.97073, -8.5124], [-75.96502, -8.57997], [-75.97976, -8.636], [-75.9649, -8.69575], [-75.94601, -8.71519], [-75.91136, -8.67866], [-75.90085, -8.67771], [-75.89132, -8.66022], [-75.85349, -8.64916], [-75.83367, -8.65216], [-75.8168, -8.63602], [-75.81772, -8.61726], [-75.79507, -8.59299], [-75.77826, -8.54641], [-75.78216, -8.52544], [-75.79922, -8.51216], [-75.78337, -8.50524], [-75.78455, -8.49433], [-75.77013, -8.49809], [-75.76069, -8.48739], [-75.71646, -8.48689], [-75.70717, -8.44374], [-75.68731, -8.42329], [-75.64512, -8.40889], [-75.6184, -8.40829], [-75.59775, -8.41295], [-75.58346, -8.44119], [-75.57229, -8.44458], [-75.54642, -8.43239], [-75.52727, -8.43997], [-75.51084, -8.43204], [-75.477, -8.43537], [-75.45759, -8.4498], [-75.41887, -8.45084], [-75.47718, -8.38637], [-75.48267, -8.34548], [-75.49882, -8.34589], [-75.51005, -8.33482], [-75.4944, -8.32933], [-75.49098, -8.31616], [-75.50155, -8.28616], [-75.47168, -8.25257], [-75.45297, -8.21007], [-75.43768, -8.19497], [-75.43927, -8.17494], [-75.4301, -8.1666], [-75.39813, -8.16847], [-75.37615, -8.13878], [-75.34662, -8.1297], [-75.32353, -8.13931], [-75.28789, -8.12549], [-75.24728, -8.15477], [-75.23541, -8.1505], [-75.23568, -8.1401], [-75.2124, -8.12393], [-75.21249, -8.10048], [-75.18932, -8.07904], [-75.1959, -8.05269], [-75.1857, -8.01844], [-75.14943, -8.00182], [-75.14411, -7.97909], [-75.09222, -7.97368], [-75.03335, -7.95005], [-75.00553, -7.97015], [-74.98226, -7.96899], [-74.9534, -8.01271], [-74.88793, -8.0842], [-74.84038, -8.05835], [-74.77903, -8.04238], [-74.72794, -7.98101], [-74.71128, -7.979], [-74.66844, -7.94564], [-74.62798, -7.93983], [-74.61014, -7.91398], [-74.59817, -7.86473], [-74.56975, -7.81598], [-74.51561, -7.77783], [-74.52434, -7.75713], [-74.55894, -7.74747], [-74.58208, -7.70601], [-74.58346, -7.68507], [-74.57082, -7.66849], [-74.57623, -7.63723], [-74.6088, -7.60878], [-74.64314, -7.56229], [-74.6429, -7.50009], [-74.61607, -7.43504], [-74.57952, -7.40993], [-74.56601, -7.35971], [-74.53469, -7.3182], [-74.53552, -7.29377], [-74.50009, -7.26205]]]}}, {"type": "Feature", "properties": {"admin2_pcode": "PE0813", "admin2_name": "Urubamba", "admin1_name": "Cusco"}, "geometry": {"type": "Polygon", "coordinates": [[[-72.19063, -13.09615], [-72.19753, -13.10561], [-72.22276, -13.09987], [-72.23064, -13.14333], [-72.24619, -13.13876], [-72.25267, -13.12345], [-72.27681, -13.12257], [-72.2886, -13.10537], [-72.30556, -13.11715], [-72.30071, -13.13573], [-72.32167, -13.16172], [-72.3662, -13.16056], [-72.39056, -13.17417], [-72.43672, -13.1515], [-72.44878, -13.12791], [-72.46978, -13.12345], [-72.48581, -13.10181], [-72.53975, -13.08302], [-72.55279, -13.09507], [-72.57016, -13.09291], [-72.60072, -13.10674], [-72.58, -13.1453], [-72.57942, -13.17256], [-72.56656, -13.17527], [-72.57168, -13.19029], [-72.56437, -13.21228], [-72.55172, -13.21887], [-72.55562, -13.27343], [-72.54434, -13.30465], [-72.54668, -13.33261], [-72.53523, -13.34991], [-72.54089, -13.36742], [-72.53335, -13.3729], [-72.4518, -13.36283], [-72.44056, -13.34403], [-72.40484, -13.34634], [-72.38082, -13.36548], [-72.36914, -13.35831], [-72.37349, -13.34251], [-72.38126, -13.34244], [-72.3858, -13.30449], [-72.36247, -13.28477], [-72.33663, -13.31448], [-72.3135, -13.30767], [-72.30201, -13.3179], [-72.28242, -13.31314], [-72.26629, -13.33049], [-72.21286, -13.32972], [-72.20996, -13.36678], [-72.1702, -13.39233], [-72.13314, -13.38918], [-72.11767, -13.39649], [-72.10829, -13.42292], [-72.07265, -13.43639], [-72.05938, -13.45184], [-72.04172, -13.45268], [-72.01727, -13.43867], [-72.0006, -13.44404], [-71.98022, -13.4295], [-71.96889, -13.40049], [-71.97413, -13.38284], [-71.98477, -13.37859], [-72.01762, -13.32031], [-72.02536, -13.31584], [-72.03438, -13.32451], [-72.03989, -13.31615], [-72.05956, -13.21499], [-72.09831, -13.18897], [-72.13768, -13.18826], [-72.1379, -13.18061], [-72.15007, -13.17495], [-72.15242, -13.1386], [-72.16446, -13.12864], [-72.1661, -13.11305], [-72.19063, -13.09615]]]}}, {"type": "Feature", "properties": {"admin2_pcode": "PE0107", "admin2_name": "Utcubamba", "admin1_name": "Amazonas"}, "geometry": {"type": "Polygon", "coordinates": [[[-77.95552, -5.39972], [-77.99239, -5.39178], [-78.02179, -5.36581], [-78.05152, -5.37603], [-78.05547, -5.39404], [-78.04833, -5.41053], [-78.07066, -5.41041], [-78.08056, -5.40237], [-78.07896, -5.39221], [-78.10615, -5.342], [-78.12125, -5.32892], [-78.14668, -5.34024], [-78.14772, -5.35926], [-78.16341, -5.38683], [-78.19358, -5.41865], [-78.22273, -5.43525], [-78.23887, -5.47039], [-78.27425, -5.47058], [-78.31183, -5.48599], [-78.30316, -5.50083], [-78.3246, -5.53317], [-78.33637, -5.53789], [-78.3234, -5.54993], [-78.31484, -5.61594], [-78.36813, -5.62679], [-78.40233, -5.67196], [-78.40516, -5.68974], [-78.4507, -5.73306], [-78.45946, -5.71584], [-78.50331, -5.69156], [-78.49785, -5.68067], [-78.50558, -5.68008], [-78.52608, -5.64791], [-78.54633, -5.64557], [-78.55061, -5.65196], [-78.56025, -5.64658], [-78.55633, -5.63799], [-78.56369, -5.62713], [-78.54187, -5.61077], [-78.56177, -5.60445], [-78.56684, -5.59433], [-78.55698, -5.58932], [-78.56522, -5.5883], [-78.55989, -5.57387], [-78.56554, -5.57114], [-78.55299, -5.56434], [-78.56354, -5.55513], [-78.55329, -5.54776], [-78.55475, -5.53807], [-78.58299, -5.55074], [-78.62477, -5.63936], [-78.63903, -5.64511], [-78.65108, -5.67563], [-78.68524, -5.69667], [-78.6838, -5.70705], [-78.65418, -5.71873], [-78.65326, -5.73389], [-78.68995, -5.74783], [-78.70057, -5.78522], [-78.71212, -5.82991], [-78.69915, -5.84076], [-78.69114, -5.8743], [-78.69593, -5.88853], [-78.67315, -5.91645], [-78.66032, -5.95556], [-78.64152, -5.96985], [-78.62488, -6.00736], [-78.61304, -6.01652], [-78.6095, -6.05644], [-78.58671, -6.07772], [-78.51751, -6.07152], [-78.50906, -6.08531], [-78.49835, -6.08945], [-78.49805, -6.10285], [-78.47873, -6.11268], [-78.47584, -6.13263], [-78.41973, -6.18842], [-78.37253, -6.16924], [-78.36812, -6.10862], [-78.34972, -6.08687], [-78.31761, -6.07949], [-78.30378, -6.08504], [-78.28974, -6.06319], [-78.22238, -6.06133], [-78.2028, -6.03528], [-78.16433, -6.01727], [-78.17241, -5.99415], [-78.15441, -5.96381], [-78.13551, -5.95821], [-78.14505, -5.94315], [-78.1308, -5.90256], [-78.13522, -5.89424], [-78.1224, -5.89108], [-78.11873, -5.87241], [-78.10365, -5.85591], [-78.09631, -5.83754], [-78.10224, -5.82459], [-78.07691, -5.77419], [-78.09402, -5.75793], [-78.1051, -5.7572], [-78.01102, -5.60099], [-77.98491, -5.57581], [-77.99103, -5.51148], [-77.93256, -5.49094], [-77.93084, -5.46197], [-77.94057, -5.42528], [-77.95508, -5.41741], [-77.95552, -5.39972]]]}}, {"type": "Feature", "properties": {"admin2_pcode": "PE0510", "admin2_name": "Victor Fajardo", "admin1_name": "Ayacucho"}, "geometry": {"type": "Polygon", "coordinates": [[[-74.05007, -13.68265], [-74.09946, -13.67052], [-74.09902, -13.66017], [-74.13894, -13.63299], [-74.18226, -13.63991], [-74.22326, -13.62834], [-74.30019, -13.63313], [-74.36995, -13.60227], [-74.44375, -13.58553], [-74.51598, -13.60207], [-74.51424, -13.6135], [-74.52165, -13.61536], [-74.6301, -13.5558], [-74.65516, -13.55664], [-74.67682, -13.57464], [-74.70949, -13.58516], [-74.73982, -13.58017], [-74.75304, -13.58946], [-74.78242, -13.57851], [-74.77111, -13.61012], [-74.78115, -13.64818], [-74.77539, -13.71054], [-74.75389, -13.73698], [-74.76653, -13.77223], [-74.70728, -13.74526], [-74.63603, -13.74062], [-74.61668, -13.71026], [-74.62016, -13.69606], [-74.59168, -13.69679], [-74.56646, -13.71828], [-74.53065, -13.70956], [-74.52069, -13.73586], [-74.49713, -13.7412], [-74.4912, -13.7588], [-74.42587, -13.79756], [-74.36249, -13.7594], [-74.37129, -13.73691], [-74.33085, -13.7637], [-74.32268, -13.76284], [-74.32511, -13.75165], [-74.31556, -13.73364], [-74.29805, -13.75602], [-74.25406, -13.75899], [-74.24012, -13.78458], [-74.22948, -13.78972], [-74.22737, -13.80616], [-74.18902, -13.81386], [-74.15976, -13.84137], [-74.15518, -13.87287], [-74.1385, -13.88868], [-74.11214, -13.89845], [-74.10103, -13.95498], [-74.11894, -13.98933], [-74.10242, -13.99133], [-74.09918, -14.00628], [-74.11604, -14.02887], [-74.08574, -14.0192], [-74.06654, -14.02992], [-74.07284, -14.07316], [-74.08752, -14.09418], [-74.08123, -14.11268], [-74.07057, -14.11662], [-74.03791, -14.0985], [-74.02602, -14.12724], [-73.99916, -14.15919], [-73.95003, -14.18573], [-73.96461, -14.15894], [-73.96666, -14.13553], [-73.98629, -14.11854], [-73.98851, -14.09351], [-73.97205, -14.10985], [-73.91202, -14.11963], [-73.88263, -14.01663], [-73.88118, -13.98191], [-73.89039, -13.95855], [-73.86305, -13.93768], [-73.87104, -13.9374], [-73.866, -13.92768], [-73.87547, -13.91761], [-73.88538, -13.91611], [-73.8861, -13.89976], [-73.90768, -13.86427], [-73.91182, -13.82846], [-73.95797, -13.78883], [-73.97223, -13.7551], [-73.9996, -13.72264], [-74.00397, -13.69783], [-74.05007, -13.68265]]]}}, {"type": "Feature", "properties": {"admin2_pcode": "PE0511", "admin2_name": "Vilcas Huaman", "admin1_name": "Ayacucho"}, "geometry": {"type": "Polygon", "coordinates": [[[-73.8348, -13.47018], [-73.86503, -13.46523], [-73.88796, -13.48398], [-73.90555, -13.48341], [-73.92608, -13.49936], [-73.96597, -13.5003], [-73.99238, -13.47839], [-73.98363, -13.46265], [-73.99442, -13.45525], [-73.99251, -13.44133], [-74.04482, -13.4409], [-74.04752, -13.41679], [-74.0589, -13.40894], [-74.07275, -13.42034], [-74.07058, -13.43408], [-74.08047, -13.45058], [-74.06586, -13.48197], [-74.06769, -13.50754], [-74.05036, -13.53149], [-74.05563, -13.53574], [-74.06378, -13.5749], [-74.05957, -13.5934], [-74.03584, -13.61356], [-74.0381, -13.63076], [-74.0518, -13.64401], [-74.05007, -13.68265], [-74.00397, -13.69783], [-73.9996, -13.72264], [-73.97223, -13.7551], [-73.95797, -13.78883], [-73.91182, -13.82846], [-73.90768, -13.86427], [-73.8861, -13.89976], [-73.88538, -13.91611], [-73.87547, -13.91761], [-73.866, -13.92768], [-73.87104, -13.9374], [-73.86305, -13.93768], [-73.82941, -13.91894], [-73.80948, -13.87682], [-73.79773, -13.82926], [-73.80334, -13.79558], [-73.75976, -13.77992], [-73.74789, -13.76337], [-73.73467, -13.75413], [-73.68744, -13.74718], [-73.68648, -13.7386], [-73.66954, -13.73823], [-73.67371, -13.73074], [-73.70193, -13.70528], [-73.71514, -13.70453], [-73.71424, -13.68967], [-73.72849, -13.68314], [-73.72776, -13.66908], [-73.74362, -13.65556], [-73.79556, -13.63555], [-73.80594, -13.61376], [-73.7958, -13.60432], [-73.81081, -13.5218], [-73.8348, -13.47018]]]}}, {"type": "Feature", "properties": {"admin2_pcode": "PE1312", "admin2_name": "Viru", "admin1_name": "La Libertad"}, "geometry": {"type": "Polygon", "coordinates": [[[-78.63909, -8.143], [-78.65578, -8.14747], [-78.66919, -8.14074], [-78.72963, -8.17164], [-78.77234, -8.17641], [-78.78158, -8.20955], [-78.7967, -8.2012], [-78.83147, -8.20359], [-78.8416, -8.19146], [-78.83747, -8.22931], [-78.81571, -8.23307], [-78.80302, -8.25082], [-78.81526, -8.27237], [-78.80807, -8.28689], [-78.81676, -8.30999], [-78.88237, -8.34334], [-78.90053, -8.37145], [-78.8951, -8.38546], [-78.90084, -8.41423], [-78.91339, -8.42928], [-78.93452, -8.42796], [-78.93488, -8.43632], [-78.91425, -8.46079], [-78.81326, -8.53332], [-78.76109, -8.59485], [-78.74155, -8.64231], [-78.738, -8.66694], [-78.74672, -8.68427], [-78.73736, -8.71152], [-78.74277, -8.74032], [-78.76102, -8.757], [-78.76116, -8.77396], [-78.65166, -8.91436], [-78.64369, -8.93508], [-78.64492, -8.96923], [-78.61951, -8.96653], [-78.58994, -8.94262], [-78.57648, -8.88905], [-78.58828, -8.85868], [-78.56534, -8.7926], [-78.55157, -8.77502], [-78.51814, -8.75298], [-78.48724, -8.75116], [-78.43841, -8.73275], [-78.35481, -8.67328], [-78.33821, -8.67596], [-78.33425, -8.66645], [-78.23558, -8.65292], [-78.29009, -8.54889], [-78.26632, -8.5369], [-78.28089, -8.51054], [-78.2726, -8.50451], [-78.27355, -8.48327], [-78.26171, -8.46884], [-78.29579, -8.46177], [-78.3327, -8.46691], [-78.34274, -8.48368], [-78.34455, -8.47546], [-78.37478, -8.45959], [-78.374, -8.4041], [-78.39537, -8.40195], [-78.40723, -8.41231], [-78.41092, -8.39345], [-78.42639, -8.38958], [-78.42985, -8.36024], [-78.4425, -8.38228], [-78.4715, -8.38697], [-78.49511, -8.37022], [-78.47912, -8.35131], [-78.48572, -8.34649], [-78.5154, -8.33892], [-78.53828, -8.32126], [-78.57114, -8.31989], [-78.5883, -8.3075], [-78.5832, -8.27931], [-78.56589, -8.25008], [-78.5956, -8.23641], [-78.60697, -8.19539], [-78.65247, -8.18466], [-78.6368, -8.15553], [-78.63909, -8.143]]]}}, {"type": "Feature", "properties": {"admin2_pcode": "PE1011", "admin2_name": "Yarowilca", "admin1_name": "Huanuco"}, "geometry": {"type": "Polygon", "coordinates": [[[-76.46299, -9.70696], [-76.47697, -9.67388], [-76.49227, -9.68078], [-76.49815, -9.67389], [-76.51535, -9.67653], [-76.52629, -9.66565], [-76.55888, -9.68271], [-76.59812, -9.67251], [-76.64472, -9.68772], [-76.66397, -9.67734], [-76.68972, -9.70154], [-76.70371, -9.68981], [-76.71539, -9.69748], [-76.72298, -9.71138], [-76.70206, -9.74698], [-76.73576, -9.75298], [-76.73574, -9.79139], [-76.74976, -9.83674], [-76.75802, -9.84246], [-76.72006, -9.89836], [-76.70163, -9.9286], [-76.68123, -9.91078], [-76.67636, -9.88073], [-76.66147, -9.86813], [-76.64892, -9.87127], [-76.64108, -9.8817], [-76.65939, -9.90886], [-76.65343, -9.91887], [-76.6265, -9.91918], [-76.63575, -9.93149], [-76.61155, -9.92688], [-76.58614, -9.94499], [-76.57238, -9.94161], [-76.57047, -9.95923], [-76.54752, -9.94314], [-76.54609, -9.91983], [-76.48737, -9.90649], [-76.46507, -9.89225], [-76.4867, -9.88147], [-76.49997, -9.8368], [-76.46982, -9.80787], [-76.46331, -9.76193], [-76.46716, -9.7502], [-76.48399, -9.74041], [-76.47681, -9.72475], [-76.46545, -9.72213], [-76.46299, -9.70696]]]}}, {"type": "Feature", "properties": {"admin2_pcode": "PE1208", "admin2_name": "Yauli", "admin1_name": "Junin"}, "geometry": {"type": "Polygon", "coordinates": [[[-76.21463, -11.15031], [-76.22745, -11.15576], [-76.24459, -11.14294], [-76.25777, -11.15175], [-76.3079, -11.13266], [-76.31807, -11.09164], [-76.33551, -11.08253], [-76.35096, -11.09419], [-76.3895, -11.07099], [-76.43366, -11.08009], [-76.44681, -11.07125], [-76.4612, -11.08413], [-76.49121, -11.08944], [-76.49566, -11.10955], [-76.51923, -11.11809], [-76.50517, -11.14379], [-76.50556, -11.17367], [-76.49208, -11.18931], [-76.49421, -11.20974], [-76.4832, -11.23694], [-76.49071, -11.2466], [-76.47709, -11.26391], [-76.45693, -11.27252], [-76.46342, -11.27066], [-76.47859, -11.29128], [-76.45702, -11.33443], [-76.44834, -11.34592], [-76.43035, -11.34586], [-76.42268, -11.35486], [-76.42006, -11.37509], [-76.40142, -11.40285], [-76.41165, -11.41588], [-76.39434, -11.44501], [-76.37741, -11.44422], [-76.37148, -11.47648], [-76.38099, -11.48605], [-76.37684, -11.50149], [-76.3594, -11.52287], [-76.35065, -11.52041], [-76.35, -11.5423], [-76.32786, -11.54432], [-76.31751, -11.5627], [-76.30437, -11.56753], [-76.29765, -11.59617], [-76.27309, -11.58201], [-76.26473, -11.56719], [-76.23741, -11.56901], [-76.22874, -11.55381], [-76.19939, -11.58843], [-76.18942, -11.5904], [-76.17955, -11.61287], [-76.19891, -11.62594], [-76.18829, -11.64239], [-76.20488, -11.65953], [-76.1933, -11.67349], [-76.19669, -11.69257], [-76.2075, -11.69979], [-76.20233, -11.72805], [-76.17538, -11.75038], [-76.15438, -11.78139], [-76.13733, -11.78051], [-76.09444, -11.84847], [-76.05818, -11.87996], [-76.04977, -11.90109], [-76.05822, -11.91281], [-76.05186, -11.93896], [-76.03523, -11.9315], [-76.02433, -11.89763], [-76.01527, -11.90407], [-75.99348, -11.89963], [-75.95575, -11.87049], [-75.90516, -11.87284], [-75.89559, -11.84492], [-75.89831, -11.80326], [-75.89314, -11.78363], [-75.8822, -11.77504], [-75.83471, -11.76871], [-75.81616, -11.789], [-75.79782, -11.79024], [-75.77936, -11.77644], [-75.75522, -11.77535], [-75.74181, -11.74933], [-75.70048, -11.71352], [-75.71538, -11.70075], [-75.73154, -11.65967], [-75.75618, -11.64025], [-75.78164, -11.58801], [-75.78652, -11.56061], [-75.80176, -11.54477], [-75.82101, -11.54137], [-75.85881, -11.50565], [-75.87092, -11.50708], [-75.91703, -11.41918], [-75.88269, -11.40318], [-75.91267, -11.38449], [-75.90895, -11.37582], [-75.96019, -11.33332], [-75.96982, -11.35264], [-76.00537, -11.36471], [-76.01331, -11.37567], [-76.02759, -11.37986], [-76.04652, -11.37171], [-76.06221, -11.38463], [-76.0824, -11.38796], [-76.10544, -11.35295], [-76.10812, -11.33549], [-76.13698, -11.31465], [-76.14112, -11.29433], [-76.16514, -11.27047], [-76.17737, -11.24237], [-76.16757, -11.22133], [-76.18264, -11.21783], [-76.19308, -11.20156], [-76.18155, -11.18076], [-76.19483, -11.18167], [-76.19808, -11.17161], [-76.20676, -11.17157], [-76.20204, -11.15026], [-76.21463, -11.15031]]]}}, {"type": "Feature", "properties": {"admin2_pcode": "PE1510", "admin2_name": "Yauyos", "admin1_name": "Lima"}, "geometry": {"type": "Polygon", "coordinates": [[[-75.6943, -12.04269], [-75.71673, -12.04652], [-75.74204, -12.03655], [-75.75112, -12.05486], [-75.76566, -12.05963], [-75.81894, -12.01374], [-75.83356, -12.0247], [-75.84255, -12.00645], [-75.88503, -11.99341], [-75.90415, -11.9984], [-75.92405, -11.98425], [-75.94858, -11.9944], [-75.95426, -11.98618], [-75.97531, -11.98394], [-75.99318, -11.99468], [-76.00095, -11.99824], [-75.99756, -12.01789], [-76.0097, -12.0237], [-76.02034, -12.06396], [-76.04422, -12.08448], [-76.06135, -12.08852], [-76.07255, -12.10894], [-76.05679, -12.13273], [-76.08622, -12.1604], [-76.06835, -12.18596], [-76.06947, -12.20741], [-76.09928, -12.20741], [-76.1127, -12.22575], [-76.15322, -12.24012], [-76.17123, -12.25927], [-76.21548, -12.26278], [-76.22052, -12.27548], [-76.2503, -12.29973], [-76.27245, -12.30207], [-76.30046, -12.25735], [-76.30322, -12.27306], [-76.32275, -12.29007], [-76.346, -12.33773], [-76.3454, -12.388], [-76.33328, -12.41609], [-76.31851, -12.41962], [-76.31355, -12.43062], [-76.32187, -12.4438], [-76.33157, -12.44237], [-76.34012, -12.49451], [-76.35212, -12.52002], [-76.36749, -12.5326], [-76.33279, -12.53577], [-76.32322, -12.5283], [-76.288, -12.58709], [-76.26811, -12.58355], [-76.25167, -12.59159], [-76.27041, -12.64482], [-76.28813, -12.65446], [-76.28465, -12.68329], [-76.29955, -12.71534], [-76.28947, -12.74533], [-76.28251, -12.75249], [-76.24723, -12.75552], [-76.24129, -12.79084], [-76.19937, -12.81345], [-76.17727, -12.85437], [-76.15388, -12.83784], [-76.13953, -12.79157], [-76.12324, -12.78684], [-76.09865, -12.80161], [-76.07694, -12.78642], [-76.06082, -12.79279], [-76.04517, -12.78196], [-76.02163, -12.78935], [-75.99553, -12.75687], [-75.98393, -12.7823], [-75.94127, -12.80724], [-75.94113, -12.81951], [-75.95941, -12.84897], [-75.97987, -12.83879], [-76.0008, -12.83992], [-76.00846, -12.85299], [-75.99299, -12.89605], [-76.0039, -12.92241], [-75.97267, -12.924], [-75.97345, -12.93928], [-75.95743, -12.96989], [-75.9614, -13.00138], [-75.9393, -12.99099], [-75.87878, -13.01599], [-75.85222, -13.03531], [-75.82689, -13.02941], [-75.81792, -13.05215], [-75.80084, -13.06033], [-75.77248, -13.03786], [-75.76459, -13.01824], [-75.72323, -13.03875], [-75.69055, -13.03511], [-75.68607, -13.02532], [-75.66573, -13.01649], [-75.66705, -12.99656], [-75.63651, -12.98758], [-75.6375, -12.97324], [-75.61439, -12.96493], [-75.62266, -12.94937], [-75.61789, -12.94274], [-75.63634, -12.91503], [-75.61271, -12.85915], [-75.57041, -12.84286], [-75.56033, -12.8174], [-75.53023, -12.82162], [-75.52022, -12.78873], [-75.51389, -12.78865], [-75.50817, -12.77505], [-75.57712, -12.7157], [-75.55365, -12.70424], [-75.55145, -12.68399], [-75.56326, -12.67573], [-75.56133, -12.66308], [-75.57505, -12.65945], [-75.57961, -12.64148], [-75.57938, -12.59508], [-75.56621, -12.57246], [-75.57184, -12.56407], [-75.53597, -12.51855], [-75.55741, -12.45659], [-75.55959, -12.41072], [-75.56694, -12.4122], [-75.56615, -12.4043], [-75.5487, -12.36424], [-75.56822, -12.33164], [-75.5886, -12.325], [-75.5867, -12.29925], [-75.64214, -12.22962], [-75.65273, -12.20567], [-75.67126, -12.19246], [-75.6687, -12.18342], [-75.64847, -12.17421], [-75.64142, -12.14922], [-75.62752, -12.14174], [-75.6387, -12.12153], [-75.63456, -12.11464], [-75.66358, -12.09093], [-75.68822, -12.08213], [-75.67389, -12.05792], [-75.6943, -12.04269]]]}}, {"type": "Feature", "properties": {"admin2_pcode": "PE0220", "admin2_name": "Yungay", "admin1_name": "Ancash"}, "geometry": {"type": "Polygon", "coordinates": [[[-77.56345, -8.90337], [-77.57427, -8.90044], [-77.58792, -8.94079], [-77.60337, -8.94231], [-77.61362, -8.95652], [-77.62072, -8.97569], [-77.61456, -8.99381], [-77.63236, -9.00976], [-77.65561, -9.01874], [-77.66949, -9.03478], [-77.68085, -9.03305], [-77.69783, -9.05579], [-77.71962, -9.06714], [-77.74311, -9.06351], [-77.78294, -9.08321], [-77.77304, -9.10171], [-77.78397, -9.1186], [-77.77731, -9.18598], [-77.78978, -9.22456], [-77.79752, -9.22919], [-77.83947, -9.21757], [-77.86127, -9.25119], [-77.87672, -9.25035], [-77.89513, -9.26145], [-77.92783, -9.24612], [-77.95845, -9.25399], [-77.97649, -9.24324], [-78.03717, -9.24371], [-78.04567, -9.24757], [-78.0561, -9.2747], [-78.06229, -9.29242], [-78.0539, -9.32358], [-78.06041, -9.33469], [-78.00332, -9.38097], [-78.03319, -9.4087], [-78.02929, -9.41964], [-77.99295, -9.44661], [-77.95523, -9.42262], [-77.93269, -9.39491], [-77.901, -9.44223], [-77.857, -9.40273], [-77.83408, -9.42591], [-77.76653, -9.42207], [-77.76045, -9.41486], [-77.76579, -9.4001], [-77.7442, -9.37071], [-77.74771, -9.35042], [-77.77546, -9.32326], [-77.7671, -9.29329], [-77.74399, -9.2903], [-77.72514, -9.27703], [-77.7135, -9.24657], [-77.6893, -9.22416], [-77.68064, -9.24645], [-77.67262, -9.23907], [-77.66477, -9.24305], [-77.64405, -9.19727], [-77.61731, -9.21477], [-77.59079, -9.17153], [-77.59322, -9.13441], [-77.60399, -9.12043], [-77.59954, -9.10668], [-77.5724, -9.08577], [-77.53812, -9.08191], [-77.52366, -9.09537], [-77.49046, -9.10667], [-77.44874, -9.08671], [-77.43489, -9.05789], [-77.39033, -9.0568], [-77.362, -9.06499], [-77.3595, -8.97724], [-77.3896, -8.99575], [-77.44571, -8.99006], [-77.48773, -9.00773], [-77.51787, -9.0052], [-77.55399, -8.98577], [-77.56192, -8.95367], [-77.5471, -8.94831], [-77.544, -8.93129], [-77.56345, -8.90337]]]}}, {"type": "Feature", "properties": {"admin2_pcode": "PE2113", "admin2_name": "Yunguyo", "admin1_name": "Puno"}, "geometry": {"type": "MultiPolygon", "coordinates": [[[[-68.81422, -16.34799], [-68.81422, -16.31977], [-68.9184, -16.2333], [-68.91839, -16.40372], [-68.81422, -16.34799]]], [[[-68.93871, -16.23383], [-68.94538, -16.22725], [-68.95329, -16.22646], [-68.94494, -16.24483], [-68.93871, -16.23383]]], [[[-69.04295, -16.4204], [-69.02314, -16.40394], [-69.03082, -16.37578], [-69.02196, -16.33191], [-69.05001, -16.28311], [-69.07813, -16.27593], [-69.07669, -16.25948], [-69.05507, -16.24906], [-69.03136, -16.27471], [-69.02664, -16.26383], [-69.00678, -16.26011], [-68.99049, -16.23632], [-69.00647, -16.27139], [-69.0, -16.27438], [-68.9959, -16.27371], [-68.98813, -16.25844], [-68.98385, -16.26537], [-68.97838, -16.26159], [-68.97191, -16.23608], [-68.96596, -16.23983], [-68.97012, -16.23023], [-68.95874, -16.2268], [-68.96545, -16.21875], [-68.95671, -16.19646], [-68.98434, -16.19011], [-69.00697, -16.20536], [-69.01276, -16.21976], [-69.05526, -16.19736], [-69.08154, -16.22138], [-69.1025, -16.22413], [-69.09731, -16.24382], [-69.11472, -16.23727], [-69.1483, -16.25427], [-69.20017, -16.26419], [-69.20332, -16.30064], [-69.18985, -16.31547], [-69.17818, -16.31395], [-69.14134, -16.33158], [-69.13646, -16.35465], [-69.1451, -16.37397], [-69.13631, -16.39725], [-69.12463, -16.39473], [-69.12426, -16.3655], [-69.11304, -16.36592], [-69.0829, -16.37618], [-69.06668, -16.39294], [-69.05422, -16.39263], [-69.06014, -16.40431], [-69.04295, -16.4204]]]]}}, {"type": "Feature", "properties": {"admin2_pcode": "PE2403", "admin2_name": "Zarumilla", "admin1_name": "Tumbes"}, "geometry": {"type": "Polygon", "coordinates": [[[-80.18074, -3.92583], [-80.15781, -3.91315], [-80.14024, -3.91296], [-80.1272, -3.88812], [-80.15855, -3.86982], [-80.15144, -3.85483], [-80.16311, -3.82767], [-80.16043, -3.80239], [-80.19261, -3.77537], [-80.19194, -3.74854], [-80.18358, -3.75175], [-80.18845, -3.74331], [-80.18018, -3.73516], [-80.19874, -3.68938], [-80.18559, -3.659], [-80.18662, -3.62913], [-80.19716, -3.61771], [-80.18819, -3.5984], [-80.21113, -3.59221], [-80.21864, -3.57391], [-80.20499, -3.55221], [-80.21573, -3.5], [-80.22801, -3.50162], [-80.23244, -3.48916], [-80.24502, -3.4858], [-80.24013, -3.46125], [-80.22076, -3.4455], [-80.22168, -3.43614], [-80.25667, -3.41315], [-80.28992, -3.41048], [-80.31848, -3.38177], [-80.31285, -3.4027], [-80.32659, -3.43978], [-80.37191, -3.48572], [-80.39497, -3.49225], [-80.37883, -3.49461], [-80.34227, -3.62509], [-80.31296, -3.64353], [-80.2969, -3.66659], [-80.305, -3.77257], [-80.25789, -3.82574], [-80.25253, -3.86886], [-80.26389, -3.88525], [-80.25879, -3.90211], [-80.21255, -3.90262], [-80.18074, -3.92583]]]}}]}